dataset,model,setting,table,doc,attribute,flipped,distinct,values
Player,vllm-granite-3-3-8b-instruct,w20,city,1,area,0,1,"[""400.739"", ""400.739"", ""400.739"", ""400.739"", ""400.739""]"
Player,vllm-granite-3-3-8b-instruct,w20,city,1,city_name,0,1,"[""Denver"", ""Denver"", ""Denver"", ""Denver"", ""Denver""]"
Player,vllm-granite-3-3-8b-instruct,w20,city,1,gdp,0,1,"[""The context provided does not contain a specific value for the gross domestic product (GDP) of Denver. Therefore, the answer is:"", ""The context provided does not contain a specific value for the gross domestic product (GDP) of Denver. Therefore, the answer is:"", ""The context provided does not contain a specific value for the gross domestic product (GDP) of Denver. Therefore, the answer is:"", ""The context provided does not contain a specific value for the gross domestic product (GDP) of Denver. Therefore, the answer is:"", ""The context provided does not contain a specific value for the gross domestic product (GDP) of Denver. Therefore, the answer is:""]"
Player,vllm-granite-3-3-8b-instruct,w20,city,1,population,0,1,"[""Population: 715,522"", ""Population: 715,522"", ""Population: 715,522"", ""Population: 715,522"", ""Population: 715,522""]"
Player,vllm-granite-3-3-8b-instruct,w20,city,1,state_name,0,1,"[""Colorado"", ""Colorado"", ""Colorado"", ""Colorado"", ""Colorado""]"
Player,vllm-granite-3-3-8b-instruct,w20,city,2,area,1,2,"[""125"", ""89.63"", ""89.63"", ""89.63"", ""125""]"
Player,vllm-granite-3-3-8b-instruct,w20,city,2,city_name,0,1,"[""Boston"", ""Boston"", ""Boston"", ""Boston"", ""Boston""]"
Player,vllm-granite-3-3-8b-instruct,w20,city,2,gdp,1,2,"[""In the provided context, the gross domestic product (GDP) of Boston is not explicitly stated. However, it mentions that the Greater Boston metropolitan area has the sixth-largest economy in the country with a GDP of $363 billion. To convert this to millions, we divide by 1,000:"", ""In the provided context, the gross domestic product (GDP) of Boston is not explicitly stated. However, it mentions that the Greater Boston metropolitan area has the sixth-largest economy in the country with a GDP of $363 billion. To convert this to millions, we divide by 1,000:"", ""In the provided context, the gross domestic product (GDP) of Boston is not explicitly stated. However, it mentions that the Greater Boston metropolitan area has the sixth-largest economy in the country with a GDP of $363 billion. To convert this to millions, we divide by 1,000:"", ""In the provided context, the gross domestic product (GDP) of Boston is not explicitly stated. However, it mentions that the Greater Boston metropolitan area has the sixth-largest economy in the country with a GDP of $363 billion. To express this in the requested format (in millions), we convert $363 billion to millions:"", ""In the provided context, the gross domestic product (GDP) of Boston is not explicitly stated. However, it mentions that the Greater Boston metropolitan area has the sixth-largest economy in the country with a GDP of $363 billion. To convert this to millions, we divide by 1,000:""]"
Player,vllm-granite-3-3-8b-instruct,w20,city,2,population,0,1,"[""675647"", ""675647"", ""675647"", ""675647"", ""675647""]"
Player,vllm-granite-3-3-8b-instruct,w20,city,2,state_name,0,1,"[""Massachusetts"", ""Massachusetts"", ""Massachusetts"", ""Massachusetts"", ""Massachusetts""]"
Player,vllm-granite-3-3-8b-instruct,w20,city,3,area,0,1,"[""950"", ""950"", ""950"", ""950"", ""950""]"
Player,vllm-granite-3-3-8b-instruct,w20,city,3,city_name,0,1,"[""Indianapolis"", ""Indianapolis"", ""Indianapolis"", ""Indianapolis"", ""Indianapolis""]"
Player,vllm-granite-3-3-8b-instruct,w20,city,3,gdp,0,1,"[""The context provided does not contain a direct mention of the city's GDP. However, it states that \""Indianapolis anchors the 29th largest metropolitan economy in the U.S., with a gross domestic product of US$184.4 billion in 2022.\"""", ""The context provided does not contain a direct mention of the city's GDP. However, it states that \""Indianapolis anchors the 29th largest metropolitan economy in the U.S., with a gross domestic product of US$184.4 billion in 2022.\"""", ""The context provided does not contain a direct mention of the city's GDP. However, it states that \""Indianapolis anchors the 29th largest metropolitan economy in the U.S., with a gross domestic product of US$184.4 billion in 2022.\"""", ""The context provided does not contain a direct mention of the city's GDP. However, it states that \""Indianapolis anchors the 29th largest metropolitan economy in the U.S., with a gross domestic product of US$184.4 billion in 2022.\"""", ""The context provided does not contain a direct mention of the city's GDP. However, it states that \""Indianapolis anchors the 29th largest metropolitan economy in the U.S., with a gross domestic product of US$184.4 billion in 2022.\""""]"
Player,vllm-granite-3-3-8b-instruct,w20,city,3,population,0,1,"[""887642"", ""887642"", ""887642"", ""887642"", ""887642""]"
Player,vllm-granite-3-3-8b-instruct,w20,city,3,state_name,0,1,"[""Indiana"", ""Indiana"", ""Indiana"", ""Indiana"", ""Indiana""]"
Player,vllm-granite-3-3-8b-instruct,w20,city,4,area,0,1,"[""385.8"", ""385.8"", ""385.8"", ""385.8"", ""385.8""]"
Player,vllm-granite-3-3-8b-instruct,w20,city,4,city_name,0,1,"[""Dallas"", ""Dallas"", ""Dallas"", ""Dallas"", ""Dallas""]"
Player,vllm-granite-3-3-8b-instruct,w20,city,4,gdp,0,1,"[""The context provided does not contain a specific value for the gross domestic product (GDP) of Dallas. Therefore, the answer is:"", ""The context provided does not contain a specific value for the gross domestic product (GDP) of Dallas. Therefore, the answer is:"", ""The context provided does not contain a specific value for the gross domestic product (GDP) of Dallas. Therefore, the answer is:"", ""The context provided does not contain a specific value for the gross domestic product (GDP) of Dallas. Therefore, the answer is:"", ""The context provided does not contain a specific value for the gross domestic product (GDP) of Dallas. Therefore, the answer is:""]"
Player,vllm-granite-3-3-8b-instruct,w20,city,4,population,0,1,"[""The population of Dallas, as provided in the context, is 1,304,379 according to the 2020 United States census."", ""The population of Dallas, as provided in the context, is 1,304,379 according to the 2020 United States census."", ""The population of Dallas, as provided in the context, is 1,304,379 according to the 2020 United States census."", ""The population of Dallas, as provided in the context, is 1,304,379 according to the 2020 United States census."", ""The population of Dallas, as provided in the context, is 1,304,379 according to the 2020 United States census.""]"
Player,vllm-granite-3-3-8b-instruct,w20,city,4,state_name,0,1,"[""Texas"", ""Texas"", ""Texas"", ""Texas"", ""Texas""]"
Player,vllm-granite-3-3-8b-instruct,w20,city,5,area,0,1,"[""1205.4"", ""1205.4"", ""1205.4"", ""1205.4"", ""1205.4""]"
Player,vllm-granite-3-3-8b-instruct,w20,city,5,city_name,0,1,"[""San Antonio"", ""San Antonio"", ""San Antonio"", ""San Antonio"", ""San Antonio""]"
Player,vllm-granite-3-3-8b-instruct,w20,city,5,gdp,0,1,"[""The context provided mentions that \""San Antonio has a diversified economy with a gross domestic product (GDP) of approximately $121 billion in 2018.\"" Therefore, the GDP of San Antonio in the context is:"", ""The context provided mentions that \""San Antonio has a diversified economy with a gross domestic product (GDP) of approximately $121 billion in 2018.\"" Therefore, the GDP of San Antonio in the context is:"", ""The context provided mentions that \""San Antonio has a diversified economy with a gross domestic product (GDP) of approximately $121 billion in 2018.\"" Therefore, the GDP of San Antonio in the context is:"", ""The context provided mentions that \""San Antonio has a diversified economy with a gross domestic product (GDP) of approximately $121 billion in 2018.\"" Therefore, the GDP of San Antonio in the context is:"", ""The context provided mentions that \""San Antonio has a diversified economy with a gross domestic product (GDP) of approximately $121 billion in 2018.\"" Therefore, the GDP of San Antonio in the context is:""]"
Player,vllm-granite-3-3-8b-instruct,w20,city,5,population,1,2,"[""The population of San Antonio, according to the 2020 U.S. Census, is 1,434,625."", ""The population of San Antonio, according to the 2020 U.S. Census, is 1,434,625."", ""The population of San Antonio, according to the 2020 U.S. Census, is 1,434,625."", ""The population of San Antonio, as provided in the context, is 1,434,625 residents according to the 2020 U.S. census."", ""The population of San Antonio, according to the 2020 U.S. Census, is 1,434,625.""]"
Player,vllm-granite-3-3-8b-instruct,w20,city,5,state_name,0,1,"[""Texas"", ""Texas"", ""Texas"", ""Texas"", ""Texas""]"
Player,vllm-granite-3-3-8b-instruct,w20,city,6,area,0,1,"[""469"", ""469"", ""469"", ""469"", ""469""]"
Player,vllm-granite-3-3-8b-instruct,w20,city,6,city_name,0,1,"[""Los Angeles"", ""Los Angeles"", ""Los Angeles"", ""Los Angeles"", ""Los Angeles""]"
Player,vllm-granite-3-3-8b-instruct,w20,city,6,gdp,0,1,"[""The context provides the following information about the GDP of Los Angeles:"", ""The context provides the following information about the GDP of Los Angeles:"", ""The context provides the following information about the GDP of Los Angeles:"", ""The context provides the following information about the GDP of Los Angeles:"", ""The context provides the following information about the GDP of Los Angeles:""]"
Player,vllm-granite-3-3-8b-instruct,w20,city,6,population,1,2,"[""Population: 3,820,914 || 12.8 million (metropolitan area)"", ""Population: 3,820,914 || 12.8 million (metropolitan area)"", ""Population: 3,820,914 || 12.8 million (metropolitan area)"", ""The population of Los Angeles, as provided in the context, is 3,820,914 residents within the city limits as of 2023."", ""Population: 3,820,914 || 12.8 million (metropolitan area)""]"
Player,vllm-granite-3-3-8b-instruct,w20,city,6,state_name,0,1,"[""California"", ""California"", ""California"", ""California"", ""California""]"
Player,vllm-granite-3-3-8b-instruct,w20,city,7,area,0,1,"[""152.8"", ""152.8"", ""152.8"", ""152.8"", ""152.8""]"
Player,vllm-granite-3-3-8b-instruct,w20,city,7,city_name,0,1,"[""Minneapolis"", ""Minneapolis"", ""Minneapolis"", ""Minneapolis"", ""Minneapolis""]"
Player,vllm-granite-3-3-8b-instruct,w20,city,7,gdp,0,1,"[""The context provided does not contain a direct mention of Minneapolis's Gross Domestic Product (GDP). However, it does state that the Twin Cities metropolitan area's GDP was $323.9 billion in 2022 ($337 billion in 2023). Since Minneapolis is part of the Twin Cities metropolitan area, we can infer the city's contribution to this GDP, but the exact figure for Minneapolis alone is not specified in the text."", ""The context provided does not contain a direct mention of Minneapolis's Gross Domestic Product (GDP). However, it does state that the Twin Cities metropolitan area's GDP was $323.9 billion in 2022 ($337 billion in 2023). Since Minneapolis is part of the Twin Cities metropolitan area, we can infer the city's contribution to this GDP, but the exact figure for Minneapolis alone is not specified in the text."", ""The context provided does not contain a direct mention of Minneapolis's Gross Domestic Product (GDP). However, it does state that the Twin Cities metropolitan area's GDP was $323.9 billion in 2022 ($337 billion in 2023). Since Minneapolis is part of the Twin Cities metropolitan area, we can infer the city's contribution to this GDP, but the exact figure for Minneapolis alone is not specified in the text."", ""The context provided does not contain a direct mention of Minneapolis's Gross Domestic Product (GDP). However, it does state that the Twin Cities metropolitan area's GDP was $323.9 billion in 2022 ($337 billion in 2023). Since Minneapolis is part of the Twin Cities metropolitan area, we can infer the city's contribution to this GDP, but the exact figure for Minneapolis alone is not specified in the text."", ""The context provided does not contain a direct mention of Minneapolis's Gross Domestic Product (GDP). However, it does state that the Twin Cities metropolitan area's GDP was $323.9 billion in 2022 ($337 billion in 2023). Since Minneapolis is part of the Twin Cities metropolitan area, we can infer the city's contribution to this GDP, but the exact figure for Minneapolis alone is not specified in the text.""]"
Player,vllm-granite-3-3-8b-instruct,w20,city,7,population,1,2,"[""The population of Minneapolis, as of the 2020 census, is 429,954."", ""429954"", ""The population of Minneapolis, as of the 2020 census, is 429,954."", ""The population of Minneapolis, as of the 2020 census, is 429,954."", ""The population of Minneapolis, as of the 2020 census, is 429,954.""]"
Player,vllm-granite-3-3-8b-instruct,w20,city,7,state_name,0,1,"[""Minnesota"", ""Minnesota"", ""Minnesota"", ""Minnesota"", ""Minnesota""]"
Player,vllm-granite-3-3-8b-instruct,w20,city,8,area,0,1,"[""384.4"", ""384.4"", ""384.4"", ""384.4"", ""384.4""]"
Player,vllm-granite-3-3-8b-instruct,w20,city,8,city_name,0,1,"[""Miami"", ""Miami"", ""Miami"", ""Miami"", ""Miami""]"
Player,vllm-granite-3-3-8b-instruct,w20,city,8,gdp,1,2,"[""The context provides information about Miami, including its economy and gross domestic product (GDP). Specifically, it states:"", ""The context provides information about Miami, including its economy and gross domestic product (GDP). Specifically, it states:"", ""The context provides information about Miami, including its economy and gross domestic product (GDP). Specifically, it states:"", ""The context provides information about Miami's economy, including its Gross Metropolitan Product (GMP). According to the context, Miami's Gross Metropolitan Product is $257 billion. To express this in the requested format for GDP in millions, we convert $257 billion to millions:"", ""The context provides information about Miami, including its economy and gross domestic product (GDP). Specifically, it states:""]"
Player,vllm-granite-3-3-8b-instruct,w20,city,8,population,0,1,"[""442241"", ""442241"", ""442241"", ""442241"", ""442241""]"
Player,vllm-granite-3-3-8b-instruct,w20,city,8,state_name,0,1,"[""Florida"", ""Florida"", ""Florida"", ""Florida"", ""Florida""]"
Player,vllm-granite-3-3-8b-instruct,w20,city,9,area,0,1,"[""9.1"", ""9.1"", ""9.1"", ""9.1"", ""9.1""]"
Player,vllm-granite-3-3-8b-instruct,w20,city,9,city_name,0,1,"[""Inglewood"", ""Inglewood"", ""Inglewood"", ""Inglewood"", ""Inglewood""]"
Player,vllm-granite-3-3-8b-instruct,w20,city,9,gdp,0,1,"[""The context provided does not contain any information about the gross domestic product (GDP) of Inglewood, California. Therefore, the answer is:"", ""The context provided does not contain any information about the gross domestic product (GDP) of Inglewood, California. Therefore, the answer is:"", ""The context provided does not contain any information about the gross domestic product (GDP) of Inglewood, California. Therefore, the answer is:"", ""The context provided does not contain any information about the gross domestic product (GDP) of Inglewood, California. Therefore, the answer is:"", ""The context provided does not contain any information about the gross domestic product (GDP) of Inglewood, California. Therefore, the answer is:""]"
Player,vllm-granite-3-3-8b-instruct,w20,city,9,population,0,1,"[""107762"", ""107762"", ""107762"", ""107762"", ""107762""]"
Player,vllm-granite-3-3-8b-instruct,w20,city,9,state_name,0,1,"[""California"", ""California"", ""California"", ""California"", ""California""]"
Player,vllm-granite-3-3-8b-instruct,w20,city,10,area,1,2,"[""145.09"", ""145.09"", ""375.78"", ""145.09"", ""145.09""]"
Player,vllm-granite-3-3-8b-instruct,w20,city,10,city_name,0,1,"[""city_name is Portland"", ""city_name is Portland"", ""city_name is Portland"", ""city_name is Portland"", ""city_name is Portland""]"
Player,vllm-granite-3-3-8b-instruct,w20,city,10,gdp,0,1,"[""In the provided context, there is no specific mention of Portland's Gross Domestic Product (GDP). Therefore, the GDP value is not applicable."", ""In the provided context, there is no specific mention of Portland's Gross Domestic Product (GDP). Therefore, the GDP value is not applicable."", ""In the provided context, there is no specific mention of Portland's Gross Domestic Product (GDP). Therefore, the GDP value is not applicable."", ""In the provided context, there is no specific mention of Portland's Gross Domestic Product (GDP). Therefore, the GDP value is not applicable."", ""In the provided context, there is no specific mention of Portland's Gross Domestic Product (GDP). Therefore, the GDP value is not applicable.""]"
Player,vllm-granite-3-3-8b-instruct,w20,city,10,population,0,1,"[""Population: 652,503 || 2.5 million (Portland metropolitan area)"", ""Population: 652,503 || 2.5 million (Portland metropolitan area)"", ""Population: 652,503 || 2.5 million (Portland metropolitan area)"", ""Population: 652,503 || 2.5 million (Portland metropolitan area)"", ""Population: 652,503 || 2.5 million (Portland metropolitan area)""]"
Player,vllm-granite-3-3-8b-instruct,w20,city,10,state_name,0,1,"[""Oregon"", ""Oregon"", ""Oregon"", ""Oregon"", ""Oregon""]"
Player,vllm-granite-3-3-8b-instruct,w20,city,11,area,0,1,"[""46.9"", ""46.9"", ""46.9"", ""46.9"", ""46.9""]"
Player,vllm-granite-3-3-8b-instruct,w20,city,11,city_name,0,1,"[""San Francisco"", ""San Francisco"", ""San Francisco"", ""San Francisco"", ""San Francisco""]"
Player,vllm-granite-3-3-8b-instruct,w20,city,11,gdp,1,3,"[""In the provided context, the GDP of San Francisco is mentioned as $729 billion in 2022. To express this in the requested format (in millions), we convert the billion figure to millions:"", ""In the provided context, the GDP of San Francisco is mentioned as $729 billion in 2022. To express this in the requested format (in millions), we convert $729 billion to $729,000 million."", ""In the provided context, the GDP of San Francisco is mentioned as $729 billion in 2022. To express this in the requested format (in millions), we convert the billion figure to millions:"", ""In the provided context, the GDP of San Francisco is mentioned as $729 billion in 2022. Converting this to millions gives:"", ""In the provided context, the GDP of San Francisco is mentioned as $729 billion in 2022. To express this in the requested format (in millions), we convert the billion figure to millions:""]"
Player,vllm-granite-3-3-8b-instruct,w20,city,11,population,0,1,"[""The population of San Francisco, as of the 2020 United States census, is 873,965."", ""The population of San Francisco, as of the 2020 United States census, is 873,965."", ""The population of San Francisco, as of the 2020 United States census, is 873,965."", ""The population of San Francisco, as of the 2020 United States census, is 873,965."", ""The population of San Francisco, as of the 2020 United States census, is 873,965.""]"
Player,vllm-granite-3-3-8b-instruct,w20,city,11,state_name,0,1,"[""California"", ""California"", ""California"", ""California"", ""California""]"
Player,vllm-granite-3-3-8b-instruct,w20,city,12,area,0,1,"[""134.18"", ""134.18"", ""134.18"", ""134.18"", ""134.18""]"
Player,vllm-granite-3-3-8b-instruct,w20,city,12,city_name,0,1,"[""Philadelphia"", ""Philadelphia"", ""Philadelphia"", ""Philadelphia"", ""Philadelphia""]"
Player,vllm-granite-3-3-8b-instruct,w20,city,12,gdp,1,2,"[""The context provides information about Philadelphia's economy, mentioning that the Philadelphia metropolitan area's gross metropolitan product (GMP) was estimated at US$479 billion in 2021. Since GMP is equivalent to GDP for a metropolitan area, the GDP of Philadelphia in millions of dollars is **479**."", ""The context provides the following information about Philadelphia's GDP:"", ""The context provides information about Philadelphia's economy, mentioning that the Philadelphia metropolitan area's gross metropolitan product (GMP) was estimated at US$479 billion in 2021. Since GMP is equivalent to GDP for a metropolitan area, the GDP of Philadelphia in millions of dollars is **479**."", ""The context provides information about Philadelphia's economy, mentioning that the Philadelphia metropolitan area's gross metropolitan product (GMP) was estimated at US$479 billion in 2021. Since GMP is equivalent to GDP for a metropolitan area, the GDP of Philadelphia in millions of dollars is **479**."", ""The context provides information about Philadelphia's economy, mentioning that the Philadelphia metropolitan area's gross metropolitan product (GMP) was estimated at US$479 billion in 2021. Since GMP is equivalent to GDP for a metropolitan area, the GDP of Philadelphia in millions of dollars is **479**.""]"
Player,vllm-granite-3-3-8b-instruct,w20,city,12,population,1,2,"[""population: 1603797"", ""1,603,797"", ""population: 1603797"", ""population: 1603797"", ""population: 1603797""]"
Player,vllm-granite-3-3-8b-instruct,w20,city,12,state_name,0,1,"[""Pennsylvania"", ""Pennsylvania"", ""Pennsylvania"", ""Pennsylvania"", ""Pennsylvania""]"
Player,vllm-granite-3-3-8b-instruct,w20,city,13,area,0,1,"[""910"", ""910"", ""910"", ""910"", ""910""]"
Player,vllm-granite-3-3-8b-instruct,w20,city,13,city_name,0,1,"[""city_name: New Orleans"", ""city_name: New Orleans"", ""city_name: New Orleans"", ""city_name: New Orleans"", ""city_name: New Orleans""]"
Player,vllm-granite-3-3-8b-instruct,w20,city,13,gdp,0,1,"[""The context provided does not contain any specific mention of the gross domestic product (GDP) of New Orleans. Therefore, the GDP value is not applicable in this case."", ""The context provided does not contain any specific mention of the gross domestic product (GDP) of New Orleans. Therefore, the GDP value is not applicable in this case."", ""The context provided does not contain any specific mention of the gross domestic product (GDP) of New Orleans. Therefore, the GDP value is not applicable in this case."", ""The context provided does not contain any specific mention of the gross domestic product (GDP) of New Orleans. Therefore, the GDP value is not applicable in this case."", ""The context provided does not contain any specific mention of the gross domestic product (GDP) of New Orleans. Therefore, the GDP value is not applicable in this case.""]"
Player,vllm-granite-3-3-8b-instruct,w20,city,13,population,0,1,"[""Population: 383997"", ""Population: 383997"", ""Population: 383997"", ""Population: 383997"", ""Population: 383997""]"
Player,vllm-granite-3-3-8b-instruct,w20,city,13,state_name,0,1,"[""Louisiana"", ""Louisiana"", ""Louisiana"", ""Louisiana"", ""Louisiana""]"
Player,vllm-granite-3-3-8b-instruct,w20,city,14,area,0,1,"[""89.64"", ""89.64"", ""89.64"", ""89.64"", ""89.64""]"
Player,vllm-granite-3-3-8b-instruct,w20,city,14,city_name,0,1,"[""Chicago"", ""Chicago"", ""Chicago"", ""Chicago"", ""Chicago""]"
Player,vllm-granite-3-3-8b-instruct,w20,city,14,gdp,1,2,"[""**GDP:** 670.5 || 670.5 million USD (as of September 2017 estimates)"", ""**GDP:** 670.5 || (in billions USD as of September 2017 estimates)"", ""**GDP:** 670.5 || (in billions USD as of September 2017 estimates)"", ""**GDP:** 670.5 || (in billions USD as of September 2017 estimates)"", ""**GDP:** 670.5 || (in billions USD as of September 2017 estimates)""]"
Player,vllm-granite-3-3-8b-instruct,w20,city,14,population,0,1,"[""population: 2700000"", ""population: 2700000"", ""population: 2700000"", ""population: 2700000"", ""population: 2700000""]"
Player,vllm-granite-3-3-8b-instruct,w20,city,14,state_name,0,1,"[""Illinois"", ""Illinois"", ""Illinois"", ""Illinois"", ""Illinois""]"
Player,vllm-granite-3-3-8b-instruct,w20,city,15,area,0,1,"[""231"", ""231"", ""231"", ""231"", ""231""]"
Player,vllm-granite-3-3-8b-instruct,w20,city,15,city_name,0,1,"[""Orlando"", ""Orlando"", ""Orlando"", ""Orlando"", ""Orlando""]"
Player,vllm-granite-3-3-8b-instruct,w20,city,15,gdp,0,1,"[""The context provided does not contain any specific information about the gross domestic product (GDP) of Orlando, Florida. Therefore, the GDP value is not applicable in this case."", ""The context provided does not contain any specific information about the gross domestic product (GDP) of Orlando, Florida. Therefore, the GDP value is not applicable in this case."", ""The context provided does not contain any specific information about the gross domestic product (GDP) of Orlando, Florida. Therefore, the GDP value is not applicable in this case."", ""The context provided does not contain any specific information about the gross domestic product (GDP) of Orlando, Florida. Therefore, the GDP value is not applicable in this case."", ""The context provided does not contain any specific information about the gross domestic product (GDP) of Orlando, Florida. Therefore, the GDP value is not applicable in this case.""]"
Player,vllm-granite-3-3-8b-instruct,w20,city,15,population,0,1,"[""307573"", ""307573"", ""307573"", ""307573"", ""307573""]"
Player,vllm-granite-3-3-8b-instruct,w20,city,15,state_name,0,1,"[""Florida"", ""Florida"", ""Florida"", ""Florida"", ""Florida""]"
Player,vllm-granite-3-3-8b-instruct,w20,city,16,area,0,1,"[""286"", ""286"", ""286"", ""286"", ""286""]"
Player,vllm-granite-3-3-8b-instruct,w20,city,16,city_name,0,1,"[""Salt Lake City"", ""Salt Lake City"", ""Salt Lake City"", ""Salt Lake City"", ""Salt Lake City""]"
Player,vllm-granite-3-3-8b-instruct,w20,city,16,gdp,0,1,"[""The context provided does not include a specific value for the Gross Domestic Product (GDP) of Salt Lake City. Therefore, the answer is:"", ""The context provided does not include a specific value for the Gross Domestic Product (GDP) of Salt Lake City. Therefore, the answer is:"", ""The context provided does not include a specific value for the Gross Domestic Product (GDP) of Salt Lake City. Therefore, the answer is:"", ""The context provided does not include a specific value for the Gross Domestic Product (GDP) of Salt Lake City. Therefore, the answer is:"", ""The context provided does not include a specific value for the Gross Domestic Product (GDP) of Salt Lake City. Therefore, the answer is:""]"
Player,vllm-granite-3-3-8b-instruct,w20,city,16,population,0,1,"[""**Population:** 200133"", ""**Population:** 200133"", ""**Population:** 200133"", ""**Population:** 200133"", ""**Population:** 200133""]"
Player,vllm-granite-3-3-8b-instruct,w20,city,16,state_name,0,1,"[""Utah"", ""Utah"", ""Utah"", ""Utah"", ""Utah""]"
Player,vllm-granite-3-3-8b-instruct,w20,city,17,area,1,2,"[""630.2"", ""630"", ""630"", ""630"", ""630""]"
Player,vllm-granite-3-3-8b-instruct,w20,city,17,city_name,0,1,"[""city_name is Toronto."", ""city_name is Toronto."", ""city_name is Toronto."", ""city_name is Toronto."", ""city_name is Toronto.""]"
Player,vllm-granite-3-3-8b-instruct,w20,city,17,gdp,1,2,"[""The context provided does not contain a specific value for the gross domestic product (GDP) of Toronto. Therefore, the GDP value is not applicable in this case."", ""The context provided does not contain a specific mention of Toronto's Gross Domestic Product (GDP). Therefore, the GDP value for Toronto is not available from the given text."", ""The context provided does not contain a specific mention of Toronto's Gross Domestic Product (GDP). Therefore, the GDP value for Toronto is not available from the given text."", ""The context provided does not contain a specific value for the gross domestic product (GDP) of Toronto. Therefore, the GDP value is not applicable in this case."", ""The context provided does not contain a specific mention of Toronto's Gross Domestic Product (GDP). Therefore, the GDP value for Toronto is not available from the given text.""]"
Player,vllm-granite-3-3-8b-instruct,w20,city,17,population,1,2,"[""**Population:** 2794356"", ""**Population:** 2794356"", ""**Population:** 2,794,356 || 6,202,225 (CMA)"", ""**Population:** 2794356"", ""**Population:** 2794356""]"
Player,vllm-granite-3-3-8b-instruct,w20,city,17,state_name,0,1,"[""Ontario"", ""Ontario"", ""Ontario"", ""Ontario"", ""Ontario""]"
Player,vllm-granite-3-3-8b-instruct,w20,city,18,area,0,1,"[""517.9"", ""517.9"", ""517.9"", ""517.9"", ""517.9""]"
Player,vllm-granite-3-3-8b-instruct,w20,city,18,city_name,0,1,"[""Phoenix"", ""Phoenix"", ""Phoenix"", ""Phoenix"", ""Phoenix""]"
Player,vllm-granite-3-3-8b-instruct,w20,city,18,gdp,1,3,"[""GDP: 243||"", ""The context provides information about Phoenix, Arizona, including its economy and gross domestic product (GDP). Specifically, it mentions that the Phoenix Metropolitan Statistical Area (MSA) had a GDP of just under $243 billion as of 2017. To express this in the requested format (in millions), we convert $243 billion to $243,000 million."", ""The context provides information about Phoenix, Arizona, including its economy and gross domestic product (GDP). Specifically, it mentions that the Phoenix Metropolitan Statistical Area (MSA) had a GDP of just under $243 billion as of 2017. To extract the GDP value as requested:"", ""The context provides information about Phoenix, Arizona, including its economy and gross domestic product (GDP). Specifically, it mentions that the Phoenix Metropolitan Statistical Area (MSA) had a GDP of just under $243 billion as of 2017. To express this in the requested format (in millions), we convert $243 billion to $243,000 million."", ""GDP: 243||""]"
Player,vllm-granite-3-3-8b-instruct,w20,city,18,population,1,2,"[""Population: 1,608,139 || 1,445,632 (2010) || 1,512,986 (2006)"", ""Population: 1,608,139 || 1,445,632 (2010) || 1,512,986 (2006)"", ""Population: 1,608,139 || 1,445,632 (2010) || 1,512,986 (2006)"", ""Population: 1,608,139 || 1,445,632 (2010) || 1,512,986 (2006)"", ""Population: 1,608,139""]"
Player,vllm-granite-3-3-8b-instruct,w20,city,18,state_name,0,1,"[""Arizona"", ""Arizona"", ""Arizona"", ""Arizona"", ""Arizona""]"
Player,vllm-granite-3-3-8b-instruct,w20,city,19,area,0,1,"[""177"", ""177"", ""177"", ""177"", ""177""]"
Player,vllm-granite-3-3-8b-instruct,w20,city,19,city_name,0,1,"[""Washington, D.C."", ""Washington, D.C."", ""Washington, D.C."", ""Washington, D.C."", ""Washington, D.C.""]"
Player,vllm-granite-3-3-8b-instruct,w20,city,19,gdp,0,1,"[""The context provides information about Washington, D.C., including its history, geography, demographics, economy, and various other aspects. However, it does not explicitly state the Gross Domestic Product (GDP) of the city."", ""The context provides information about Washington, D.C., including its history, geography, demographics, economy, and various other aspects. However, it does not explicitly state the Gross Domestic Product (GDP) of the city."", ""The context provides information about Washington, D.C., including its history, geography, demographics, economy, and various other aspects. However, it does not explicitly state the Gross Domestic Product (GDP) of the city."", ""The context provides information about Washington, D.C., including its history, geography, demographics, economy, and various other aspects. However, it does not explicitly state the Gross Domestic Product (GDP) of the city."", ""The context provides information about Washington, D.C., including its history, geography, demographics, economy, and various other aspects. However, it does not explicitly state the Gross Domestic Product (GDP) of the city.""]"
Player,vllm-granite-3-3-8b-instruct,w20,city,19,population,0,1,"[""705749"", ""705749"", ""705749"", ""705749"", ""705749""]"
Player,vllm-granite-3-3-8b-instruct,w20,city,19,state_name,0,1,"[""District of Columbia"", ""District of Columbia"", ""District of Columbia"", ""District of Columbia"", ""District of Columbia""]"
Player,vllm-granite-3-3-8b-instruct,w20,city,20,area,0,1,"[""82.47"", ""82.47"", ""82.47"", ""82.47"", ""82.47""]"
Player,vllm-granite-3-3-8b-instruct,w20,city,20,city_name,0,1,"[""Cleveland"", ""Cleveland"", ""Cleveland"", ""Cleveland"", ""Cleveland""]"
Player,vllm-granite-3-3-8b-instruct,w20,city,20,gdp,1,2,"[""The context provides the GDP for the Greater Cleveland Metropolitan Statistical Area (MSA) as $138.3 billion in 2022. When expressed in millions, this is 138,300 million. Therefore, the GDP in the requested format is:"", ""The context provides information about Cleveland's economy, mentioning that the GDP for the Greater Cleveland MSA was $138.3 billion in 2022. Therefore, the GDP value for Cleveland in the context is:"", ""The context provides information about Cleveland's economy, mentioning that the GDP for the Greater Cleveland MSA was $138.3 billion in 2022. Therefore, the GDP value for Cleveland in the context is:"", ""The context provides the GDP for the Greater Cleveland Metropolitan Statistical Area (MSA) as $138.3 billion in 2022. When expressed in millions, this is 138,300 million. Therefore, the GDP in the requested format is:"", ""The context provides the GDP for the Greater Cleveland Metropolitan Statistical Area (MSA) as $138.3 billion in 2022. When expressed in millions, this is 138,300 million. Therefore, the GDP in the requested format is:""]"
Player,vllm-granite-3-3-8b-instruct,w20,city,20,population,0,1,"[""372624"", ""372624"", ""372624"", ""372624"", ""372624""]"
Player,vllm-granite-3-3-8b-instruct,w20,city,20,state_name,0,1,"[""Ohio"", ""Ohio"", ""Ohio"", ""Ohio"", ""Ohio""]"
Player,vllm-granite-3-3-8b-instruct,w20,city,21,area,0,1,"[""640.4"", ""640.4"", ""640.4"", ""640.4"", ""640.4""]"
Player,vllm-granite-3-3-8b-instruct,w20,city,21,city_name,0,1,"[""Houston"", ""Houston"", ""Houston"", ""Houston"", ""Houston""]"
Player,vllm-granite-3-3-8b-instruct,w20,city,21,gdp,0,1,"[""The context provides the following information about the GDP of Houston:"", ""The context provides the following information about the GDP of Houston:"", ""The context provides the following information about the GDP of Houston:"", ""The context provides the following information about the GDP of Houston:"", ""The context provides the following information about the GDP of Houston:""]"
Player,vllm-granite-3-3-8b-instruct,w20,city,21,population,0,1,"[""Population: 2,304,580"", ""Population: 2,304,580"", ""Population: 2,304,580"", ""Population: 2,304,580"", ""Population: 2,304,580""]"
Player,vllm-granite-3-3-8b-instruct,w20,city,21,state_name,0,1,"[""Texas"", ""Texas"", ""Texas"", ""Texas"", ""Texas""]"
Player,vllm-granite-3-3-8b-instruct,w20,city,22,area,0,1,"[""259"", ""259"", ""259"", ""259"", ""259""]"
Player,vllm-granite-3-3-8b-instruct,w20,city,22,city_name,0,1,"[""Sacramento"", ""Sacramento"", ""Sacramento"", ""Sacramento"", ""Sacramento""]"
Player,vllm-granite-3-3-8b-instruct,w20,city,22,gdp,1,2,"[""The context provided does not contain any specific information about the gross domestic product (GDP) of Sacramento, California. Therefore, the GDP value is not applicable in this case."", ""The context provided does not include any specific information about the gross domestic product (GDP) of Sacramento, California. Therefore, the GDP value is not applicable in this case."", ""The context provided does not include any specific information about the gross domestic product (GDP) of Sacramento, California. Therefore, the GDP value is not applicable in this case."", ""The context provided does not include any specific information about the gross domestic product (GDP) of Sacramento, California. Therefore, the GDP value is not applicable in this case."", ""The context provided does not include any specific information about the gross domestic product (GDP) of Sacramento, California. Therefore, the GDP value is not applicable in this case.""]"
Player,vllm-granite-3-3-8b-instruct,w20,city,22,population,0,1,"[""The population of Sacramento, as reported in the 2020 United States Census, is 524,943."", ""The population of Sacramento, as reported in the 2020 United States Census, is 524,943."", ""The population of Sacramento, as reported in the 2020 United States Census, is 524,943."", ""The population of Sacramento, as reported in the 2020 United States Census, is 524,943."", ""The population of Sacramento, as reported in the 2020 United States Census, is 524,943.""]"
Player,vllm-granite-3-3-8b-instruct,w20,city,22,state_name,0,1,"[""California"", ""California"", ""California"", ""California"", ""California""]"
Player,vllm-granite-3-3-8b-instruct,w20,city,23,area,0,1,"[""138.75"", ""138.75"", ""138.75"", ""138.75"", ""138.75""]"
Player,vllm-granite-3-3-8b-instruct,w20,city,23,city_name,0,1,"[""Detroit"", ""Detroit"", ""Detroit"", ""Detroit"", ""Detroit""]"
Player,vllm-granite-3-3-8b-instruct,w20,city,23,gdp,0,1,"[""The context provided does not contain any specific information about the gross domestic product (GDP) of Detroit. Therefore, the GDP value is not applicable in this case."", ""The context provided does not contain any specific information about the gross domestic product (GDP) of Detroit. Therefore, the GDP value is not applicable in this case."", ""The context provided does not contain any specific information about the gross domestic product (GDP) of Detroit. Therefore, the GDP value is not applicable in this case."", ""The context provided does not contain any specific information about the gross domestic product (GDP) of Detroit. Therefore, the GDP value is not applicable in this case."", ""The context provided does not contain any specific information about the gross domestic product (GDP) of Detroit. Therefore, the GDP value is not applicable in this case.""]"
Player,vllm-granite-3-3-8b-instruct,w20,city,23,population,0,1,"[""population: 639111"", ""population: 639111"", ""population: 639111"", ""population: 639111"", ""population: 639111""]"
Player,vllm-granite-3-3-8b-instruct,w20,city,23,state_name,0,1,"[""Michigan"", ""Michigan"", ""Michigan"", ""Michigan"", ""Michigan""]"
Player,vllm-granite-3-3-8b-instruct,w20,city,24,area,0,1,"[""839.2"", ""839.2"", ""839.2"", ""839.2"", ""839.2""]"
Player,vllm-granite-3-3-8b-instruct,w20,city,24,city_name,0,1,"[""Memphis"", ""Memphis"", ""Memphis"", ""Memphis"", ""Memphis""]"
Player,vllm-granite-3-3-8b-instruct,w20,city,24,gdp,0,1,"[""The context provided does not contain any specific information about the gross domestic product (GDP) of Memphis, Tennessee. Therefore, the GDP value is not applicable in this case."", ""The context provided does not contain any specific information about the gross domestic product (GDP) of Memphis, Tennessee. Therefore, the GDP value is not applicable in this case."", ""The context provided does not contain any specific information about the gross domestic product (GDP) of Memphis, Tennessee. Therefore, the GDP value is not applicable in this case."", ""The context provided does not contain any specific information about the gross domestic product (GDP) of Memphis, Tennessee. Therefore, the GDP value is not applicable in this case."", ""The context provided does not contain any specific information about the gross domestic product (GDP) of Memphis, Tennessee. Therefore, the GDP value is not applicable in this case.""]"
Player,vllm-granite-3-3-8b-instruct,w20,city,24,population,1,3,"[""Population: 633104 || 1316100"", ""Population: 633104"", ""Population: 633104"", ""Population: 633104"", ""Population: 633,104 || (2020 U.S. Census)""]"
Player,vllm-granite-3-3-8b-instruct,w20,city,24,state_name,0,1,"[""Tennessee"", ""Tennessee"", ""Tennessee"", ""Tennessee"", ""Tennessee""]"
Player,vllm-granite-3-3-8b-instruct,w20,city,25,area,0,1,"[""808.1"", ""808.1"", ""808.1"", ""808.1"", ""808.1""]"
Player,vllm-granite-3-3-8b-instruct,w20,city,25,city_name,0,1,"[""Charlotte"", ""Charlotte"", ""Charlotte"", ""Charlotte"", ""Charlotte""]"
Player,vllm-granite-3-3-8b-instruct,w20,city,25,gdp,0,1,"[""The context provided does not contain a specific mention of Charlotte, North Carolina's gross domestic product (GDP). Therefore, the GDP value is not available from the given information."", ""The context provided does not contain a specific mention of Charlotte, North Carolina's gross domestic product (GDP). Therefore, the GDP value is not available from the given information."", ""The context provided does not contain a specific mention of Charlotte, North Carolina's gross domestic product (GDP). Therefore, the GDP value is not available from the given information."", ""The context provided does not contain a specific mention of Charlotte, North Carolina's gross domestic product (GDP). Therefore, the GDP value is not available from the given information."", ""The context provided does not contain a specific mention of Charlotte, North Carolina's gross domestic product (GDP). Therefore, the GDP value is not available from the given information.""]"
Player,vllm-granite-3-3-8b-instruct,w20,city,25,population,0,1,"[""874579"", ""874579"", ""874579"", ""874579"", ""874579""]"
Player,vllm-granite-3-3-8b-instruct,w20,city,25,state_name,0,1,"[""North Carolina"", ""North Carolina"", ""North Carolina"", ""North Carolina"", ""North Carolina""]"
Player,vllm-granite-3-3-8b-instruct,w20,city,26,area,0,1,"[""1213.37"", ""1213.37"", ""1213.37"", ""1213.37"", ""1213.37""]"
Player,vllm-granite-3-3-8b-instruct,w20,city,26,city_name,0,1,"[""New York City"", ""New York City"", ""New York City"", ""New York City"", ""New York City""]"
Player,vllm-granite-3-3-8b-instruct,w20,city,26,gdp,0,1,"[""2.16||"", ""2.16||"", ""2.16||"", ""2.16||"", ""2.16||""]"
Player,vllm-granite-3-3-8b-instruct,w20,city,26,population,0,1,"[""8,804,190"", ""8,804,190"", ""8,804,190"", ""8,804,190"", ""8,804,190""]"
Player,vllm-granite-3-3-8b-instruct,w20,city,26,state_name,0,1,"[""New York"", ""New York"", ""New York"", ""New York"", ""New York""]"
Player,vllm-granite-3-3-8b-instruct,w20,city,27,area,0,1,"[""620.34"", ""620.34"", ""620.34"", ""620.34"", ""620.34""]"
Player,vllm-granite-3-3-8b-instruct,w20,city,27,city_name,0,1,"[""Oklahoma City"", ""Oklahoma City"", ""Oklahoma City"", ""Oklahoma City"", ""Oklahoma City""]"
Player,vllm-granite-3-3-8b-instruct,w20,city,27,gdp,0,1,"[""The context provided does not contain a specific value for the gross domestic product (GDP) of Oklahoma City. Therefore, the answer is:"", ""The context provided does not contain a specific value for the gross domestic product (GDP) of Oklahoma City. Therefore, the answer is:"", ""The context provided does not contain a specific value for the gross domestic product (GDP) of Oklahoma City. Therefore, the answer is:"", ""The context provided does not contain a specific value for the gross domestic product (GDP) of Oklahoma City. Therefore, the answer is:"", ""The context provided does not contain a specific value for the gross domestic product (GDP) of Oklahoma City. Therefore, the answer is:""]"
Player,vllm-granite-3-3-8b-instruct,w20,city,27,population,0,1,"[""The population of Oklahoma City, as given in the context, is 681,054 according to the 2020 census."", ""The population of Oklahoma City, as given in the context, is 681,054 according to the 2020 census."", ""The population of Oklahoma City, as given in the context, is 681,054 according to the 2020 census."", ""The population of Oklahoma City, as given in the context, is 681,054 according to the 2020 census."", ""The population of Oklahoma City, as given in the context, is 681,054 according to the 2020 census.""]"
Player,vllm-granite-3-3-8b-instruct,w20,city,27,state_name,0,1,"[""Oklahoma"", ""Oklahoma"", ""Oklahoma"", ""Oklahoma"", ""Oklahoma""]"
Player,vllm-granite-3-3-8b-instruct,w20,city,28,area,0,1,"[""250.71"", ""250.71"", ""250.71"", ""250.71"", ""250.71""]"
Player,vllm-granite-3-3-8b-instruct,w20,city,28,city_name,0,1,"[""Milwaukee"", ""Milwaukee"", ""Milwaukee"", ""Milwaukee"", ""Milwaukee""]"
Player,vllm-granite-3-3-8b-instruct,w20,city,28,gdp,1,2,"[""The context provided does not explicitly state the Gross Domestic Product (GDP) of Milwaukee. However, it mentions that Milwaukee is categorized as a \""Gamma minus\"" city by the Globalization and World Cities Research Network, with a regional GDP of over $102 billion in 2020. Since this GDP figure pertains to the broader metropolitan area rather than the city itself, and no specific city-level GDP is given, the answer is:"", ""The context provided does not contain a direct mention of Milwaukee's Gross Domestic Product (GDP). However, it does state that Milwaukee is categorized as a \""Gamma minus\"" city by the Globalization and World Cities Research Network, with a regional GDP of over $102 billion in 2020."", ""The context provided does not explicitly state the Gross Domestic Product (GDP) of Milwaukee. However, it mentions that Milwaukee is categorized as a \""Gamma minus\"" city by the Globalization and World Cities Research Network, with a regional GDP of over $102 billion in 2020. Since this GDP figure pertains to the broader metropolitan area rather than the city itself, and no specific city-level GDP is given, the answer is:"", ""The context provided does not explicitly state the Gross Domestic Product (GDP) of Milwaukee. However, it mentions that Milwaukee is categorized as a \""Gamma minus\"" city by the Globalization and World Cities Research Network, with a regional GDP of over $102 billion in 2020. Since this GDP figure pertains to the broader metropolitan area rather than the city itself, and no specific city-level GDP is given, the answer is:"", ""The context provided does not explicitly state the Gross Domestic Product (GDP) of Milwaukee. However, it mentions that Milwaukee is categorized as a \""Gamma minus\"" city by the Globalization and World Cities Research Network, with a regional GDP of over $102 billion in 2020. Since this GDP figure pertains to the broader metropolitan area rather than the city itself, and no specific city-level GDP is given, the answer is:""]"
Player,vllm-granite-3-3-8b-instruct,w20,city,28,population,0,1,"[""577222"", ""577222"", ""577222"", ""577222"", ""577222""]"
Player,vllm-granite-3-3-8b-instruct,w20,city,28,state_name,0,1,"[""Wisconsin"", ""Wisconsin"", ""Wisconsin"", ""Wisconsin"", ""Wisconsin""]"
Player,vllm-granite-3-3-8b-instruct,w20,city,29,area,0,1,"[""347.1"", ""347.1"", ""347.1"", ""347.1"", ""347.1""]"
Player,vllm-granite-3-3-8b-instruct,w20,city,29,city_name,0,1,"[""Atlanta"", ""Atlanta"", ""Atlanta"", ""Atlanta"", ""Atlanta""]"
Player,vllm-granite-3-3-8b-instruct,w20,city,29,gdp,1,2,"[""**GDP:** 7.73 || 385 (in billions)"", ""**GDP:** 473 || 385 (in billions, as of 2021 and 2020 respectively)"", ""**GDP:** 7.73 || 385 (in billions)"", ""**GDP:** 7.73 || 385 (in billions)"", ""**GDP:** 7.73 || 385 (in billions)""]"
Player,vllm-granite-3-3-8b-instruct,w20,city,29,population,0,1,"[""population: 498715"", ""population: 498715"", ""population: 498715"", ""population: 498715"", ""population: 498715""]"
Player,vllm-granite-3-3-8b-instruct,w20,city,29,state_name,0,1,"[""Georgia"", ""Georgia"", ""Georgia"", ""Georgia"", ""Georgia""]"
Player,vllm-granite-3-3-8b-instruct,w20,manager,1,age,0,1,"[""31"", ""31"", ""31"", ""31"", ""31""]"
Player,vllm-granite-3-3-8b-instruct,w20,manager,1,name,0,1,"[""Tom Gores"", ""Tom Gores"", ""Tom Gores"", ""Tom Gores"", ""Tom Gores""]"
Player,vllm-granite-3-3-8b-instruct,w20,manager,1,nationality,0,1,"[""American"", ""American"", ""American"", ""American"", ""American""]"
Player,vllm-granite-3-3-8b-instruct,w20,manager,1,nba_team,0,1,"[""NBA_team is the Detroit Pistons."", ""NBA_team is the Detroit Pistons."", ""NBA_team is the Detroit Pistons."", ""NBA_team is the Detroit Pistons."", ""NBA_team is the Detroit Pistons.""]"
Player,vllm-granite-3-3-8b-instruct,w20,manager,1,own_year,0,1,"[""2011"", ""2011"", ""2011"", ""2011"", ""2011""]"
Player,vllm-granite-3-3-8b-instruct,w20,manager,2,age,0,1,"[""62"", ""62"", ""62"", ""62"", ""62""]"
Player,vllm-granite-3-3-8b-instruct,w20,manager,2,name,0,1,"[""Dan Gilbert"", ""Dan Gilbert"", ""Dan Gilbert"", ""Dan Gilbert"", ""Dan Gilbert""]"
Player,vllm-granite-3-3-8b-instruct,w20,manager,2,nationality,0,1,"[""American"", ""American"", ""American"", ""American"", ""American""]"
Player,vllm-granite-3-3-8b-instruct,w20,manager,2,nba_team,0,1,"[""Cleveland Cavaliers || Cleveland Monsters"", ""Cleveland Cavaliers || Cleveland Monsters"", ""Cleveland Cavaliers || Cleveland Monsters"", ""Cleveland Cavaliers || Cleveland Monsters"", ""Cleveland Cavaliers || Cleveland Monsters""]"
Player,vllm-granite-3-3-8b-instruct,w20,manager,2,own_year,0,1,"[""2005"", ""2005"", ""2005"", ""2005"", ""2005""]"
Player,vllm-granite-3-3-8b-instruct,w20,manager,3,age,1,2,"[""2024"", ""68"", ""2024"", ""2024"", ""2024""]"
Player,vllm-granite-3-3-8b-instruct,w20,manager,3,name,0,1,"[""Steve Ballmer"", ""Steve Ballmer"", ""Steve Ballmer"", ""Steve Ballmer"", ""Steve Ballmer""]"
Player,vllm-granite-3-3-8b-instruct,w20,manager,3,nationality,0,1,"[""American"", ""American"", ""American"", ""American"", ""American""]"
Player,vllm-granite-3-3-8b-instruct,w20,manager,3,nba_team,0,1,"[""Los Angeles Clippers"", ""Los Angeles Clippers"", ""Los Angeles Clippers"", ""Los Angeles Clippers"", ""Los Angeles Clippers""]"
Player,vllm-granite-3-3-8b-instruct,w20,manager,3,own_year,0,1,"[""2014"", ""2014"", ""2014"", ""2014"", ""2014""]"
Player,vllm-granite-3-3-8b-instruct,w20,manager,4,age,0,1,"[""1959"", ""1959"", ""1959"", ""1959"", ""1959""]"
Player,vllm-granite-3-3-8b-instruct,w20,manager,4,name,0,1,"[""Daniel G. DeVos"", ""Daniel G. DeVos"", ""Daniel G. DeVos"", ""Daniel G. DeVos"", ""Daniel G. DeVos""]"
Player,vllm-granite-3-3-8b-instruct,w20,manager,4,nationality,0,1,"[""American"", ""American"", ""American"", ""American"", ""American""]"
Player,vllm-granite-3-3-8b-instruct,w20,manager,4,nba_team,0,1,"[""Orlando Magic"", ""Orlando Magic"", ""Orlando Magic"", ""Orlando Magic"", ""Orlando Magic""]"
Player,vllm-granite-3-3-8b-instruct,w20,manager,4,own_year,0,1,"[""1991"", ""1991"", ""1991"", ""1991"", ""1991""]"
Player,vllm-granite-3-3-8b-instruct,w20,manager,5,age,0,1,"[""65"", ""65"", ""65"", ""65"", ""65""]"
Player,vllm-granite-3-3-8b-instruct,w20,manager,5,name,0,1,"[""Mark Cuban"", ""Mark Cuban"", ""Mark Cuban"", ""Mark Cuban"", ""Mark Cuban""]"
Player,vllm-granite-3-3-8b-instruct,w20,manager,5,nationality,0,1,"[""American"", ""American"", ""American"", ""American"", ""American""]"
Player,vllm-granite-3-3-8b-instruct,w20,manager,5,nba_team,0,1,"[""Dallas Mavericks"", ""Dallas Mavericks"", ""Dallas Mavericks"", ""Dallas Mavericks"", ""Dallas Mavericks""]"
Player,vllm-granite-3-3-8b-instruct,w20,manager,5,own_year,0,1,"[""2010"", ""2010"", ""2010"", ""2010"", ""2010""]"
Player,vllm-granite-3-3-8b-instruct,w20,manager,6,age,0,1,"[""66"", ""66"", ""66"", ""66"", ""66""]"
Player,vllm-granite-3-3-8b-instruct,w20,manager,6,name,0,1,"[""Tilman Joseph Fertitta"", ""Tilman Joseph Fertitta"", ""Tilman Joseph Fertitta"", ""Tilman Joseph Fertitta"", ""Tilman Joseph Fertitta""]"
Player,vllm-granite-3-3-8b-instruct,w20,manager,6,nationality,0,1,"[""American"", ""American"", ""American"", ""American"", ""American""]"
Player,vllm-granite-3-3-8b-instruct,w20,manager,6,nba_team,0,1,"[""Houston Rockets"", ""Houston Rockets"", ""Houston Rockets"", ""Houston Rockets"", ""Houston Rockets""]"
Player,vllm-granite-3-3-8b-instruct,w20,manager,6,own_year,0,1,"[""2017"", ""2017"", ""2017"", ""2017"", ""2017""]"
Player,vllm-granite-3-3-8b-instruct,w20,manager,7,age,0,1,"[""1964"", ""1964"", ""1964"", ""1964"", ""1964""]"
Player,vllm-granite-3-3-8b-instruct,w20,manager,7,name,0,1,"[""Joseph Tsai || Clara Wu Tsai"", ""Joseph Tsai || Clara Wu Tsai"", ""Joseph Tsai || Clara Wu Tsai"", ""Joseph Tsai || Clara Wu Tsai"", ""Joseph Tsai || Clara Wu Tsai""]"
Player,vllm-granite-3-3-8b-instruct,w20,manager,7,nationality,1,2,"[""Canadian||Taiwanese"", ""Chinese || Canadian"", ""Canadian||Taiwanese"", ""Canadian||Taiwanese"", ""Canadian||Taiwanese""]"
Player,vllm-granite-3-3-8b-instruct,w20,manager,7,nba_team,0,1,"[""Brooklyn Nets || New York Liberty"", ""Brooklyn Nets || New York Liberty"", ""Brooklyn Nets || New York Liberty"", ""Brooklyn Nets || New York Liberty"", ""Brooklyn Nets || New York Liberty""]"
Player,vllm-granite-3-3-8b-instruct,w20,manager,7,own_year,0,1,"[""2019"", ""2019"", ""2019"", ""2019"", ""2019""]"
Player,vllm-granite-3-3-8b-instruct,w20,manager,8,age,0,1,"[""14"", ""14"", ""14"", ""14"", ""14""]"
Player,vllm-granite-3-3-8b-instruct,w20,manager,8,name,0,1,"[""Clayton Ike Bennett"", ""Clayton Ike Bennett"", ""Clayton Ike Bennett"", ""Clayton Ike Bennett"", ""Clayton Ike Bennett""]"
Player,vllm-granite-3-3-8b-instruct,w20,manager,8,nationality,0,1,"[""American"", ""American"", ""American"", ""American"", ""American""]"
Player,vllm-granite-3-3-8b-instruct,w20,manager,8,nba_team,0,1,"[""Oklahoma City Thunder"", ""Oklahoma City Thunder"", ""Oklahoma City Thunder"", ""Oklahoma City Thunder"", ""Oklahoma City Thunder""]"
Player,vllm-granite-3-3-8b-instruct,w20,manager,8,own_year,0,1,"[""2006"", ""2006"", ""2006"", ""2006"", ""2006""]"
Player,vllm-granite-3-3-8b-instruct,w20,manager,9,age,0,1,"[""23"", ""23"", ""23"", ""23"", ""23""]"
Player,vllm-granite-3-3-8b-instruct,w20,manager,9,name,0,1,"[""Herbert Simon || Porntip Bui Nakhirunkanok"", ""Herbert Simon || Porntip Bui Nakhirunkanok"", ""Herbert Simon || Porntip Bui Nakhirunkanok"", ""Herbert Simon || Porntip Bui Nakhirunkanok"", ""Herbert Simon || Porntip Bui Nakhirunkanok""]"
Player,vllm-granite-3-3-8b-instruct,w20,manager,9,nationality,0,1,"[""American"", ""American"", ""American"", ""American"", ""American""]"
Player,vllm-granite-3-3-8b-instruct,w20,manager,9,nba_team,0,1,"[""Indiana Pacers || Indiana Fever"", ""Indiana Pacers || Indiana Fever"", ""Indiana Pacers || Indiana Fever"", ""Indiana Pacers || Indiana Fever"", ""Indiana Pacers || Indiana Fever""]"
Player,vllm-granite-3-3-8b-instruct,w20,manager,9,own_year,0,1,"[""1983"", ""1983"", ""1983"", ""1983"", ""1983""]"
Player,vllm-granite-3-3-8b-instruct,w20,manager,10,age,0,1,"[""88"", ""88"", ""88"", ""88"", ""88""]"
Player,vllm-granite-3-3-8b-instruct,w20,manager,10,name,0,1,"[""Jerry Michael Reinsdorf"", ""Jerry Michael Reinsdorf"", ""Jerry Michael Reinsdorf"", ""Jerry Michael Reinsdorf"", ""Jerry Michael Reinsdorf""]"
Player,vllm-granite-3-3-8b-instruct,w20,manager,10,nationality,0,1,"[""American"", ""American"", ""American"", ""American"", ""American""]"
Player,vllm-granite-3-3-8b-instruct,w20,manager,10,nba_team,0,1,"[""Chicago Bulls || Chicago White Sox"", ""Chicago Bulls || Chicago White Sox"", ""Chicago Bulls || Chicago White Sox"", ""Chicago Bulls || Chicago White Sox"", ""Chicago Bulls || Chicago White Sox""]"
Player,vllm-granite-3-3-8b-instruct,w20,manager,10,own_year,0,1,"[""1985"", ""1985"", ""1985"", ""1985"", ""1985""]"
Player,vllm-granite-3-3-8b-instruct,w20,manager,11,age,0,1,"[""77"", ""77"", ""77"", ""77"", ""77""]"
Player,vllm-granite-3-3-8b-instruct,w20,manager,11,name,0,1,"[""Gayle Marie LaJaunie Bird Benson"", ""Gayle Marie LaJaunie Bird Benson"", ""Gayle Marie LaJaunie Bird Benson"", ""Gayle Marie LaJaunie Bird Benson"", ""Gayle Marie LaJaunie Bird Benson""]"
Player,vllm-granite-3-3-8b-instruct,w20,manager,11,nationality,0,1,"[""American"", ""American"", ""American"", ""American"", ""American""]"
Player,vllm-granite-3-3-8b-instruct,w20,manager,11,nba_team,0,1,"[""NBA_team: New Orleans Pelicans"", ""NBA_team: New Orleans Pelicans"", ""NBA_team: New Orleans Pelicans"", ""NBA_team: New Orleans Pelicans"", ""NBA_team: New Orleans Pelicans""]"
Player,vllm-granite-3-3-8b-instruct,w20,manager,11,own_year,0,1,"[""2018"", ""2018"", ""2018"", ""2018"", ""2018""]"
Player,vllm-granite-3-3-8b-instruct,w20,manager,12,age,0,1,"[""75"", ""75"", ""75"", ""75"", ""75""]"
Player,vllm-granite-3-3-8b-instruct,w20,manager,12,name,0,1,"[""Stanley Enos Kroenke || Ann Walton Kroenke"", ""Stanley Enos Kroenke || Ann Walton Kroenke"", ""Stanley Enos Kroenke || Ann Walton Kroenke"", ""Stanley Enos Kroenke || Ann Walton Kroenke"", ""Stanley Enos Kroenke || Ann Walton Kroenke""]"
Player,vllm-granite-3-3-8b-instruct,w20,manager,12,nationality,0,1,"[""American"", ""American"", ""American"", ""American"", ""American""]"
Player,vllm-granite-3-3-8b-instruct,w20,manager,12,nba_team,1,2,"[""Stan Kroenke owns the **Denver Nuggets** in the NBA."", ""Stan Kroenke owns the **Denver Nuggets** in the NBA."", ""**NBA_team:** Denver Nuggets || Colorado Avalanche (Note: The Avalanche is an NHL team, but it is included here as per the instruction to list all teams owned by Stan Kroenke in the context of the provided information.)"", ""Stan Kroenke owns the **Denver Nuggets** in the NBA."", ""Stan Kroenke owns the **Denver Nuggets** in the NBA.""]"
Player,vllm-granite-3-3-8b-instruct,w20,manager,12,own_year,0,1,"[""2000"", ""2000"", ""2000"", ""2000"", ""2000""]"
Player,vllm-granite-3-3-8b-instruct,w20,manager,13,age,0,1,"[""59"", ""59"", ""59"", ""59"", ""59""]"
Player,vllm-granite-3-3-8b-instruct,w20,manager,13,name,0,1,"[""Joshua Jordan Harris"", ""Joshua Jordan Harris"", ""Joshua Jordan Harris"", ""Joshua Jordan Harris"", ""Joshua Jordan Harris""]"
Player,vllm-granite-3-3-8b-instruct,w20,manager,13,nationality,0,1,"[""American"", ""American"", ""American"", ""American"", ""American""]"
Player,vllm-granite-3-3-8b-instruct,w20,manager,13,nba_team,0,1,"[""NBA_team is the Philadelphia 76ers."", ""NBA_team is the Philadelphia 76ers."", ""NBA_team is the Philadelphia 76ers."", ""NBA_team is the Philadelphia 76ers."", ""NBA_team is the Philadelphia 76ers.""]"
Player,vllm-granite-3-3-8b-instruct,w20,manager,13,own_year,0,1,"[""2011"", ""2011"", ""2011"", ""2011"", ""2011""]"
Player,vllm-granite-3-3-8b-instruct,w20,manager,14,age,0,1,"[""11"", ""11"", ""11"", ""11"", ""11""]"
Player,vllm-granite-3-3-8b-instruct,w20,manager,14,name,0,1,"[""James Lawrence Dolan"", ""James Lawrence Dolan"", ""James Lawrence Dolan"", ""James Lawrence Dolan"", ""James Lawrence Dolan""]"
Player,vllm-granite-3-3-8b-instruct,w20,manager,14,nationality,0,1,"[""American"", ""American"", ""American"", ""American"", ""American""]"
Player,vllm-granite-3-3-8b-instruct,w20,manager,14,nba_team,0,1,"[""NBA_team is the New York Knicks || New York Rangers"", ""NBA_team is the New York Knicks || New York Rangers"", ""NBA_team is the New York Knicks || New York Rangers"", ""NBA_team is the New York Knicks || New York Rangers"", ""NBA_team is the New York Knicks || New York Rangers""]"
Player,vllm-granite-3-3-8b-instruct,w20,manager,14,own_year,0,1,"[""1994"", ""1994"", ""1994"", ""1994"", ""1994""]"
Player,vllm-granite-3-3-8b-instruct,w20,manager,15,age,0,1,"[""74"", ""74"", ""74"", ""74"", ""74""]"
Player,vllm-granite-3-3-8b-instruct,w20,manager,15,name,1,3,"[""Micky Arison || (Note: The context specifies that Micky Arison is the owner of the Miami Heat, so the full name of the team owner is Micky Arison. There are no other owners mentioned for the Miami Heat in the provided context.)"", ""Micky Arison || (Note: The context specifies that Micky Arison is the owner of the Miami Heat, so the full name of the team owner is Micky Arison. There are no other owners mentioned for the Miami Heat in the provided context.)"", ""Micky Arison ||"", ""Micky Arison || (Note: The context specifies that Micky Arison is the owner of the Miami Heat, so the answer is Micky Arison. There are no other owners mentioned for the team in the provided context.)"", ""Micky Arison || (Note: The context specifies that Micky Arison is the owner of the Miami Heat, so the answer is Micky Arison. There are no other owners mentioned for the team in the provided context.)""]"
Player,vllm-granite-3-3-8b-instruct,w20,manager,15,nationality,0,1,"[""Israeli-American"", ""Israeli-American"", ""Israeli-American"", ""Israeli-American"", ""Israeli-American""]"
Player,vllm-granite-3-3-8b-instruct,w20,manager,15,nba_team,1,2,"[""NBA_team is Miami Heat"", ""NBA_team is Miami Heat"", ""NBA_team is Miami Heat."", ""NBA_team is Miami Heat."", ""NBA_team is Miami Heat.""]"
Player,vllm-granite-3-3-8b-instruct,w20,manager,15,own_year,0,1,"[""1995"", ""1995"", ""1995"", ""1995"", ""1995""]"
Player,vllm-granite-3-3-8b-instruct,w20,manager,16,age,0,1,"[""10"", ""10"", ""10"", ""10"", ""10""]"
Player,vllm-granite-3-3-8b-instruct,w20,manager,16,name,0,1,"[""Joe Lacob"", ""Joe Lacob"", ""Joe Lacob"", ""Joe Lacob"", ""Joe Lacob""]"
Player,vllm-granite-3-3-8b-instruct,w20,manager,16,nationality,0,1,"[""American"", ""American"", ""American"", ""American"", ""American""]"
Player,vllm-granite-3-3-8b-instruct,w20,manager,16,nba_team,0,1,"[""Golden State Warriors || Golden State Valkyries"", ""Golden State Warriors || Golden State Valkyries"", ""Golden State Warriors || Golden State Valkyries"", ""Golden State Warriors || Golden State Valkyries"", ""Golden State Warriors || Golden State Valkyries""]"
Player,vllm-granite-3-3-8b-instruct,w20,manager,16,own_year,0,1,"[""2010"", ""2010"", ""2010"", ""2010"", ""2010""]"
Player,vllm-granite-3-3-8b-instruct,w20,player,1,age,0,1,"[""30"", ""30"", ""30"", ""30"", ""30""]"
Player,vllm-granite-3-3-8b-instruct,w20,player,1,birth_date,0,1,"[""1994/02/02"", ""1994/02/02"", ""1994/02/02"", ""1994/02/02"", ""1994/02/02""]"
Player,vllm-granite-3-3-8b-instruct,w20,player,1,college,0,1,"[""Southeast Missouri State University"", ""Southeast Missouri State University"", ""Southeast Missouri State University"", ""Southeast Missouri State University"", ""Southeast Missouri State University""]"
Player,vllm-granite-3-3-8b-instruct,w20,player,1,draft_pick,0,1,"["""", """", """", """", """"]"
Player,vllm-granite-3-3-8b-instruct,w20,player,1,draft_year,0,1,"[""2017"", ""2017"", ""2017"", ""2017"", ""2017""]"
Player,vllm-granite-3-3-8b-instruct,w20,player,1,fiba_world_cup,0,1,"["""", """", """", """", """"]"
Player,vllm-granite-3-3-8b-instruct,w20,player,1,mvp_awards,0,1,"[""0"", ""0"", ""0"", ""0"", ""0""]"
Player,vllm-granite-3-3-8b-instruct,w20,player,1,name,0,1,"[""Antonius Cleveland"", ""Antonius Cleveland"", ""Antonius Cleveland"", ""Antonius Cleveland"", ""Antonius Cleveland""]"
Player,vllm-granite-3-3-8b-instruct,w20,player,1,nationality,0,1,"[""USA"", ""USA"", ""USA"", ""USA"", ""USA""]"
Player,vllm-granite-3-3-8b-instruct,w20,player,1,nba_championships,0,1,"[""0"", ""0"", ""0"", ""0"", ""0""]"
Player,vllm-granite-3-3-8b-instruct,w20,player,1,olympic_gold_medals,0,1,"["""", """", """", """", """"]"
Player,vllm-granite-3-3-8b-instruct,w20,player,1,position,0,1,"[""Frontcourt"", ""Frontcourt"", ""Frontcourt"", ""Frontcourt"", ""Frontcourt""]"
Player,vllm-granite-3-3-8b-instruct,w20,player,1,team,0,1,"[""Lokomotiv Kuban"", ""Lokomotiv Kuban"", ""Lokomotiv Kuban"", ""Lokomotiv Kuban"", ""Lokomotiv Kuban""]"
Player,vllm-granite-3-3-8b-instruct,w20,player,2,age,0,1,"[""66"", ""66"", ""66"", ""66"", ""66""]"
Player,vllm-granite-3-3-8b-instruct,w20,player,2,birth_date,0,1,"[""1959/6/10"", ""1959/6/10"", ""1959/6/10"", ""1959/6/10"", ""1959/6/10""]"
Player,vllm-granite-3-3-8b-instruct,w20,player,2,college,0,1,"[""Michigan State University"", ""Michigan State University"", ""Michigan State University"", ""Michigan State University"", ""Michigan State University""]"
Player,vllm-granite-3-3-8b-instruct,w20,player,2,draft_pick,0,1,"[""24"", ""24"", ""24"", ""24"", ""24""]"
Player,vllm-granite-3-3-8b-instruct,w20,player,2,draft_year,0,1,"[""1981"", ""1981"", ""1981"", ""1981"", ""1981""]"
Player,vllm-granite-3-3-8b-instruct,w20,player,2,fiba_world_cup,0,1,"["""", """", """", """", """"]"
Player,vllm-granite-3-3-8b-instruct,w20,player,2,mvp_awards,0,1,"[""0"", ""0"", ""0"", ""0"", ""0""]"
Player,vllm-granite-3-3-8b-instruct,w20,player,2,name,0,1,"[""Jay Fletcher Vincent"", ""Jay Fletcher Vincent"", ""Jay Fletcher Vincent"", ""Jay Fletcher Vincent"", ""Jay Fletcher Vincent""]"
Player,vllm-granite-3-3-8b-instruct,w20,player,2,nationality,0,1,"[""USA"", ""USA"", ""USA"", ""USA"", ""USA""]"
Player,vllm-granite-3-3-8b-instruct,w20,player,2,nba_championships,0,1,"[""0"", ""0"", ""0"", ""0"", ""0""]"
Player,vllm-granite-3-3-8b-instruct,w20,player,2,olympic_gold_medals,0,1,"["""", """", """", """", """"]"
Player,vllm-granite-3-3-8b-instruct,w20,player,2,position,0,1,"[""Frontcourt"", ""Frontcourt"", ""Frontcourt"", ""Frontcourt"", ""Frontcourt""]"
Player,vllm-granite-3-3-8b-instruct,w20,player,2,team,0,1,"[""Dallas Mavericks||Washington Bullets||Denver Nuggets||San Antonio Spurs||Philadelphia 76ers||Los Angeles Lakers"", ""Dallas Mavericks||Washington Bullets||Denver Nuggets||San Antonio Spurs||Philadelphia 76ers||Los Angeles Lakers"", ""Dallas Mavericks||Washington Bullets||Denver Nuggets||San Antonio Spurs||Philadelphia 76ers||Los Angeles Lakers"", ""Dallas Mavericks||Washington Bullets||Denver Nuggets||San Antonio Spurs||Philadelphia 76ers||Los Angeles Lakers"", ""Dallas Mavericks||Washington Bullets||Denver Nuggets||San Antonio Spurs||Philadelphia 76ers||Los Angeles Lakers""]"
Player,vllm-granite-3-3-8b-instruct,w20,player,3,age,0,1,"[""31"", ""31"", ""31"", ""31"", ""31""]"
Player,vllm-granite-3-3-8b-instruct,w20,player,3,birth_date,0,1,"[""1994/04/25"", ""1994/04/25"", ""1994/04/25"", ""1994/04/25"", ""1994/04/25""]"
Player,vllm-granite-3-3-8b-instruct,w20,player,3,college,0,1,"["""", """", """", """", """"]"
Player,vllm-granite-3-3-8b-instruct,w20,player,3,draft_pick,0,1,"[""57"", ""57"", ""57"", ""57"", ""57""]"
Player,vllm-granite-3-3-8b-instruct,w20,player,3,draft_year,0,1,"[""2015"", ""2015"", ""2015"", ""2015"", ""2015""]"
Player,vllm-granite-3-3-8b-instruct,w20,player,3,fiba_world_cup,0,1,"[""0"", ""0"", ""0"", ""0"", ""0""]"
Player,vllm-granite-3-3-8b-instruct,w20,player,3,mvp_awards,0,1,"[""0"", ""0"", ""0"", ""0"", ""0""]"
Player,vllm-granite-3-3-8b-instruct,w20,player,3,name,0,1,"[""Nikola Radi\u010devi\u0107"", ""Nikola Radi\u010devi\u0107"", ""Nikola Radi\u010devi\u0107"", ""Nikola Radi\u010devi\u0107"", ""Nikola Radi\u010devi\u0107""]"
Player,vllm-granite-3-3-8b-instruct,w20,player,3,nationality,0,1,"[""Serbia"", ""Serbia"", ""Serbia"", ""Serbia"", ""Serbia""]"
Player,vllm-granite-3-3-8b-instruct,w20,player,3,nba_championships,0,1,"["""", """", """", """", """"]"
Player,vllm-granite-3-3-8b-instruct,w20,player,3,olympic_gold_medals,0,1,"["""", """", """", """", """"]"
Player,vllm-granite-3-3-8b-instruct,w20,player,3,position,0,1,"[""Backcourt"", ""Backcourt"", ""Backcourt"", ""Backcourt"", ""Backcourt""]"
Player,vllm-granite-3-3-8b-instruct,w20,player,3,team,0,1,"[""Denver Nuggets||Detroit Pistons||New York Knicks"", ""Denver Nuggets||Detroit Pistons||New York Knicks"", ""Denver Nuggets||Detroit Pistons||New York Knicks"", ""Denver Nuggets||Detroit Pistons||New York Knicks"", ""Denver Nuggets||Detroit Pistons||New York Knicks""]"
Player,vllm-granite-3-3-8b-instruct,w20,player,4,age,0,1,"[""82"", ""82"", ""82"", ""82"", ""82""]"
Player,vllm-granite-3-3-8b-instruct,w20,player,4,birth_date,0,1,"[""1922/9/9"", ""1922/9/9"", ""1922/9/9"", ""1922/9/9"", ""1922/9/9""]"
Player,vllm-granite-3-3-8b-instruct,w20,player,4,college,0,1,"[""University of Notre Dame"", ""University of Notre Dame"", ""University of Notre Dame"", ""University of Notre Dame"", ""University of Notre Dame""]"
Player,vllm-granite-3-3-8b-instruct,w20,player,4,draft_pick,0,1,"["""", """", """", """", """"]"
Player,vllm-granite-3-3-8b-instruct,w20,player,4,draft_year,0,1,"["""", """", """", """", """"]"
Player,vllm-granite-3-3-8b-instruct,w20,player,4,fiba_world_cup,0,1,"["""", """", """", """", """"]"
Player,vllm-granite-3-3-8b-instruct,w20,player,4,mvp_awards,0,1,"[""0"", ""0"", ""0"", ""0"", ""0""]"
Player,vllm-granite-3-3-8b-instruct,w20,player,4,name,0,1,"[""Francis Hugh Curran Sr."", ""Francis Hugh Curran Sr."", ""Francis Hugh Curran Sr."", ""Francis Hugh Curran Sr."", ""Francis Hugh Curran Sr.""]"
Player,vllm-granite-3-3-8b-instruct,w20,player,4,nationality,0,1,"[""USA"", ""USA"", ""USA"", ""USA"", ""USA""]"
Player,vllm-granite-3-3-8b-instruct,w20,player,4,nba_championships,0,1,"["""", """", """", """", """"]"
Player,vllm-granite-3-3-8b-instruct,w20,player,4,olympic_gold_medals,0,1,"["""", """", """", """", """"]"
Player,vllm-granite-3-3-8b-instruct,w20,player,4,position,0,1,"[""Backcourt"", ""Backcourt"", ""Backcourt"", ""Backcourt"", ""Backcourt""]"
Player,vllm-granite-3-3-8b-instruct,w20,player,4,team,0,1,"[""Rochester Royals"", ""Rochester Royals"", ""Rochester Royals"", ""Rochester Royals"", ""Rochester Royals""]"
Player,vllm-granite-3-3-8b-instruct,w20,player,5,age,0,1,"[""61"", ""61"", ""61"", ""61"", ""61""]"
Player,vllm-granite-3-3-8b-instruct,w20,player,5,birth_date,0,1,"[""1964/2/15"", ""1964/2/15"", ""1964/2/15"", ""1964/2/15"", ""1964/2/15""]"
Player,vllm-granite-3-3-8b-instruct,w20,player,5,college,0,1,"[""Georgia Tech"", ""Georgia Tech"", ""Georgia Tech"", ""Georgia Tech"", ""Georgia Tech""]"
Player,vllm-granite-3-3-8b-instruct,w20,player,5,draft_pick,0,1,"[""25"", ""25"", ""25"", ""25"", ""25""]"
Player,vllm-granite-3-3-8b-instruct,w20,player,5,draft_year,0,1,"[""1986"", ""1986"", ""1986"", ""1986"", ""1986""]"
Player,vllm-granite-3-3-8b-instruct,w20,player,5,fiba_world_cup,0,1,"[""1"", ""1"", ""1"", ""1"", ""1""]"
Player,vllm-granite-3-3-8b-instruct,w20,player,5,mvp_awards,0,1,"[""0"", ""0"", ""0"", ""0"", ""0""]"
Player,vllm-granite-3-3-8b-instruct,w20,player,5,name,0,1,"[""William Mark Price"", ""William Mark Price"", ""William Mark Price"", ""William Mark Price"", ""William Mark Price""]"
Player,vllm-granite-3-3-8b-instruct,w20,player,5,nationality,0,1,"[""USA"", ""USA"", ""USA"", ""USA"", ""USA""]"
Player,vllm-granite-3-3-8b-instruct,w20,player,5,nba_championships,0,1,"[""0"", ""0"", ""0"", ""0"", ""0""]"
Player,vllm-granite-3-3-8b-instruct,w20,player,5,olympic_gold_medals,0,1,"[""2"", ""2"", ""2"", ""2"", ""2""]"
Player,vllm-granite-3-3-8b-instruct,w20,player,5,position,0,1,"[""Backcourt"", ""Backcourt"", ""Backcourt"", ""Backcourt"", ""Backcourt""]"
Player,vllm-granite-3-3-8b-instruct,w20,player,5,team,1,2,"[""Dallas Mavericks||Cleveland Cavaliers||Washington Bullets||Golden State Warriors||Orlando Magic"", ""Dallas Mavericks||Cleveland Cavaliers||Washington Bullets||Golden State Warriors||Orlando Magic"", ""Cleveland Cavaliers||Washington Bullets||Golden State Warriors||Orlando Magic"", ""Cleveland Cavaliers||Washington Bullets||Golden State Warriors||Orlando Magic"", ""Dallas Mavericks||Cleveland Cavaliers||Washington Bullets||Golden State Warriors||Orlando Magic""]"
Player,vllm-granite-3-3-8b-instruct,w20,player,6,age,0,1,"[""29"", ""29"", ""29"", ""29"", ""29""]"
Player,vllm-granite-3-3-8b-instruct,w20,player,6,birth_date,0,1,"[""1994/6/6"", ""1994/6/6"", ""1994/6/6"", ""1994/6/6"", ""1994/6/6""]"
Player,vllm-granite-3-3-8b-instruct,w20,player,6,college,0,1,"["""", """", """", """", """"]"
Player,vllm-granite-3-3-8b-instruct,w20,player,6,draft_pick,0,1,"["""", """", """", """", """"]"
Player,vllm-granite-3-3-8b-instruct,w20,player,6,draft_year,0,1,"[""2016"", ""2016"", ""2016"", ""2016"", ""2016""]"
Player,vllm-granite-3-3-8b-instruct,w20,player,6,fiba_world_cup,0,1,"["""", """", """", """", """"]"
Player,vllm-granite-3-3-8b-instruct,w20,player,6,mvp_awards,0,1,"[""0"", ""0"", ""0"", ""0"", ""0""]"
Player,vllm-granite-3-3-8b-instruct,w20,player,6,name,0,1,"[""David Michineau"", ""David Michineau"", ""David Michineau"", ""David Michineau"", ""David Michineau""]"
Player,vllm-granite-3-3-8b-instruct,w20,player,6,nationality,0,1,"[""France"", ""France"", ""France"", ""France"", ""France""]"
Player,vllm-granite-3-3-8b-instruct,w20,player,6,nba_championships,0,1,"["""", """", """", """", """"]"
Player,vllm-granite-3-3-8b-instruct,w20,player,6,olympic_gold_medals,0,1,"["""", """", """", """", """"]"
Player,vllm-granite-3-3-8b-instruct,w20,player,6,position,0,1,"[""Frontcourt"", ""Frontcourt"", ""Frontcourt"", ""Frontcourt"", ""Frontcourt""]"
Player,vllm-granite-3-3-8b-instruct,w20,player,6,team,0,1,"[""Los Angeles Clippers||Sacramento Kings||Brooklyn Nets"", ""Los Angeles Clippers||Sacramento Kings||Brooklyn Nets"", ""Los Angeles Clippers||Sacramento Kings||Brooklyn Nets"", ""Los Angeles Clippers||Sacramento Kings||Brooklyn Nets"", ""Los Angeles Clippers||Sacramento Kings||Brooklyn Nets""]"
Player,vllm-granite-3-3-8b-instruct,w20,player,7,age,0,1,"[""27"", ""27"", ""27"", ""27"", ""27""]"
Player,vllm-granite-3-3-8b-instruct,w20,player,7,birth_date,0,1,"[""1997/8/7"", ""1997/8/7"", ""1997/8/7"", ""1997/8/7"", ""1997/8/7""]"
Player,vllm-granite-3-3-8b-instruct,w20,player,7,college,0,1,"[""Alabama Crimson Tide"", ""Alabama Crimson Tide"", ""Alabama Crimson Tide"", ""Alabama Crimson Tide"", ""Alabama Crimson Tide""]"
Player,vllm-granite-3-3-8b-instruct,w20,player,7,draft_pick,0,1,"["""", """", """", """", """"]"
Player,vllm-granite-3-3-8b-instruct,w20,player,7,draft_year,0,1,"[""2019"", ""2019"", ""2019"", ""2019"", ""2019""]"
Player,vllm-granite-3-3-8b-instruct,w20,player,7,fiba_world_cup,0,1,"["""", """", """", """", """"]"
Player,vllm-granite-3-3-8b-instruct,w20,player,7,mvp_awards,0,1,"[""0"", ""0"", ""0"", ""0"", ""0""]"
Player,vllm-granite-3-3-8b-instruct,w20,player,7,name,0,1,"[""Donta Hall"", ""Donta Hall"", ""Donta Hall"", ""Donta Hall"", ""Donta Hall""]"
Player,vllm-granite-3-3-8b-instruct,w20,player,7,nationality,0,1,"[""USA||Azerbaijan"", ""USA||Azerbaijan"", ""USA||Azerbaijan"", ""USA||Azerbaijan"", ""USA||Azerbaijan""]"
Player,vllm-granite-3-3-8b-instruct,w20,player,7,nba_championships,0,1,"["""", """", """", """", """"]"
Player,vllm-granite-3-3-8b-instruct,w20,player,7,olympic_gold_medals,0,1,"["""", """", """", """", """"]"
Player,vllm-granite-3-3-8b-instruct,w20,player,7,position,0,1,"[""Frontcourt"", ""Frontcourt"", ""Frontcourt"", ""Frontcourt"", ""Frontcourt""]"
Player,vllm-granite-3-3-8b-instruct,w20,player,7,team,0,1,"[""Saski Baskonia"", ""Saski Baskonia"", ""Saski Baskonia"", ""Saski Baskonia"", ""Saski Baskonia""]"
Player,vllm-granite-3-3-8b-instruct,w20,player,8,age,0,1,"[""51"", ""51"", ""51"", ""51"", ""51""]"
Player,vllm-granite-3-3-8b-instruct,w20,player,8,birth_date,0,1,"[""1973/11/25"", ""1973/11/25"", ""1973/11/25"", ""1973/11/25"", ""1973/11/25""]"
Player,vllm-granite-3-3-8b-instruct,w20,player,8,college,0,1,"[""University of Nebraska"", ""University of Nebraska"", ""University of Nebraska"", ""University of Nebraska"", ""University of Nebraska""]"
Player,vllm-granite-3-3-8b-instruct,w20,player,8,draft_pick,0,1,"["""", """", """", """", """"]"
Player,vllm-granite-3-3-8b-instruct,w20,player,8,draft_year,0,1,"[""1996"", ""1996"", ""1996"", ""1996"", ""1996""]"
Player,vllm-granite-3-3-8b-instruct,w20,player,8,fiba_world_cup,0,1,"["""", """", """", """", """"]"
Player,vllm-granite-3-3-8b-instruct,w20,player,8,mvp_awards,0,1,"[""0"", ""0"", ""0"", ""0"", ""0""]"
Player,vllm-granite-3-3-8b-instruct,w20,player,8,name,0,1,"[""Demerick Montae \""Erick\"" Strickland"", ""Demerick Montae \""Erick\"" Strickland"", ""Demerick Montae \""Erick\"" Strickland"", ""Demerick Montae \""Erick\"" Strickland"", ""Demerick Montae \""Erick\"" Strickland""]"
Player,vllm-granite-3-3-8b-instruct,w20,player,8,nationality,0,1,"[""USA"", ""USA"", ""USA"", ""USA"", ""USA""]"
Player,vllm-granite-3-3-8b-instruct,w20,player,8,nba_championships,0,1,"["""", """", """", """", """"]"
Player,vllm-granite-3-3-8b-instruct,w20,player,8,olympic_gold_medals,0,1,"["""", """", """", """", """"]"
Player,vllm-granite-3-3-8b-instruct,w20,player,8,position,0,1,"[""Backcourt"", ""Backcourt"", ""Backcourt"", ""Backcourt"", ""Backcourt""]"
Player,vllm-granite-3-3-8b-instruct,w20,player,8,team,0,1,"[""Dallas Mavericks||New York Knicks||Vancouver Grizzlies||Boston Celtics||Indiana Pacers||Milwaukee Bucks"", ""Dallas Mavericks||New York Knicks||Vancouver Grizzlies||Boston Celtics||Indiana Pacers||Milwaukee Bucks"", ""Dallas Mavericks||New York Knicks||Vancouver Grizzlies||Boston Celtics||Indiana Pacers||Milwaukee Bucks"", ""Dallas Mavericks||New York Knicks||Vancouver Grizzlies||Boston Celtics||Indiana Pacers||Milwaukee Bucks"", ""Dallas Mavericks||New York Knicks||Vancouver Grizzlies||Boston Celtics||Indiana Pacers||Milwaukee Bucks""]"
Player,vllm-granite-3-3-8b-instruct,w20,player,9,age,0,1,"[""81"", ""81"", ""81"", ""81"", ""81""]"
Player,vllm-granite-3-3-8b-instruct,w20,player,9,birth_date,0,1,"[""1943/12/23"", ""1943/12/23"", ""1943/12/23"", ""1943/12/23"", ""1943/12/23""]"
Player,vllm-granite-3-3-8b-instruct,w20,player,9,college,0,1,"[""Texas Western College"", ""Texas Western College"", ""Texas Western College"", ""Texas Western College"", ""Texas Western College""]"
Player,vllm-granite-3-3-8b-instruct,w20,player,9,draft_pick,0,1,"[""10"", ""10"", ""10"", ""10"", ""10""]"
Player,vllm-granite-3-3-8b-instruct,w20,player,9,draft_year,0,1,"[""1967"", ""1967"", ""1967"", ""1967"", ""1967""]"
Player,vllm-granite-3-3-8b-instruct,w20,player,9,fiba_world_cup,0,1,"["""", """", """", """", """"]"
Player,vllm-granite-3-3-8b-instruct,w20,player,9,mvp_awards,0,1,"[""0"", ""0"", ""0"", ""0"", ""0""]"
Player,vllm-granite-3-3-8b-instruct,w20,player,9,name,0,1,"[""David Lattin"", ""David Lattin"", ""David Lattin"", ""David Lattin"", ""David Lattin""]"
Player,vllm-granite-3-3-8b-instruct,w20,player,9,nationality,0,1,"[""USA"", ""USA"", ""USA"", ""USA"", ""USA""]"
Player,vllm-granite-3-3-8b-instruct,w20,player,9,nba_championships,0,1,"[""0"", ""0"", ""0"", ""0"", ""0""]"
Player,vllm-granite-3-3-8b-instruct,w20,player,9,olympic_gold_medals,0,1,"[""0"", ""0"", ""0"", ""0"", ""0""]"
Player,vllm-granite-3-3-8b-instruct,w20,player,9,position,0,1,"[""Frontcourt"", ""Frontcourt"", ""Frontcourt"", ""Frontcourt"", ""Frontcourt""]"
Player,vllm-granite-3-3-8b-instruct,w20,player,9,team,0,1,"[""San Francisco Warriors||Phoenix Suns||Pittsburgh Condors||Memphis Tams||Harlem Globe Trotters"", ""San Francisco Warriors||Phoenix Suns||Pittsburgh Condors||Memphis Tams||Harlem Globe Trotters"", ""San Francisco Warriors||Phoenix Suns||Pittsburgh Condors||Memphis Tams||Harlem Globe Trotters"", ""San Francisco Warriors||Phoenix Suns||Pittsburgh Condors||Memphis Tams||Harlem Globe Trotters"", ""San Francisco Warriors||Phoenix Suns||Pittsburgh Condors||Memphis Tams||Harlem Globe Trotters""]"
Player,vllm-granite-3-3-8b-instruct,w20,player,10,age,0,1,"[""74"", ""74"", ""74"", ""74"", ""74""]"
Player,vllm-granite-3-3-8b-instruct,w20,player,10,birth_date,0,1,"[""1942/9/7"", ""1942/9/7"", ""1942/9/7"", ""1942/9/7"", ""1942/9/7""]"
Player,vllm-granite-3-3-8b-instruct,w20,player,10,college,0,1,"[""University of Connecticut"", ""University of Connecticut"", ""University of Connecticut"", ""University of Connecticut"", ""University of Connecticut""]"
Player,vllm-granite-3-3-8b-instruct,w20,player,10,draft_pick,0,1,"["""", """", """", """", """"]"
Player,vllm-granite-3-3-8b-instruct,w20,player,10,draft_year,0,1,"["""", """", """", """", """"]"
Player,vllm-granite-3-3-8b-instruct,w20,player,10,fiba_world_cup,0,1,"["""", """", """", """", """"]"
Player,vllm-granite-3-3-8b-instruct,w20,player,10,mvp_awards,0,1,"[""0"", ""0"", ""0"", ""0"", ""0""]"
Player,vllm-granite-3-3-8b-instruct,w20,player,10,name,0,1,"[""Thomas Kimball"", ""Thomas Kimball"", ""Thomas Kimball"", ""Thomas Kimball"", ""Thomas Kimball""]"
Player,vllm-granite-3-3-8b-instruct,w20,player,10,nationality,0,1,"[""USA"", ""USA"", ""USA"", ""USA"", ""USA""]"
Player,vllm-granite-3-3-8b-instruct,w20,player,10,nba_championships,0,1,"["""", """", """", """", """"]"
Player,vllm-granite-3-3-8b-instruct,w20,player,10,olympic_gold_medals,0,1,"["""", """", """", """", """"]"
Player,vllm-granite-3-3-8b-instruct,w20,player,10,position,0,1,"[""Frontcourt"", ""Frontcourt"", ""Frontcourt"", ""Frontcourt"", ""Frontcourt""]"
Player,vllm-granite-3-3-8b-instruct,w20,player,10,team,0,1,"[""Boston Celtics||San Diego Rockets||Milwaukee Bucks||Kansas City Kings||Philadelphia 76ers||New Orleans Jazz"", ""Boston Celtics||San Diego Rockets||Milwaukee Bucks||Kansas City Kings||Philadelphia 76ers||New Orleans Jazz"", ""Boston Celtics||San Diego Rockets||Milwaukee Bucks||Kansas City Kings||Philadelphia 76ers||New Orleans Jazz"", ""Boston Celtics||San Diego Rockets||Milwaukee Bucks||Kansas City Kings||Philadelphia 76ers||New Orleans Jazz"", ""Boston Celtics||San Diego Rockets||Milwaukee Bucks||Kansas City Kings||Philadelphia 76ers||New Orleans Jazz""]"
Player,vllm-granite-3-3-8b-instruct,w20,player,11,age,0,1,"[""50"", ""50"", ""50"", ""50"", ""50""]"
Player,vllm-granite-3-3-8b-instruct,w20,player,11,birth_date,0,1,"[""1974/8/3"", ""1974/8/3"", ""1974/8/3"", ""1974/8/3"", ""1974/8/3""]"
Player,vllm-granite-3-3-8b-instruct,w20,player,11,college,0,1,"[""University of Missouri"", ""University of Missouri"", ""University of Missouri"", ""University of Missouri"", ""University of Missouri""]"
Player,vllm-granite-3-3-8b-instruct,w20,player,11,draft_pick,0,1,"["""", """", """", """", """"]"
Player,vllm-granite-3-3-8b-instruct,w20,player,11,draft_year,0,1,"["""", """", """", """", """"]"
Player,vllm-granite-3-3-8b-instruct,w20,player,11,fiba_world_cup,0,1,"["""", """", """", """", """"]"
Player,vllm-granite-3-3-8b-instruct,w20,player,11,mvp_awards,0,1,"[""0"", ""0"", ""0"", ""0"", ""0""]"
Player,vllm-granite-3-3-8b-instruct,w20,player,11,name,0,1,"[""William Derek Grimm"", ""William Derek Grimm"", ""William Derek Grimm"", ""William Derek Grimm"", ""William Derek Grimm""]"
Player,vllm-granite-3-3-8b-instruct,w20,player,11,nationality,0,1,"[""USA"", ""USA"", ""USA"", ""USA"", ""USA""]"
Player,vllm-granite-3-3-8b-instruct,w20,player,11,nba_championships,0,1,"["""", """", """", """", """"]"
Player,vllm-granite-3-3-8b-instruct,w20,player,11,olympic_gold_medals,0,1,"["""", """", """", """", """"]"
Player,vllm-granite-3-3-8b-instruct,w20,player,11,position,0,1,"[""Frontcourt"", ""Frontcourt"", ""Frontcourt"", ""Frontcourt"", ""Frontcourt""]"
Player,vllm-granite-3-3-8b-instruct,w20,player,11,team,0,1,"[""Sacramento Kings"", ""Sacramento Kings"", ""Sacramento Kings"", ""Sacramento Kings"", ""Sacramento Kings""]"
Player,vllm-granite-3-3-8b-instruct,w20,player,12,age,1,2,"[""2025"", ""30"", ""2025"", ""2025"", ""2025""]"
Player,vllm-granite-3-3-8b-instruct,w20,player,12,birth_date,0,1,"[""1994/2/2"", ""1994/2/2"", ""1994/2/2"", ""1994/2/2"", ""1994/2/2""]"
Player,vllm-granite-3-3-8b-instruct,w20,player,12,college,0,1,"[""Kentucky Wildcats"", ""Kentucky Wildcats"", ""Kentucky Wildcats"", ""Kentucky Wildcats"", ""Kentucky Wildcats""]"
Player,vllm-granite-3-3-8b-instruct,w20,player,12,draft_pick,0,1,"[""1"", ""1"", ""1"", ""1"", ""1""]"
Player,vllm-granite-3-3-8b-instruct,w20,player,12,draft_year,0,1,"[""2012"", ""2012"", ""2012"", ""2012"", ""2012""]"
Player,vllm-granite-3-3-8b-instruct,w20,player,12,fiba_world_cup,0,1,"[""1"", ""1"", ""1"", ""1"", ""1""]"
Player,vllm-granite-3-3-8b-instruct,w20,player,12,mvp_awards,1,3,"[""2"", ""3"", ""1"", ""1"", ""1""]"
Player,vllm-granite-3-3-8b-instruct,w20,player,12,name,0,1,"[""Anthony Davis"", ""Anthony Davis"", ""Anthony Davis"", ""Anthony Davis"", ""Anthony Davis""]"
Player,vllm-granite-3-3-8b-instruct,w20,player,12,nationality,0,1,"[""USA"", ""USA"", ""USA"", ""USA"", ""USA""]"
Player,vllm-granite-3-3-8b-instruct,w20,player,12,nba_championships,0,1,"[""2"", ""2"", ""2"", ""2"", ""2""]"
Player,vllm-granite-3-3-8b-instruct,w20,player,12,olympic_gold_medals,0,1,"[""2"", ""2"", ""2"", ""2"", ""2""]"
Player,vllm-granite-3-3-8b-instruct,w20,player,12,position,0,1,"[""Frontcourt"", ""Frontcourt"", ""Frontcourt"", ""Frontcourt"", ""Frontcourt""]"
Player,vllm-granite-3-3-8b-instruct,w20,player,12,team,0,1,"[""Los Angeles Lakers"", ""Los Angeles Lakers"", ""Los Angeles Lakers"", ""Los Angeles Lakers"", ""Los Angeles Lakers""]"
Player,vllm-granite-3-3-8b-instruct,w20,player,13,age,0,1,"[""37"", ""37"", ""37"", ""37"", ""37""]"
Player,vllm-granite-3-3-8b-instruct,w20,player,13,birth_date,0,1,"[""1987/10/5"", ""1987/10/5"", ""1987/10/5"", ""1987/10/5"", ""1987/10/5""]"
Player,vllm-granite-3-3-8b-instruct,w20,player,13,college,0,1,"[""University of North Carolina at Chapel Hill"", ""University of North Carolina at Chapel Hill"", ""University of North Carolina at Chapel Hill"", ""University of North Carolina at Chapel Hill"", ""University of North Carolina at Chapel Hill""]"
Player,vllm-granite-3-3-8b-instruct,w20,player,13,draft_pick,0,1,"[""8"", ""8"", ""8"", ""8"", ""8""]"
Player,vllm-granite-3-3-8b-instruct,w20,player,13,draft_year,0,1,"[""2007"", ""2007"", ""2007"", ""2007"", ""2007""]"
Player,vllm-granite-3-3-8b-instruct,w20,player,13,fiba_world_cup,0,1,"["""", """", """", """", """"]"
Player,vllm-granite-3-3-8b-instruct,w20,player,13,mvp_awards,0,1,"[""0"", ""0"", ""0"", ""0"", ""0""]"
Player,vllm-granite-3-3-8b-instruct,w20,player,13,name,0,1,"[""Brandan Keith Wright"", ""Brandan Keith Wright"", ""Brandan Keith Wright"", ""Brandan Keith Wright"", ""Brandan Keith Wright""]"
Player,vllm-granite-3-3-8b-instruct,w20,player,13,nationality,0,1,"[""USA"", ""USA"", ""USA"", ""USA"", ""USA""]"
Player,vllm-granite-3-3-8b-instruct,w20,player,13,nba_championships,0,1,"[""0"", ""0"", ""0"", ""0"", ""0""]"
Player,vllm-granite-3-3-8b-instruct,w20,player,13,olympic_gold_medals,0,1,"[""0"", ""0"", ""0"", ""0"", ""0""]"
Player,vllm-granite-3-3-8b-instruct,w20,player,13,position,0,1,"[""Frontcourt"", ""Frontcourt"", ""Frontcourt"", ""Frontcourt"", ""Frontcourt""]"
Player,vllm-granite-3-3-8b-instruct,w20,player,13,team,0,1,"[""Dallas Mavericks||Houston Rockets"", ""Dallas Mavericks||Houston Rockets"", ""Dallas Mavericks||Houston Rockets"", ""Dallas Mavericks||Houston Rockets"", ""Dallas Mavericks||Houston Rockets""]"
Player,vllm-granite-3-3-8b-instruct,w20,player,14,age,0,1,"[""53"", ""53"", ""53"", ""53"", ""53""]"
Player,vllm-granite-3-3-8b-instruct,w20,player,14,birth_date,0,1,"[""1971/12/03"", ""1971/12/03"", ""1971/12/03"", ""1971/12/03"", ""1971/12/03""]"
Player,vllm-granite-3-3-8b-instruct,w20,player,14,college,0,1,"[""Kansas State University"", ""Kansas State University"", ""Kansas State University"", ""Kansas State University"", ""Kansas State University""]"
Player,vllm-granite-3-3-8b-instruct,w20,player,14,draft_pick,0,1,"["""", """", """", """", """"]"
Player,vllm-granite-3-3-8b-instruct,w20,player,14,draft_year,0,1,"[""1994"", ""1994"", ""1994"", ""1994"", ""1994""]"
Player,vllm-granite-3-3-8b-instruct,w20,player,14,fiba_world_cup,1,2,"[""0"", ""0"", """", ""0"", ""0""]"
Player,vllm-granite-3-3-8b-instruct,w20,player,14,mvp_awards,0,1,"[""0"", ""0"", ""0"", ""0"", ""0""]"
Player,vllm-granite-3-3-8b-instruct,w20,player,14,name,0,1,"[""Askia Rahman Jones"", ""Askia Rahman Jones"", ""Askia Rahman Jones"", ""Askia Rahman Jones"", ""Askia Rahman Jones""]"
Player,vllm-granite-3-3-8b-instruct,w20,player,14,nationality,0,1,"[""USA||Venezuela"", ""USA||Venezuela"", ""USA||Venezuela"", ""USA||Venezuela"", ""USA||Venezuela""]"
Player,vllm-granite-3-3-8b-instruct,w20,player,14,nba_championships,0,1,"["""", """", """", """", """"]"
Player,vllm-granite-3-3-8b-instruct,w20,player,14,olympic_gold_medals,0,1,"["""", """", """", """", """"]"
Player,vllm-granite-3-3-8b-instruct,w20,player,14,position,0,1,"[""Backcourt"", ""Backcourt"", ""Backcourt"", ""Backcourt"", ""Backcourt""]"
Player,vllm-granite-3-3-8b-instruct,w20,player,14,team,0,1,"[""Minnesota Timberwolves||Venezuela national basketball team"", ""Minnesota Timberwolves||Venezuela national basketball team"", ""Minnesota Timberwolves||Venezuela national basketball team"", ""Minnesota Timberwolves||Venezuela national basketball team"", ""Minnesota Timberwolves||Venezuela national basketball team""]"
Player,vllm-granite-3-3-8b-instruct,w20,player,15,age,0,1,"[""33"", ""33"", ""33"", ""33"", ""33""]"
Player,vllm-granite-3-3-8b-instruct,w20,player,15,birth_date,0,1,"[""1990/8/17"", ""1990/8/17"", ""1990/8/17"", ""1990/8/17"", ""1990/8/17""]"
Player,vllm-granite-3-3-8b-instruct,w20,player,15,college,0,1,"[""Arizona State University || College of Southern Idaho"", ""Arizona State University || College of Southern Idaho"", ""Arizona State University || College of Southern Idaho"", ""Arizona State University || College of Southern Idaho"", ""Arizona State University || College of Southern Idaho""]"
Player,vllm-granite-3-3-8b-instruct,w20,player,15,draft_pick,0,1,"[""33"", ""33"", ""33"", ""33"", ""33""]"
Player,vllm-granite-3-3-8b-instruct,w20,player,15,draft_year,0,1,"[""2013"", ""2013"", ""2013"", ""2013"", ""2013""]"
Player,vllm-granite-3-3-8b-instruct,w20,player,15,fiba_world_cup,0,1,"["""", """", """", """", """"]"
Player,vllm-granite-3-3-8b-instruct,w20,player,15,mvp_awards,0,1,"[""0"", ""0"", ""0"", ""0"", ""0""]"
Player,vllm-granite-3-3-8b-instruct,w20,player,15,name,0,1,"[""Carrick Felix"", ""Carrick Felix"", ""Carrick Felix"", ""Carrick Felix"", ""Carrick Felix""]"
Player,vllm-granite-3-3-8b-instruct,w20,player,15,nationality,0,1,"[""USA"", ""USA"", ""USA"", ""USA"", ""USA""]"
Player,vllm-granite-3-3-8b-instruct,w20,player,15,nba_championships,0,1,"[""0"", ""0"", ""0"", ""0"", ""0""]"
Player,vllm-granite-3-3-8b-instruct,w20,player,15,olympic_gold_medals,0,1,"[""0"", ""0"", ""0"", ""0"", ""0""]"
Player,vllm-granite-3-3-8b-instruct,w20,player,15,position,0,1,"[""Backcourt"", ""Backcourt"", ""Backcourt"", ""Backcourt"", ""Backcourt""]"
Player,vllm-granite-3-3-8b-instruct,w20,player,15,team,0,1,"[""Cleveland Cavaliers||Utah Jazz||Santa Cruz Warriors||Long Island Nets||Washington Wizards||Melbourne United"", ""Cleveland Cavaliers||Utah Jazz||Santa Cruz Warriors||Long Island Nets||Washington Wizards||Melbourne United"", ""Cleveland Cavaliers||Utah Jazz||Santa Cruz Warriors||Long Island Nets||Washington Wizards||Melbourne United"", ""Cleveland Cavaliers||Utah Jazz||Santa Cruz Warriors||Long Island Nets||Washington Wizards||Melbourne United"", ""Cleveland Cavaliers||Utah Jazz||Santa Cruz Warriors||Long Island Nets||Washington Wizards||Melbourne United""]"
Player,vllm-granite-3-3-8b-instruct,w20,player,16,age,0,1,"[""31"", ""31"", ""31"", ""31"", ""31""]"
Player,vllm-granite-3-3-8b-instruct,w20,player,16,birth_date,0,1,"[""1988/6/1"", ""1988/6/1"", ""1988/6/1"", ""1988/6/1"", ""1988/6/1""]"
Player,vllm-granite-3-3-8b-instruct,w20,player,16,college,0,1,"[""Pepperdine University"", ""Pepperdine University"", ""Pepperdine University"", ""Pepperdine University"", ""Pepperdine University""]"
Player,vllm-granite-3-3-8b-instruct,w20,player,16,draft_pick,0,1,"["""", """", """", """", """"]"
Player,vllm-granite-3-3-8b-instruct,w20,player,16,draft_year,0,1,"[""2011"", ""2011"", ""2011"", ""2011"", ""2011""]"
Player,vllm-granite-3-3-8b-instruct,w20,player,16,fiba_world_cup,0,1,"[""0"", ""0"", ""0"", ""0"", ""0""]"
Player,vllm-granite-3-3-8b-instruct,w20,player,16,mvp_awards,0,1,"[""0"", ""0"", ""0"", ""0"", ""0""]"
Player,vllm-granite-3-3-8b-instruct,w20,player,16,name,0,1,"[""Mychel Thompson"", ""Mychel Thompson"", ""Mychel Thompson"", ""Mychel Thompson"", ""Mychel Thompson""]"
Player,vllm-granite-3-3-8b-instruct,w20,player,16,nationality,0,1,"[""USA"", ""USA"", ""USA"", ""USA"", ""USA""]"
Player,vllm-granite-3-3-8b-instruct,w20,player,16,nba_championships,0,1,"[""0"", ""0"", ""0"", ""0"", ""0""]"
Player,vllm-granite-3-3-8b-instruct,w20,player,16,olympic_gold_medals,0,1,"[""0"", ""0"", ""0"", ""0"", ""0""]"
Player,vllm-granite-3-3-8b-instruct,w20,player,16,position,0,1,"[""Backcourt"", ""Backcourt"", ""Backcourt"", ""Backcourt"", ""Backcourt""]"
Player,vllm-granite-3-3-8b-instruct,w20,player,16,team,0,1,"[""Erie BayHawks||Cleveland Cavaliers||Erie BayHawks||Sioux Falls Skyforce||Santa Cruz Warriors||Pallacanestro Varese||Santa Cruz Warriors"", ""Erie BayHawks||Cleveland Cavaliers||Erie BayHawks||Sioux Falls Skyforce||Santa Cruz Warriors||Pallacanestro Varese||Santa Cruz Warriors"", ""Erie BayHawks||Cleveland Cavaliers||Erie BayHawks||Sioux Falls Skyforce||Santa Cruz Warriors||Pallacanestro Varese||Santa Cruz Warriors"", ""Erie BayHawks||Cleveland Cavaliers||Erie BayHawks||Sioux Falls Skyforce||Santa Cruz Warriors||Pallacanestro Varese||Santa Cruz Warriors"", ""Erie BayHawks||Cleveland Cavaliers||Erie BayHawks||Sioux Falls Skyforce||Santa Cruz Warriors||Pallacanestro Varese||Santa Cruz Warriors""]"
Player,vllm-granite-3-3-8b-instruct,w20,player,17,age,0,1,"[""75"", ""75"", ""75"", ""75"", ""75""]"
Player,vllm-granite-3-3-8b-instruct,w20,player,17,birth_date,0,1,"[""1950/1/29"", ""1950/1/29"", ""1950/1/29"", ""1950/1/29"", ""1950/1/29""]"
Player,vllm-granite-3-3-8b-instruct,w20,player,17,college,0,1,"[""Utah State University"", ""Utah State University"", ""Utah State University"", ""Utah State University"", ""Utah State University""]"
Player,vllm-granite-3-3-8b-instruct,w20,player,17,draft_pick,0,1,"["""", """", """", """", """"]"
Player,vllm-granite-3-3-8b-instruct,w20,player,17,draft_year,0,1,"[""1971"", ""1971"", ""1971"", ""1971"", ""1971""]"
Player,vllm-granite-3-3-8b-instruct,w20,player,17,fiba_world_cup,0,1,"["""", """", """", """", """"]"
Player,vllm-granite-3-3-8b-instruct,w20,player,17,mvp_awards,0,1,"[""0"", ""0"", ""0"", ""0"", ""0""]"
Player,vllm-granite-3-3-8b-instruct,w20,player,17,name,0,1,"[""Marvin Roberts"", ""Marvin Roberts"", ""Marvin Roberts"", ""Marvin Roberts"", ""Marvin Roberts""]"
Player,vllm-granite-3-3-8b-instruct,w20,player,17,nationality,0,1,"[""USA"", ""USA"", ""USA"", ""USA"", ""USA""]"
Player,vllm-granite-3-3-8b-instruct,w20,player,17,nba_championships,0,1,"[""0"", ""0"", ""0"", ""0"", ""0""]"
Player,vllm-granite-3-3-8b-instruct,w20,player,17,olympic_gold_medals,0,1,"[""0"", ""0"", ""0"", ""0"", ""0""]"
Player,vllm-granite-3-3-8b-instruct,w20,player,17,position,0,1,"[""Frontcourt"", ""Frontcourt"", ""Frontcourt"", ""Frontcourt"", ""Frontcourt""]"
Player,vllm-granite-3-3-8b-instruct,w20,player,17,team,0,1,"[""Los Angeles Lakers"", ""Los Angeles Lakers"", ""Los Angeles Lakers"", ""Los Angeles Lakers"", ""Los Angeles Lakers""]"
Player,vllm-granite-3-3-8b-instruct,w20,player,18,age,0,1,"[""65"", ""65"", ""65"", ""65"", ""65""]"
Player,vllm-granite-3-3-8b-instruct,w20,player,18,birth_date,0,1,"[""1959/9/19"", ""1959/9/19"", ""1959/9/19"", ""1959/9/19"", ""1959/9/19""]"
Player,vllm-granite-3-3-8b-instruct,w20,player,18,college,0,1,"[""Pan American University"", ""Pan American University"", ""Pan American University"", ""Pan American University"", ""Pan American University""]"
Player,vllm-granite-3-3-8b-instruct,w20,player,18,draft_pick,0,1,"[""41"", ""41"", ""41"", ""41"", ""41""]"
Player,vllm-granite-3-3-8b-instruct,w20,player,18,draft_year,0,1,"[""1981"", ""1981"", ""1981"", ""1981"", ""1981""]"
Player,vllm-granite-3-3-8b-instruct,w20,player,18,fiba_world_cup,0,1,"["""", """", """", """", """"]"
Player,vllm-granite-3-3-8b-instruct,w20,player,18,mvp_awards,0,1,"[""0"", ""0"", ""0"", ""0"", ""0""]"
Player,vllm-granite-3-3-8b-instruct,w20,player,18,name,0,1,"[""Kenneth \""Apple\"" Green"", ""Kenneth \""Apple\"" Green"", ""Kenneth \""Apple\"" Green"", ""Kenneth \""Apple\"" Green"", ""Kenneth \""Apple\"" Green""]"
Player,vllm-granite-3-3-8b-instruct,w20,player,18,nationality,0,1,"[""USA"", ""USA"", ""USA"", ""USA"", ""USA""]"
Player,vllm-granite-3-3-8b-instruct,w20,player,18,nba_championships,0,1,"["""", """", """", """", """"]"
Player,vllm-granite-3-3-8b-instruct,w20,player,18,olympic_gold_medals,0,1,"["""", """", """", """", """"]"
Player,vllm-granite-3-3-8b-instruct,w20,player,18,position,0,1,"[""Frontcourt"", ""Frontcourt"", ""Frontcourt"", ""Frontcourt"", ""Frontcourt""]"
Player,vllm-granite-3-3-8b-instruct,w20,player,18,team,0,1,"[""New York Knicks"", ""New York Knicks"", ""New York Knicks"", ""New York Knicks"", ""New York Knicks""]"
Player,vllm-granite-3-3-8b-instruct,w20,player,19,age,0,1,"[""56"", ""56"", ""56"", ""56"", ""56""]"
Player,vllm-granite-3-3-8b-instruct,w20,player,19,birth_date,0,1,"[""1969/4/18"", ""1969/4/18"", ""1969/4/18"", ""1969/4/18"", ""1969/4/18""]"
Player,vllm-granite-3-3-8b-instruct,w20,player,19,college,0,1,"[""University of California, Los Angeles (UCLA)"", ""University of California, Los Angeles (UCLA)"", ""University of California, Los Angeles (UCLA)"", ""University of California, Los Angeles (UCLA)"", ""University of California, Los Angeles (UCLA)""]"
Player,vllm-granite-3-3-8b-instruct,w20,player,19,draft_pick,0,1,"["""", """", """", """", """"]"
Player,vllm-granite-3-3-8b-instruct,w20,player,19,draft_year,0,1,"[""1993"", ""1993"", ""1993"", ""1993"", ""1993""]"
Player,vllm-granite-3-3-8b-instruct,w20,player,19,fiba_world_cup,0,1,"["""", """", """", """", """"]"
Player,vllm-granite-3-3-8b-instruct,w20,player,19,mvp_awards,0,1,"[""0"", ""0"", ""0"", ""0"", ""0""]"
Player,vllm-granite-3-3-8b-instruct,w20,player,19,name,0,1,"[""Gerald Madkins Jr."", ""Gerald Madkins Jr."", ""Gerald Madkins Jr."", ""Gerald Madkins Jr."", ""Gerald Madkins Jr.""]"
Player,vllm-granite-3-3-8b-instruct,w20,player,19,nationality,0,1,"[""USA"", ""USA"", ""USA"", ""USA"", ""USA""]"
Player,vllm-granite-3-3-8b-instruct,w20,player,19,nba_championships,0,1,"["""", """", """", """", """"]"
Player,vllm-granite-3-3-8b-instruct,w20,player,19,olympic_gold_medals,0,1,"["""", """", """", """", """"]"
Player,vllm-granite-3-3-8b-instruct,w20,player,19,position,0,1,"[""Backcourt"", ""Backcourt"", ""Backcourt"", ""Backcourt"", ""Backcourt""]"
Player,vllm-granite-3-3-8b-instruct,w20,player,19,team,0,1,"[""Los Angeles Clippers"", ""Los Angeles Clippers"", ""Los Angeles Clippers"", ""Los Angeles Clippers"", ""Los Angeles Clippers""]"
Player,vllm-granite-3-3-8b-instruct,w20,player,20,age,0,1,"[""65"", ""65"", ""65"", ""65"", ""65""]"
Player,vllm-granite-3-3-8b-instruct,w20,player,20,birth_date,0,1,"[""1930/11/1"", ""1930/11/1"", ""1930/11/1"", ""1930/11/1"", ""1930/11/1""]"
Player,vllm-granite-3-3-8b-instruct,w20,player,20,college,0,1,"[""Southwest Missouri State University"", ""Southwest Missouri State University"", ""Southwest Missouri State University"", ""Southwest Missouri State University"", ""Southwest Missouri State University""]"
Player,vllm-granite-3-3-8b-instruct,w20,player,20,draft_pick,0,1,"[""26"", ""26"", ""26"", ""26"", ""26""]"
Player,vllm-granite-3-3-8b-instruct,w20,player,20,draft_year,0,1,"[""1954"", ""1954"", ""1954"", ""1954"", ""1954""]"
Player,vllm-granite-3-3-8b-instruct,w20,player,20,fiba_world_cup,0,1,"["""", """", """", """", """"]"
Player,vllm-granite-3-3-8b-instruct,w20,player,20,mvp_awards,0,1,"[""0"", ""0"", ""0"", ""0"", ""0""]"
Player,vllm-granite-3-3-8b-instruct,w20,player,20,name,0,1,"[""Donald Robert Anielak"", ""Donald Robert Anielak"", ""Donald Robert Anielak"", ""Donald Robert Anielak"", ""Donald Robert Anielak""]"
Player,vllm-granite-3-3-8b-instruct,w20,player,20,nationality,0,1,"[""USA"", ""USA"", ""USA"", ""USA"", ""USA""]"
Player,vllm-granite-3-3-8b-instruct,w20,player,20,nba_championships,1,2,"[""0"", """", """", """", ""0""]"
Player,vllm-granite-3-3-8b-instruct,w20,player,20,olympic_gold_medals,0,1,"["""", """", """", """", """"]"
Player,vllm-granite-3-3-8b-instruct,w20,player,20,position,0,1,"[""Frontcourt"", ""Frontcourt"", ""Frontcourt"", ""Frontcourt"", ""Frontcourt""]"
Player,vllm-granite-3-3-8b-instruct,w20,player,20,team,0,1,"[""New York Knicks"", ""New York Knicks"", ""New York Knicks"", ""New York Knicks"", ""New York Knicks""]"
Player,vllm-granite-3-3-8b-instruct,w20,player,21,age,1,2,"[""80"", ""80"", ""80"", ""80"", ""79""]"
Player,vllm-granite-3-3-8b-instruct,w20,player,21,birth_date,0,1,"[""1945/9/17"", ""1945/9/17"", ""1945/9/17"", ""1945/9/17"", ""1945/9/17""]"
Player,vllm-granite-3-3-8b-instruct,w20,player,21,college,0,1,"[""University of North Dakota"", ""University of North Dakota"", ""University of North Dakota"", ""University of North Dakota"", ""University of North Dakota""]"
Player,vllm-granite-3-3-8b-instruct,w20,player,21,draft_pick,0,1,"[""24"", ""24"", ""24"", ""24"", ""24""]"
Player,vllm-granite-3-3-8b-instruct,w20,player,21,draft_year,0,1,"[""1967"", ""1967"", ""1967"", ""1967"", ""1967""]"
Player,vllm-granite-3-3-8b-instruct,w20,player,21,fiba_world_cup,1,2,"["""", ""1"", ""1"", ""1"", ""1""]"
Player,vllm-granite-3-3-8b-instruct,w20,player,21,mvp_awards,0,1,"[""0"", ""0"", ""0"", ""0"", ""0""]"
Player,vllm-granite-3-3-8b-instruct,w20,player,21,name,0,1,"[""Phil Jackson"", ""Phil Jackson"", ""Phil Jackson"", ""Phil Jackson"", ""Phil Jackson""]"
Player,vllm-granite-3-3-8b-instruct,w20,player,21,nationality,0,1,"[""USA"", ""USA"", ""USA"", ""USA"", ""USA""]"
Player,vllm-granite-3-3-8b-instruct,w20,player,21,nba_championships,0,1,"[""11"", ""11"", ""11"", ""11"", ""11""]"
Player,vllm-granite-3-3-8b-instruct,w20,player,21,olympic_gold_medals,0,1,"[""0"", ""0"", ""0"", ""0"", ""0""]"
Player,vllm-granite-3-3-8b-instruct,w20,player,21,position,0,1,"[""Frontcourt"", ""Frontcourt"", ""Frontcourt"", ""Frontcourt"", ""Frontcourt""]"
Player,vllm-granite-3-3-8b-instruct,w20,player,21,team,0,1,"[""Los Angeles Lakers||New York Knicks"", ""Los Angeles Lakers||New York Knicks"", ""Los Angeles Lakers||New York Knicks"", ""Los Angeles Lakers||New York Knicks"", ""Los Angeles Lakers||New York Knicks""]"
Player,vllm-granite-3-3-8b-instruct,w20,player,22,age,0,1,"[""55"", ""55"", ""55"", ""55"", ""55""]"
Player,vllm-granite-3-3-8b-instruct,w20,player,22,birth_date,0,1,"[""1969/10/18"", ""1969/10/18"", ""1969/10/18"", ""1969/10/18"", ""1969/10/18""]"
Player,vllm-granite-3-3-8b-instruct,w20,player,22,college,0,1,"[""Seton Hall University"", ""Seton Hall University"", ""Seton Hall University"", ""Seton Hall University"", ""Seton Hall University""]"
Player,vllm-granite-3-3-8b-instruct,w20,player,22,draft_pick,0,1,"[""15"", ""15"", ""15"", ""15"", ""15""]"
Player,vllm-granite-3-3-8b-instruct,w20,player,22,draft_year,0,1,"[""1991"", ""1991"", ""1991"", ""1991"", ""1991""]"
Player,vllm-granite-3-3-8b-instruct,w20,player,22,fiba_world_cup,0,1,"["""", """", """", """", """"]"
Player,vllm-granite-3-3-8b-instruct,w20,player,22,mvp_awards,0,1,"[""0"", ""0"", ""0"", ""0"", ""0""]"
Player,vllm-granite-3-3-8b-instruct,w20,player,22,name,0,1,"[""Anthony Avent"", ""Anthony Avent"", ""Anthony Avent"", ""Anthony Avent"", ""Anthony Avent""]"
Player,vllm-granite-3-3-8b-instruct,w20,player,22,nationality,0,1,"[""USA"", ""USA"", ""USA"", ""USA"", ""USA""]"
Player,vllm-granite-3-3-8b-instruct,w20,player,22,nba_championships,0,1,"["""", """", """", """", """"]"
Player,vllm-granite-3-3-8b-instruct,w20,player,22,olympic_gold_medals,0,1,"["""", """", """", """", """"]"
Player,vllm-granite-3-3-8b-instruct,w20,player,22,position,0,1,"[""Frontcourt"", ""Frontcourt"", ""Frontcourt"", ""Frontcourt"", ""Frontcourt""]"
Player,vllm-granite-3-3-8b-instruct,w20,player,22,team,0,1,"[""Milwaukee Bucks||Orlando Magic||Vancouver Grizzlies||Utah Jazz||Los Angeles Clippers||Panathinaikos||PAOK BC"", ""Milwaukee Bucks||Orlando Magic||Vancouver Grizzlies||Utah Jazz||Los Angeles Clippers||Panathinaikos||PAOK BC"", ""Milwaukee Bucks||Orlando Magic||Vancouver Grizzlies||Utah Jazz||Los Angeles Clippers||Panathinaikos||PAOK BC"", ""Milwaukee Bucks||Orlando Magic||Vancouver Grizzlies||Utah Jazz||Los Angeles Clippers||Panathinaikos||PAOK BC"", ""Milwaukee Bucks||Orlando Magic||Vancouver Grizzlies||Utah Jazz||Los Angeles Clippers||Panathinaikos||PAOK BC""]"
Player,vllm-granite-3-3-8b-instruct,w20,player,23,age,0,1,"[""33"", ""33"", ""33"", ""33"", ""33""]"
Player,vllm-granite-3-3-8b-instruct,w20,player,23,birth_date,0,1,"[""1990/7/12"", ""1990/7/12"", ""1990/7/12"", ""1990/7/12"", ""1990/7/12""]"
Player,vllm-granite-3-3-8b-instruct,w20,player,23,college,0,1,"[""UCLA || New Mexico"", ""UCLA || New Mexico"", ""UCLA || New Mexico"", ""UCLA || New Mexico"", ""UCLA || New Mexico""]"
Player,vllm-granite-3-3-8b-instruct,w20,player,23,draft_pick,0,1,"["""", """", """", """", """"]"
Player,vllm-granite-3-3-8b-instruct,w20,player,23,draft_year,0,1,"[""2012"", ""2012"", ""2012"", ""2012"", ""2012""]"
Player,vllm-granite-3-3-8b-instruct,w20,player,23,fiba_world_cup,1,2,"["""", ""0"", ""0"", """", ""0""]"
Player,vllm-granite-3-3-8b-instruct,w20,player,23,mvp_awards,0,1,"[""0"", ""0"", ""0"", ""0"", ""0""]"
Player,vllm-granite-3-3-8b-instruct,w20,player,23,name,0,1,"[""Drew Edward Gordon"", ""Drew Edward Gordon"", ""Drew Edward Gordon"", ""Drew Edward Gordon"", ""Drew Edward Gordon""]"
Player,vllm-granite-3-3-8b-instruct,w20,player,23,nationality,0,1,"[""USA"", ""USA"", ""USA"", ""USA"", ""USA""]"
Player,vllm-granite-3-3-8b-instruct,w20,player,23,nba_championships,0,1,"[""0"", ""0"", ""0"", ""0"", ""0""]"
Player,vllm-granite-3-3-8b-instruct,w20,player,23,olympic_gold_medals,0,1,"[""0"", ""0"", ""0"", ""0"", ""0""]"
Player,vllm-granite-3-3-8b-instruct,w20,player,23,position,0,1,"[""Frontcourt"", ""Frontcourt"", ""Frontcourt"", ""Frontcourt"", ""Frontcourt""]"
Player,vllm-granite-3-3-8b-instruct,w20,player,23,team,0,1,"[""Philadelphia 76ers||Delaware 87ers"", ""Philadelphia 76ers||Delaware 87ers"", ""Philadelphia 76ers||Delaware 87ers"", ""Philadelphia 76ers||Delaware 87ers"", ""Philadelphia 76ers||Delaware 87ers""]"
Player,vllm-granite-3-3-8b-instruct,w20,player,24,age,0,1,"[""41"", ""41"", ""41"", ""41"", ""41""]"
Player,vllm-granite-3-3-8b-instruct,w20,player,24,birth_date,0,1,"[""1983/10/28"", ""1983/10/28"", ""1983/10/28"", ""1983/10/28"", ""1983/10/28""]"
Player,vllm-granite-3-3-8b-instruct,w20,player,24,college,0,1,"[""Georgia Tech"", ""Georgia Tech"", ""Georgia Tech"", ""Georgia Tech"", ""Georgia Tech""]"
Player,vllm-granite-3-3-8b-instruct,w20,player,24,draft_pick,0,1,"[""22"", ""22"", ""22"", ""22"", ""22""]"
Player,vllm-granite-3-3-8b-instruct,w20,player,24,draft_year,0,1,"[""2005"", ""2005"", ""2005"", ""2005"", ""2005""]"
Player,vllm-granite-3-3-8b-instruct,w20,player,24,fiba_world_cup,0,1,"[""1"", ""1"", ""1"", ""1"", ""1""]"
Player,vllm-granite-3-3-8b-instruct,w20,player,24,mvp_awards,0,1,"[""0"", ""0"", ""0"", ""0"", ""0""]"
Player,vllm-granite-3-3-8b-instruct,w20,player,24,name,0,1,"[""Jarrett Matthew Jack"", ""Jarrett Matthew Jack"", ""Jarrett Matthew Jack"", ""Jarrett Matthew Jack"", ""Jarrett Matthew Jack""]"
Player,vllm-granite-3-3-8b-instruct,w20,player,24,nationality,0,1,"[""USA"", ""USA"", ""USA"", ""USA"", ""USA""]"
Player,vllm-granite-3-3-8b-instruct,w20,player,24,nba_championships,0,1,"[""0"", ""0"", ""0"", ""0"", ""0""]"
Player,vllm-granite-3-3-8b-instruct,w20,player,24,olympic_gold_medals,0,1,"[""0"", ""0"", ""0"", ""0"", ""0""]"
Player,vllm-granite-3-3-8b-instruct,w20,player,24,position,0,1,"[""Backcourt"", ""Backcourt"", ""Backcourt"", ""Backcourt"", ""Backcourt""]"
Player,vllm-granite-3-3-8b-instruct,w20,player,24,team,0,1,"[""Detroit Pistons"", ""Detroit Pistons"", ""Detroit Pistons"", ""Detroit Pistons"", ""Detroit Pistons""]"
Player,vllm-granite-3-3-8b-instruct,w20,player,25,age,0,1,"[""51"", ""51"", ""51"", ""51"", ""51""]"
Player,vllm-granite-3-3-8b-instruct,w20,player,25,birth_date,0,1,"[""1973/8/22"", ""1973/8/22"", ""1973/8/22"", ""1973/8/22"", ""1973/8/22""]"
Player,vllm-granite-3-3-8b-instruct,w20,player,25,college,0,1,"[""Thomas More College"", ""Thomas More College"", ""Thomas More College"", ""Thomas More College"", ""Thomas More College""]"
Player,vllm-granite-3-3-8b-instruct,w20,player,25,draft_pick,0,1,"["""", """", """", """", """"]"
Player,vllm-granite-3-3-8b-instruct,w20,player,25,draft_year,0,1,"["""", """", """", """", """"]"
Player,vllm-granite-3-3-8b-instruct,w20,player,25,fiba_world_cup,0,1,"["""", """", """", """", """"]"
Player,vllm-granite-3-3-8b-instruct,w20,player,25,mvp_awards,0,1,"[""0"", ""0"", ""0"", ""0"", ""0""]"
Player,vllm-granite-3-3-8b-instruct,w20,player,25,name,0,1,"[""Rick Hughes"", ""Rick Hughes"", ""Rick Hughes"", ""Rick Hughes"", ""Rick Hughes""]"
Player,vllm-granite-3-3-8b-instruct,w20,player,25,nationality,0,1,"[""USA"", ""USA"", ""USA"", ""USA"", ""USA""]"
Player,vllm-granite-3-3-8b-instruct,w20,player,25,nba_championships,0,1,"["""", """", """", """", """"]"
Player,vllm-granite-3-3-8b-instruct,w20,player,25,olympic_gold_medals,0,1,"["""", """", """", """", """"]"
Player,vllm-granite-3-3-8b-instruct,w20,player,25,position,0,1,"[""Frontcourt"", ""Frontcourt"", ""Frontcourt"", ""Frontcourt"", ""Frontcourt""]"
Player,vllm-granite-3-3-8b-instruct,w20,player,25,team,0,1,"[""Dallas Mavericks||Atlanta Hawks"", ""Dallas Mavericks||Atlanta Hawks"", ""Dallas Mavericks||Atlanta Hawks"", ""Dallas Mavericks||Atlanta Hawks"", ""Dallas Mavericks||Atlanta Hawks""]"
Player,vllm-granite-3-3-8b-instruct,w20,player,26,age,0,1,"[""29"", ""29"", ""29"", ""29"", ""29""]"
Player,vllm-granite-3-3-8b-instruct,w20,player,26,birth_date,0,1,"[""1989/2/4"", ""1989/2/4"", ""1989/2/4"", ""1989/2/4"", ""1989/2/4""]"
Player,vllm-granite-3-3-8b-instruct,w20,player,26,college,0,1,"[""Temple University"", ""Temple University"", ""Temple University"", ""Temple University"", ""Temple University""]"
Player,vllm-granite-3-3-8b-instruct,w20,player,26,draft_pick,0,1,"[""50"", ""50"", ""50"", ""50"", ""50""]"
Player,vllm-granite-3-3-8b-instruct,w20,player,26,draft_year,0,1,"[""2011"", ""2011"", ""2011"", ""2011"", ""2011""]"
Player,vllm-granite-3-3-8b-instruct,w20,player,26,fiba_world_cup,0,1,"["""", """", """", """", """"]"
Player,vllm-granite-3-3-8b-instruct,w20,player,26,mvp_awards,0,1,"[""0"", ""0"", ""0"", ""0"", ""0""]"
Player,vllm-granite-3-3-8b-instruct,w20,player,26,name,0,1,"[""Lavoy Allen"", ""Lavoy Allen"", ""Lavoy Allen"", ""Lavoy Allen"", ""Lavoy Allen""]"
Player,vllm-granite-3-3-8b-instruct,w20,player,26,nationality,0,1,"[""USA"", ""USA"", ""USA"", ""USA"", ""USA""]"
Player,vllm-granite-3-3-8b-instruct,w20,player,26,nba_championships,0,1,"[""0"", ""0"", ""0"", ""0"", ""0""]"
Player,vllm-granite-3-3-8b-instruct,w20,player,26,olympic_gold_medals,0,1,"[""0"", ""0"", ""0"", ""0"", ""0""]"
Player,vllm-granite-3-3-8b-instruct,w20,player,26,position,0,1,"[""Frontcourt"", ""Frontcourt"", ""Frontcourt"", ""Frontcourt"", ""Frontcourt""]"
Player,vllm-granite-3-3-8b-instruct,w20,player,26,team,0,1,"[""Dallas Mavericks||Atlanta Hawks||Philadelphia 76ers||Indiana Pacers||Northern Arizona Suns||Capital City Go-Go"", ""Dallas Mavericks||Atlanta Hawks||Philadelphia 76ers||Indiana Pacers||Northern Arizona Suns||Capital City Go-Go"", ""Dallas Mavericks||Atlanta Hawks||Philadelphia 76ers||Indiana Pacers||Northern Arizona Suns||Capital City Go-Go"", ""Dallas Mavericks||Atlanta Hawks||Philadelphia 76ers||Indiana Pacers||Northern Arizona Suns||Capital City Go-Go"", ""Dallas Mavericks||Atlanta Hawks||Philadelphia 76ers||Indiana Pacers||Northern Arizona Suns||Capital City Go-Go""]"
Player,vllm-granite-3-3-8b-instruct,w20,player,27,age,0,1,"[""86"", ""86"", ""86"", ""86"", ""86""]"
Player,vllm-granite-3-3-8b-instruct,w20,player,27,birth_date,0,1,"[""1926/1/31"", ""1926/1/31"", ""1926/1/31"", ""1926/1/31"", ""1926/1/31""]"
Player,vllm-granite-3-3-8b-instruct,w20,player,27,college,0,1,"[""Duquesne"", ""Duquesne"", ""Duquesne"", ""Duquesne"", ""Duquesne""]"
Player,vllm-granite-3-3-8b-instruct,w20,player,27,draft_pick,0,1,"[""44"", ""44"", ""44"", ""44"", ""44""]"
Player,vllm-granite-3-3-8b-instruct,w20,player,27,draft_year,0,1,"[""1950"", ""1950"", ""1950"", ""1950"", ""1950""]"
Player,vllm-granite-3-3-8b-instruct,w20,player,27,fiba_world_cup,0,1,"["""", """", """", """", """"]"
Player,vllm-granite-3-3-8b-instruct,w20,player,27,mvp_awards,0,1,"[""0"", ""0"", ""0"", ""0"", ""0""]"
Player,vllm-granite-3-3-8b-instruct,w20,player,27,name,0,1,"[""Edward Dahler Jr."", ""Edward Dahler Jr."", ""Edward Dahler Jr."", ""Edward Dahler Jr."", ""Edward Dahler Jr.""]"
Player,vllm-granite-3-3-8b-instruct,w20,player,27,nationality,0,1,"[""USA"", ""USA"", ""USA"", ""USA"", ""USA""]"
Player,vllm-granite-3-3-8b-instruct,w20,player,27,nba_championships,0,1,"["""", """", """", """", """"]"
Player,vllm-granite-3-3-8b-instruct,w20,player,27,olympic_gold_medals,0,1,"["""", """", """", """", """"]"
Player,vllm-granite-3-3-8b-instruct,w20,player,27,position,0,1,"[""Backcourt"", ""Backcourt"", ""Backcourt"", ""Backcourt"", ""Backcourt""]"
Player,vllm-granite-3-3-8b-instruct,w20,player,27,team,0,1,"[""Philadelphia Warriors"", ""Philadelphia Warriors"", ""Philadelphia Warriors"", ""Philadelphia Warriors"", ""Philadelphia Warriors""]"
Player,vllm-granite-3-3-8b-instruct,w20,player,28,age,1,2,"[""14"", ""33"", ""14"", ""33"", ""14""]"
Player,vllm-granite-3-3-8b-instruct,w20,player,28,birth_date,0,1,"[""1994/2/2"", ""1994/2/2"", ""1994/2/2"", ""1994/2/2"", ""1994/2/2""]"
Player,vllm-granite-3-3-8b-instruct,w20,player,28,college,0,1,"[""Michigan State University"", ""Michigan State University"", ""Michigan State University"", ""Michigan State University"", ""Michigan State University""]"
Player,vllm-granite-3-3-8b-instruct,w20,player,28,draft_pick,1,2,"[""24"", ""1"", ""24"", ""24"", ""24""]"
Player,vllm-granite-3-3-8b-instruct,w20,player,28,draft_year,1,2,"[""1981"", ""1981"", ""1979"", ""1981"", ""1981""]"
Player,vllm-granite-3-3-8b-instruct,w20,player,28,fiba_world_cup,0,1,"[""1"", ""1"", ""1"", ""1"", ""1""]"
Player,vllm-granite-3-3-8b-instruct,w20,player,28,mvp_awards,0,1,"[""3"", ""3"", ""3"", ""3"", ""3""]"
Player,vllm-granite-3-3-8b-instruct,w20,player,28,name,0,1,"[""Earvin \""Magic\"" Johnson"", ""Earvin \""Magic\"" Johnson"", ""Earvin \""Magic\"" Johnson"", ""Earvin \""Magic\"" Johnson"", ""Earvin \""Magic\"" Johnson""]"
Player,vllm-granite-3-3-8b-instruct,w20,player,28,nationality,0,1,"[""USA"", ""USA"", ""USA"", ""USA"", ""USA""]"
Player,vllm-granite-3-3-8b-instruct,w20,player,28,nba_championships,0,1,"[""5"", ""5"", ""5"", ""5"", ""5""]"
Player,vllm-granite-3-3-8b-instruct,w20,player,28,olympic_gold_medals,0,1,"[""3"", ""3"", ""3"", ""3"", ""3""]"
Player,vllm-granite-3-3-8b-instruct,w20,player,28,position,0,1,"[""Backcourt"", ""Backcourt"", ""Backcourt"", ""Backcourt"", ""Backcourt""]"
Player,vllm-granite-3-3-8b-instruct,w20,player,28,team,1,2,"[""Los Angeles Lakers||"", ""Los Angeles Lakers||"", ""||"", ""||"", ""Los Angeles Lakers||""]"
Player,vllm-granite-3-3-8b-instruct,w20,player,29,age,0,1,"[""71"", ""71"", ""71"", ""71"", ""71""]"
Player,vllm-granite-3-3-8b-instruct,w20,player,29,birth_date,0,1,"[""1920/9/19"", ""1920/9/19"", ""1920/9/19"", ""1920/9/19"", ""1920/9/19""]"
Player,vllm-granite-3-3-8b-instruct,w20,player,29,college,0,1,"["""", """", """", """", """"]"
Player,vllm-granite-3-3-8b-instruct,w20,player,29,draft_pick,0,1,"["""", """", """", """", """"]"
Player,vllm-granite-3-3-8b-instruct,w20,player,29,draft_year,0,1,"["""", """", """", """", """"]"
Player,vllm-granite-3-3-8b-instruct,w20,player,29,fiba_world_cup,0,1,"["""", """", """", """", """"]"
Player,vllm-granite-3-3-8b-instruct,w20,player,29,mvp_awards,0,1,"[""0"", ""0"", ""0"", ""0"", ""0""]"
Player,vllm-granite-3-3-8b-instruct,w20,player,29,name,0,1,"[""Stanley M. Noszka || Youngstown Bears (1945\u201346) || Pittsburgh Ironmen (1946\u201347) || Boston Celtics (1947\u201348)"", ""Stanley M. Noszka || Youngstown Bears (1945\u201346) || Pittsburgh Ironmen (1946\u201347) || Boston Celtics (1947\u201348)"", ""Stanley M. Noszka || Youngstown Bears (1945\u201346) || Pittsburgh Ironmen (1946\u201347) || Boston Celtics (1947\u201348)"", ""Stanley M. Noszka || Youngstown Bears (1945\u201346) || Pittsburgh Ironmen (1946\u201347) || Boston Celtics (1947\u201348)"", ""Stanley M. Noszka || Youngstown Bears (1945\u201346) || Pittsburgh Ironmen (1946\u201347) || Boston Celtics (1947\u201348)""]"
Player,vllm-granite-3-3-8b-instruct,w20,player,29,nationality,0,1,"[""USA"", ""USA"", ""USA"", ""USA"", ""USA""]"
Player,vllm-granite-3-3-8b-instruct,w20,player,29,nba_championships,0,1,"["""", """", """", """", """"]"
Player,vllm-granite-3-3-8b-instruct,w20,player,29,olympic_gold_medals,0,1,"["""", """", """", """", """"]"
Player,vllm-granite-3-3-8b-instruct,w20,player,29,position,0,1,"[""Backcourt"", ""Backcourt"", ""Backcourt"", ""Backcourt"", ""Backcourt""]"
Player,vllm-granite-3-3-8b-instruct,w20,player,29,team,0,1,"[""Pittsburgh Ironmen||Boston Celtics"", ""Pittsburgh Ironmen||Boston Celtics"", ""Pittsburgh Ironmen||Boston Celtics"", ""Pittsburgh Ironmen||Boston Celtics"", ""Pittsburgh Ironmen||Boston Celtics""]"
Player,vllm-granite-3-3-8b-instruct,w20,player,30,age,0,1,"[""34"", ""34"", ""34"", ""34"", ""34""]"
Player,vllm-granite-3-3-8b-instruct,w20,player,30,birth_date,0,1,"[""1961/4/30"", ""1961/4/30"", ""1961/4/30"", ""1961/4/30"", ""1961/4/30""]"
Player,vllm-granite-3-3-8b-instruct,w20,player,30,college,0,1,"[""Indiana University"", ""Indiana University"", ""Indiana University"", ""Indiana University"", ""Indiana University""]"
Player,vllm-granite-3-3-8b-instruct,w20,player,30,draft_pick,0,1,"[""2"", ""2"", ""2"", ""2"", ""2""]"
Player,vllm-granite-3-3-8b-instruct,w20,player,30,draft_year,0,1,"[""1981"", ""1981"", ""1981"", ""1981"", ""1981""]"
Player,vllm-granite-3-3-8b-instruct,w20,player,30,fiba_world_cup,0,1,"[""1"", ""1"", ""1"", ""1"", ""1""]"
Player,vllm-granite-3-3-8b-instruct,w20,player,30,mvp_awards,0,1,"[""1"", ""1"", ""1"", ""1"", ""1""]"
Player,vllm-granite-3-3-8b-instruct,w20,player,30,name,0,1,"[""Isiah Thomas"", ""Isiah Thomas"", ""Isiah Thomas"", ""Isiah Thomas"", ""Isiah Thomas""]"
Player,vllm-granite-3-3-8b-instruct,w20,player,30,nationality,0,1,"[""USA"", ""USA"", ""USA"", ""USA"", ""USA""]"
Player,vllm-granite-3-3-8b-instruct,w20,player,30,nba_championships,0,1,"[""2"", ""2"", ""2"", ""2"", ""2""]"
Player,vllm-granite-3-3-8b-instruct,w20,player,30,olympic_gold_medals,0,1,"[""2"", ""2"", ""2"", ""2"", ""2""]"
Player,vllm-granite-3-3-8b-instruct,w20,player,30,position,0,1,"[""Backcourt"", ""Backcourt"", ""Backcourt"", ""Backcourt"", ""Backcourt""]"
Player,vllm-granite-3-3-8b-instruct,w20,player,30,team,0,1,"[""Detroit Pistons"", ""Detroit Pistons"", ""Detroit Pistons"", ""Detroit Pistons"", ""Detroit Pistons""]"
Player,vllm-granite-3-3-8b-instruct,w20,player,31,age,0,1,"[""74"", ""74"", ""74"", ""74"", ""74""]"
Player,vllm-granite-3-3-8b-instruct,w20,player,31,birth_date,0,1,"[""1951/1/1"", ""1951/1/1"", ""1951/1/1"", ""1951/1/1"", ""1951/1/1""]"
Player,vllm-granite-3-3-8b-instruct,w20,player,31,college,0,1,"[""The context provided does not mention any college that the player, Dan Anderson (basketball, born 1951), attended. Therefore, the answer is:"", ""The context provided does not mention any college that the player, Dan Anderson (basketball, born 1951), attended. Therefore, the answer is:"", ""The context provided does not mention any college that the player, Dan Anderson (basketball, born 1951), attended. Therefore, the answer is:"", ""The context provided does not mention any college that the player, Dan Anderson (basketball, born 1951), attended. Therefore, the answer is:"", ""The context provided does not mention any college that the player, Dan Anderson (basketball, born 1951), attended. Therefore, the answer is:""]"
Player,vllm-granite-3-3-8b-instruct,w20,player,31,draft_pick,0,1,"[""6"", ""6"", ""6"", ""6"", ""6""]"
Player,vllm-granite-3-3-8b-instruct,w20,player,31,draft_year,0,1,"[""1974"", ""1974"", ""1974"", ""1974"", ""1974""]"
Player,vllm-granite-3-3-8b-instruct,w20,player,31,fiba_world_cup,0,1,"["""", """", """", """", """"]"
Player,vllm-granite-3-3-8b-instruct,w20,player,31,mvp_awards,0,1,"[""0"", ""0"", ""0"", ""0"", ""0""]"
Player,vllm-granite-3-3-8b-instruct,w20,player,31,name,0,1,"[""Daniel Edward Anderson"", ""Daniel Edward Anderson"", ""Daniel Edward Anderson"", ""Daniel Edward Anderson"", ""Daniel Edward Anderson""]"
Player,vllm-granite-3-3-8b-instruct,w20,player,31,nationality,0,1,"[""USA"", ""USA"", ""USA"", ""USA"", ""USA""]"
Player,vllm-granite-3-3-8b-instruct,w20,player,31,nba_championships,0,1,"["""", """", """", """", """"]"
Player,vllm-granite-3-3-8b-instruct,w20,player,31,olympic_gold_medals,0,1,"[""1951"", ""1951"", ""1951"", ""1951"", ""1951""]"
Player,vllm-granite-3-3-8b-instruct,w20,player,31,position,0,1,"[""Frontcourt"", ""Frontcourt"", ""Frontcourt"", ""Frontcourt"", ""Frontcourt""]"
Player,vllm-granite-3-3-8b-instruct,w20,player,31,team,0,1,"[""Portland Trail Blazers"", ""Portland Trail Blazers"", ""Portland Trail Blazers"", ""Portland Trail Blazers"", ""Portland Trail Blazers""]"
Player,vllm-granite-3-3-8b-instruct,w20,player,32,age,0,1,"[""29"", ""29"", ""29"", ""29"", ""29""]"
Player,vllm-granite-3-3-8b-instruct,w20,player,32,birth_date,0,1,"[""1995/12/15"", ""1995/12/15"", ""1995/12/15"", ""1995/12/15"", ""1995/12/15""]"
Player,vllm-granite-3-3-8b-instruct,w20,player,32,college,0,1,"[""Duke University"", ""Duke University"", ""Duke University"", ""Duke University"", ""Duke University""]"
Player,vllm-granite-3-3-8b-instruct,w20,player,32,draft_pick,0,1,"[""3"", ""3"", ""3"", ""3"", ""3""]"
Player,vllm-granite-3-3-8b-instruct,w20,player,32,draft_year,0,1,"[""2015"", ""2015"", ""2015"", ""2015"", ""2015""]"
Player,vllm-granite-3-3-8b-instruct,w20,player,32,fiba_world_cup,0,1,"[""1"", ""1"", ""1"", ""1"", ""1""]"
Player,vllm-granite-3-3-8b-instruct,w20,player,32,mvp_awards,0,1,"[""0"", ""0"", ""0"", ""0"", ""0""]"
Player,vllm-granite-3-3-8b-instruct,w20,player,32,name,0,1,"[""Jahlil Okafor"", ""Jahlil Okafor"", ""Jahlil Okafor"", ""Jahlil Okafor"", ""Jahlil Okafor""]"
Player,vllm-granite-3-3-8b-instruct,w20,player,32,nationality,0,1,"[""USA||Nigeria"", ""USA||Nigeria"", ""USA||Nigeria"", ""USA||Nigeria"", ""USA||Nigeria""]"
Player,vllm-granite-3-3-8b-instruct,w20,player,32,nba_championships,0,1,"[""0"", ""0"", ""0"", ""0"", ""0""]"
Player,vllm-granite-3-3-8b-instruct,w20,player,32,olympic_gold_medals,0,1,"[""2"", ""2"", ""2"", ""2"", ""2""]"
Player,vllm-granite-3-3-8b-instruct,w20,player,32,position,0,1,"[""Frontcourt"", ""Frontcourt"", ""Frontcourt"", ""Frontcourt"", ""Frontcourt""]"
Player,vllm-granite-3-3-8b-instruct,w20,player,32,team,1,2,"[""Capitanes de Arecibo"", ""Capitanes de Arecibo"", ""Capitanes de Arecibo||"", ""Capitanes de Arecibo||"", ""Capitanes de Arecibo""]"
Player,vllm-granite-3-3-8b-instruct,w20,player,33,age,0,1,"[""65"", ""65"", ""65"", ""65"", ""65""]"
Player,vllm-granite-3-3-8b-instruct,w20,player,33,birth_date,0,1,"[""1959/12/20"", ""1959/12/20"", ""1959/12/20"", ""1959/12/20"", ""1959/12/20""]"
Player,vllm-granite-3-3-8b-instruct,w20,player,33,college,0,1,"[""University of Minnesota"", ""University of Minnesota"", ""University of Minnesota"", ""University of Minnesota"", ""University of Minnesota""]"
Player,vllm-granite-3-3-8b-instruct,w20,player,33,draft_pick,0,1,"[""6"", ""6"", ""6"", ""6"", ""6""]"
Player,vllm-granite-3-3-8b-instruct,w20,player,33,draft_year,0,1,"[""1982"", ""1982"", ""1982"", ""1982"", ""1982""]"
Player,vllm-granite-3-3-8b-instruct,w20,player,33,fiba_world_cup,0,1,"["""", """", """", """", """"]"
Player,vllm-granite-3-3-8b-instruct,w20,player,33,mvp_awards,0,1,"[""0"", ""0"", ""0"", ""0"", ""0""]"
Player,vllm-granite-3-3-8b-instruct,w20,player,33,name,0,1,"[""Kelvin Trent Tucker"", ""Kelvin Trent Tucker"", ""Kelvin Trent Tucker"", ""Kelvin Trent Tucker"", ""Kelvin Trent Tucker""]"
Player,vllm-granite-3-3-8b-instruct,w20,player,33,nationality,0,1,"[""USA"", ""USA"", ""USA"", ""USA"", ""USA""]"
Player,vllm-granite-3-3-8b-instruct,w20,player,33,nba_championships,0,1,"[""1"", ""1"", ""1"", ""1"", ""1""]"
Player,vllm-granite-3-3-8b-instruct,w20,player,33,olympic_gold_medals,0,1,"["""", """", """", """", """"]"
Player,vllm-granite-3-3-8b-instruct,w20,player,33,position,0,1,"[""Backcourt"", ""Backcourt"", ""Backcourt"", ""Backcourt"", ""Backcourt""]"
Player,vllm-granite-3-3-8b-instruct,w20,player,33,team,0,1,"[""New York Knicks||San Antonio Spurs||Chicago Bulls"", ""New York Knicks||San Antonio Spurs||Chicago Bulls"", ""New York Knicks||San Antonio Spurs||Chicago Bulls"", ""New York Knicks||San Antonio Spurs||Chicago Bulls"", ""New York Knicks||San Antonio Spurs||Chicago Bulls""]"
Player,vllm-granite-3-3-8b-instruct,w20,player,34,age,0,1,"[""43"", ""43"", ""43"", ""43"", ""43""]"
Player,vllm-granite-3-3-8b-instruct,w20,player,34,birth_date,0,1,"[""1968/10/14"", ""1968/10/14"", ""1968/10/14"", ""1968/10/14"", ""1968/10/14""]"
Player,vllm-granite-3-3-8b-instruct,w20,player,34,college,0,1,"[""University of Florida"", ""University of Florida"", ""University of Florida"", ""University of Florida"", ""University of Florida""]"
Player,vllm-granite-3-3-8b-instruct,w20,player,34,draft_pick,0,1,"[""24"", ""24"", ""24"", ""24"", ""24""]"
Player,vllm-granite-3-3-8b-instruct,w20,player,34,draft_year,0,1,"[""1990"", ""1990"", ""1990"", ""1990"", ""1990""]"
Player,vllm-granite-3-3-8b-instruct,w20,player,34,fiba_world_cup,0,1,"["""", """", """", """", """"]"
Player,vllm-granite-3-3-8b-instruct,w20,player,34,mvp_awards,0,1,"[""0"", ""0"", ""0"", ""0"", ""0""]"
Player,vllm-granite-3-3-8b-instruct,w20,player,34,name,0,1,"[""Dwayne Schintzius"", ""Dwayne Schintzius"", ""Dwayne Schintzius"", ""Dwayne Schintzius"", ""Dwayne Schintzius""]"
Player,vllm-granite-3-3-8b-instruct,w20,player,34,nationality,0,1,"[""USA"", ""USA"", ""USA"", ""USA"", ""USA""]"
Player,vllm-granite-3-3-8b-instruct,w20,player,34,nba_championships,0,1,"[""0"", ""0"", ""0"", ""0"", ""0""]"
Player,vllm-granite-3-3-8b-instruct,w20,player,34,olympic_gold_medals,0,1,"[""0"", ""0"", ""0"", ""0"", ""0""]"
Player,vllm-granite-3-3-8b-instruct,w20,player,34,position,0,1,"[""Frontcourt"", ""Frontcourt"", ""Frontcourt"", ""Frontcourt"", ""Frontcourt""]"
Player,vllm-granite-3-3-8b-instruct,w20,player,34,team,1,2,"[""San Antonio Spurs||Sacramento Kings||New Jersey Nets||Indiana Pacers||Los Angeles Clippers||Boston Celtics||Mobile Revelers (NBA D-League)||Brevard Blue Ducks (USBL)"", ""San Antonio Spurs||Sacramento Kings||New Jersey Nets||Indiana Pacers||Los Angeles Clippers||Boston Celtics||Mobile Revelers||Brevard Blue Ducks"", ""San Antonio Spurs||Sacramento Kings||New Jersey Nets||Indiana Pacers||Los Angeles Clippers||Boston Celtics||Mobile Revelers (NBA D-League)||Brevard Blue Ducks (USBL)"", ""San Antonio Spurs||Sacramento Kings||New Jersey Nets||Indiana Pacers||Los Angeles Clippers||Boston Celtics||Mobile Revelers||Brevard Blue Ducks"", ""San Antonio Spurs||Sacramento Kings||New Jersey Nets||Indiana Pacers||Los Angeles Clippers||Boston Celtics||Mobile Revelers||Brevard Blue Ducks""]"
Player,vllm-granite-3-3-8b-instruct,w20,player,35,age,0,1,"[""49"", ""49"", ""49"", ""49"", ""49""]"
Player,vllm-granite-3-3-8b-instruct,w20,player,35,birth_date,0,1,"[""1975/11/21"", ""1975/11/21"", ""1975/11/21"", ""1975/11/21"", ""1975/11/21""]"
Player,vllm-granite-3-3-8b-instruct,w20,player,35,college,0,1,"[""University of Arizona"", ""University of Arizona"", ""University of Arizona"", ""University of Arizona"", ""University of Arizona""]"
Player,vllm-granite-3-3-8b-instruct,w20,player,35,draft_pick,0,1,"["""", """", """", """", """"]"
Player,vllm-granite-3-3-8b-instruct,w20,player,35,draft_year,0,1,"[""1999"", ""1999"", ""1999"", ""1999"", ""1999""]"
Player,vllm-granite-3-3-8b-instruct,w20,player,35,fiba_world_cup,0,1,"["""", """", """", """", """"]"
Player,vllm-granite-3-3-8b-instruct,w20,player,35,mvp_awards,0,1,"[""0"", ""0"", ""0"", ""0"", ""0""]"
Player,vllm-granite-3-3-8b-instruct,w20,player,35,name,0,1,"[""Miles Julian Simon"", ""Miles Julian Simon"", ""Miles Julian Simon"", ""Miles Julian Simon"", ""Miles Julian Simon""]"
Player,vllm-granite-3-3-8b-instruct,w20,player,35,nationality,0,1,"[""USA"", ""USA"", ""USA"", ""USA"", ""USA""]"
Player,vllm-granite-3-3-8b-instruct,w20,player,35,nba_championships,1,2,"["""", """", ""0"", """", """"]"
Player,vllm-granite-3-3-8b-instruct,w20,player,35,olympic_gold_medals,1,2,"[""0"", """", """", ""0"", ""0""]"
Player,vllm-granite-3-3-8b-instruct,w20,player,35,position,0,1,"[""Backcourt"", ""Backcourt"", ""Backcourt"", ""Backcourt"", ""Backcourt""]"
Player,vllm-granite-3-3-8b-instruct,w20,player,35,team,0,1,"[""Los Angeles Lakers||Phoenix Suns"", ""Los Angeles Lakers||Phoenix Suns"", ""Los Angeles Lakers||Phoenix Suns"", ""Los Angeles Lakers||Phoenix Suns"", ""Los Angeles Lakers||Phoenix Suns""]"
Player,vllm-granite-3-3-8b-instruct,w20,player,36,age,1,2,"[""66"", ""66"", ""65"", ""66"", ""66""]"
Player,vllm-granite-3-3-8b-instruct,w20,player,36,birth_date,0,1,"[""1935/9/1"", ""1935/9/1"", ""1935/9/1"", ""1935/9/1"", ""1935/9/1""]"
Player,vllm-granite-3-3-8b-instruct,w20,player,36,college,0,1,"[""Temple University"", ""Temple University"", ""Temple University"", ""Temple University"", ""Temple University""]"
Player,vllm-granite-3-3-8b-instruct,w20,player,36,draft_pick,1,2,"["""", ""1958"", """", """", """"]"
Player,vllm-granite-3-3-8b-instruct,w20,player,36,draft_year,0,1,"[""1958"", ""1958"", ""1958"", ""1958"", ""1958""]"
Player,vllm-granite-3-3-8b-instruct,w20,player,36,fiba_world_cup,0,1,"["""", """", """", """", """"]"
Player,vllm-granite-3-3-8b-instruct,w20,player,36,mvp_awards,0,1,"[""0"", ""0"", ""0"", ""0"", ""0""]"
Player,vllm-granite-3-3-8b-instruct,w20,player,36,name,0,1,"[""Guy William Rodgers"", ""Guy William Rodgers"", ""Guy William Rodgers"", ""Guy William Rodgers"", ""Guy William Rodgers""]"
Player,vllm-granite-3-3-8b-instruct,w20,player,36,nationality,0,1,"[""USA"", ""USA"", ""USA"", ""USA"", ""USA""]"
Player,vllm-granite-3-3-8b-instruct,w20,player,36,nba_championships,0,1,"[""0"", ""0"", ""0"", ""0"", ""0""]"
Player,vllm-granite-3-3-8b-instruct,w20,player,36,olympic_gold_medals,1,2,"["""", ""0"", """", """", """"]"
Player,vllm-granite-3-3-8b-instruct,w20,player,36,position,0,1,"[""Backcourt"", ""Backcourt"", ""Backcourt"", ""Backcourt"", ""Backcourt""]"
Player,vllm-granite-3-3-8b-instruct,w20,player,36,team,0,1,"[""Philadelphia Warriors||Chicago Bulls||Cincinnati Royals||Milwaukee Bucks"", ""Philadelphia Warriors||Chicago Bulls||Cincinnati Royals||Milwaukee Bucks"", ""Philadelphia Warriors||Chicago Bulls||Cincinnati Royals||Milwaukee Bucks"", ""Philadelphia Warriors||Chicago Bulls||Cincinnati Royals||Milwaukee Bucks"", ""Philadelphia Warriors||Chicago Bulls||Cincinnati Royals||Milwaukee Bucks""]"
Player,vllm-granite-3-3-8b-instruct,w20,player,37,age,0,1,"[""60"", ""60"", ""60"", ""60"", ""60""]"
Player,vllm-granite-3-3-8b-instruct,w20,player,37,birth_date,0,1,"[""1965/9/12"", ""1965/9/12"", ""1965/9/12"", ""1965/9/12"", ""1965/9/12""]"
Player,vllm-granite-3-3-8b-instruct,w20,player,37,college,0,1,"[""University of Florida"", ""University of Florida"", ""University of Florida"", ""University of Florida"", ""University of Florida""]"
Player,vllm-granite-3-3-8b-instruct,w20,player,37,draft_pick,0,1,"[""57"", ""57"", ""57"", ""57"", ""57""]"
Player,vllm-granite-3-3-8b-instruct,w20,player,37,draft_year,0,1,"[""1988"", ""1988"", ""1988"", ""1988"", ""1988""]"
Player,vllm-granite-3-3-8b-instruct,w20,player,37,fiba_world_cup,0,1,"["""", """", """", """", """"]"
Player,vllm-granite-3-3-8b-instruct,w20,player,37,mvp_awards,0,1,"[""0"", ""0"", ""0"", ""0"", ""0""]"
Player,vllm-granite-3-3-8b-instruct,w20,player,37,name,0,1,"[""Vernon Maxwell"", ""Vernon Maxwell"", ""Vernon Maxwell"", ""Vernon Maxwell"", ""Vernon Maxwell""]"
Player,vllm-granite-3-3-8b-instruct,w20,player,37,nationality,0,1,"[""USA"", ""USA"", ""USA"", ""USA"", ""USA""]"
Player,vllm-granite-3-3-8b-instruct,w20,player,37,nba_championships,0,1,"[""2"", ""2"", ""2"", ""2"", ""2""]"
Player,vllm-granite-3-3-8b-instruct,w20,player,37,olympic_gold_medals,0,1,"[""0"", ""0"", ""0"", ""0"", ""0""]"
Player,vllm-granite-3-3-8b-instruct,w20,player,37,position,0,1,"[""Backcourt"", ""Backcourt"", ""Backcourt"", ""Backcourt"", ""Backcourt""]"
Player,vllm-granite-3-3-8b-instruct,w20,player,37,team,0,1,"[""San Antonio Spurs||Houston Rockets||Seattle SuperSonics"", ""San Antonio Spurs||Houston Rockets||Seattle SuperSonics"", ""San Antonio Spurs||Houston Rockets||Seattle SuperSonics"", ""San Antonio Spurs||Houston Rockets||Seattle SuperSonics"", ""San Antonio Spurs||Houston Rockets||Seattle SuperSonics""]"
Player,vllm-granite-3-3-8b-instruct,w20,player,38,age,0,1,"[""31"", ""31"", ""31"", ""31"", ""31""]"
Player,vllm-granite-3-3-8b-instruct,w20,player,38,birth_date,1,2,"[""1996/4/25"", ""1994/4/25"", ""1996/4/25"", ""1994/4/25"", ""1994/4/25""]"
Player,vllm-granite-3-3-8b-instruct,w20,player,38,college,0,1,"[""Wake Forest Demon Deacons"", ""Wake Forest Demon Deacons"", ""Wake Forest Demon Deacons"", ""Wake Forest Demon Deacons"", ""Wake Forest Demon Deacons""]"
Player,vllm-granite-3-3-8b-instruct,w20,player,38,draft_pick,0,1,"[""1"", ""1"", ""1"", ""1"", ""1""]"
Player,vllm-granite-3-3-8b-instruct,w20,player,38,draft_year,0,1,"[""1997"", ""1997"", ""1997"", ""1997"", ""1997""]"
Player,vllm-granite-3-3-8b-instruct,w20,player,38,fiba_world_cup,0,1,"[""2"", ""2"", ""2"", ""2"", ""2""]"
Player,vllm-granite-3-3-8b-instruct,w20,player,38,mvp_awards,0,1,"[""2"", ""2"", ""2"", ""2"", ""2""]"
Player,vllm-granite-3-3-8b-instruct,w20,player,38,name,0,1,"[""Tim Duncan"", ""Tim Duncan"", ""Tim Duncan"", ""Tim Duncan"", ""Tim Duncan""]"
Player,vllm-granite-3-3-8b-instruct,w20,player,38,nationality,0,1,"[""USA"", ""USA"", ""USA"", ""USA"", ""USA""]"
Player,vllm-granite-3-3-8b-instruct,w20,player,38,nba_championships,0,1,"[""5"", ""5"", ""5"", ""5"", ""5""]"
Player,vllm-granite-3-3-8b-instruct,w20,player,38,olympic_gold_medals,0,1,"[""2"", ""2"", ""2"", ""2"", ""2""]"
Player,vllm-granite-3-3-8b-instruct,w20,player,38,position,0,1,"[""Frontcourt"", ""Frontcourt"", ""Frontcourt"", ""Frontcourt"", ""Frontcourt""]"
Player,vllm-granite-3-3-8b-instruct,w20,player,38,team,0,1,"[""San Antonio Spurs"", ""San Antonio Spurs"", ""San Antonio Spurs"", ""San Antonio Spurs"", ""San Antonio Spurs""]"
Player,vllm-granite-3-3-8b-instruct,w20,player,39,age,0,1,"[""61"", ""61"", ""61"", ""61"", ""61""]"
Player,vllm-granite-3-3-8b-instruct,w20,player,39,birth_date,0,1,"[""1964/5/14"", ""1964/5/14"", ""1964/5/14"", ""1964/5/14"", ""1964/5/14""]"
Player,vllm-granite-3-3-8b-instruct,w20,player,39,college,0,1,"[""St. John's University"", ""St. John's University"", ""St. John's University"", ""St. John's University"", ""St. John's University""]"
Player,vllm-granite-3-3-8b-instruct,w20,player,39,draft_pick,0,1,"[""14"", ""14"", ""14"", ""14"", ""14""]"
Player,vllm-granite-3-3-8b-instruct,w20,player,39,draft_year,0,1,"[""1986"", ""1986"", ""1986"", ""1986"", ""1986""]"
Player,vllm-granite-3-3-8b-instruct,w20,player,39,fiba_world_cup,0,1,"["""", """", """", """", """"]"
Player,vllm-granite-3-3-8b-instruct,w20,player,39,mvp_awards,0,1,"[""0"", ""0"", ""0"", ""0"", ""0""]"
Player,vllm-granite-3-3-8b-instruct,w20,player,39,name,0,1,"[""Walter Berry"", ""Walter Berry"", ""Walter Berry"", ""Walter Berry"", ""Walter Berry""]"
Player,vllm-granite-3-3-8b-instruct,w20,player,39,nationality,0,1,"[""USA"", ""USA"", ""USA"", ""USA"", ""USA""]"
Player,vllm-granite-3-3-8b-instruct,w20,player,39,nba_championships,1,2,"[""0"", ""0"", ""0"", """", ""0""]"
Player,vllm-granite-3-3-8b-instruct,w20,player,39,olympic_gold_medals,0,1,"[""1"", ""1"", ""1"", ""1"", ""1""]"
Player,vllm-granite-3-3-8b-instruct,w20,player,39,position,0,1,"[""Frontcourt"", ""Frontcourt"", ""Frontcourt"", ""Frontcourt"", ""Frontcourt""]"
Player,vllm-granite-3-3-8b-instruct,w20,player,39,team,0,1,"[""Portland Trail Blazers||San Antonio Spurs||New Jersey Nets||Houston Rockets"", ""Portland Trail Blazers||San Antonio Spurs||New Jersey Nets||Houston Rockets"", ""Portland Trail Blazers||San Antonio Spurs||New Jersey Nets||Houston Rockets"", ""Portland Trail Blazers||San Antonio Spurs||New Jersey Nets||Houston Rockets"", ""Portland Trail Blazers||San Antonio Spurs||New Jersey Nets||Houston Rockets""]"
Player,vllm-granite-3-3-8b-instruct,w20,player,40,age,0,1,"[""45"", ""45"", ""45"", ""45"", ""45""]"
Player,vllm-granite-3-3-8b-instruct,w20,player,40,birth_date,0,1,"[""1930/8/29"", ""1930/8/29"", ""1930/8/29"", ""1930/8/29"", ""1930/8/29""]"
Player,vllm-granite-3-3-8b-instruct,w20,player,40,college,0,1,"[""Stanford University"", ""Stanford University"", ""Stanford University"", ""Stanford University"", ""Stanford University""]"
Player,vllm-granite-3-3-8b-instruct,w20,player,40,draft_pick,0,1,"["""", """", """", """", """"]"
Player,vllm-granite-3-3-8b-instruct,w20,player,40,draft_year,0,1,"[""1957"", ""1957"", ""1957"", ""1957"", ""1957""]"
Player,vllm-granite-3-3-8b-instruct,w20,player,40,fiba_world_cup,0,1,"["""", """", """", """", """"]"
Player,vllm-granite-3-3-8b-instruct,w20,player,40,mvp_awards,0,1,"[""0"", ""0"", ""0"", ""0"", ""0""]"
Player,vllm-granite-3-3-8b-instruct,w20,player,40,name,0,1,"[""James Patrick Walsh"", ""James Patrick Walsh"", ""James Patrick Walsh"", ""James Patrick Walsh"", ""James Patrick Walsh""]"
Player,vllm-granite-3-3-8b-instruct,w20,player,40,nationality,0,1,"[""USA"", ""USA"", ""USA"", ""USA"", ""USA""]"
Player,vllm-granite-3-3-8b-instruct,w20,player,40,nba_championships,0,1,"["""", """", """", """", """"]"
Player,vllm-granite-3-3-8b-instruct,w20,player,40,olympic_gold_medals,0,1,"[""1"", ""1"", ""1"", ""1"", ""1""]"
Player,vllm-granite-3-3-8b-instruct,w20,player,40,position,0,1,"[""Frontcourt"", ""Frontcourt"", ""Frontcourt"", ""Frontcourt"", ""Frontcourt""]"
Player,vllm-granite-3-3-8b-instruct,w20,player,40,team,0,1,"[""Philadelphia Warriors"", ""Philadelphia Warriors"", ""Philadelphia Warriors"", ""Philadelphia Warriors"", ""Philadelphia Warriors""]"
Player,vllm-granite-3-3-8b-instruct,w20,player,41,age,0,1,"[""51"", ""51"", ""51"", ""51"", ""51""]"
Player,vllm-granite-3-3-8b-instruct,w20,player,41,birth_date,0,1,"[""1974/1/28"", ""1974/1/28"", ""1974/1/28"", ""1974/1/28"", ""1974/1/28""]"
Player,vllm-granite-3-3-8b-instruct,w20,player,41,college,0,1,"[""Kentucky"", ""Kentucky"", ""Kentucky"", ""Kentucky"", ""Kentucky""]"
Player,vllm-granite-3-3-8b-instruct,w20,player,41,draft_pick,0,1,"[""16"", ""16"", ""16"", ""16"", ""16""]"
Player,vllm-granite-3-3-8b-instruct,w20,player,41,draft_year,0,1,"[""1996"", ""1996"", ""1996"", ""1996"", ""1996""]"
Player,vllm-granite-3-3-8b-instruct,w20,player,41,fiba_world_cup,0,1,"["""", """", """", """", """"]"
Player,vllm-granite-3-3-8b-instruct,w20,player,41,mvp_awards,0,1,"[""0"", ""0"", ""0"", ""0"", ""0""]"
Player,vllm-granite-3-3-8b-instruct,w20,player,41,name,0,1,"[""Tony Lorenzo Delk"", ""Tony Lorenzo Delk"", ""Tony Lorenzo Delk"", ""Tony Lorenzo Delk"", ""Tony Lorenzo Delk""]"
Player,vllm-granite-3-3-8b-instruct,w20,player,41,nationality,0,1,"[""USA"", ""USA"", ""USA"", ""USA"", ""USA""]"
Player,vllm-granite-3-3-8b-instruct,w20,player,41,nba_championships,0,1,"[""0"", ""0"", ""0"", ""0"", ""0""]"
Player,vllm-granite-3-3-8b-instruct,w20,player,41,olympic_gold_medals,0,1,"[""0"", ""0"", ""0"", ""0"", ""0""]"
Player,vllm-granite-3-3-8b-instruct,w20,player,41,position,0,1,"[""Backcourt"", ""Backcourt"", ""Backcourt"", ""Backcourt"", ""Backcourt""]"
Player,vllm-granite-3-3-8b-instruct,w20,player,41,team,0,1,"[""Dallas Mavericks||Atlanta Hawks"", ""Dallas Mavericks||Atlanta Hawks"", ""Dallas Mavericks||Atlanta Hawks"", ""Dallas Mavericks||Atlanta Hawks"", ""Dallas Mavericks||Atlanta Hawks""]"
Player,vllm-granite-3-3-8b-instruct,w20,player,42,age,1,2,"[""81"", ""81"", ""81"", ""81"", ""82""]"
Player,vllm-granite-3-3-8b-instruct,w20,player,42,birth_date,0,1,"[""1937/7/13"", ""1937/7/13"", ""1937/7/13"", ""1937/7/13"", ""1937/7/13""]"
Player,vllm-granite-3-3-8b-instruct,w20,player,42,college,0,1,"[""NYU"", ""NYU"", ""NYU"", ""NYU"", ""NYU""]"
Player,vllm-granite-3-3-8b-instruct,w20,player,42,draft_pick,0,1,"[""13"", ""13"", ""13"", ""13"", ""13""]"
Player,vllm-granite-3-3-8b-instruct,w20,player,42,draft_year,0,1,"[""1959"", ""1959"", ""1959"", ""1959"", ""1959""]"
Player,vllm-granite-3-3-8b-instruct,w20,player,42,fiba_world_cup,0,1,"["""", """", """", """", """"]"
Player,vllm-granite-3-3-8b-instruct,w20,player,42,mvp_awards,0,1,"[""0"", ""0"", ""0"", ""0"", ""0""]"
Player,vllm-granite-3-3-8b-instruct,w20,player,42,name,0,1,"[""Calvin Ramsey"", ""Calvin Ramsey"", ""Calvin Ramsey"", ""Calvin Ramsey"", ""Calvin Ramsey""]"
Player,vllm-granite-3-3-8b-instruct,w20,player,42,nationality,0,1,"[""USA"", ""USA"", ""USA"", ""USA"", ""USA""]"
Player,vllm-granite-3-3-8b-instruct,w20,player,42,nba_championships,0,1,"[""0"", ""0"", ""0"", ""0"", ""0""]"
Player,vllm-granite-3-3-8b-instruct,w20,player,42,olympic_gold_medals,1,2,"[""0"", """", """", ""0"", ""0""]"
Player,vllm-granite-3-3-8b-instruct,w20,player,42,position,0,1,"[""Frontcourt"", ""Frontcourt"", ""Frontcourt"", ""Frontcourt"", ""Frontcourt""]"
Player,vllm-granite-3-3-8b-instruct,w20,player,42,team,0,1,"[""New York Knicks||St. Louis Hawks||Syracuse Nationals"", ""New York Knicks||St. Louis Hawks||Syracuse Nationals"", ""New York Knicks||St. Louis Hawks||Syracuse Nationals"", ""New York Knicks||St. Louis Hawks||Syracuse Nationals"", ""New York Knicks||St. Louis Hawks||Syracuse Nationals""]"
Player,vllm-granite-3-3-8b-instruct,w20,player,43,age,0,1,"[""35"", ""35"", ""35"", ""35"", ""35""]"
Player,vllm-granite-3-3-8b-instruct,w20,player,43,birth_date,0,1,"[""1930/2/17"", ""1930/2/17"", ""1930/2/17"", ""1930/2/17"", ""1930/2/17""]"
Player,vllm-granite-3-3-8b-instruct,w20,player,43,college,1,2,"[""The context provided does not mention the college that Eugene Walter Dyker attended. Therefore, the answer is:"", ""The context provided does not mention the college that Eugene Walter Dyker attended. Therefore, the answer is:"", ""The context provided does not mention the college that Eugene Walter Dyker attended. Therefore, the answer is:"", """", ""The context provided does not mention the college that Eugene Walter Dyker attended. Therefore, the answer is:""]"
Player,vllm-granite-3-3-8b-instruct,w20,player,43,draft_pick,1,2,"[""1953"", """", ""1953"", """", ""1953""]"
Player,vllm-granite-3-3-8b-instruct,w20,player,43,draft_year,0,1,"[""1953"", ""1953"", ""1953"", ""1953"", ""1953""]"
Player,vllm-granite-3-3-8b-instruct,w20,player,43,fiba_world_cup,0,1,"["""", """", """", """", """"]"
Player,vllm-granite-3-3-8b-instruct,w20,player,43,mvp_awards,0,1,"[""0"", ""0"", ""0"", ""0"", ""0""]"
Player,vllm-granite-3-3-8b-instruct,w20,player,43,name,0,1,"[""Eugene Walter Dyker"", ""Eugene Walter Dyker"", ""Eugene Walter Dyker"", ""Eugene Walter Dyker"", ""Eugene Walter Dyker""]"
Player,vllm-granite-3-3-8b-instruct,w20,player,43,nationality,0,1,"[""USA"", ""USA"", ""USA"", ""USA"", ""USA""]"
Player,vllm-granite-3-3-8b-instruct,w20,player,43,nba_championships,0,1,"["""", """", """", """", """"]"
Player,vllm-granite-3-3-8b-instruct,w20,player,43,olympic_gold_medals,0,1,"["""", """", """", """", """"]"
Player,vllm-granite-3-3-8b-instruct,w20,player,43,position,0,1,"[""Frontcourt"", ""Frontcourt"", ""Frontcourt"", ""Frontcourt"", ""Frontcourt""]"
Player,vllm-granite-3-3-8b-instruct,w20,player,43,team,0,1,"[""Milwaukee Hawks"", ""Milwaukee Hawks"", ""Milwaukee Hawks"", ""Milwaukee Hawks"", ""Milwaukee Hawks""]"
Player,vllm-granite-3-3-8b-instruct,w20,player,44,age,0,1,"[""58"", ""58"", ""58"", ""58"", ""58""]"
Player,vllm-granite-3-3-8b-instruct,w20,player,44,birth_date,0,1,"[""1967/7/3"", ""1967/7/3"", ""1967/7/3"", ""1967/7/3"", ""1967/7/3""]"
Player,vllm-granite-3-3-8b-instruct,w20,player,44,college,0,1,"[""University of Missouri"", ""University of Missouri"", ""University of Missouri"", ""University of Missouri"", ""University of Missouri""]"
Player,vllm-granite-3-3-8b-instruct,w20,player,44,draft_pick,0,1,"[""16"", ""16"", ""16"", ""16"", ""16""]"
Player,vllm-granite-3-3-8b-instruct,w20,player,44,draft_year,0,1,"[""1988"", ""1988"", ""1988"", ""1988"", ""1988""]"
Player,vllm-granite-3-3-8b-instruct,w20,player,44,fiba_world_cup,0,1,"["""", """", """", """", """"]"
Player,vllm-granite-3-3-8b-instruct,w20,player,44,mvp_awards,0,1,"[""0"", ""0"", ""0"", ""0"", ""0""]"
Player,vllm-granite-3-3-8b-instruct,w20,player,44,name,0,1,"[""Derrick Joseph Chievous"", ""Derrick Joseph Chievous"", ""Derrick Joseph Chievous"", ""Derrick Joseph Chievous"", ""Derrick Joseph Chievous""]"
Player,vllm-granite-3-3-8b-instruct,w20,player,44,nationality,0,1,"[""USA"", ""USA"", ""USA"", ""USA"", ""USA""]"
Player,vllm-granite-3-3-8b-instruct,w20,player,44,nba_championships,1,2,"[""0"", ""0"", """", ""0"", """"]"
Player,vllm-granite-3-3-8b-instruct,w20,player,44,olympic_gold_medals,0,1,"["""", """", """", """", """"]"
Player,vllm-granite-3-3-8b-instruct,w20,player,44,position,0,1,"[""Frontcourt"", ""Frontcourt"", ""Frontcourt"", ""Frontcourt"", ""Frontcourt""]"
Player,vllm-granite-3-3-8b-instruct,w20,player,44,team,0,1,"[""Houston Rockets||Cleveland Cavaliers"", ""Houston Rockets||Cleveland Cavaliers"", ""Houston Rockets||Cleveland Cavaliers"", ""Houston Rockets||Cleveland Cavaliers"", ""Houston Rockets||Cleveland Cavaliers""]"
Player,vllm-granite-3-3-8b-instruct,w20,player,45,age,0,1,"[""57"", ""57"", ""57"", ""57"", ""57""]"
Player,vllm-granite-3-3-8b-instruct,w20,player,45,birth_date,0,1,"[""1966/8/23"", ""1966/8/23"", ""1966/8/23"", ""1966/8/23"", ""1966/8/23""]"
Player,vllm-granite-3-3-8b-instruct,w20,player,45,college,0,1,"[""Marist College"", ""Marist College"", ""Marist College"", ""Marist College"", ""Marist College""]"
Player,vllm-granite-3-3-8b-instruct,w20,player,45,draft_pick,0,1,"[""2"", ""2"", ""2"", ""2"", ""2""]"
Player,vllm-granite-3-3-8b-instruct,w20,player,45,draft_year,0,1,"[""1988"", ""1988"", ""1988"", ""1988"", ""1988""]"
Player,vllm-granite-3-3-8b-instruct,w20,player,45,fiba_world_cup,0,1,"[""1"", ""1"", ""1"", ""1"", ""1""]"
Player,vllm-granite-3-3-8b-instruct,w20,player,45,mvp_awards,0,1,"[""1"", ""1"", ""1"", ""1"", ""1""]"
Player,vllm-granite-3-3-8b-instruct,w20,player,45,name,0,1,"[""Rik Smits"", ""Rik Smits"", ""Rik Smits"", ""Rik Smits"", ""Rik Smits""]"
Player,vllm-granite-3-3-8b-instruct,w20,player,45,nationality,0,1,"[""Netherlands"", ""Netherlands"", ""Netherlands"", ""Netherlands"", ""Netherlands""]"
Player,vllm-granite-3-3-8b-instruct,w20,player,45,nba_championships,0,1,"[""0"", ""0"", ""0"", ""0"", ""0""]"
Player,vllm-granite-3-3-8b-instruct,w20,player,45,olympic_gold_medals,0,1,"[""0"", ""0"", ""0"", ""0"", ""0""]"
Player,vllm-granite-3-3-8b-instruct,w20,player,45,position,0,1,"[""Frontcourt"", ""Frontcourt"", ""Frontcourt"", ""Frontcourt"", ""Frontcourt""]"
Player,vllm-granite-3-3-8b-instruct,w20,player,45,team,0,1,"[""Indiana Pacers"", ""Indiana Pacers"", ""Indiana Pacers"", ""Indiana Pacers"", ""Indiana Pacers""]"
Player,vllm-granite-3-3-8b-instruct,w20,player,46,age,0,1,"[""23"", ""23"", ""23"", ""23"", ""23""]"
Player,vllm-granite-3-3-8b-instruct,w20,player,46,birth_date,0,1,"[""2001/8/5"", ""2001/8/5"", ""2001/8/5"", ""2001/8/5"", ""2001/8/5""]"
Player,vllm-granite-3-3-8b-instruct,w20,player,46,college,0,1,"[""Georgia Bulldogs"", ""Georgia Bulldogs"", ""Georgia Bulldogs"", ""Georgia Bulldogs"", ""Georgia Bulldogs""]"
Player,vllm-granite-3-3-8b-instruct,w20,player,46,draft_pick,0,1,"[""1"", ""1"", ""1"", ""1"", ""1""]"
Player,vllm-granite-3-3-8b-instruct,w20,player,46,draft_year,0,1,"[""2020"", ""2020"", ""2020"", ""2020"", ""2020""]"
Player,vllm-granite-3-3-8b-instruct,w20,player,46,fiba_world_cup,0,1,"[""1"", ""1"", ""1"", ""1"", ""1""]"
Player,vllm-granite-3-3-8b-instruct,w20,player,46,mvp_awards,0,1,"[""0"", ""0"", ""0"", ""0"", ""0""]"
Player,vllm-granite-3-3-8b-instruct,w20,player,46,name,0,1,"[""Anthony Edwards"", ""Anthony Edwards"", ""Anthony Edwards"", ""Anthony Edwards"", ""Anthony Edwards""]"
Player,vllm-granite-3-3-8b-instruct,w20,player,46,nationality,0,1,"[""USA"", ""USA"", ""USA"", ""USA"", ""USA""]"
Player,vllm-granite-3-3-8b-instruct,w20,player,46,nba_championships,0,1,"[""0"", ""0"", ""0"", ""0"", ""0""]"
Player,vllm-granite-3-3-8b-instruct,w20,player,46,olympic_gold_medals,0,1,"[""1"", ""1"", ""1"", ""1"", ""1""]"
Player,vllm-granite-3-3-8b-instruct,w20,player,46,position,0,1,"[""Backcourt"", ""Backcourt"", ""Backcourt"", ""Backcourt"", ""Backcourt""]"
Player,vllm-granite-3-3-8b-instruct,w20,player,46,team,0,1,"[""Minnesota Timberwolves"", ""Minnesota Timberwolves"", ""Minnesota Timberwolves"", ""Minnesota Timberwolves"", ""Minnesota Timberwolves""]"
Player,vllm-granite-3-3-8b-instruct,w20,player,47,age,0,1,"[""88"", ""88"", ""88"", ""88"", ""88""]"
Player,vllm-granite-3-3-8b-instruct,w20,player,47,birth_date,0,1,"[""1927/4/26"", ""1927/4/26"", ""1927/4/26"", ""1927/4/26"", ""1927/4/26""]"
Player,vllm-granite-3-3-8b-instruct,w20,player,47,college,0,1,"[""Northeast Missouri State Teachers' College (now Truman State University) || University of Iowa"", ""Northeast Missouri State Teachers' College (now Truman State University) || University of Iowa"", ""Northeast Missouri State Teachers' College (now Truman State University) || University of Iowa"", ""Northeast Missouri State Teachers' College (now Truman State University) || University of Iowa"", ""Northeast Missouri State Teachers' College (now Truman State University) || University of Iowa""]"
Player,vllm-granite-3-3-8b-instruct,w20,player,47,draft_pick,0,1,"[""20"", ""20"", ""20"", ""20"", ""20""]"
Player,vllm-granite-3-3-8b-instruct,w20,player,47,draft_year,0,1,"[""1948"", ""1948"", ""1948"", ""1948"", ""1948""]"
Player,vllm-granite-3-3-8b-instruct,w20,player,47,fiba_world_cup,0,1,"["""", """", """", """", """"]"
Player,vllm-granite-3-3-8b-instruct,w20,player,47,mvp_awards,0,1,"[""0"", ""0"", ""0"", ""0"", ""0""]"
Player,vllm-granite-3-3-8b-instruct,w20,player,47,name,0,1,"[""Harry Junior \""The Horse\"" Gallatin"", ""Harry Junior \""The Horse\"" Gallatin"", ""Harry Junior \""The Horse\"" Gallatin"", ""Harry Junior \""The Horse\"" Gallatin"", ""Harry Junior \""The Horse\"" Gallatin""]"
Player,vllm-granite-3-3-8b-instruct,w20,player,47,nationality,0,1,"[""USA"", ""USA"", ""USA"", ""USA"", ""USA""]"
Player,vllm-granite-3-3-8b-instruct,w20,player,47,nba_championships,0,1,"[""0"", ""0"", ""0"", ""0"", ""0""]"
Player,vllm-granite-3-3-8b-instruct,w20,player,47,olympic_gold_medals,0,1,"["""", """", """", """", """"]"
Player,vllm-granite-3-3-8b-instruct,w20,player,47,position,0,1,"[""Frontcourt"", ""Frontcourt"", ""Frontcourt"", ""Frontcourt"", ""Frontcourt""]"
Player,vllm-granite-3-3-8b-instruct,w20,player,47,team,0,1,"[""New York Knicks||Detroit Pistons"", ""New York Knicks||Detroit Pistons"", ""New York Knicks||Detroit Pistons"", ""New York Knicks||Detroit Pistons"", ""New York Knicks||Detroit Pistons""]"
Player,vllm-granite-3-3-8b-instruct,w20,player,48,age,0,1,"[""83"", ""83"", ""83"", ""83"", ""83""]"
Player,vllm-granite-3-3-8b-instruct,w20,player,48,birth_date,0,1,"[""1931/2/3"", ""1931/2/3"", ""1931/2/3"", ""1931/2/3"", ""1931/2/3""]"
Player,vllm-granite-3-3-8b-instruct,w20,player,48,college,0,1,"[""New York University"", ""New York University"", ""New York University"", ""New York University"", ""New York University""]"
Player,vllm-granite-3-3-8b-instruct,w20,player,48,draft_pick,0,1,"[""1952"", ""1952"", ""1952"", ""1952"", ""1952""]"
Player,vllm-granite-3-3-8b-instruct,w20,player,48,draft_year,0,1,"[""1952"", ""1952"", ""1952"", ""1952"", ""1952""]"
Player,vllm-granite-3-3-8b-instruct,w20,player,48,fiba_world_cup,0,1,"["""", """", """", """", """"]"
Player,vllm-granite-3-3-8b-instruct,w20,player,48,mvp_awards,0,1,"[""0"", ""0"", ""0"", ""0"", ""0""]"
Player,vllm-granite-3-3-8b-instruct,w20,player,48,name,0,1,"[""James J. Brasco"", ""James J. Brasco"", ""James J. Brasco"", ""James J. Brasco"", ""James J. Brasco""]"
Player,vllm-granite-3-3-8b-instruct,w20,player,48,nationality,0,1,"[""USA"", ""USA"", ""USA"", ""USA"", ""USA""]"
Player,vllm-granite-3-3-8b-instruct,w20,player,48,nba_championships,0,1,"["""", """", """", """", """"]"
Player,vllm-granite-3-3-8b-instruct,w20,player,48,olympic_gold_medals,0,1,"["""", """", """", """", """"]"
Player,vllm-granite-3-3-8b-instruct,w20,player,48,position,0,1,"[""Backcourt"", ""Backcourt"", ""Backcourt"", ""Backcourt"", ""Backcourt""]"
Player,vllm-granite-3-3-8b-instruct,w20,player,48,team,0,1,"[""Syracuse Nationals||Milwaukee Hawks"", ""Syracuse Nationals||Milwaukee Hawks"", ""Syracuse Nationals||Milwaukee Hawks"", ""Syracuse Nationals||Milwaukee Hawks"", ""Syracuse Nationals||Milwaukee Hawks""]"
Player,vllm-granite-3-3-8b-instruct,w20,player,49,age,0,1,"[""75"", ""75"", ""75"", ""75"", ""75""]"
Player,vllm-granite-3-3-8b-instruct,w20,player,49,birth_date,0,1,"[""1949/8/29"", ""1949/8/29"", ""1949/8/29"", ""1949/8/29"", ""1949/8/29""]"
Player,vllm-granite-3-3-8b-instruct,w20,player,49,college,0,1,"[""San Jose State University"", ""San Jose State University"", ""San Jose State University"", ""San Jose State University"", ""San Jose State University""]"
Player,vllm-granite-3-3-8b-instruct,w20,player,49,draft_pick,0,1,"[""8"", ""8"", ""8"", ""8"", ""8""]"
Player,vllm-granite-3-3-8b-instruct,w20,player,49,draft_year,0,1,"[""1971"", ""1971"", ""1971"", ""1971"", ""1971""]"
Player,vllm-granite-3-3-8b-instruct,w20,player,49,fiba_world_cup,1,2,"[""1"", ""0"", ""1"", ""1"", ""1""]"
Player,vllm-granite-3-3-8b-instruct,w20,player,49,mvp_awards,0,1,"[""0"", ""0"", ""0"", ""0"", ""0""]"
Player,vllm-granite-3-3-8b-instruct,w20,player,49,name,0,1,"[""Darnell Hillman"", ""Darnell Hillman"", ""Darnell Hillman"", ""Darnell Hillman"", ""Darnell Hillman""]"
Player,vllm-granite-3-3-8b-instruct,w20,player,49,nationality,0,1,"[""USA"", ""USA"", ""USA"", ""USA"", ""USA""]"
Player,vllm-granite-3-3-8b-instruct,w20,player,49,nba_championships,0,1,"[""0"", ""0"", ""0"", ""0"", ""0""]"
Player,vllm-granite-3-3-8b-instruct,w20,player,49,olympic_gold_medals,0,1,"[""0"", ""0"", ""0"", ""0"", ""0""]"
Player,vllm-granite-3-3-8b-instruct,w20,player,49,position,0,1,"[""Frontcourt"", ""Frontcourt"", ""Frontcourt"", ""Frontcourt"", ""Frontcourt""]"
Player,vllm-granite-3-3-8b-instruct,w20,player,49,team,0,1,"[""New Jersey Nets||Denver Nuggets||Kansas City Kings||Golden State Warriors"", ""New Jersey Nets||Denver Nuggets||Kansas City Kings||Golden State Warriors"", ""New Jersey Nets||Denver Nuggets||Kansas City Kings||Golden State Warriors"", ""New Jersey Nets||Denver Nuggets||Kansas City Kings||Golden State Warriors"", ""New Jersey Nets||Denver Nuggets||Kansas City Kings||Golden State Warriors""]"
Player,vllm-granite-3-3-8b-instruct,w20,player,50,age,0,1,"[""81"", ""81"", ""81"", ""81"", ""81""]"
Player,vllm-granite-3-3-8b-instruct,w20,player,50,birth_date,0,1,"[""1951/6/2"", ""1951/6/2"", ""1951/6/2"", ""1951/6/2"", ""1951/6/2""]"
Player,vllm-granite-3-3-8b-instruct,w20,player,50,college,0,1,"[""The context provided does not mention any college that the player attended. Therefore, the answer is:"", ""The context provided does not mention any college that the player attended. Therefore, the answer is:"", ""The context provided does not mention any college that the player attended. Therefore, the answer is:"", ""The context provided does not mention any college that the player attended. Therefore, the answer is:"", ""The context provided does not mention any college that the player attended. Therefore, the answer is:""]"
Player,vllm-granite-3-3-8b-instruct,w20,player,50,draft_pick,0,1,"["""", """", """", """", """"]"
Player,vllm-granite-3-3-8b-instruct,w20,player,50,draft_year,0,1,"["""", """", """", """", """"]"
Player,vllm-granite-3-3-8b-instruct,w20,player,50,fiba_world_cup,0,1,"["""", """", """", """", """"]"
Player,vllm-granite-3-3-8b-instruct,w20,player,50,mvp_awards,0,1,"[""0"", ""0"", ""0"", ""0"", ""0""]"
Player,vllm-granite-3-3-8b-instruct,w20,player,50,name,0,1,"["""", """", """", """", """"]"
Player,vllm-granite-3-3-8b-instruct,w20,player,50,nationality,0,1,"[""Canada"", ""Canada"", ""Canada"", ""Canada"", ""Canada""]"
Player,vllm-granite-3-3-8b-instruct,w20,player,50,nba_championships,0,1,"["""", """", """", """", """"]"
Player,vllm-granite-3-3-8b-instruct,w20,player,50,olympic_gold_medals,0,1,"[""0"", ""0"", ""0"", ""0"", ""0""]"
Player,vllm-granite-3-3-8b-instruct,w20,player,50,position,0,1,"[""Frontcourt"", ""Frontcourt"", ""Frontcourt"", ""Frontcourt"", ""Frontcourt""]"
Player,vllm-granite-3-3-8b-instruct,w20,player,50,team,0,1,"["""", """", """", """", """"]"
Player,vllm-granite-3-3-8b-instruct,w20,player,51,age,0,1,"[""35"", ""35"", ""35"", ""35"", ""35""]"
Player,vllm-granite-3-3-8b-instruct,w20,player,51,birth_date,0,1,"[""1989/2/7"", ""1989/2/7"", ""1989/2/7"", ""1989/2/7"", ""1989/2/7""]"
Player,vllm-granite-3-3-8b-instruct,w20,player,51,college,0,1,"[""University of Florida"", ""University of Florida"", ""University of Florida"", ""University of Florida"", ""University of Florida""]"
Player,vllm-granite-3-3-8b-instruct,w20,player,51,draft_pick,1,3,"[""32"", ""32"", ""2"", ""34"", ""32""]"
Player,vllm-granite-3-3-8b-instruct,w20,player,51,draft_year,0,1,"[""2009"", ""2009"", ""2009"", ""2009"", ""2009""]"
Player,vllm-granite-3-3-8b-instruct,w20,player,51,fiba_world_cup,1,2,"[""1"", ""0"", ""0"", ""0"", ""0""]"
Player,vllm-granite-3-3-8b-instruct,w20,player,51,mvp_awards,0,1,"[""0"", ""0"", ""0"", ""0"", ""0""]"
Player,vllm-granite-3-3-8b-instruct,w20,player,51,name,0,1,"[""Nicholas William Calathes"", ""Nicholas William Calathes"", ""Nicholas William Calathes"", ""Nicholas William Calathes"", ""Nicholas William Calathes""]"
Player,vllm-granite-3-3-8b-instruct,w20,player,51,nationality,1,2,"[""USA || Greece"", ""USA||Greece"", ""USA || Greece"", ""USA || Greece"", ""USA || Greece""]"
Player,vllm-granite-3-3-8b-instruct,w20,player,51,nba_championships,0,1,"[""0"", ""0"", ""0"", ""0"", ""0""]"
Player,vllm-granite-3-3-8b-instruct,w20,player,51,olympic_gold_medals,0,1,"[""0"", ""0"", ""0"", ""0"", ""0""]"
Player,vllm-granite-3-3-8b-instruct,w20,player,51,position,0,1,"[""Backcourt"", ""Backcourt"", ""Backcourt"", ""Backcourt"", ""Backcourt""]"
Player,vllm-granite-3-3-8b-instruct,w20,player,51,team,0,1,"[""AS Monaco"", ""AS Monaco"", ""AS Monaco"", ""AS Monaco"", ""AS Monaco""]"
Player,vllm-granite-3-3-8b-instruct,w20,player,52,age,0,1,"[""73"", ""73"", ""73"", ""73"", ""73""]"
Player,vllm-granite-3-3-8b-instruct,w20,player,52,birth_date,0,1,"[""1952/3/11"", ""1952/3/11"", ""1952/3/11"", ""1952/3/11"", ""1952/3/11""]"
Player,vllm-granite-3-3-8b-instruct,w20,player,52,college,0,1,"[""Seattle University"", ""Seattle University"", ""Seattle University"", ""Seattle University"", ""Seattle University""]"
Player,vllm-granite-3-3-8b-instruct,w20,player,52,draft_pick,0,1,"[""169"", ""169"", ""169"", ""169"", ""169""]"
Player,vllm-granite-3-3-8b-instruct,w20,player,52,draft_year,0,1,"[""1974"", ""1974"", ""1974"", ""1974"", ""1974""]"
Player,vllm-granite-3-3-8b-instruct,w20,player,52,fiba_world_cup,0,1,"["""", """", """", """", """"]"
Player,vllm-granite-3-3-8b-instruct,w20,player,52,mvp_awards,0,1,"[""0"", ""0"", ""0"", ""0"", ""0""]"
Player,vllm-granite-3-3-8b-instruct,w20,player,52,name,0,1,"[""Rod Derline"", ""Rod Derline"", ""Rod Derline"", ""Rod Derline"", ""Rod Derline""]"
Player,vllm-granite-3-3-8b-instruct,w20,player,52,nationality,0,1,"[""USA"", ""USA"", ""USA"", ""USA"", ""USA""]"
Player,vllm-granite-3-3-8b-instruct,w20,player,52,nba_championships,0,1,"["""", """", """", """", """"]"
Player,vllm-granite-3-3-8b-instruct,w20,player,52,olympic_gold_medals,0,1,"["""", """", """", """", """"]"
Player,vllm-granite-3-3-8b-instruct,w20,player,52,position,0,1,"[""Backcourt"", ""Backcourt"", ""Backcourt"", ""Backcourt"", ""Backcourt""]"
Player,vllm-granite-3-3-8b-instruct,w20,player,52,team,0,1,"[""Seattle SuperSonics"", ""Seattle SuperSonics"", ""Seattle SuperSonics"", ""Seattle SuperSonics"", ""Seattle SuperSonics""]"
Player,vllm-granite-3-3-8b-instruct,w20,player,53,age,0,1,"[""51"", ""51"", ""51"", ""51"", ""51""]"
Player,vllm-granite-3-3-8b-instruct,w20,player,53,birth_date,0,1,"[""1972/10/04"", ""1972/10/04"", ""1972/10/04"", ""1972/10/04"", ""1972/10/04""]"
Player,vllm-granite-3-3-8b-instruct,w20,player,53,college,0,1,"[""Texas Christian University"", ""Texas Christian University"", ""Texas Christian University"", ""Texas Christian University"", ""Texas Christian University""]"
Player,vllm-granite-3-3-8b-instruct,w20,player,53,draft_pick,0,1,"[""30"", ""30"", ""30"", ""30"", ""30""]"
Player,vllm-granite-3-3-8b-instruct,w20,player,53,draft_year,0,1,"[""1995"", ""1995"", ""1995"", ""1995"", ""1995""]"
Player,vllm-granite-3-3-8b-instruct,w20,player,53,fiba_world_cup,0,1,"[""0"", ""0"", ""0"", ""0"", ""0""]"
Player,vllm-granite-3-3-8b-instruct,w20,player,53,mvp_awards,0,1,"[""0"", ""0"", ""0"", ""0"", ""0""]"
Player,vllm-granite-3-3-8b-instruct,w20,player,53,name,0,1,"[""Kurt Vincent Thomas"", ""Kurt Vincent Thomas"", ""Kurt Vincent Thomas"", ""Kurt Vincent Thomas"", ""Kurt Vincent Thomas""]"
Player,vllm-granite-3-3-8b-instruct,w20,player,53,nationality,0,1,"[""USA"", ""USA"", ""USA"", ""USA"", ""USA""]"
Player,vllm-granite-3-3-8b-instruct,w20,player,53,nba_championships,0,1,"[""0"", ""0"", ""0"", ""0"", ""0""]"
Player,vllm-granite-3-3-8b-instruct,w20,player,53,olympic_gold_medals,0,1,"[""0"", ""0"", ""0"", ""0"", ""0""]"
Player,vllm-granite-3-3-8b-instruct,w20,player,53,position,0,1,"[""Frontcourt"", ""Frontcourt"", ""Frontcourt"", ""Frontcourt"", ""Frontcourt""]"
Player,vllm-granite-3-3-8b-instruct,w20,player,53,team,1,2,"[""Miami Heat||Dallas Mavericks||New York Knicks||Phoenix Suns||Seattle SuperSonics||San Antonio Spurs||Milwaukee Bucks||Chicago Bulls||Portland Trail Blazers||New York Knicks"", ""Miami Heat||Dallas Mavericks||New York Knicks||Phoenix Suns||Seattle SuperSonics||San Antonio Spurs||Milwaukee Bucks||Chicago Bulls||Portland Trail Blazers||New York Knicks"", ""Miami Heat||Dallas Mavericks||New York Knicks||Phoenix Suns||Seattle SuperSonics||San Antonio Spurs||Milwaukee Bucks||Chicago Bulls||Portland Trail Blazers||Return to the Knicks (2012\u20132013)"", ""Miami Heat||Dallas Mavericks||New York Knicks||Phoenix Suns||Seattle SuperSonics||San Antonio Spurs||Milwaukee Bucks||Chicago Bulls||Portland Trail Blazers||New York Knicks"", ""Miami Heat||Dallas Mavericks||New York Knicks||Phoenix Suns||Seattle SuperSonics||San Antonio Spurs||Milwaukee Bucks||Chicago Bulls||Portland Trail Blazers||New York Knicks""]"
Player,vllm-granite-3-3-8b-instruct,w20,player,54,age,1,2,"[""31"", ""31"", ""31"", ""31"", ""35""]"
Player,vllm-granite-3-3-8b-instruct,w20,player,54,birth_date,0,1,"[""1994/2/2"", ""1994/2/2"", ""1994/2/2"", ""1994/2/2"", ""1994/2/2""]"
Player,vllm-granite-3-3-8b-instruct,w20,player,54,college,0,1,"[""Texas Longhorns"", ""Texas Longhorns"", ""Texas Longhorns"", ""Texas Longhorns"", ""Texas Longhorns""]"
Player,vllm-granite-3-3-8b-instruct,w20,player,54,draft_pick,0,1,"[""24"", ""24"", ""24"", ""24"", ""24""]"
Player,vllm-granite-3-3-8b-instruct,w20,player,54,draft_year,0,1,"[""2007"", ""2007"", ""2007"", ""2007"", ""2007""]"
Player,vllm-granite-3-3-8b-instruct,w20,player,54,fiba_world_cup,0,1,"[""1"", ""1"", ""1"", ""1"", ""1""]"
Player,vllm-granite-3-3-8b-instruct,w20,player,54,mvp_awards,0,1,"[""2"", ""2"", ""2"", ""2"", ""2""]"
Player,vllm-granite-3-3-8b-instruct,w20,player,54,name,0,1,"[""Kevin Durant"", ""Kevin Durant"", ""Kevin Durant"", ""Kevin Durant"", ""Kevin Durant""]"
Player,vllm-granite-3-3-8b-instruct,w20,player,54,nationality,0,1,"[""USA"", ""USA"", ""USA"", ""USA"", ""USA""]"
Player,vllm-granite-3-3-8b-instruct,w20,player,54,nba_championships,0,1,"[""2"", ""2"", ""2"", ""2"", ""2""]"
Player,vllm-granite-3-3-8b-instruct,w20,player,54,olympic_gold_medals,0,1,"[""4"", ""4"", ""4"", ""4"", ""4""]"
Player,vllm-granite-3-3-8b-instruct,w20,player,54,position,0,1,"[""Frontcourt"", ""Frontcourt"", ""Frontcourt"", ""Frontcourt"", ""Frontcourt""]"
Player,vllm-granite-3-3-8b-instruct,w20,player,54,team,0,1,"[""Phoenix Suns"", ""Phoenix Suns"", ""Phoenix Suns"", ""Phoenix Suns"", ""Phoenix Suns""]"
Player,vllm-granite-3-3-8b-instruct,w20,player,55,age,1,2,"[""53"", ""53"", ""53"", ""53"", ""54""]"
Player,vllm-granite-3-3-8b-instruct,w20,player,55,birth_date,0,1,"[""1971/10/2"", ""1971/10/2"", ""1971/10/2"", ""1971/10/2"", ""1971/10/2""]"
Player,vllm-granite-3-3-8b-instruct,w20,player,55,college,0,1,"[""Xavier University"", ""Xavier University"", ""Xavier University"", ""Xavier University"", ""Xavier University""]"
Player,vllm-granite-3-3-8b-instruct,w20,player,55,draft_pick,0,1,"["""", """", """", """", """"]"
Player,vllm-granite-3-3-8b-instruct,w20,player,55,draft_year,0,1,"["""", """", """", """", """"]"
Player,vllm-granite-3-3-8b-instruct,w20,player,55,fiba_world_cup,0,1,"["""", """", """", """", """"]"
Player,vllm-granite-3-3-8b-instruct,w20,player,55,mvp_awards,0,1,"[""0"", ""0"", ""0"", ""0"", ""0""]"
Player,vllm-granite-3-3-8b-instruct,w20,player,55,name,0,1,"[""Aaron Williams"", ""Aaron Williams"", ""Aaron Williams"", ""Aaron Williams"", ""Aaron Williams""]"
Player,vllm-granite-3-3-8b-instruct,w20,player,55,nationality,0,1,"[""USA"", ""USA"", ""USA"", ""USA"", ""USA""]"
Player,vllm-granite-3-3-8b-instruct,w20,player,55,nba_championships,0,1,"["""", """", """", """", """"]"
Player,vllm-granite-3-3-8b-instruct,w20,player,55,olympic_gold_medals,0,1,"["""", """", """", """", """"]"
Player,vllm-granite-3-3-8b-instruct,w20,player,55,position,0,1,"[""Frontcourt"", ""Frontcourt"", ""Frontcourt"", ""Frontcourt"", ""Frontcourt""]"
Player,vllm-granite-3-3-8b-instruct,w20,player,55,team,0,1,"[""Utah Jazz||Milwaukee Bucks||Denver Nuggets||Vancouver Grizzlies||Seattle SuperSonics||Washington Wizards||New Jersey Nets||Toronto Raptors||New Orleans/Oklahoma City Hornets||Los Angeles Clippers"", ""Utah Jazz||Milwaukee Bucks||Denver Nuggets||Vancouver Grizzlies||Seattle SuperSonics||Washington Wizards||New Jersey Nets||Toronto Raptors||New Orleans/Oklahoma City Hornets||Los Angeles Clippers"", ""Utah Jazz||Milwaukee Bucks||Denver Nuggets||Vancouver Grizzlies||Seattle SuperSonics||Washington Wizards||New Jersey Nets||Toronto Raptors||New Orleans/Oklahoma City Hornets||Los Angeles Clippers"", ""Utah Jazz||Milwaukee Bucks||Denver Nuggets||Vancouver Grizzlies||Seattle SuperSonics||Washington Wizards||New Jersey Nets||Toronto Raptors||New Orleans/Oklahoma City Hornets||Los Angeles Clippers"", ""Utah Jazz||Milwaukee Bucks||Denver Nuggets||Vancouver Grizzlies||Seattle SuperSonics||Washington Wizards||New Jersey Nets||Toronto Raptors||New Orleans/Oklahoma City Hornets||Los Angeles Clippers""]"
Player,vllm-granite-3-3-8b-instruct,w20,player,56,age,0,1,"[""40"", ""40"", ""40"", ""40"", ""40""]"
Player,vllm-granite-3-3-8b-instruct,w20,player,56,birth_date,0,1,"[""1975/4/2"", ""1975/4/2"", ""1975/4/2"", ""1975/4/2"", ""1975/4/2""]"
Player,vllm-granite-3-3-8b-instruct,w20,player,56,college,0,1,"[""Lansing Community College || Central Michigan University"", ""Lansing Community College || Central Michigan University"", ""Lansing Community College || Central Michigan University"", ""Lansing Community College || Central Michigan University"", ""Lansing Community College || Central Michigan University""]"
Player,vllm-granite-3-3-8b-instruct,w20,player,56,draft_pick,0,1,"["""", """", """", """", """"]"
Player,vllm-granite-3-3-8b-instruct,w20,player,56,draft_year,0,1,"[""2002"", ""2002"", ""2002"", ""2002"", ""2002""]"
Player,vllm-granite-3-3-8b-instruct,w20,player,56,fiba_world_cup,0,1,"[""0"", ""0"", ""0"", ""0"", ""0""]"
Player,vllm-granite-3-3-8b-instruct,w20,player,56,mvp_awards,0,1,"[""0"", ""0"", ""0"", ""0"", ""0""]"
Player,vllm-granite-3-3-8b-instruct,w20,player,56,name,0,1,"[""Nathaniel Thomas Huffman"", ""Nathaniel Thomas Huffman"", ""Nathaniel Thomas Huffman"", ""Nathaniel Thomas Huffman"", ""Nathaniel Thomas Huffman""]"
Player,vllm-granite-3-3-8b-instruct,w20,player,56,nationality,0,1,"[""USA"", ""USA"", ""USA"", ""USA"", ""USA""]"
Player,vllm-granite-3-3-8b-instruct,w20,player,56,nba_championships,0,1,"[""0"", ""0"", ""0"", ""0"", ""0""]"
Player,vllm-granite-3-3-8b-instruct,w20,player,56,olympic_gold_medals,0,1,"[""0"", ""0"", ""0"", ""0"", ""0""]"
Player,vllm-granite-3-3-8b-instruct,w20,player,56,position,0,1,"[""Frontcourt"", ""Frontcourt"", ""Frontcourt"", ""Frontcourt"", ""Frontcourt""]"
Player,vllm-granite-3-3-8b-instruct,w20,player,56,team,0,1,"[""Toronto Raptors"", ""Toronto Raptors"", ""Toronto Raptors"", ""Toronto Raptors"", ""Toronto Raptors""]"
Player,vllm-granite-3-3-8b-instruct,w20,player,57,age,0,1,"[""73"", ""73"", ""73"", ""73"", ""73""]"
Player,vllm-granite-3-3-8b-instruct,w20,player,57,birth_date,0,1,"[""1950/6/13"", ""1950/6/13"", ""1950/6/13"", ""1950/6/13"", ""1950/6/13""]"
Player,vllm-granite-3-3-8b-instruct,w20,player,57,college,0,1,"[""Oregon State University"", ""Oregon State University"", ""Oregon State University"", ""Oregon State University"", ""Oregon State University""]"
Player,vllm-granite-3-3-8b-instruct,w20,player,57,draft_pick,0,1,"[""5"", ""5"", ""5"", ""5"", ""5""]"
Player,vllm-granite-3-3-8b-instruct,w20,player,57,draft_year,0,1,"[""1972"", ""1972"", ""1972"", ""1972"", ""1972""]"
Player,vllm-granite-3-3-8b-instruct,w20,player,57,fiba_world_cup,0,1,"["""", """", """", """", """"]"
Player,vllm-granite-3-3-8b-instruct,w20,player,57,mvp_awards,0,1,"[""0"", ""0"", ""0"", ""0"", ""0""]"
Player,vllm-granite-3-3-8b-instruct,w20,player,57,name,0,1,"[""Freddie L. Boyd"", ""Freddie L. Boyd"", ""Freddie L. Boyd"", ""Freddie L. Boyd"", ""Freddie L. Boyd""]"
Player,vllm-granite-3-3-8b-instruct,w20,player,57,nationality,0,1,"[""USA"", ""USA"", ""USA"", ""USA"", ""USA""]"
Player,vllm-granite-3-3-8b-instruct,w20,player,57,nba_championships,0,1,"["""", """", """", """", """"]"
Player,vllm-granite-3-3-8b-instruct,w20,player,57,olympic_gold_medals,0,1,"["""", """", """", """", """"]"
Player,vllm-granite-3-3-8b-instruct,w20,player,57,position,0,1,"[""Frontcourt"", ""Frontcourt"", ""Frontcourt"", ""Frontcourt"", ""Frontcourt""]"
Player,vllm-granite-3-3-8b-instruct,w20,player,57,team,0,1,"[""Philadelphia 76ers||New Orleans Jazz"", ""Philadelphia 76ers||New Orleans Jazz"", ""Philadelphia 76ers||New Orleans Jazz"", ""Philadelphia 76ers||New Orleans Jazz"", ""Philadelphia 76ers||New Orleans Jazz""]"
Player,vllm-granite-3-3-8b-instruct,w20,player,58,age,0,1,"[""61"", ""61"", ""61"", ""61"", ""61""]"
Player,vllm-granite-3-3-8b-instruct,w20,player,58,birth_date,0,1,"[""1963/12/14"", ""1963/12/14"", ""1963/12/14"", ""1963/12/14"", ""1963/12/14""]"
Player,vllm-granite-3-3-8b-instruct,w20,player,58,college,0,1,"[""University of Memphis"", ""University of Memphis"", ""University of Memphis"", ""University of Memphis"", ""University of Memphis""]"
Player,vllm-granite-3-3-8b-instruct,w20,player,58,draft_pick,0,1,"[""6"", ""6"", ""6"", ""6"", ""6""]"
Player,vllm-granite-3-3-8b-instruct,w20,player,58,draft_year,0,1,"[""1986"", ""1986"", ""1986"", ""1986"", ""1986""]"
Player,vllm-granite-3-3-8b-instruct,w20,player,58,fiba_world_cup,0,1,"["""", """", """", """", """"]"
Player,vllm-granite-3-3-8b-instruct,w20,player,58,mvp_awards,0,1,"[""0"", ""0"", ""0"", ""0"", ""0""]"
Player,vllm-granite-3-3-8b-instruct,w20,player,58,name,0,1,"[""William Bedford"", ""William Bedford"", ""William Bedford"", ""William Bedford"", ""William Bedford""]"
Player,vllm-granite-3-3-8b-instruct,w20,player,58,nationality,0,1,"[""USA"", ""USA"", ""USA"", ""USA"", ""USA""]"
Player,vllm-granite-3-3-8b-instruct,w20,player,58,nba_championships,0,1,"[""2"", ""2"", ""2"", ""2"", ""2""]"
Player,vllm-granite-3-3-8b-instruct,w20,player,58,olympic_gold_medals,0,1,"["""", """", """", """", """"]"
Player,vllm-granite-3-3-8b-instruct,w20,player,58,position,0,1,"[""Frontcourt"", ""Frontcourt"", ""Frontcourt"", ""Frontcourt"", ""Frontcourt""]"
Player,vllm-granite-3-3-8b-instruct,w20,player,58,team,0,1,"[""Phoenix Suns||Detroit Pistons||San Antonio Spurs"", ""Phoenix Suns||Detroit Pistons||San Antonio Spurs"", ""Phoenix Suns||Detroit Pistons||San Antonio Spurs"", ""Phoenix Suns||Detroit Pistons||San Antonio Spurs"", ""Phoenix Suns||Detroit Pistons||San Antonio Spurs""]"
Player,vllm-granite-3-3-8b-instruct,w20,player,59,age,0,1,"[""56"", ""56"", ""56"", ""56"", ""56""]"
Player,vllm-granite-3-3-8b-instruct,w20,player,59,birth_date,0,1,"[""1969/3/31"", ""1969/3/31"", ""1969/3/31"", ""1969/3/31"", ""1969/3/31""]"
Player,vllm-granite-3-3-8b-instruct,w20,player,59,college,0,1,"[""Michigan State University"", ""Michigan State University"", ""Michigan State University"", ""Michigan State University"", ""Michigan State University""]"
Player,vllm-granite-3-3-8b-instruct,w20,player,59,draft_pick,0,1,"[""5"", ""5"", ""5"", ""5"", ""5""]"
Player,vllm-granite-3-3-8b-instruct,w20,player,59,draft_year,0,1,"[""1991"", ""1991"", ""1991"", ""1991"", ""1991""]"
Player,vllm-granite-3-3-8b-instruct,w20,player,59,fiba_world_cup,0,1,"[""1"", ""1"", ""1"", ""1"", ""1""]"
Player,vllm-granite-3-3-8b-instruct,w20,player,59,mvp_awards,0,1,"[""0"", ""0"", ""0"", ""0"", ""0""]"
Player,vllm-granite-3-3-8b-instruct,w20,player,59,name,0,1,"[""Steven Delano Smith"", ""Steven Delano Smith"", ""Steven Delano Smith"", ""Steven Delano Smith"", ""Steven Delano Smith""]"
Player,vllm-granite-3-3-8b-instruct,w20,player,59,nationality,0,1,"[""USA"", ""USA"", ""USA"", ""USA"", ""USA""]"
Player,vllm-granite-3-3-8b-instruct,w20,player,59,nba_championships,0,1,"[""1"", ""1"", ""1"", ""1"", ""1""]"
Player,vllm-granite-3-3-8b-instruct,w20,player,59,olympic_gold_medals,0,1,"[""1"", ""1"", ""1"", ""1"", ""1""]"
Player,vllm-granite-3-3-8b-instruct,w20,player,59,position,0,1,"[""Backcourt"", ""Backcourt"", ""Backcourt"", ""Backcourt"", ""Backcourt""]"
Player,vllm-granite-3-3-8b-instruct,w20,player,59,team,1,2,"[""San Antonio Spurs||New Orleans Hornets||Charlotte Bobcats||Miami Heat"", ""Dallas Mavericks||Washington Bullets||Denver Nuggets||San Antonio Spurs||Philadelphia 76ers||Los Angeles Lakers||Miami Heat||Atlanta Hawks||Portland Trail Blazers||New Orleans Hornets||Charlotte Bobcats"", ""Dallas Mavericks||Washington Bullets||Denver Nuggets||San Antonio Spurs||Philadelphia 76ers||Los Angeles Lakers||Miami Heat||Atlanta Hawks||Portland Trail Blazers||New Orleans Hornets||Charlotte Bobcats"", ""Dallas Mavericks||Washington Bullets||Denver Nuggets||San Antonio Spurs||Philadelphia 76ers||Los Angeles Lakers||Miami Heat||Atlanta Hawks||Portland Trail Blazers||New Orleans Hornets||Charlotte Bobcats"", ""Dallas Mavericks||Washington Bullets||Denver Nuggets||San Antonio Spurs||Philadelphia 76ers||Los Angeles Lakers||Miami Heat||Atlanta Hawks||Portland Trail Blazers||New Orleans Hornets||Charlotte Bobcats""]"
Player,vllm-granite-3-3-8b-instruct,w20,player,60,age,0,1,"[""53"", ""53"", ""53"", ""53"", ""53""]"
Player,vllm-granite-3-3-8b-instruct,w20,player,60,birth_date,0,1,"[""1972/2/6"", ""1972/2/6"", ""1972/2/6"", ""1972/2/6"", ""1972/2/6""]"
Player,vllm-granite-3-3-8b-instruct,w20,player,60,college,0,1,"[""Michigan State"", ""Michigan State"", ""Michigan State"", ""Michigan State"", ""Michigan State""]"
Player,vllm-granite-3-3-8b-instruct,w20,player,60,draft_pick,0,1,"[""8"", ""8"", ""8"", ""8"", ""8""]"
Player,vllm-granite-3-3-8b-instruct,w20,player,60,draft_year,0,1,"[""1995"", ""1995"", ""1995"", ""1995"", ""1995""]"
Player,vllm-granite-3-3-8b-instruct,w20,player,60,fiba_world_cup,0,1,"["""", """", """", """", """"]"
Player,vllm-granite-3-3-8b-instruct,w20,player,60,mvp_awards,0,1,"[""0"", ""0"", ""0"", ""0"", ""0""]"
Player,vllm-granite-3-3-8b-instruct,w20,player,60,name,0,1,"[""Shawn Christopher Respert"", ""Shawn Christopher Respert"", ""Shawn Christopher Respert"", ""Shawn Christopher Respert"", ""Shawn Christopher Respert""]"
Player,vllm-granite-3-3-8b-instruct,w20,player,60,nationality,0,1,"[""USA"", ""USA"", ""USA"", ""USA"", ""USA""]"
Player,vllm-granite-3-3-8b-instruct,w20,player,60,nba_championships,0,1,"["""", """", """", """", """"]"
Player,vllm-granite-3-3-8b-instruct,w20,player,60,olympic_gold_medals,0,1,"["""", """", """", """", """"]"
Player,vllm-granite-3-3-8b-instruct,w20,player,60,position,0,1,"[""Backcourt"", ""Backcourt"", ""Backcourt"", ""Backcourt"", ""Backcourt""]"
Player,vllm-granite-3-3-8b-instruct,w20,player,60,team,1,2,"[""Portland Trail Blazers||Milwaukee Bucks||Toronto Raptors||Dallas Mavericks||Raptors||Phoenix Suns||Los Angeles Lakers"", ""Portland Trail Blazers||Milwaukee Bucks||Toronto Raptors||Dallas Mavericks||Raptors||Phoenix Suns||Los Angeles Lakers"", ""Portland Trail Blazers||Milwaukee Bucks||Toronto Raptors||Dallas Mavericks||Raptors||Phoenix Suns||Los Angeles Lakers"", ""Portland Trail Blazers||Milwaukee Bucks||Toronto Raptors||Dallas Mavericks||Phoenix Suns||Los Angeles Lakers"", ""Portland Trail Blazers||Milwaukee Bucks||Toronto Raptors||Dallas Mavericks||Raptors||Phoenix Suns||Los Angeles Lakers""]"
Player,vllm-granite-3-3-8b-instruct,w20,player,61,age,0,1,"[""59"", ""59"", ""59"", ""59"", ""59""]"
Player,vllm-granite-3-3-8b-instruct,w20,player,61,birth_date,0,1,"[""1966/7/11"", ""1966/7/11"", ""1966/7/11"", ""1966/7/11"", ""1966/7/11""]"
Player,vllm-granite-3-3-8b-instruct,w20,player,61,college,0,1,"[""DePaul University"", ""DePaul University"", ""DePaul University"", ""DePaul University"", ""DePaul University""]"
Player,vllm-granite-3-3-8b-instruct,w20,player,61,draft_pick,0,1,"[""1"", ""1"", ""1"", ""1"", ""1""]"
Player,vllm-granite-3-3-8b-instruct,w20,player,61,draft_year,0,1,"[""1988"", ""1988"", ""1988"", ""1988"", ""1988""]"
Player,vllm-granite-3-3-8b-instruct,w20,player,61,fiba_world_cup,0,1,"["""", """", """", """", """"]"
Player,vllm-granite-3-3-8b-instruct,w20,player,61,mvp_awards,0,1,"[""0"", ""0"", ""0"", ""0"", ""0""]"
Player,vllm-granite-3-3-8b-instruct,w20,player,61,name,0,1,"[""Rodney Strickland"", ""Rodney Strickland"", ""Rodney Strickland"", ""Rodney Strickland"", ""Rodney Strickland""]"
Player,vllm-granite-3-3-8b-instruct,w20,player,61,nationality,0,1,"[""USA"", ""USA"", ""USA"", ""USA"", ""USA""]"
Player,vllm-granite-3-3-8b-instruct,w20,player,61,nba_championships,0,1,"[""0"", ""0"", ""0"", ""0"", ""0""]"
Player,vllm-granite-3-3-8b-instruct,w20,player,61,olympic_gold_medals,0,1,"[""0"", ""0"", ""0"", ""0"", ""0""]"
Player,vllm-granite-3-3-8b-instruct,w20,player,61,position,0,1,"[""Backcourt"", ""Backcourt"", ""Backcourt"", ""Backcourt"", ""Backcourt""]"
Player,vllm-granite-3-3-8b-instruct,w20,player,61,team,0,1,"[""Miami Heat||Minnesota Timberwolves||Orlando Magic||Toronto Raptors||Houston Rockets"", ""Miami Heat||Minnesota Timberwolves||Orlando Magic||Toronto Raptors||Houston Rockets"", ""Miami Heat||Minnesota Timberwolves||Orlando Magic||Toronto Raptors||Houston Rockets"", ""Miami Heat||Minnesota Timberwolves||Orlando Magic||Toronto Raptors||Houston Rockets"", ""Miami Heat||Minnesota Timberwolves||Orlando Magic||Toronto Raptors||Houston Rockets""]"
Player,vllm-granite-3-3-8b-instruct,w20,player,62,age,0,1,"[""89"", ""89"", ""89"", ""89"", ""89""]"
Player,vllm-granite-3-3-8b-instruct,w20,player,62,birth_date,0,1,"[""1929/2/3"", ""1929/2/3"", ""1929/2/3"", ""1929/2/3"", ""1929/2/3""]"
Player,vllm-granite-3-3-8b-instruct,w20,player,62,college,0,1,"[""Bradley University"", ""Bradley University"", ""Bradley University"", ""Bradley University"", ""Bradley University""]"
Player,vllm-granite-3-3-8b-instruct,w20,player,62,draft_pick,0,1,"[""35"", ""35"", ""35"", ""35"", ""35""]"
Player,vllm-granite-3-3-8b-instruct,w20,player,62,draft_year,0,1,"[""1951"", ""1951"", ""1951"", ""1951"", ""1951""]"
Player,vllm-granite-3-3-8b-instruct,w20,player,62,fiba_world_cup,0,1,"["""", """", """", """", """"]"
Player,vllm-granite-3-3-8b-instruct,w20,player,62,mvp_awards,0,1,"[""0"", ""0"", ""0"", ""0"", ""0""]"
Player,vllm-granite-3-3-8b-instruct,w20,player,62,name,0,1,"[""Elmer H. Behnke"", ""Elmer H. Behnke"", ""Elmer H. Behnke"", ""Elmer H. Behnke"", ""Elmer H. Behnke""]"
Player,vllm-granite-3-3-8b-instruct,w20,player,62,nationality,0,1,"[""USA"", ""USA"", ""USA"", ""USA"", ""USA""]"
Player,vllm-granite-3-3-8b-instruct,w20,player,62,nba_championships,0,1,"["""", """", """", """", """"]"
Player,vllm-granite-3-3-8b-instruct,w20,player,62,olympic_gold_medals,0,1,"["""", """", """", """", """"]"
Player,vllm-granite-3-3-8b-instruct,w20,player,62,position,0,1,"[""Backcourt"", ""Backcourt"", ""Backcourt"", ""Backcourt"", ""Backcourt""]"
Player,vllm-granite-3-3-8b-instruct,w20,player,62,team,0,1,"[""Milwaukee Hawks"", ""Milwaukee Hawks"", ""Milwaukee Hawks"", ""Milwaukee Hawks"", ""Milwaukee Hawks""]"
Player,vllm-granite-3-3-8b-instruct,w20,player,63,age,0,1,"[""26"", ""26"", ""26"", ""26"", ""26""]"
Player,vllm-granite-3-3-8b-instruct,w20,player,63,birth_date,0,1,"[""1997/7/9"", ""1997/7/9"", ""1997/7/9"", ""1997/7/9"", ""1997/7/9""]"
Player,vllm-granite-3-3-8b-instruct,w20,player,63,college,0,1,"[""Penn State Nittany Lions"", ""Penn State Nittany Lions"", ""Penn State Nittany Lions"", ""Penn State Nittany Lions"", ""Penn State Nittany Lions""]"
Player,vllm-granite-3-3-8b-instruct,w20,player,63,draft_pick,0,1,"["""", """", """", """", """"]"
Player,vllm-granite-3-3-8b-instruct,w20,player,63,draft_year,0,1,"[""2020"", ""2020"", ""2020"", ""2020"", ""2020""]"
Player,vllm-granite-3-3-8b-instruct,w20,player,63,fiba_world_cup,0,1,"["""", """", """", """", """"]"
Player,vllm-granite-3-3-8b-instruct,w20,player,63,mvp_awards,0,1,"[""0"", ""0"", ""0"", ""0"", ""0""]"
Player,vllm-granite-3-3-8b-instruct,w20,player,63,name,0,1,"[""Lamar Brandon Stevens"", ""Lamar Brandon Stevens"", ""Lamar Brandon Stevens"", ""Lamar Brandon Stevens"", ""Lamar Brandon Stevens""]"
Player,vllm-granite-3-3-8b-instruct,w20,player,63,nationality,0,1,"[""USA"", ""USA"", ""USA"", ""USA"", ""USA""]"
Player,vllm-granite-3-3-8b-instruct,w20,player,63,nba_championships,0,1,"[""0"", ""0"", ""0"", ""0"", ""0""]"
Player,vllm-granite-3-3-8b-instruct,w20,player,63,olympic_gold_medals,0,1,"["""", """", """", """", """"]"
Player,vllm-granite-3-3-8b-instruct,w20,player,63,position,0,1,"[""Frontcourt"", ""Frontcourt"", ""Frontcourt"", ""Frontcourt"", ""Frontcourt""]"
Player,vllm-granite-3-3-8b-instruct,w20,player,63,team,0,1,"[""Memphis Grizzlies"", ""Memphis Grizzlies"", ""Memphis Grizzlies"", ""Memphis Grizzlies"", ""Memphis Grizzlies""]"
Player,vllm-granite-3-3-8b-instruct,w20,player,64,age,0,1,"[""36"", ""36"", ""36"", ""36"", ""36""]"
Player,vllm-granite-3-3-8b-instruct,w20,player,64,birth_date,0,1,"[""1988/7/14"", ""1988/7/14"", ""1988/7/14"", ""1988/7/14"", ""1988/7/14""]"
Player,vllm-granite-3-3-8b-instruct,w20,player,64,college,0,1,"[""Siena"", ""Siena"", ""Siena"", ""Siena"", ""Siena""]"
Player,vllm-granite-3-3-8b-instruct,w20,player,64,draft_pick,0,1,"["""", """", """", """", """"]"
Player,vllm-granite-3-3-8b-instruct,w20,player,64,draft_year,0,1,"[""2010"", ""2010"", ""2010"", ""2010"", ""2010""]"
Player,vllm-granite-3-3-8b-instruct,w20,player,64,fiba_world_cup,0,1,"[""0"", ""0"", ""0"", ""0"", ""0""]"
Player,vllm-granite-3-3-8b-instruct,w20,player,64,mvp_awards,0,1,"[""0"", ""0"", ""0"", ""0"", ""0""]"
Player,vllm-granite-3-3-8b-instruct,w20,player,64,name,0,1,"[""Ronald Moore"", ""Ronald Moore"", ""Ronald Moore"", ""Ronald Moore"", ""Ronald Moore""]"
Player,vllm-granite-3-3-8b-instruct,w20,player,64,nationality,0,1,"[""USA"", ""USA"", ""USA"", ""USA"", ""USA""]"
Player,vllm-granite-3-3-8b-instruct,w20,player,64,nba_championships,0,1,"["""", """", """", """", """"]"
Player,vllm-granite-3-3-8b-instruct,w20,player,64,olympic_gold_medals,0,1,"["""", """", """", """", """"]"
Player,vllm-granite-3-3-8b-instruct,w20,player,64,position,0,1,"[""Backcourt"", ""Backcourt"", ""Backcourt"", ""Backcourt"", ""Backcourt""]"
Player,vllm-granite-3-3-8b-instruct,w20,player,64,team,0,1,"["""", """", """", """", """"]"
Player,vllm-granite-3-3-8b-instruct,w20,player,65,age,0,1,"[""41"", ""41"", ""41"", ""41"", ""41""]"
Player,vllm-granite-3-3-8b-instruct,w20,player,65,birth_date,0,1,"[""1984/02/21"", ""1984/02/21"", ""1984/02/21"", ""1984/02/21"", ""1984/02/21""]"
Player,vllm-granite-3-3-8b-instruct,w20,player,65,college,0,1,"[""Michigan State University"", ""Michigan State University"", ""Michigan State University"", ""Michigan State University"", ""Michigan State University""]"
Player,vllm-granite-3-3-8b-instruct,w20,player,65,draft_pick,1,2,"[""57"", ""57"", ""52"", ""57"", ""57""]"
Player,vllm-granite-3-3-8b-instruct,w20,player,65,draft_year,0,1,"[""2005"", ""2005"", ""2005"", ""2005"", ""2005""]"
Player,vllm-granite-3-3-8b-instruct,w20,player,65,fiba_world_cup,0,1,"[""1"", ""1"", ""1"", ""1"", ""1""]"
Player,vllm-granite-3-3-8b-instruct,w20,player,65,mvp_awards,0,1,"[""0"", ""0"", ""0"", ""0"", ""0""]"
Player,vllm-granite-3-3-8b-instruct,w20,player,65,name,0,1,"[""Erazem Lorbek"", ""Erazem Lorbek"", ""Erazem Lorbek"", ""Erazem Lorbek"", ""Erazem Lorbek""]"
Player,vllm-granite-3-3-8b-instruct,w20,player,65,nationality,0,1,"[""Slovenia"", ""Slovenia"", ""Slovenia"", ""Slovenia"", ""Slovenia""]"
Player,vllm-granite-3-3-8b-instruct,w20,player,65,nba_championships,0,1,"[""0"", ""0"", ""0"", ""0"", ""0""]"
Player,vllm-granite-3-3-8b-instruct,w20,player,65,olympic_gold_medals,0,1,"[""0"", ""0"", ""0"", ""0"", ""0""]"
Player,vllm-granite-3-3-8b-instruct,w20,player,65,position,0,1,"[""Frontcourt"", ""Frontcourt"", ""Frontcourt"", ""Frontcourt"", ""Frontcourt""]"
Player,vllm-granite-3-3-8b-instruct,w20,player,65,team,0,1,"[""San Antonio Spurs||San Antonio Spurs (2016 NBA Summer League)"", ""San Antonio Spurs||San Antonio Spurs (2016 NBA Summer League)"", ""San Antonio Spurs||San Antonio Spurs (2016 NBA Summer League)"", ""San Antonio Spurs||San Antonio Spurs (2016 NBA Summer League)"", ""San Antonio Spurs||San Antonio Spurs (2016 NBA Summer League)""]"
Player,vllm-granite-3-3-8b-instruct,w20,player,66,age,0,1,"[""92"", ""92"", ""92"", ""92"", ""92""]"
Player,vllm-granite-3-3-8b-instruct,w20,player,66,birth_date,0,1,"[""1919/3/23"", ""1919/3/23"", ""1919/3/23"", ""1919/3/23"", ""1919/3/23""]"
Player,vllm-granite-3-3-8b-instruct,w20,player,66,college,0,1,"[""Loyola University in Chicago"", ""Loyola University in Chicago"", ""Loyola University in Chicago"", ""Loyola University in Chicago"", ""Loyola University in Chicago""]"
Player,vllm-granite-3-3-8b-instruct,w20,player,66,draft_pick,0,1,"["""", """", """", """", """"]"
Player,vllm-granite-3-3-8b-instruct,w20,player,66,draft_year,0,1,"["""", """", """", """", """"]"
Player,vllm-granite-3-3-8b-instruct,w20,player,66,fiba_world_cup,0,1,"["""", """", """", """", """"]"
Player,vllm-granite-3-3-8b-instruct,w20,player,66,mvp_awards,0,1,"[""0"", ""0"", ""0"", ""0"", ""0""]"
Player,vllm-granite-3-3-8b-instruct,w20,player,66,name,0,1,"[""Marvin \""Mickey\"" Rottner"", ""Marvin \""Mickey\"" Rottner"", ""Marvin \""Mickey\"" Rottner"", ""Marvin \""Mickey\"" Rottner"", ""Marvin \""Mickey\"" Rottner""]"
Player,vllm-granite-3-3-8b-instruct,w20,player,66,nationality,0,1,"[""USA"", ""USA"", ""USA"", ""USA"", ""USA""]"
Player,vllm-granite-3-3-8b-instruct,w20,player,66,nba_championships,0,1,"["""", """", """", """", """"]"
Player,vllm-granite-3-3-8b-instruct,w20,player,66,olympic_gold_medals,0,1,"["""", """", """", """", """"]"
Player,vllm-granite-3-3-8b-instruct,w20,player,66,position,0,1,"[""Backcourt"", ""Backcourt"", ""Backcourt"", ""Backcourt"", ""Backcourt""]"
Player,vllm-granite-3-3-8b-instruct,w20,player,66,team,0,1,"[""Chicago Stags"", ""Chicago Stags"", ""Chicago Stags"", ""Chicago Stags"", ""Chicago Stags""]"
Player,vllm-granite-3-3-8b-instruct,w20,player,67,age,0,1,"[""26"", ""26"", ""26"", ""26"", ""26""]"
Player,vllm-granite-3-3-8b-instruct,w20,player,67,birth_date,0,1,"[""1998/7/31"", ""1998/7/31"", ""1998/7/31"", ""1998/7/31"", ""1998/7/31""]"
Player,vllm-granite-3-3-8b-instruct,w20,player,67,college,0,1,"[""University of Kentucky"", ""University of Kentucky"", ""University of Kentucky"", ""University of Kentucky"", ""University of Kentucky""]"
Player,vllm-granite-3-3-8b-instruct,w20,player,67,draft_pick,0,1,"[""45"", ""45"", ""45"", ""45"", ""45""]"
Player,vllm-granite-3-3-8b-instruct,w20,player,67,draft_year,0,1,"[""2017"", ""2017"", ""2017"", ""2017"", ""2017""]"
Player,vllm-granite-3-3-8b-instruct,w20,player,67,fiba_world_cup,0,1,"[""0"", ""0"", ""0"", ""0"", ""0""]"
Player,vllm-granite-3-3-8b-instruct,w20,player,67,mvp_awards,0,1,"[""0"", ""0"", ""0"", ""0"", ""0""]"
Player,vllm-granite-3-3-8b-instruct,w20,player,67,name,0,1,"[""Hamidou Diallo"", ""Hamidou Diallo"", ""Hamidou Diallo"", ""Hamidou Diallo"", ""Hamidou Diallo""]"
Player,vllm-granite-3-3-8b-instruct,w20,player,67,nationality,0,1,"[""USA"", ""USA"", ""USA"", ""USA"", ""USA""]"
Player,vllm-granite-3-3-8b-instruct,w20,player,67,nba_championships,0,1,"[""0"", ""0"", ""0"", ""0"", ""0""]"
Player,vllm-granite-3-3-8b-instruct,w20,player,67,olympic_gold_medals,0,1,"[""0"", ""0"", ""0"", ""0"", ""0""]"
Player,vllm-granite-3-3-8b-instruct,w20,player,67,position,0,1,"[""Frontcourt"", ""Frontcourt"", ""Frontcourt"", ""Frontcourt"", ""Frontcourt""]"
Player,vllm-granite-3-3-8b-instruct,w20,player,67,team,0,1,"[""Capital City Go-Go"", ""Capital City Go-Go"", ""Capital City Go-Go"", ""Capital City Go-Go"", ""Capital City Go-Go""]"
Player,vllm-granite-3-3-8b-instruct,w20,player,68,age,0,1,"[""37"", ""37"", ""37"", ""37"", ""37""]"
Player,vllm-granite-3-3-8b-instruct,w20,player,68,birth_date,0,1,"[""1986/8/31"", ""1986/8/31"", ""1986/8/31"", ""1986/8/31"", ""1986/8/31""]"
Player,vllm-granite-3-3-8b-instruct,w20,player,68,college,0,1,"[""Indiana Hoosiers"", ""Indiana Hoosiers"", ""Indiana Hoosiers"", ""Indiana Hoosiers"", ""Indiana Hoosiers""]"
Player,vllm-granite-3-3-8b-instruct,w20,player,68,draft_pick,0,1,"[""29"", ""29"", ""29"", ""29"", ""29""]"
Player,vllm-granite-3-3-8b-instruct,w20,player,68,draft_year,0,1,"[""2008"", ""2008"", ""2008"", ""2008"", ""2008""]"
Player,vllm-granite-3-3-8b-instruct,w20,player,68,fiba_world_cup,0,1,"["""", """", """", """", """"]"
Player,vllm-granite-3-3-8b-instruct,w20,player,68,mvp_awards,0,1,"[""0"", ""0"", ""0"", ""0"", ""0""]"
Player,vllm-granite-3-3-8b-instruct,w20,player,68,name,0,1,"[""Dewayne \""D. J.\"" White, Jr."", ""Dewayne \""D. J.\"" White, Jr."", ""Dewayne \""D. J.\"" White, Jr."", ""Dewayne \""D. J.\"" White, Jr."", ""Dewayne \""D. J.\"" White, Jr.""]"
Player,vllm-granite-3-3-8b-instruct,w20,player,68,nationality,0,1,"[""USA"", ""USA"", ""USA"", ""USA"", ""USA""]"
Player,vllm-granite-3-3-8b-instruct,w20,player,68,nba_championships,0,1,"["""", """", """", """", """"]"
Player,vllm-granite-3-3-8b-instruct,w20,player,68,olympic_gold_medals,1,2,"[""0"", """", ""0"", ""0"", """"]"
Player,vllm-granite-3-3-8b-instruct,w20,player,68,position,0,1,"[""Frontcourt"", ""Frontcourt"", ""Frontcourt"", ""Frontcourt"", ""Frontcourt""]"
Player,vllm-granite-3-3-8b-instruct,w20,player,68,team,0,1,"[""Oklahoma City Blue"", ""Oklahoma City Blue"", ""Oklahoma City Blue"", ""Oklahoma City Blue"", ""Oklahoma City Blue""]"
Player,vllm-granite-3-3-8b-instruct,w20,player,69,age,0,1,"[""59"", ""59"", ""59"", ""59"", ""59""]"
Player,vllm-granite-3-3-8b-instruct,w20,player,69,birth_date,0,1,"[""1965/9/27"", ""1965/9/27"", ""1965/9/27"", ""1965/9/27"", ""1965/9/27""]"
Player,vllm-granite-3-3-8b-instruct,w20,player,69,college,0,1,"[""University of Arizona"", ""University of Arizona"", ""University of Arizona"", ""University of Arizona"", ""University of Arizona""]"
Player,vllm-granite-3-3-8b-instruct,w20,player,69,draft_pick,0,1,"[""50"", ""50"", ""50"", ""50"", ""50""]"
Player,vllm-granite-3-3-8b-instruct,w20,player,69,draft_year,0,1,"[""1988"", ""1988"", ""1988"", ""1988"", ""1988""]"
Player,vllm-granite-3-3-8b-instruct,w20,player,69,fiba_world_cup,0,1,"[""1"", ""1"", ""1"", ""1"", ""1""]"
Player,vllm-granite-3-3-8b-instruct,w20,player,69,mvp_awards,0,1,"[""0"", ""0"", ""0"", ""0"", ""0""]"
Player,vllm-granite-3-3-8b-instruct,w20,player,69,name,0,1,"[""Stephen Douglas Kerr"", ""Stephen Douglas Kerr"", ""Stephen Douglas Kerr"", ""Stephen Douglas Kerr"", ""Stephen Douglas Kerr""]"
Player,vllm-granite-3-3-8b-instruct,w20,player,69,nationality,0,1,"[""USA"", ""USA"", ""USA"", ""USA"", ""USA""]"
Player,vllm-granite-3-3-8b-instruct,w20,player,69,nba_championships,0,1,"[""9"", ""9"", ""9"", ""9"", ""9""]"
Player,vllm-granite-3-3-8b-instruct,w20,player,69,olympic_gold_medals,0,1,"[""4"", ""4"", ""4"", ""4"", ""4""]"
Player,vllm-granite-3-3-8b-instruct,w20,player,69,position,0,1,"[""Backcourt"", ""Backcourt"", ""Backcourt"", ""Backcourt"", ""Backcourt""]"
Player,vllm-granite-3-3-8b-instruct,w20,player,69,team,0,1,"[""Golden State Warriors||U.S. national team"", ""Golden State Warriors||U.S. national team"", ""Golden State Warriors||U.S. national team"", ""Golden State Warriors||U.S. national team"", ""Golden State Warriors||U.S. national team""]"
Player,vllm-granite-3-3-8b-instruct,w20,player,70,age,0,1,"[""56"", ""56"", ""56"", ""56"", ""56""]"
Player,vllm-granite-3-3-8b-instruct,w20,player,70,birth_date,0,1,"[""1968/10/3"", ""1968/10/3"", ""1968/10/3"", ""1968/10/3"", ""1968/10/3""]"
Player,vllm-granite-3-3-8b-instruct,w20,player,70,college,1,2,"[""UCLA || UTEP"", ""UTEP"", ""UCLA || UTEP"", ""UTEP"", ""UTEP""]"
Player,vllm-granite-3-3-8b-instruct,w20,player,70,draft_pick,0,1,"[""35"", ""35"", ""35"", ""35"", ""35""]"
Player,vllm-granite-3-3-8b-instruct,w20,player,70,draft_year,0,1,"[""1990"", ""1990"", ""1990"", ""1990"", ""1990""]"
Player,vllm-granite-3-3-8b-instruct,w20,player,70,fiba_world_cup,0,1,"["""", """", """", """", """"]"
Player,vllm-granite-3-3-8b-instruct,w20,player,70,mvp_awards,0,1,"[""0"", ""0"", ""0"", ""0"", ""0""]"
Player,vllm-granite-3-3-8b-instruct,w20,player,70,name,0,1,"[""Gregory Clinton Foster"", ""Gregory Clinton Foster"", ""Gregory Clinton Foster"", ""Gregory Clinton Foster"", ""Gregory Clinton Foster""]"
Player,vllm-granite-3-3-8b-instruct,w20,player,70,nationality,0,1,"[""USA"", ""USA"", ""USA"", ""USA"", ""USA""]"
Player,vllm-granite-3-3-8b-instruct,w20,player,70,nba_championships,0,1,"[""1"", ""1"", ""1"", ""1"", ""1""]"
Player,vllm-granite-3-3-8b-instruct,w20,player,70,olympic_gold_medals,0,1,"["""", """", """", """", """"]"
Player,vllm-granite-3-3-8b-instruct,w20,player,70,position,0,1,"[""Frontcourt"", ""Frontcourt"", ""Frontcourt"", ""Frontcourt"", ""Frontcourt""]"
Player,vllm-granite-3-3-8b-instruct,w20,player,70,team,0,1,"[""Indiana Pacers"", ""Indiana Pacers"", ""Indiana Pacers"", ""Indiana Pacers"", ""Indiana Pacers""]"
Player,vllm-granite-3-3-8b-instruct,w20,player,71,age,0,1,"[""80"", ""80"", ""80"", ""80"", ""80""]"
Player,vllm-granite-3-3-8b-instruct,w20,player,71,birth_date,0,1,"[""1944/8/8"", ""1944/8/8"", ""1944/8/8"", ""1944/8/8"", ""1944/8/8""]"
Player,vllm-granite-3-3-8b-instruct,w20,player,71,college,0,1,"[""University of Southern California"", ""University of Southern California"", ""University of Southern California"", ""University of Southern California"", ""University of Southern California""]"
Player,vllm-granite-3-3-8b-instruct,w20,player,71,draft_pick,0,1,"["""", """", """", """", """"]"
Player,vllm-granite-3-3-8b-instruct,w20,player,71,draft_year,0,1,"[""1968"", ""1968"", ""1968"", ""1968"", ""1968""]"
Player,vllm-granite-3-3-8b-instruct,w20,player,71,fiba_world_cup,0,1,"["""", """", """", """", """"]"
Player,vllm-granite-3-3-8b-instruct,w20,player,71,mvp_awards,0,1,"[""0"", ""0"", ""0"", ""0"", ""0""]"
Player,vllm-granite-3-3-8b-instruct,w20,player,71,name,0,1,"[""William Severlyn Hewitt"", ""William Severlyn Hewitt"", ""William Severlyn Hewitt"", ""William Severlyn Hewitt"", ""William Severlyn Hewitt""]"
Player,vllm-granite-3-3-8b-instruct,w20,player,71,nationality,0,1,"[""USA"", ""USA"", ""USA"", ""USA"", ""USA""]"
Player,vllm-granite-3-3-8b-instruct,w20,player,71,nba_championships,0,1,"["""", """", """", """", """"]"
Player,vllm-granite-3-3-8b-instruct,w20,player,71,olympic_gold_medals,0,1,"["""", """", """", """", """"]"
Player,vllm-granite-3-3-8b-instruct,w20,player,71,position,0,1,"[""Frontcourt"", ""Frontcourt"", ""Frontcourt"", ""Frontcourt"", ""Frontcourt""]"
Player,vllm-granite-3-3-8b-instruct,w20,player,71,team,0,1,"[""Los Angeles Lakers||Detroit Pistons||Buffalo Braves||Chicago Bulls"", ""Los Angeles Lakers||Detroit Pistons||Buffalo Braves||Chicago Bulls"", ""Los Angeles Lakers||Detroit Pistons||Buffalo Braves||Chicago Bulls"", ""Los Angeles Lakers||Detroit Pistons||Buffalo Braves||Chicago Bulls"", ""Los Angeles Lakers||Detroit Pistons||Buffalo Braves||Chicago Bulls""]"
Player,vllm-granite-3-3-8b-instruct,w20,player,72,age,0,1,"[""34"", ""34"", ""34"", ""34"", ""34""]"
Player,vllm-granite-3-3-8b-instruct,w20,player,72,birth_date,0,1,"[""1981/3/23"", ""1981/3/23"", ""1981/3/23"", ""1981/3/23"", ""1981/3/23""]"
Player,vllm-granite-3-3-8b-instruct,w20,player,72,college,0,1,"[""University of North Carolina at Chapel Hill"", ""University of North Carolina at Chapel Hill"", ""University of North Carolina at Chapel Hill"", ""University of North Carolina at Chapel Hill"", ""University of North Carolina at Chapel Hill""]"
Player,vllm-granite-3-3-8b-instruct,w20,player,72,draft_pick,0,1,"[""21"", ""21"", ""21"", ""21"", ""21""]"
Player,vllm-granite-3-3-8b-instruct,w20,player,72,draft_year,0,1,"[""2001"", ""2001"", ""2001"", ""2001"", ""2001""]"
Player,vllm-granite-3-3-8b-instruct,w20,player,72,fiba_world_cup,0,1,"[""0"", ""0"", ""0"", ""0"", ""0""]"
Player,vllm-granite-3-3-8b-instruct,w20,player,72,mvp_awards,0,1,"[""0"", ""0"", ""0"", ""0"", ""0""]"
Player,vllm-granite-3-3-8b-instruct,w20,player,72,name,0,1,"[""Joseph Xavier Forte"", ""Joseph Xavier Forte"", ""Joseph Xavier Forte"", ""Joseph Xavier Forte"", ""Joseph Xavier Forte""]"
Player,vllm-granite-3-3-8b-instruct,w20,player,72,nationality,0,1,"[""USA"", ""USA"", ""USA"", ""USA"", ""USA""]"
Player,vllm-granite-3-3-8b-instruct,w20,player,72,nba_championships,0,1,"[""0"", ""0"", ""0"", ""0"", ""0""]"
Player,vllm-granite-3-3-8b-instruct,w20,player,72,olympic_gold_medals,0,1,"[""0"", ""0"", ""0"", ""0"", ""0""]"
Player,vllm-granite-3-3-8b-instruct,w20,player,72,position,0,1,"[""Backcourt"", ""Backcourt"", ""Backcourt"", ""Backcourt"", ""Backcourt""]"
Player,vllm-granite-3-3-8b-instruct,w20,player,72,team,0,1,"[""Boston Celtics||Seattle SuperSonics"", ""Boston Celtics||Seattle SuperSonics"", ""Boston Celtics||Seattle SuperSonics"", ""Boston Celtics||Seattle SuperSonics"", ""Boston Celtics||Seattle SuperSonics""]"
Player,vllm-granite-3-3-8b-instruct,w20,player,73,age,1,2,"[""58"", ""57"", ""57"", ""57"", ""57""]"
Player,vllm-granite-3-3-8b-instruct,w20,player,73,birth_date,0,1,"[""1967/4/24"", ""1967/4/24"", ""1967/4/24"", ""1967/4/24"", ""1967/4/24""]"
Player,vllm-granite-3-3-8b-instruct,w20,player,73,college,1,3,"[""Split || Jugoplastika (formerly) || Virtus Roma || Panathinaikos || Olympiacos || Cibona || Southeast Missouri State University (mentioned in the first context)"", ""Southeast Missouri State University || Michigan State University"", ""Southeast Missouri State University || Michigan State University"", ""Southeast Missouri State University || Michigan State University"", ""Split || Jugoplastika""]"
Player,vllm-granite-3-3-8b-instruct,w20,player,73,draft_pick,0,1,"[""40"", ""40"", ""40"", ""40"", ""40""]"
Player,vllm-granite-3-3-8b-instruct,w20,player,73,draft_year,0,1,"[""1989"", ""1989"", ""1989"", ""1989"", ""1989""]"
Player,vllm-granite-3-3-8b-instruct,w20,player,73,fiba_world_cup,0,1,"[""1"", ""1"", ""1"", ""1"", ""1""]"
Player,vllm-granite-3-3-8b-instruct,w20,player,73,mvp_awards,0,1,"[""0"", ""0"", ""0"", ""0"", ""0""]"
Player,vllm-granite-3-3-8b-instruct,w20,player,73,name,0,1,"[""Dino Ra\u0111a"", ""Dino Ra\u0111a"", ""Dino Ra\u0111a"", ""Dino Ra\u0111a"", ""Dino Ra\u0111a""]"
Player,vllm-granite-3-3-8b-instruct,w20,player,73,nationality,0,1,"[""Croatia"", ""Croatia"", ""Croatia"", ""Croatia"", ""Croatia""]"
Player,vllm-granite-3-3-8b-instruct,w20,player,73,nba_championships,0,1,"[""0"", ""0"", ""0"", ""0"", ""0""]"
Player,vllm-granite-3-3-8b-instruct,w20,player,73,olympic_gold_medals,0,1,"[""0"", ""0"", ""0"", ""0"", ""0""]"
Player,vllm-granite-3-3-8b-instruct,w20,player,73,position,0,1,"[""Frontcourt"", ""Frontcourt"", ""Frontcourt"", ""Frontcourt"", ""Frontcourt""]"
Player,vllm-granite-3-3-8b-instruct,w20,player,73,team,0,1,"[""Boston Celtics||Philadelphia 76ers||Los Angeles Lakers"", ""Boston Celtics||Philadelphia 76ers||Los Angeles Lakers"", ""Boston Celtics||Philadelphia 76ers||Los Angeles Lakers"", ""Boston Celtics||Philadelphia 76ers||Los Angeles Lakers"", ""Boston Celtics||Philadelphia 76ers||Los Angeles Lakers""]"
Player,vllm-granite-3-3-8b-instruct,w20,player,74,age,0,1,"[""66"", ""66"", ""66"", ""66"", ""66""]"
Player,vllm-granite-3-3-8b-instruct,w20,player,74,birth_date,0,1,"[""1959/7/5"", ""1959/7/5"", ""1959/7/5"", ""1959/7/5"", ""1959/7/5""]"
Player,vllm-granite-3-3-8b-instruct,w20,player,74,college,0,1,"[""Oregon State University"", ""Oregon State University"", ""Oregon State University"", ""Oregon State University"", ""Oregon State University""]"
Player,vllm-granite-3-3-8b-instruct,w20,player,74,draft_pick,0,1,"[""53"", ""53"", ""53"", ""53"", ""53""]"
Player,vllm-granite-3-3-8b-instruct,w20,player,74,draft_year,0,1,"[""1981"", ""1981"", ""1981"", ""1981"", ""1981""]"
Player,vllm-granite-3-3-8b-instruct,w20,player,74,fiba_world_cup,0,1,"["""", """", """", """", """"]"
Player,vllm-granite-3-3-8b-instruct,w20,player,74,mvp_awards,0,1,"[""0"", ""0"", ""0"", ""0"", ""0""]"
Player,vllm-granite-3-3-8b-instruct,w20,player,74,name,0,1,"[""Mark Jeffrey Radford"", ""Mark Jeffrey Radford"", ""Mark Jeffrey Radford"", ""Mark Jeffrey Radford"", ""Mark Jeffrey Radford""]"
Player,vllm-granite-3-3-8b-instruct,w20,player,74,nationality,0,1,"[""USA"", ""USA"", ""USA"", ""USA"", ""USA""]"
Player,vllm-granite-3-3-8b-instruct,w20,player,74,nba_championships,0,1,"["""", """", """", """", """"]"
Player,vllm-granite-3-3-8b-instruct,w20,player,74,olympic_gold_medals,0,1,"["""", """", """", """", """"]"
Player,vllm-granite-3-3-8b-instruct,w20,player,74,position,0,1,"[""Backcourt"", ""Backcourt"", ""Backcourt"", ""Backcourt"", ""Backcourt""]"
Player,vllm-granite-3-3-8b-instruct,w20,player,74,team,0,1,"[""Seattle SuperSonics"", ""Seattle SuperSonics"", ""Seattle SuperSonics"", ""Seattle SuperSonics"", ""Seattle SuperSonics""]"
Player,vllm-granite-3-3-8b-instruct,w20,player,75,age,0,1,"[""35"", ""35"", ""35"", ""35"", ""35""]"
Player,vllm-granite-3-3-8b-instruct,w20,player,75,birth_date,0,1,"[""1990/7/31"", ""1990/7/31"", ""1990/7/31"", ""1990/7/31"", ""1990/7/31""]"
Player,vllm-granite-3-3-8b-instruct,w20,player,75,college,0,1,"[""Aris || Olympiacos || FC Barcelona || Houston Rockets || Denver Nuggets"", ""Aris || Olympiacos || FC Barcelona || Houston Rockets || Denver Nuggets"", ""Aris || Olympiacos || FC Barcelona || Houston Rockets || Denver Nuggets"", ""Aris || Olympiacos || FC Barcelona || Houston Rockets || Denver Nuggets"", ""Aris || Olympiacos || FC Barcelona || Houston Rockets || Denver Nuggets""]"
Player,vllm-granite-3-3-8b-instruct,w20,player,75,draft_pick,0,1,"[""48"", ""48"", ""48"", ""48"", ""48""]"
Player,vllm-granite-3-3-8b-instruct,w20,player,75,draft_year,0,1,"[""2012"", ""2012"", ""2012"", ""2012"", ""2012""]"
Player,vllm-granite-3-3-8b-instruct,w20,player,75,fiba_world_cup,0,1,"[""1"", ""1"", ""1"", ""1"", ""1""]"
Player,vllm-granite-3-3-8b-instruct,w20,player,75,mvp_awards,0,1,"[""0"", ""0"", ""0"", ""0"", ""0""]"
Player,vllm-granite-3-3-8b-instruct,w20,player,75,name,0,1,"[""Konstantinos \""Kostas\"" Papanikolaou"", ""Konstantinos \""Kostas\"" Papanikolaou"", ""Konstantinos \""Kostas\"" Papanikolaou"", ""Konstantinos \""Kostas\"" Papanikolaou"", ""Konstantinos \""Kostas\"" Papanikolaou""]"
Player,vllm-granite-3-3-8b-instruct,w20,player,75,nationality,0,1,"[""Greece"", ""Greece"", ""Greece"", ""Greece"", ""Greece""]"
Player,vllm-granite-3-3-8b-instruct,w20,player,75,nba_championships,0,1,"[""0"", ""0"", ""0"", ""0"", ""0""]"
Player,vllm-granite-3-3-8b-instruct,w20,player,75,olympic_gold_medals,0,1,"[""2"", ""2"", ""2"", ""2"", ""2""]"
Player,vllm-granite-3-3-8b-instruct,w20,player,75,position,0,1,"[""Frontcourt"", ""Frontcourt"", ""Frontcourt"", ""Frontcourt"", ""Frontcourt""]"
Player,vllm-granite-3-3-8b-instruct,w20,player,75,team,0,1,"[""Olympiacos"", ""Olympiacos"", ""Olympiacos"", ""Olympiacos"", ""Olympiacos""]"
Player,vllm-granite-3-3-8b-instruct,w20,player,76,age,0,1,"[""65"", ""65"", ""65"", ""65"", ""65""]"
Player,vllm-granite-3-3-8b-instruct,w20,player,76,birth_date,0,1,"[""1959/7/3"", ""1959/7/3"", ""1959/7/3"", ""1959/7/3"", ""1959/7/3""]"
Player,vllm-granite-3-3-8b-instruct,w20,player,76,college,1,2,"[""The context provided does not mention the college that Garrett David Witts attended. Therefore, the answer is:"", """", """", """", ""The context provided does not mention the college that Garrett David Witts attended. Therefore, the answer is:""]"
Player,vllm-granite-3-3-8b-instruct,w20,player,76,draft_pick,0,1,"["""", """", """", """", """"]"
Player,vllm-granite-3-3-8b-instruct,w20,player,76,draft_year,0,1,"["""", """", """", """", """"]"
Player,vllm-granite-3-3-8b-instruct,w20,player,76,fiba_world_cup,0,1,"["""", """", """", """", """"]"
Player,vllm-granite-3-3-8b-instruct,w20,player,76,mvp_awards,0,1,"[""0"", ""0"", ""0"", ""0"", ""0""]"
Player,vllm-granite-3-3-8b-instruct,w20,player,76,name,0,1,"[""Garrett David Witts"", ""Garrett David Witts"", ""Garrett David Witts"", ""Garrett David Witts"", ""Garrett David Witts""]"
Player,vllm-granite-3-3-8b-instruct,w20,player,76,nationality,0,1,"[""USA"", ""USA"", ""USA"", ""USA"", ""USA""]"
Player,vllm-granite-3-3-8b-instruct,w20,player,76,nba_championships,0,1,"["""", """", """", """", """"]"
Player,vllm-granite-3-3-8b-instruct,w20,player,76,olympic_gold_medals,0,1,"["""", """", """", """", """"]"
Player,vllm-granite-3-3-8b-instruct,w20,player,76,position,0,1,"[""Backcourt"", ""Backcourt"", ""Backcourt"", ""Backcourt"", ""Backcourt""]"
Player,vllm-granite-3-3-8b-instruct,w20,player,76,team,0,1,"[""Washington Bullets"", ""Washington Bullets"", ""Washington Bullets"", ""Washington Bullets"", ""Washington Bullets""]"
Player,vllm-granite-3-3-8b-instruct,w20,player,77,age,0,1,"[""23"", ""23"", ""23"", ""23"", ""23""]"
Player,vllm-granite-3-3-8b-instruct,w20,player,77,birth_date,0,1,"[""2002/7/30"", ""2002/7/30"", ""2002/7/30"", ""2002/7/30"", ""2002/7/30""]"
Player,vllm-granite-3-3-8b-instruct,w20,player,77,college,0,1,"[""Colorado Buffaloes"", ""Colorado Buffaloes"", ""Colorado Buffaloes"", ""Colorado Buffaloes"", ""Colorado Buffaloes""]"
Player,vllm-granite-3-3-8b-instruct,w20,player,77,draft_pick,0,1,"[""57"", ""57"", ""57"", ""57"", ""57""]"
Player,vllm-granite-3-3-8b-instruct,w20,player,77,draft_year,0,1,"[""2022"", ""2022"", ""2022"", ""2022"", ""2022""]"
Player,vllm-granite-3-3-8b-instruct,w20,player,77,fiba_world_cup,0,1,"["""", """", """", """", """"]"
Player,vllm-granite-3-3-8b-instruct,w20,player,77,mvp_awards,0,1,"[""0"", ""0"", ""0"", ""0"", ""0""]"
Player,vllm-granite-3-3-8b-instruct,w20,player,77,name,0,1,"[""Jabari Dominic Walker"", ""Jabari Dominic Walker"", ""Jabari Dominic Walker"", ""Jabari Dominic Walker"", ""Jabari Dominic Walker""]"
Player,vllm-granite-3-3-8b-instruct,w20,player,77,nationality,0,1,"[""USA"", ""USA"", ""USA"", ""USA"", ""USA""]"
Player,vllm-granite-3-3-8b-instruct,w20,player,77,nba_championships,0,1,"["""", """", """", """", """"]"
Player,vllm-granite-3-3-8b-instruct,w20,player,77,olympic_gold_medals,0,1,"["""", """", """", """", """"]"
Player,vllm-granite-3-3-8b-instruct,w20,player,77,position,0,1,"[""Frontcourt"", ""Frontcourt"", ""Frontcourt"", ""Frontcourt"", ""Frontcourt""]"
Player,vllm-granite-3-3-8b-instruct,w20,player,77,team,0,1,"[""Portland Trail Blazers"", ""Portland Trail Blazers"", ""Portland Trail Blazers"", ""Portland Trail Blazers"", ""Portland Trail Blazers""]"
Player,vllm-granite-3-3-8b-instruct,w20,player,78,age,0,1,"[""27"", ""27"", ""27"", ""27"", ""27""]"
Player,vllm-granite-3-3-8b-instruct,w20,player,78,birth_date,0,1,"[""1996/10/08"", ""1996/10/08"", ""1996/10/08"", ""1996/10/08"", ""1996/10/08""]"
Player,vllm-granite-3-3-8b-instruct,w20,player,78,college,0,1,"[""UNC Wilmington"", ""UNC Wilmington"", ""UNC Wilmington"", ""UNC Wilmington"", ""UNC Wilmington""]"
Player,vllm-granite-3-3-8b-instruct,w20,player,78,draft_pick,0,1,"["""", """", """", """", """"]"
Player,vllm-granite-3-3-8b-instruct,w20,player,78,draft_year,0,1,"[""2019"", ""2019"", ""2019"", ""2019"", ""2019""]"
Player,vllm-granite-3-3-8b-instruct,w20,player,78,fiba_world_cup,0,1,"["""", """", """", """", """"]"
Player,vllm-granite-3-3-8b-instruct,w20,player,78,mvp_awards,0,1,"[""0"", ""0"", ""0"", ""0"", ""0""]"
Player,vllm-granite-3-3-8b-instruct,w20,player,78,name,0,1,"[""Devontae Calvin Cacok"", ""Devontae Calvin Cacok"", ""Devontae Calvin Cacok"", ""Devontae Calvin Cacok"", ""Devontae Calvin Cacok""]"
Player,vllm-granite-3-3-8b-instruct,w20,player,78,nationality,0,1,"[""USA"", ""USA"", ""USA"", ""USA"", ""USA""]"
Player,vllm-granite-3-3-8b-instruct,w20,player,78,nba_championships,0,1,"[""0"", ""0"", ""0"", ""0"", ""0""]"
Player,vllm-granite-3-3-8b-instruct,w20,player,78,olympic_gold_medals,0,1,"[""0"", ""0"", ""0"", ""0"", ""0""]"
Player,vllm-granite-3-3-8b-instruct,w20,player,78,position,0,1,"[""Frontcourt"", ""Frontcourt"", ""Frontcourt"", ""Frontcourt"", ""Frontcourt""]"
Player,vllm-granite-3-3-8b-instruct,w20,player,78,team,0,1,"[""Virtus Bologna"", ""Virtus Bologna"", ""Virtus Bologna"", ""Virtus Bologna"", ""Virtus Bologna""]"
Player,vllm-granite-3-3-8b-instruct,w20,player,79,age,0,1,"[""29"", ""29"", ""29"", ""29"", ""29""]"
Player,vllm-granite-3-3-8b-instruct,w20,player,79,birth_date,0,1,"[""1995/10/2"", ""1995/10/2"", ""1995/10/2"", ""1995/10/2"", ""1995/10/2""]"
Player,vllm-granite-3-3-8b-instruct,w20,player,79,college,0,1,"[""UCF Knights || Florida Gulf Coast Eagles"", ""UCF Knights || Florida Gulf Coast Eagles"", ""UCF Knights || Florida Gulf Coast Eagles"", ""UCF Knights || Florida Gulf Coast Eagles"", ""UCF Knights || Florida Gulf Coast Eagles""]"
Player,vllm-granite-3-3-8b-instruct,w20,player,79,draft_pick,0,1,"["""", """", """", """", """"]"
Player,vllm-granite-3-3-8b-instruct,w20,player,79,draft_year,0,1,"[""2018"", ""2018"", ""2018"", ""2018"", ""2018""]"
Player,vllm-granite-3-3-8b-instruct,w20,player,79,fiba_world_cup,0,1,"["""", """", """", """", """"]"
Player,vllm-granite-3-3-8b-instruct,w20,player,79,mvp_awards,0,1,"[""0"", ""0"", ""0"", ""0"", ""0""]"
Player,vllm-granite-3-3-8b-instruct,w20,player,79,name,0,1,"[""Brandon Goodwin"", ""Brandon Goodwin"", ""Brandon Goodwin"", ""Brandon Goodwin"", ""Brandon Goodwin""]"
Player,vllm-granite-3-3-8b-instruct,w20,player,79,nationality,0,1,"[""USA"", ""USA"", ""USA"", ""USA"", ""USA""]"
Player,vllm-granite-3-3-8b-instruct,w20,player,79,nba_championships,0,1,"[""0"", ""0"", ""0"", ""0"", ""0""]"
Player,vllm-granite-3-3-8b-instruct,w20,player,79,olympic_gold_medals,0,1,"[""0"", ""0"", ""0"", ""0"", ""0""]"
Player,vllm-granite-3-3-8b-instruct,w20,player,79,position,0,1,"[""Backcourt"", ""Backcourt"", ""Backcourt"", ""Backcourt"", ""Backcourt""]"
Player,vllm-granite-3-3-8b-instruct,w20,player,79,team,0,1,"[""Cangrejeros de Santurce||Gigantes de Carolina"", ""Cangrejeros de Santurce||Gigantes de Carolina"", ""Cangrejeros de Santurce||Gigantes de Carolina"", ""Cangrejeros de Santurce||Gigantes de Carolina"", ""Cangrejeros de Santurce||Gigantes de Carolina""]"
Player,vllm-granite-3-3-8b-instruct,w20,player,80,age,0,1,"[""91"", ""91"", ""91"", ""91"", ""91""]"
Player,vllm-granite-3-3-8b-instruct,w20,player,80,birth_date,0,1,"[""1933/1/20"", ""1933/1/20"", ""1933/1/20"", ""1933/1/20"", ""1933/1/20""]"
Player,vllm-granite-3-3-8b-instruct,w20,player,80,college,0,1,"[""Notre Dame"", ""Notre Dame"", ""Notre Dame"", ""Notre Dame"", ""Notre Dame""]"
Player,vllm-granite-3-3-8b-instruct,w20,player,80,draft_pick,0,1,"[""1"", ""1"", ""1"", ""1"", ""1""]"
Player,vllm-granite-3-3-8b-instruct,w20,player,80,draft_year,0,1,"[""1954"", ""1954"", ""1954"", ""1954"", ""1954""]"
Player,vllm-granite-3-3-8b-instruct,w20,player,80,fiba_world_cup,0,1,"["""", """", """", """", """"]"
Player,vllm-granite-3-3-8b-instruct,w20,player,80,mvp_awards,0,1,"[""0"", ""0"", ""0"", ""0"", ""0""]"
Player,vllm-granite-3-3-8b-instruct,w20,player,80,name,0,1,"[""Richard Anthony Rosenthal"", ""Richard Anthony Rosenthal"", ""Richard Anthony Rosenthal"", ""Richard Anthony Rosenthal"", ""Richard Anthony Rosenthal""]"
Player,vllm-granite-3-3-8b-instruct,w20,player,80,nationality,0,1,"[""USA"", ""USA"", ""USA"", ""USA"", ""USA""]"
Player,vllm-granite-3-3-8b-instruct,w20,player,80,nba_championships,0,1,"["""", """", """", """", """"]"
Player,vllm-granite-3-3-8b-instruct,w20,player,80,olympic_gold_medals,0,1,"["""", """", """", """", """"]"
Player,vllm-granite-3-3-8b-instruct,w20,player,80,position,0,1,"[""Frontcourt"", ""Frontcourt"", ""Frontcourt"", ""Frontcourt"", ""Frontcourt""]"
Player,vllm-granite-3-3-8b-instruct,w20,player,80,team,0,1,"[""Fort Wayne Pistons"", ""Fort Wayne Pistons"", ""Fort Wayne Pistons"", ""Fort Wayne Pistons"", ""Fort Wayne Pistons""]"
Player,vllm-granite-3-3-8b-instruct,w20,player,81,age,0,1,"[""42"", ""42"", ""42"", ""42"", ""42""]"
Player,vllm-granite-3-3-8b-instruct,w20,player,81,birth_date,0,1,"[""1980/3/20"", ""1980/3/20"", ""1980/3/20"", ""1980/3/20"", ""1980/3/20""]"
Player,vllm-granite-3-3-8b-instruct,w20,player,81,college,0,1,"[""University of Michigan"", ""University of Michigan"", ""University of Michigan"", ""University of Michigan"", ""University of Michigan""]"
Player,vllm-granite-3-3-8b-instruct,w20,player,81,draft_pick,0,1,"[""8"", ""8"", ""8"", ""8"", ""8""]"
Player,vllm-granite-3-3-8b-instruct,w20,player,81,draft_year,0,1,"[""2000"", ""2000"", ""2000"", ""2000"", ""2000""]"
Player,vllm-granite-3-3-8b-instruct,w20,player,81,fiba_world_cup,0,1,"[""1"", ""1"", ""1"", ""1"", ""1""]"
Player,vllm-granite-3-3-8b-instruct,w20,player,81,mvp_awards,0,1,"[""0"", ""0"", ""0"", ""0"", ""0""]"
Player,vllm-granite-3-3-8b-instruct,w20,player,81,name,0,1,"[""Aaron Jamal Crawford"", ""Aaron Jamal Crawford"", ""Aaron Jamal Crawford"", ""Aaron Jamal Crawford"", ""Aaron Jamal Crawford""]"
Player,vllm-granite-3-3-8b-instruct,w20,player,81,nationality,0,1,"[""USA"", ""USA"", ""USA"", ""USA"", ""USA""]"
Player,vllm-granite-3-3-8b-instruct,w20,player,81,nba_championships,0,1,"[""0"", ""0"", ""0"", ""0"", ""0""]"
Player,vllm-granite-3-3-8b-instruct,w20,player,81,olympic_gold_medals,0,1,"[""0"", ""0"", ""0"", ""0"", ""0""]"
Player,vllm-granite-3-3-8b-instruct,w20,player,81,position,0,1,"[""Backcourt"", ""Backcourt"", ""Backcourt"", ""Backcourt"", ""Backcourt""]"
Player,vllm-granite-3-3-8b-instruct,w20,player,81,team,0,1,"[""Brooklyn Nets||"", ""Brooklyn Nets||"", ""Brooklyn Nets||"", ""Brooklyn Nets||"", ""Brooklyn Nets||""]"
Player,vllm-granite-3-3-8b-instruct,w20,player,82,age,0,1,"[""33"", ""33"", ""33"", ""33"", ""33""]"
Player,vllm-granite-3-3-8b-instruct,w20,player,82,birth_date,0,1,"[""1988/10/23"", ""1988/10/23"", ""1988/10/23"", ""1988/10/23"", ""1988/10/23""]"
Player,vllm-granite-3-3-8b-instruct,w20,player,82,college,0,1,"[""Indiana University || Xavier University"", ""Indiana University || Xavier University"", ""Indiana University || Xavier University"", ""Indiana University || Xavier University"", ""Indiana University || Xavier University""]"
Player,vllm-granite-3-3-8b-instruct,w20,player,82,draft_pick,0,1,"[""27"", ""27"", ""27"", ""27"", ""27""]"
Player,vllm-granite-3-3-8b-instruct,w20,player,82,draft_year,0,1,"[""2010"", ""2010"", ""2010"", ""2010"", ""2010""]"
Player,vllm-granite-3-3-8b-instruct,w20,player,82,fiba_world_cup,1,2,"[""1"", ""0"", ""0"", ""1"", ""0""]"
Player,vllm-granite-3-3-8b-instruct,w20,player,82,mvp_awards,0,1,"[""0"", ""0"", ""0"", ""0"", ""0""]"
Player,vllm-granite-3-3-8b-instruct,w20,player,82,name,0,1,"[""Jordan Lee Crawford"", ""Jordan Lee Crawford"", ""Jordan Lee Crawford"", ""Jordan Lee Crawford"", ""Jordan Lee Crawford""]"
Player,vllm-granite-3-3-8b-instruct,w20,player,82,nationality,0,1,"[""USA"", ""USA"", ""USA"", ""USA"", ""USA""]"
Player,vllm-granite-3-3-8b-instruct,w20,player,82,nba_championships,0,1,"["""", """", """", """", """"]"
Player,vllm-granite-3-3-8b-instruct,w20,player,82,olympic_gold_medals,0,1,"[""0"", ""0"", ""0"", ""0"", ""0""]"
Player,vllm-granite-3-3-8b-instruct,w20,player,82,position,0,1,"[""Backcourt"", ""Backcourt"", ""Backcourt"", ""Backcourt"", ""Backcourt""]"
Player,vllm-granite-3-3-8b-instruct,w20,player,82,team,0,1,"[""Gigantes de Carolina"", ""Gigantes de Carolina"", ""Gigantes de Carolina"", ""Gigantes de Carolina"", ""Gigantes de Carolina""]"
Player,vllm-granite-3-3-8b-instruct,w20,player,83,age,0,1,"[""60"", ""60"", ""60"", ""60"", ""60""]"
Player,vllm-granite-3-3-8b-instruct,w20,player,83,birth_date,0,1,"[""1964/10/30"", ""1964/10/30"", ""1964/10/30"", ""1964/10/30"", ""1964/10/30""]"
Player,vllm-granite-3-3-8b-instruct,w20,player,83,college,0,1,"[""Marquette"", ""Marquette"", ""Marquette"", ""Marquette"", ""Marquette""]"
Player,vllm-granite-3-3-8b-instruct,w20,player,83,draft_pick,0,1,"[""44"", ""44"", ""44"", ""44"", ""44""]"
Player,vllm-granite-3-3-8b-instruct,w20,player,83,draft_year,0,1,"[""1987"", ""1987"", ""1987"", ""1987"", ""1987""]"
Player,vllm-granite-3-3-8b-instruct,w20,player,83,fiba_world_cup,0,1,"["""", """", """", """", """"]"
Player,vllm-granite-3-3-8b-instruct,w20,player,83,mvp_awards,0,1,"[""0"", ""0"", ""0"", ""0"", ""0""]"
Player,vllm-granite-3-3-8b-instruct,w20,player,83,name,0,1,"[""Thomas James Copa"", ""Thomas James Copa"", ""Thomas James Copa"", ""Thomas James Copa"", ""Thomas James Copa""]"
Player,vllm-granite-3-3-8b-instruct,w20,player,83,nationality,0,1,"[""USA"", ""USA"", ""USA"", ""USA"", ""USA""]"
Player,vllm-granite-3-3-8b-instruct,w20,player,83,nba_championships,0,1,"["""", """", """", """", """"]"
Player,vllm-granite-3-3-8b-instruct,w20,player,83,olympic_gold_medals,0,1,"["""", """", """", """", """"]"
Player,vllm-granite-3-3-8b-instruct,w20,player,83,position,0,1,"[""Frontcourt"", ""Frontcourt"", ""Frontcourt"", ""Frontcourt"", ""Frontcourt""]"
Player,vllm-granite-3-3-8b-instruct,w20,player,83,team,0,1,"[""San Antonio Spurs||Houston Rockets||La Crosse Bobcats||Saski Baskonia||Libertas Livorno"", ""San Antonio Spurs||Houston Rockets||La Crosse Bobcats||Saski Baskonia||Libertas Livorno"", ""San Antonio Spurs||Houston Rockets||La Crosse Bobcats||Saski Baskonia||Libertas Livorno"", ""San Antonio Spurs||Houston Rockets||La Crosse Bobcats||Saski Baskonia||Libertas Livorno"", ""San Antonio Spurs||Houston Rockets||La Crosse Bobcats||Saski Baskonia||Libertas Livorno""]"
Player,vllm-granite-3-3-8b-instruct,w20,player,84,age,0,1,"[""73"", ""73"", ""73"", ""73"", ""73""]"
Player,vllm-granite-3-3-8b-instruct,w20,player,84,birth_date,0,1,"[""1951/9/17"", ""1951/9/17"", ""1951/9/17"", ""1951/9/17"", ""1951/9/17""]"
Player,vllm-granite-3-3-8b-instruct,w20,player,84,college,0,1,"[""American University"", ""American University"", ""American University"", ""American University"", ""American University""]"
Player,vllm-granite-3-3-8b-instruct,w20,player,84,draft_pick,0,1,"[""5"", ""5"", ""5"", ""5"", ""5""]"
Player,vllm-granite-3-3-8b-instruct,w20,player,84,draft_year,0,1,"[""1973"", ""1973"", ""1973"", ""1973"", ""1973""]"
Player,vllm-granite-3-3-8b-instruct,w20,player,84,fiba_world_cup,0,1,"["""", """", """", """", """"]"
Player,vllm-granite-3-3-8b-instruct,w20,player,84,mvp_awards,0,1,"[""0"", ""0"", ""0"", ""0"", ""0""]"
Player,vllm-granite-3-3-8b-instruct,w20,player,84,name,0,1,"[""Kermit Washington"", ""Kermit Washington"", ""Kermit Washington"", ""Kermit Washington"", ""Kermit Washington""]"
Player,vllm-granite-3-3-8b-instruct,w20,player,84,nationality,0,1,"[""USA"", ""USA"", ""USA"", ""USA"", ""USA""]"
Player,vllm-granite-3-3-8b-instruct,w20,player,84,nba_championships,0,1,"[""0"", ""0"", ""0"", ""0"", ""0""]"
Player,vllm-granite-3-3-8b-instruct,w20,player,84,olympic_gold_medals,0,1,"["""", """", """", """", """"]"
Player,vllm-granite-3-3-8b-instruct,w20,player,84,position,0,1,"[""Frontcourt"", ""Frontcourt"", ""Frontcourt"", ""Frontcourt"", ""Frontcourt""]"
Player,vllm-granite-3-3-8b-instruct,w20,player,84,team,0,1,"[""Golden State Warriors||"", ""Golden State Warriors||"", ""Golden State Warriors||"", ""Golden State Warriors||"", ""Golden State Warriors||""]"
Player,vllm-granite-3-3-8b-instruct,w20,player,85,age,0,1,"[""52"", ""52"", ""52"", ""52"", ""52""]"
Player,vllm-granite-3-3-8b-instruct,w20,player,85,birth_date,0,1,"[""1973/5/18"", ""1973/5/18"", ""1973/5/18"", ""1973/5/18"", ""1973/5/18""]"
Player,vllm-granite-3-3-8b-instruct,w20,player,85,college,0,1,"[""University of Connecticut"", ""University of Connecticut"", ""University of Connecticut"", ""University of Connecticut"", ""University of Connecticut""]"
Player,vllm-granite-3-3-8b-instruct,w20,player,85,draft_pick,0,1,"[""4"", ""4"", ""4"", ""4"", ""4""]"
Player,vllm-granite-3-3-8b-instruct,w20,player,85,draft_year,0,1,"[""1994"", ""1994"", ""1994"", ""1994"", ""1994""]"
Player,vllm-granite-3-3-8b-instruct,w20,player,85,fiba_world_cup,0,1,"["""", """", """", """", """"]"
Player,vllm-granite-3-3-8b-instruct,w20,player,85,mvp_awards,0,1,"[""0"", ""0"", ""0"", ""0"", ""0""]"
Player,vllm-granite-3-3-8b-instruct,w20,player,85,name,0,1,"[""Donyell Marshall"", ""Donyell Marshall"", ""Donyell Marshall"", ""Donyell Marshall"", ""Donyell Marshall""]"
Player,vllm-granite-3-3-8b-instruct,w20,player,85,nationality,0,1,"[""USA"", ""USA"", ""USA"", ""USA"", ""USA""]"
Player,vllm-granite-3-3-8b-instruct,w20,player,85,nba_championships,0,1,"[""0"", ""0"", ""0"", ""0"", ""0""]"
Player,vllm-granite-3-3-8b-instruct,w20,player,85,olympic_gold_medals,0,1,"["""", """", """", """", """"]"
Player,vllm-granite-3-3-8b-instruct,w20,player,85,position,0,1,"[""Frontcourt"", ""Frontcourt"", ""Frontcourt"", ""Frontcourt"", ""Frontcourt""]"
Player,vllm-granite-3-3-8b-instruct,w20,player,85,team,0,1,"[""Greensboro Swarm"", ""Greensboro Swarm"", ""Greensboro Swarm"", ""Greensboro Swarm"", ""Greensboro Swarm""]"
Player,vllm-granite-3-3-8b-instruct,w20,player,86,age,0,1,"[""85"", ""85"", ""85"", ""85"", ""85""]"
Player,vllm-granite-3-3-8b-instruct,w20,player,86,birth_date,0,1,"[""1930/1/14"", ""1930/1/14"", ""1930/1/14"", ""1930/1/14"", ""1930/1/14""]"
Player,vllm-granite-3-3-8b-instruct,w20,player,86,college,0,1,"[""University of Minnesota"", ""University of Minnesota"", ""University of Minnesota"", ""University of Minnesota"", ""University of Minnesota""]"
Player,vllm-granite-3-3-8b-instruct,w20,player,86,draft_pick,0,1,"["""", """", """", """", """"]"
Player,vllm-granite-3-3-8b-instruct,w20,player,86,draft_year,0,1,"["""", """", """", """", """"]"
Player,vllm-granite-3-3-8b-instruct,w20,player,86,fiba_world_cup,0,1,"["""", """", """", """", """"]"
Player,vllm-granite-3-3-8b-instruct,w20,player,86,mvp_awards,0,1,"[""0"", ""0"", ""0"", ""0"", ""0""]"
Player,vllm-granite-3-3-8b-instruct,w20,player,86,name,0,1,"["""", """", """", """", """"]"
Player,vllm-granite-3-3-8b-instruct,w20,player,86,nationality,0,1,"[""USA"", ""USA"", ""USA"", ""USA"", ""USA""]"
Player,vllm-granite-3-3-8b-instruct,w20,player,86,nba_championships,0,1,"["""", """", """", """", """"]"
Player,vllm-granite-3-3-8b-instruct,w20,player,86,olympic_gold_medals,0,1,"["""", """", """", """", """"]"
Player,vllm-granite-3-3-8b-instruct,w20,player,86,position,0,1,"[""Backcourt"", ""Backcourt"", ""Backcourt"", ""Backcourt"", ""Backcourt""]"
Player,vllm-granite-3-3-8b-instruct,w20,player,86,team,0,1,"["""", """", """", """", """"]"
Player,vllm-granite-3-3-8b-instruct,w20,player,87,age,0,1,"[""78"", ""78"", ""78"", ""78"", ""78""]"
Player,vllm-granite-3-3-8b-instruct,w20,player,87,birth_date,0,1,"[""1947/3/7"", ""1947/3/7"", ""1947/3/7"", ""1947/3/7"", ""1947/3/7""]"
Player,vllm-granite-3-3-8b-instruct,w20,player,87,college,0,1,"[""Cheyney University of Pennsylvania"", ""Cheyney University of Pennsylvania"", ""Cheyney University of Pennsylvania"", ""Cheyney University of Pennsylvania"", ""Cheyney University of Pennsylvania""]"
Player,vllm-granite-3-3-8b-instruct,w20,player,87,draft_pick,0,1,"[""8"", ""8"", ""8"", ""8"", ""8""]"
Player,vllm-granite-3-3-8b-instruct,w20,player,87,draft_year,0,1,"[""1970"", ""1970"", ""1970"", ""1970"", ""1970""]"
Player,vllm-granite-3-3-8b-instruct,w20,player,87,fiba_world_cup,0,1,"["""", """", """", """", """"]"
Player,vllm-granite-3-3-8b-instruct,w20,player,87,mvp_awards,0,1,"[""0"", ""0"", ""0"", ""0"", ""0""]"
Player,vllm-granite-3-3-8b-instruct,w20,player,87,name,0,1,"[""Gregory Paul Fillmore"", ""Gregory Paul Fillmore"", ""Gregory Paul Fillmore"", ""Gregory Paul Fillmore"", ""Gregory Paul Fillmore""]"
Player,vllm-granite-3-3-8b-instruct,w20,player,87,nationality,0,1,"[""USA"", ""USA"", ""USA"", ""USA"", ""USA""]"
Player,vllm-granite-3-3-8b-instruct,w20,player,87,nba_championships,0,1,"["""", """", """", """", """"]"
Player,vllm-granite-3-3-8b-instruct,w20,player,87,olympic_gold_medals,0,1,"["""", """", """", """", """"]"
Player,vllm-granite-3-3-8b-instruct,w20,player,87,position,0,1,"[""Frontcourt"", ""Frontcourt"", ""Frontcourt"", ""Frontcourt"", ""Frontcourt""]"
Player,vllm-granite-3-3-8b-instruct,w20,player,87,team,0,1,"[""New York Knicks"", ""New York Knicks"", ""New York Knicks"", ""New York Knicks"", ""New York Knicks""]"
Player,vllm-granite-3-3-8b-instruct,w20,player,88,age,0,1,"[""71"", ""71"", ""71"", ""71"", ""71""]"
Player,vllm-granite-3-3-8b-instruct,w20,player,88,birth_date,0,1,"[""1953/10/31"", ""1953/10/31"", ""1953/10/31"", ""1953/10/31"", ""1953/10/31""]"
Player,vllm-granite-3-3-8b-instruct,w20,player,88,college,0,1,"[""University of Maryland"", ""University of Maryland"", ""University of Maryland"", ""University of Maryland"", ""University of Maryland""]"
Player,vllm-granite-3-3-8b-instruct,w20,player,88,draft_pick,0,1,"[""1"", ""1"", ""1"", ""1"", ""1""]"
Player,vllm-granite-3-3-8b-instruct,w20,player,88,draft_year,0,1,"[""1976"", ""1976"", ""1976"", ""1976"", ""1976""]"
Player,vllm-granite-3-3-8b-instruct,w20,player,88,fiba_world_cup,0,1,"[""1"", ""1"", ""1"", ""1"", ""1""]"
Player,vllm-granite-3-3-8b-instruct,w20,player,88,mvp_awards,0,1,"[""0"", ""0"", ""0"", ""0"", ""0""]"
Player,vllm-granite-3-3-8b-instruct,w20,player,88,name,0,1,"[""John Harding Lucas II"", ""John Harding Lucas II"", ""John Harding Lucas II"", ""John Harding Lucas II"", ""John Harding Lucas II""]"
Player,vllm-granite-3-3-8b-instruct,w20,player,88,nationality,0,1,"[""USA"", ""USA"", ""USA"", ""USA"", ""USA""]"
Player,vllm-granite-3-3-8b-instruct,w20,player,88,nba_championships,0,1,"[""0"", ""0"", ""0"", ""0"", ""0""]"
Player,vllm-granite-3-3-8b-instruct,w20,player,88,olympic_gold_medals,0,1,"[""0"", ""0"", ""0"", ""0"", ""0""]"
Player,vllm-granite-3-3-8b-instruct,w20,player,88,position,0,1,"[""Backcourt"", ""Backcourt"", ""Backcourt"", ""Backcourt"", ""Backcourt""]"
Player,vllm-granite-3-3-8b-instruct,w20,player,88,team,0,1,"[""Houston Rockets||Los Angeles Clippers||San Antonio Spurs||Philadelphia 76ers||Cleveland Cavaliers||Milwaukee Bucks||Washington Bullets||Golden State Warriors||Houston Rockets (previous stint)||San Antonio Spurs (previous stint)||Houston Rockets (current as of 2020)||Houston Rockets (player development coach as of 2016)"", ""Houston Rockets||Los Angeles Clippers||San Antonio Spurs||Philadelphia 76ers||Cleveland Cavaliers||Milwaukee Bucks||Washington Bullets||Golden State Warriors||Houston Rockets (previous stint)||San Antonio Spurs (previous stint)||Houston Rockets (current as of 2020)||Houston Rockets (player development coach as of 2016)"", ""Houston Rockets||Los Angeles Clippers||San Antonio Spurs||Philadelphia 76ers||Cleveland Cavaliers||Milwaukee Bucks||Washington Bullets||Golden State Warriors||Houston Rockets (previous stint)||San Antonio Spurs (previous stint)||Houston Rockets (current as of 2020)||Houston Rockets (player development coach as of 2016)"", ""Houston Rockets||Los Angeles Clippers||San Antonio Spurs||Philadelphia 76ers||Cleveland Cavaliers||Milwaukee Bucks||Washington Bullets||Golden State Warriors||Houston Rockets (previous stint)||San Antonio Spurs (previous stint)||Houston Rockets (current as of 2020)||Houston Rockets (player development coach as of 2016)"", ""Houston Rockets||Los Angeles Clippers||San Antonio Spurs||Philadelphia 76ers||Cleveland Cavaliers||Milwaukee Bucks||Washington Bullets||Golden State Warriors||Houston Rockets (previous stint)||San Antonio Spurs (previous stint)||Houston Rockets (current as of 2020)||Houston Rockets (player development coach as of 2016)""]"
Player,vllm-granite-3-3-8b-instruct,w20,player,89,age,0,1,"[""57"", ""57"", ""57"", ""57"", ""57""]"
Player,vllm-granite-3-3-8b-instruct,w20,player,89,birth_date,0,1,"[""1929/11/16"", ""1929/11/16"", ""1929/11/16"", ""1929/11/16"", ""1929/11/16""]"
Player,vllm-granite-3-3-8b-instruct,w20,player,89,college,0,1,"[""Long Island || John Marshall College"", ""Long Island || John Marshall College"", ""Long Island || John Marshall College"", ""Long Island || John Marshall College"", ""Long Island || John Marshall College""]"
Player,vllm-granite-3-3-8b-instruct,w20,player,89,draft_pick,0,1,"[""1952"", ""1952"", ""1952"", ""1952"", ""1952""]"
Player,vllm-granite-3-3-8b-instruct,w20,player,89,draft_year,0,1,"[""1952"", ""1952"", ""1952"", ""1952"", ""1952""]"
Player,vllm-granite-3-3-8b-instruct,w20,player,89,fiba_world_cup,0,1,"["""", """", """", """", """"]"
Player,vllm-granite-3-3-8b-instruct,w20,player,89,mvp_awards,0,1,"[""0"", ""0"", ""0"", ""0"", ""0""]"
Player,vllm-granite-3-3-8b-instruct,w20,player,89,name,0,1,"[""Richard Clifford Surhoff Jr."", ""Richard Clifford Surhoff Jr."", ""Richard Clifford Surhoff Jr."", ""Richard Clifford Surhoff Jr."", ""Richard Clifford Surhoff Jr.""]"
Player,vllm-granite-3-3-8b-instruct,w20,player,89,nationality,0,1,"[""USA"", ""USA"", ""USA"", ""USA"", ""USA""]"
Player,vllm-granite-3-3-8b-instruct,w20,player,89,nba_championships,0,1,"["""", """", """", """", """"]"
Player,vllm-granite-3-3-8b-instruct,w20,player,89,olympic_gold_medals,0,1,"["""", """", """", """", """"]"
Player,vllm-granite-3-3-8b-instruct,w20,player,89,position,0,1,"[""Frontcourt"", ""Frontcourt"", ""Frontcourt"", ""Frontcourt"", ""Frontcourt""]"
Player,vllm-granite-3-3-8b-instruct,w20,player,89,team,0,1,"[""New York Knicks||Milwaukee Hawks"", ""New York Knicks||Milwaukee Hawks"", ""New York Knicks||Milwaukee Hawks"", ""New York Knicks||Milwaukee Hawks"", ""New York Knicks||Milwaukee Hawks""]"
Player,vllm-granite-3-3-8b-instruct,w20,player,90,age,0,1,"[""79"", ""79"", ""79"", ""79"", ""79""]"
Player,vllm-granite-3-3-8b-instruct,w20,player,90,birth_date,0,1,"[""1945/11/18"", ""1945/11/18"", ""1945/11/18"", ""1945/11/18"", ""1945/11/18""]"
Player,vllm-granite-3-3-8b-instruct,w20,player,90,college,0,1,"[""The context provided does not mention the college Garfield Smith attended. Therefore, the answer is:"", ""The context provided does not mention the college Garfield Smith attended. Therefore, the answer is:"", ""The context provided does not mention the college Garfield Smith attended. Therefore, the answer is:"", ""The context provided does not mention the college Garfield Smith attended. Therefore, the answer is:"", ""The context provided does not mention the college Garfield Smith attended. Therefore, the answer is:""]"
Player,vllm-granite-3-3-8b-instruct,w20,player,90,draft_pick,0,1,"[""33"", ""33"", ""33"", ""33"", ""33""]"
Player,vllm-granite-3-3-8b-instruct,w20,player,90,draft_year,0,1,"[""1968"", ""1968"", ""1968"", ""1968"", ""1968""]"
Player,vllm-granite-3-3-8b-instruct,w20,player,90,fiba_world_cup,0,1,"["""", """", """", """", """"]"
Player,vllm-granite-3-3-8b-instruct,w20,player,90,mvp_awards,0,1,"[""0"", ""0"", ""0"", ""0"", ""0""]"
Player,vllm-granite-3-3-8b-instruct,w20,player,90,name,0,1,"[""Garfield Smith"", ""Garfield Smith"", ""Garfield Smith"", ""Garfield Smith"", ""Garfield Smith""]"
Player,vllm-granite-3-3-8b-instruct,w20,player,90,nationality,0,1,"[""USA"", ""USA"", ""USA"", ""USA"", ""USA""]"
Player,vllm-granite-3-3-8b-instruct,w20,player,90,nba_championships,0,1,"["""", """", """", """", """"]"
Player,vllm-granite-3-3-8b-instruct,w20,player,90,olympic_gold_medals,0,1,"["""", """", """", """", """"]"
Player,vllm-granite-3-3-8b-instruct,w20,player,90,position,0,1,"[""Frontcourt"", ""Frontcourt"", ""Frontcourt"", ""Frontcourt"", ""Frontcourt""]"
Player,vllm-granite-3-3-8b-instruct,w20,player,90,team,0,1,"[""Boston Celtics||San Diego Conquistadors"", ""Boston Celtics||San Diego Conquistadors"", ""Boston Celtics||San Diego Conquistadors"", ""Boston Celtics||San Diego Conquistadors"", ""Boston Celtics||San Diego Conquistadors""]"
Player,vllm-granite-3-3-8b-instruct,w20,player,91,age,0,1,"[""73"", ""73"", ""73"", ""73"", ""73""]"
Player,vllm-granite-3-3-8b-instruct,w20,player,91,birth_date,0,1,"[""1925/3/5"", ""1925/3/5"", ""1925/3/5"", ""1925/3/5"", ""1925/3/5""]"
Player,vllm-granite-3-3-8b-instruct,w20,player,91,college,0,1,"[""Loyola University New Orleans || Canisius College"", ""Loyola University New Orleans || Canisius College"", ""Loyola University New Orleans || Canisius College"", ""Loyola University New Orleans || Canisius College"", ""Loyola University New Orleans || Canisius College""]"
Player,vllm-granite-3-3-8b-instruct,w20,player,91,draft_pick,0,1,"["""", """", """", """", """"]"
Player,vllm-granite-3-3-8b-instruct,w20,player,91,draft_year,0,1,"[""1949"", ""1949"", ""1949"", ""1949"", ""1949""]"
Player,vllm-granite-3-3-8b-instruct,w20,player,91,fiba_world_cup,0,1,"["""", """", """", """", """"]"
Player,vllm-granite-3-3-8b-instruct,w20,player,91,mvp_awards,0,1,"[""0"", ""0"", ""0"", ""0"", ""0""]"
Player,vllm-granite-3-3-8b-instruct,w20,player,91,name,0,1,"[""Leroy Chollet"", ""Leroy Chollet"", ""Leroy Chollet"", ""Leroy Chollet"", ""Leroy Chollet""]"
Player,vllm-granite-3-3-8b-instruct,w20,player,91,nationality,0,1,"[""USA"", ""USA"", ""USA"", ""USA"", ""USA""]"
Player,vllm-granite-3-3-8b-instruct,w20,player,91,nba_championships,0,1,"[""0"", ""0"", ""0"", ""0"", ""0""]"
Player,vllm-granite-3-3-8b-instruct,w20,player,91,olympic_gold_medals,1,2,"[""0"", ""0"", """", ""0"", ""0""]"
Player,vllm-granite-3-3-8b-instruct,w20,player,91,position,0,1,"[""Backcourt"", ""Backcourt"", ""Backcourt"", ""Backcourt"", ""Backcourt""]"
Player,vllm-granite-3-3-8b-instruct,w20,player,91,team,0,1,"[""Syracuse Nationals||Utica Pros||Elmira Colonels"", ""Syracuse Nationals||Utica Pros||Elmira Colonels"", ""Syracuse Nationals||Utica Pros||Elmira Colonels"", ""Syracuse Nationals||Utica Pros||Elmira Colonels"", ""Syracuse Nationals||Utica Pros||Elmira Colonels""]"
Player,vllm-granite-3-3-8b-instruct,w20,player,92,age,0,1,"[""32"", ""32"", ""32"", ""32"", ""32""]"
Player,vllm-granite-3-3-8b-instruct,w20,player,92,birth_date,0,1,"[""1991/10/10"", ""1991/10/10"", ""1991/10/10"", ""1991/10/10"", ""1991/10/10""]"
Player,vllm-granite-3-3-8b-instruct,w20,player,92,college,0,1,"[""Syracuse Orange"", ""Syracuse Orange"", ""Syracuse Orange"", ""Syracuse Orange"", ""Syracuse Orange""]"
Player,vllm-granite-3-3-8b-instruct,w20,player,92,draft_pick,0,1,"[""11"", ""11"", ""11"", ""11"", ""11""]"
Player,vllm-granite-3-3-8b-instruct,w20,player,92,draft_year,0,1,"[""2013"", ""2013"", ""2013"", ""2013"", ""2013""]"
Player,vllm-granite-3-3-8b-instruct,w20,player,92,fiba_world_cup,0,1,"[""1"", ""1"", ""1"", ""1"", ""1""]"
Player,vllm-granite-3-3-8b-instruct,w20,player,92,mvp_awards,0,1,"[""0"", ""0"", ""0"", ""0"", ""0""]"
Player,vllm-granite-3-3-8b-instruct,w20,player,92,name,0,1,"[""Michael Carter-Williams"", ""Michael Carter-Williams"", ""Michael Carter-Williams"", ""Michael Carter-Williams"", ""Michael Carter-Williams""]"
Player,vllm-granite-3-3-8b-instruct,w20,player,92,nationality,0,1,"[""USA"", ""USA"", ""USA"", ""USA"", ""USA""]"
Player,vllm-granite-3-3-8b-instruct,w20,player,92,nba_championships,0,1,"[""0"", ""0"", ""0"", ""0"", ""0""]"
Player,vllm-granite-3-3-8b-instruct,w20,player,92,olympic_gold_medals,0,1,"["""", """", """", """", """"]"
Player,vllm-granite-3-3-8b-instruct,w20,player,92,position,0,1,"[""Backcourt"", ""Backcourt"", ""Backcourt"", ""Backcourt"", ""Backcourt""]"
Player,vllm-granite-3-3-8b-instruct,w20,player,92,team,0,1,"[""Capitanes de Ciudad de M\u00e9xico"", ""Capitanes de Ciudad de M\u00e9xico"", ""Capitanes de Ciudad de M\u00e9xico"", ""Capitanes de Ciudad de M\u00e9xico"", ""Capitanes de Ciudad de M\u00e9xico""]"
Player,vllm-granite-3-3-8b-instruct,w20,player,93,age,0,1,"[""31"", ""31"", ""31"", ""31"", ""31""]"
Player,vllm-granite-3-3-8b-instruct,w20,player,93,birth_date,0,1,"[""1993/9/15"", ""1993/9/15"", ""1993/9/15"", ""1993/9/15"", ""1993/9/15""]"
Player,vllm-granite-3-3-8b-instruct,w20,player,93,college,0,1,"["""", """", """", """", """"]"
Player,vllm-granite-3-3-8b-instruct,w20,player,93,draft_pick,0,1,"[""17"", ""17"", ""17"", ""17"", ""17""]"
Player,vllm-granite-3-3-8b-instruct,w20,player,93,draft_year,0,1,"[""2013"", ""2013"", ""2013"", ""2013"", ""2013""]"
Player,vllm-granite-3-3-8b-instruct,w20,player,93,fiba_world_cup,0,1,"[""1"", ""1"", ""1"", ""1"", ""1""]"
Player,vllm-granite-3-3-8b-instruct,w20,player,93,mvp_awards,0,1,"[""0"", ""0"", ""0"", ""0"", ""0""]"
Player,vllm-granite-3-3-8b-instruct,w20,player,93,name,0,1,"[""Dennis Schr\u00f6der"", ""Dennis Schr\u00f6der"", ""Dennis Schr\u00f6der"", ""Dennis Schr\u00f6der"", ""Dennis Schr\u00f6der""]"
Player,vllm-granite-3-3-8b-instruct,w20,player,93,nationality,0,1,"[""Germany"", ""Germany"", ""Germany"", ""Germany"", ""Germany""]"
Player,vllm-granite-3-3-8b-instruct,w20,player,93,nba_championships,0,1,"[""0"", ""0"", ""0"", ""0"", ""0""]"
Player,vllm-granite-3-3-8b-instruct,w20,player,93,olympic_gold_medals,0,1,"[""0"", ""0"", ""0"", ""0"", ""0""]"
Player,vllm-granite-3-3-8b-instruct,w20,player,93,position,0,1,"[""Backcourt"", ""Backcourt"", ""Backcourt"", ""Backcourt"", ""Backcourt""]"
Player,vllm-granite-3-3-8b-instruct,w20,player,93,team,0,1,"[""Brooklyn Nets"", ""Brooklyn Nets"", ""Brooklyn Nets"", ""Brooklyn Nets"", ""Brooklyn Nets""]"
Player,vllm-granite-3-3-8b-instruct,w20,player,94,age,0,1,"[""78"", ""78"", ""78"", ""78"", ""78""]"
Player,vllm-granite-3-3-8b-instruct,w20,player,94,birth_date,0,1,"[""1936/3/13"", ""1936/3/13"", ""1936/3/13"", ""1936/3/13"", ""1936/3/13""]"
Player,vllm-granite-3-3-8b-instruct,w20,player,94,college,0,1,"[""Kansas State University"", ""Kansas State University"", ""Kansas State University"", ""Kansas State University"", ""Kansas State University""]"
Player,vllm-granite-3-3-8b-instruct,w20,player,94,draft_pick,0,1,"[""10"", ""10"", ""10"", ""10"", ""10""]"
Player,vllm-granite-3-3-8b-instruct,w20,player,94,draft_year,0,1,"[""1958"", ""1958"", ""1958"", ""1958"", ""1958""]"
Player,vllm-granite-3-3-8b-instruct,w20,player,94,fiba_world_cup,0,1,"["""", """", """", """", """"]"
Player,vllm-granite-3-3-8b-instruct,w20,player,94,mvp_awards,0,1,"[""0"", ""0"", ""0"", ""0"", ""0""]"
Player,vllm-granite-3-3-8b-instruct,w20,player,94,name,0,1,"[""Jack Parr"", ""Jack Parr"", ""Jack Parr"", ""Jack Parr"", ""Jack Parr""]"
Player,vllm-granite-3-3-8b-instruct,w20,player,94,nationality,0,1,"[""USA"", ""USA"", ""USA"", ""USA"", ""USA""]"
Player,vllm-granite-3-3-8b-instruct,w20,player,94,nba_championships,0,1,"["""", """", """", """", """"]"
Player,vllm-granite-3-3-8b-instruct,w20,player,94,olympic_gold_medals,0,1,"["""", """", """", """", """"]"
Player,vllm-granite-3-3-8b-instruct,w20,player,94,position,0,1,"[""Frontcourt"", ""Frontcourt"", ""Frontcourt"", ""Frontcourt"", ""Frontcourt""]"
Player,vllm-granite-3-3-8b-instruct,w20,player,94,team,0,1,"[""Cincinnati Royals"", ""Cincinnati Royals"", ""Cincinnati Royals"", ""Cincinnati Royals"", ""Cincinnati Royals""]"
Player,vllm-granite-3-3-8b-instruct,w20,player,95,age,0,1,"[""55"", ""55"", ""55"", ""55"", ""55""]"
Player,vllm-granite-3-3-8b-instruct,w20,player,95,birth_date,0,1,"[""1958/7/26"", ""1958/7/26"", ""1958/7/26"", ""1958/7/26"", ""1958/7/26""]"
Player,vllm-granite-3-3-8b-instruct,w20,player,95,college,0,1,"[""Tennessee State University"", ""Tennessee State University"", ""Tennessee State University"", ""Tennessee State University"", ""Tennessee State University""]"
Player,vllm-granite-3-3-8b-instruct,w20,player,95,draft_pick,0,1,"[""21"", ""21"", ""21"", ""21"", ""21""]"
Player,vllm-granite-3-3-8b-instruct,w20,player,95,draft_year,0,1,"[""1980"", ""1980"", ""1980"", ""1980"", ""1980""]"
Player,vllm-granite-3-3-8b-instruct,w20,player,95,fiba_world_cup,0,1,"["""", """", """", """", """"]"
Player,vllm-granite-3-3-8b-instruct,w20,player,95,mvp_awards,0,1,"[""0"", ""0"", ""0"", ""0"", ""0""]"
Player,vllm-granite-3-3-8b-instruct,w20,player,95,name,0,1,"[""DaMon William \""Monti\"" Davis"", ""DaMon William \""Monti\"" Davis"", ""DaMon William \""Monti\"" Davis"", ""DaMon William \""Monti\"" Davis"", ""DaMon William \""Monti\"" Davis""]"
Player,vllm-granite-3-3-8b-instruct,w20,player,95,nationality,0,1,"[""USA"", ""USA"", ""USA"", ""USA"", ""USA""]"
Player,vllm-granite-3-3-8b-instruct,w20,player,95,nba_championships,0,1,"["""", """", """", """", """"]"
Player,vllm-granite-3-3-8b-instruct,w20,player,95,olympic_gold_medals,0,1,"["""", """", """", """", """"]"
Player,vllm-granite-3-3-8b-instruct,w20,player,95,position,0,1,"[""Frontcourt"", ""Frontcourt"", ""Frontcourt"", ""Frontcourt"", ""Frontcourt""]"
Player,vllm-granite-3-3-8b-instruct,w20,player,95,team,0,1,"[""Philadelphia 76ers||Dallas Mavericks"", ""Philadelphia 76ers||Dallas Mavericks"", ""Philadelphia 76ers||Dallas Mavericks"", ""Philadelphia 76ers||Dallas Mavericks"", ""Philadelphia 76ers||Dallas Mavericks""]"
Player,vllm-granite-3-3-8b-instruct,w20,player,96,age,0,1,"[""59"", ""59"", ""59"", ""59"", ""59""]"
Player,vllm-granite-3-3-8b-instruct,w20,player,96,birth_date,0,1,"[""1966/2/7"", ""1966/2/7"", ""1966/2/7"", ""1966/2/7"", ""1966/2/7""]"
Player,vllm-granite-3-3-8b-instruct,w20,player,96,college,0,1,"[""The context provided does not mention the college Eric Johnson attended. Therefore, the answer is:"", ""The context provided does not mention the college Eric Johnson attended. Therefore, the answer is:"", ""The context provided does not mention the college Eric Johnson attended. Therefore, the answer is:"", ""The context provided does not mention the college Eric Johnson attended. Therefore, the answer is:"", ""The context provided does not mention the college Eric Johnson attended. Therefore, the answer is:""]"
Player,vllm-granite-3-3-8b-instruct,w20,player,96,draft_pick,0,1,"["""", """", """", """", """"]"
Player,vllm-granite-3-3-8b-instruct,w20,player,96,draft_year,1,2,"[""1989"", ""1989"", ""1989"", ""1990"", ""1989""]"
Player,vllm-granite-3-3-8b-instruct,w20,player,96,fiba_world_cup,0,1,"["""", """", """", """", """"]"
Player,vllm-granite-3-3-8b-instruct,w20,player,96,mvp_awards,0,1,"[""0"", ""0"", ""0"", ""0"", ""0""]"
Player,vllm-granite-3-3-8b-instruct,w20,player,96,name,0,1,"[""Eric Johnson Jones"", ""Eric Johnson Jones"", ""Eric Johnson Jones"", ""Eric Johnson Jones"", ""Eric Johnson Jones""]"
Player,vllm-granite-3-3-8b-instruct,w20,player,96,nationality,0,1,"[""USA||Spain"", ""USA||Spain"", ""USA||Spain"", ""USA||Spain"", ""USA||Spain""]"
Player,vllm-granite-3-3-8b-instruct,w20,player,96,nba_championships,0,1,"["""", """", """", """", """"]"
Player,vllm-granite-3-3-8b-instruct,w20,player,96,olympic_gold_medals,0,1,"["""", """", """", """", """"]"
Player,vllm-granite-3-3-8b-instruct,w20,player,96,position,0,1,"[""Backcourt"", ""Backcourt"", ""Backcourt"", ""Backcourt"", ""Backcourt""]"
Player,vllm-granite-3-3-8b-instruct,w20,player,96,team,0,1,"[""Utah Jazz"", ""Utah Jazz"", ""Utah Jazz"", ""Utah Jazz"", ""Utah Jazz""]"
Player,vllm-granite-3-3-8b-instruct,w20,player,97,age,0,1,"[""60"", ""60"", ""60"", ""60"", ""60""]"
Player,vllm-granite-3-3-8b-instruct,w20,player,97,birth_date,1,2,"[""1925/10/8"", ""1925/10/8"", ""1925/10/8"", ""1925/10/08"", ""1925/10/08""]"
Player,vllm-granite-3-3-8b-instruct,w20,player,97,college,0,1,"[""New York University"", ""New York University"", ""New York University"", ""New York University"", ""New York University""]"
Player,vllm-granite-3-3-8b-instruct,w20,player,97,draft_pick,0,1,"["""", """", """", """", """"]"
Player,vllm-granite-3-3-8b-instruct,w20,player,97,draft_year,0,1,"[""1947"", ""1947"", ""1947"", ""1947"", ""1947""]"
Player,vllm-granite-3-3-8b-instruct,w20,player,97,fiba_world_cup,0,1,"["""", """", """", """", """"]"
Player,vllm-granite-3-3-8b-instruct,w20,player,97,mvp_awards,0,1,"[""0"", ""0"", ""0"", ""0"", ""0""]"
Player,vllm-granite-3-3-8b-instruct,w20,player,97,name,0,1,"[""Sidney Harold Tanenbaum"", ""Sidney Harold Tanenbaum"", ""Sidney Harold Tanenbaum"", ""Sidney Harold Tanenbaum"", ""Sidney Harold Tanenbaum""]"
Player,vllm-granite-3-3-8b-instruct,w20,player,97,nationality,0,1,"[""USA"", ""USA"", ""USA"", ""USA"", ""USA""]"
Player,vllm-granite-3-3-8b-instruct,w20,player,97,nba_championships,0,1,"["""", """", """", """", """"]"
Player,vllm-granite-3-3-8b-instruct,w20,player,97,olympic_gold_medals,0,1,"["""", """", """", """", """"]"
Player,vllm-granite-3-3-8b-instruct,w20,player,97,position,0,1,"[""Backcourt"", ""Backcourt"", ""Backcourt"", ""Backcourt"", ""Backcourt""]"
Player,vllm-granite-3-3-8b-instruct,w20,player,97,team,0,1,"[""New York Knicks||Baltimore Bullets"", ""New York Knicks||Baltimore Bullets"", ""New York Knicks||Baltimore Bullets"", ""New York Knicks||Baltimore Bullets"", ""New York Knicks||Baltimore Bullets""]"
Player,vllm-granite-3-3-8b-instruct,w20,player,98,age,0,1,"[""23"", ""23"", ""23"", ""23"", ""23""]"
Player,vllm-granite-3-3-8b-instruct,w20,player,98,birth_date,0,1,"[""2000/2/22"", ""2000/2/22"", ""2000/2/22"", ""2000/2/22"", ""2000/2/22""]"
Player,vllm-granite-3-3-8b-instruct,w20,player,98,college,0,1,"[""Indiana University"", ""Indiana University"", ""Indiana University"", ""Indiana University"", ""Indiana University""]"
Player,vllm-granite-3-3-8b-instruct,w20,player,98,draft_pick,0,1,"[""57"", ""57"", ""57"", ""57"", ""57""]"
Player,vllm-granite-3-3-8b-instruct,w20,player,98,draft_year,0,1,"[""2023"", ""2023"", ""2023"", ""2023"", ""2023""]"
Player,vllm-granite-3-3-8b-instruct,w20,player,98,fiba_world_cup,0,1,"[""0"", ""0"", ""0"", ""0"", ""0""]"
Player,vllm-granite-3-3-8b-instruct,w20,player,98,mvp_awards,0,1,"[""0"", ""0"", ""0"", ""0"", ""0""]"
Player,vllm-granite-3-3-8b-instruct,w20,player,98,name,0,1,"[""Trayce Jackson-Davis"", ""Trayce Jackson-Davis"", ""Trayce Jackson-Davis"", ""Trayce Jackson-Davis"", ""Trayce Jackson-Davis""]"
Player,vllm-granite-3-3-8b-instruct,w20,player,98,nationality,0,1,"[""USA"", ""USA"", ""USA"", ""USA"", ""USA""]"
Player,vllm-granite-3-3-8b-instruct,w20,player,98,nba_championships,0,1,"[""0"", ""0"", ""0"", ""0"", ""0""]"
Player,vllm-granite-3-3-8b-instruct,w20,player,98,olympic_gold_medals,0,1,"[""0"", ""0"", ""0"", ""0"", ""0""]"
Player,vllm-granite-3-3-8b-instruct,w20,player,98,position,0,1,"[""Frontcourt"", ""Frontcourt"", ""Frontcourt"", ""Frontcourt"", ""Frontcourt""]"
Player,vllm-granite-3-3-8b-instruct,w20,player,98,team,0,1,"[""Golden State Warriors"", ""Golden State Warriors"", ""Golden State Warriors"", ""Golden State Warriors"", ""Golden State Warriors""]"
Player,vllm-granite-3-3-8b-instruct,w20,player,99,age,0,1,"[""31"", ""31"", ""31"", ""31"", ""31""]"
Player,vllm-granite-3-3-8b-instruct,w20,player,99,birth_date,0,1,"[""1993/8/10"", ""1993/8/10"", ""1993/8/10"", ""1993/8/10"", ""1993/8/10""]"
Player,vllm-granite-3-3-8b-instruct,w20,player,99,college,0,1,"[""University of Connecticut"", ""University of Connecticut"", ""University of Connecticut"", ""University of Connecticut"", ""University of Connecticut""]"
Player,vllm-granite-3-3-8b-instruct,w20,player,99,draft_pick,0,1,"[""9"", ""9"", ""9"", ""9"", ""9""]"
Player,vllm-granite-3-3-8b-instruct,w20,player,99,draft_year,0,1,"[""2012"", ""2012"", ""2012"", ""2012"", ""2012""]"
Player,vllm-granite-3-3-8b-instruct,w20,player,99,fiba_world_cup,0,1,"[""1"", ""1"", ""1"", ""1"", ""1""]"
Player,vllm-granite-3-3-8b-instruct,w20,player,99,mvp_awards,0,1,"[""1"", ""1"", ""1"", ""1"", ""1""]"
Player,vllm-granite-3-3-8b-instruct,w20,player,99,name,0,1,"[""Andre Jamal Drummond"", ""Andre Jamal Drummond"", ""Andre Jamal Drummond"", ""Andre Jamal Drummond"", ""Andre Jamal Drummond""]"
Player,vllm-granite-3-3-8b-instruct,w20,player,99,nationality,0,1,"[""USA"", ""USA"", ""USA"", ""USA"", ""USA""]"
Player,vllm-granite-3-3-8b-instruct,w20,player,99,nba_championships,0,1,"[""0"", ""0"", ""0"", ""0"", ""0""]"
Player,vllm-granite-3-3-8b-instruct,w20,player,99,olympic_gold_medals,0,1,"[""0"", ""0"", ""0"", ""0"", ""0""]"
Player,vllm-granite-3-3-8b-instruct,w20,player,99,position,0,1,"[""Frontcourt"", ""Frontcourt"", ""Frontcourt"", ""Frontcourt"", ""Frontcourt""]"
Player,vllm-granite-3-3-8b-instruct,w20,player,99,team,0,1,"[""Philadelphia 76ers"", ""Philadelphia 76ers"", ""Philadelphia 76ers"", ""Philadelphia 76ers"", ""Philadelphia 76ers""]"
Player,vllm-granite-3-3-8b-instruct,w20,player,100,age,0,1,"[""32"", ""32"", ""32"", ""32"", ""32""]"
Player,vllm-granite-3-3-8b-instruct,w20,player,100,birth_date,0,1,"[""1992/12/17"", ""1992/12/17"", ""1992/12/17"", ""1992/12/17"", ""1992/12/17""]"
Player,vllm-granite-3-3-8b-instruct,w20,player,100,college,0,1,"[""Oklahoma Sooners"", ""Oklahoma Sooners"", ""Oklahoma Sooners"", ""Oklahoma Sooners"", ""Oklahoma Sooners""]"
Player,vllm-granite-3-3-8b-instruct,w20,player,100,draft_pick,0,1,"[""6"", ""6"", ""6"", ""6"", ""6""]"
Player,vllm-granite-3-3-8b-instruct,w20,player,100,draft_year,0,1,"[""2016"", ""2016"", ""2016"", ""2016"", ""2016""]"
Player,vllm-granite-3-3-8b-instruct,w20,player,100,fiba_world_cup,0,1,"[""1"", ""1"", ""1"", ""1"", ""1""]"
Player,vllm-granite-3-3-8b-instruct,w20,player,100,mvp_awards,0,1,"[""0"", ""0"", ""0"", ""0"", ""0""]"
Player,vllm-granite-3-3-8b-instruct,w20,player,100,name,0,1,"[""Buddy Hield"", ""Buddy Hield"", ""Buddy Hield"", ""Buddy Hield"", ""Buddy Hield""]"
Player,vllm-granite-3-3-8b-instruct,w20,player,100,nationality,0,1,"[""Bahamas"", ""Bahamas"", ""Bahamas"", ""Bahamas"", ""Bahamas""]"
Player,vllm-granite-3-3-8b-instruct,w20,player,100,nba_championships,0,1,"[""0"", ""0"", ""0"", ""0"", ""0""]"
Player,vllm-granite-3-3-8b-instruct,w20,player,100,olympic_gold_medals,0,1,"[""0"", ""0"", ""0"", ""0"", ""0""]"
Player,vllm-granite-3-3-8b-instruct,w20,player,100,position,1,2,"[""Backcourt"", ""Backcourt"", ""Backcourt"", ""Frontcourt"", ""Frontcourt""]"
Player,vllm-granite-3-3-8b-instruct,w20,player,100,team,0,1,"[""Golden State Warriors"", ""Golden State Warriors"", ""Golden State Warriors"", ""Golden State Warriors"", ""Golden State Warriors""]"
Player,vllm-granite-3-3-8b-instruct,w20,player,101,age,1,2,"[""29"", ""29"", ""28"", ""28"", ""29""]"
Player,vllm-granite-3-3-8b-instruct,w20,player,101,birth_date,0,1,"[""1996/2/23"", ""1996/2/23"", ""1996/2/23"", ""1996/2/23"", ""1996/2/23""]"
Player,vllm-granite-3-3-8b-instruct,w20,player,101,college,0,1,"[""Ohio State Buckeyes"", ""Ohio State Buckeyes"", ""Ohio State Buckeyes"", ""Ohio State Buckeyes"", ""Ohio State Buckeyes""]"
Player,vllm-granite-3-3-8b-instruct,w20,player,101,draft_pick,0,1,"[""2"", ""2"", ""2"", ""2"", ""2""]"
Player,vllm-granite-3-3-8b-instruct,w20,player,101,draft_year,0,1,"[""2015"", ""2015"", ""2015"", ""2015"", ""2015""]"
Player,vllm-granite-3-3-8b-instruct,w20,player,101,fiba_world_cup,0,1,"[""1"", ""1"", ""1"", ""1"", ""1""]"
Player,vllm-granite-3-3-8b-instruct,w20,player,101,mvp_awards,0,1,"[""0"", ""0"", ""0"", ""0"", ""0""]"
Player,vllm-granite-3-3-8b-instruct,w20,player,101,name,0,1,"[""D'Angelo Russell"", ""D'Angelo Russell"", ""D'Angelo Russell"", ""D'Angelo Russell"", ""D'Angelo Russell""]"
Player,vllm-granite-3-3-8b-instruct,w20,player,101,nationality,0,1,"[""USA"", ""USA"", ""USA"", ""USA"", ""USA""]"
Player,vllm-granite-3-3-8b-instruct,w20,player,101,nba_championships,0,1,"[""0"", ""0"", ""0"", ""0"", ""0""]"
Player,vllm-granite-3-3-8b-instruct,w20,player,101,olympic_gold_medals,0,1,"[""0"", ""0"", ""0"", ""0"", ""0""]"
Player,vllm-granite-3-3-8b-instruct,w20,player,101,position,0,1,"[""Backcourt"", ""Backcourt"", ""Backcourt"", ""Backcourt"", ""Backcourt""]"
Player,vllm-granite-3-3-8b-instruct,w20,player,101,team,0,1,"[""Los Angeles Lakers"", ""Los Angeles Lakers"", ""Los Angeles Lakers"", ""Los Angeles Lakers"", ""Los Angeles Lakers""]"
Player,vllm-granite-3-3-8b-instruct,w20,player,102,age,0,1,"[""31"", ""31"", ""31"", ""31"", ""31""]"
Player,vllm-granite-3-3-8b-instruct,w20,player,102,birth_date,0,1,"[""1994/3/16"", ""1994/3/16"", ""1994/3/16"", ""1994/3/16"", ""1994/3/16""]"
Player,vllm-granite-3-3-8b-instruct,w20,player,102,college,0,1,"[""Kansas"", ""Kansas"", ""Kansas"", ""Kansas"", ""Kansas""]"
Player,vllm-granite-3-3-8b-instruct,w20,player,102,draft_pick,0,1,"[""3"", ""3"", ""3"", ""3"", ""3""]"
Player,vllm-granite-3-3-8b-instruct,w20,player,102,draft_year,0,1,"[""2014"", ""2014"", ""2014"", ""2014"", ""2014""]"
Player,vllm-granite-3-3-8b-instruct,w20,player,102,fiba_world_cup,0,1,"[""1"", ""1"", ""1"", ""1"", ""1""]"
Player,vllm-granite-3-3-8b-instruct,w20,player,102,mvp_awards,0,1,"[""1"", ""1"", ""1"", ""1"", ""1""]"
Player,vllm-granite-3-3-8b-instruct,w20,player,102,name,0,1,"[""Joel Hans Embiid"", ""Joel Hans Embiid"", ""Joel Hans Embiid"", ""Joel Hans Embiid"", ""Joel Hans Embiid""]"
Player,vllm-granite-3-3-8b-instruct,w20,player,102,nationality,0,1,"[""USA||France||Cameroon"", ""USA||France||Cameroon"", ""USA||France||Cameroon"", ""USA||France||Cameroon"", ""USA||France||Cameroon""]"
Player,vllm-granite-3-3-8b-instruct,w20,player,102,nba_championships,0,1,"[""0"", ""0"", ""0"", ""0"", ""0""]"
Player,vllm-granite-3-3-8b-instruct,w20,player,102,olympic_gold_medals,0,1,"[""1"", ""1"", ""1"", ""1"", ""1""]"
Player,vllm-granite-3-3-8b-instruct,w20,player,102,position,0,1,"[""Frontcourt"", ""Frontcourt"", ""Frontcourt"", ""Frontcourt"", ""Frontcourt""]"
Player,vllm-granite-3-3-8b-instruct,w20,player,102,team,0,1,"[""Philadelphia 76ers"", ""Philadelphia 76ers"", ""Philadelphia 76ers"", ""Philadelphia 76ers"", ""Philadelphia 76ers""]"
Player,vllm-granite-3-3-8b-instruct,w20,player,103,age,0,1,"[""34"", ""34"", ""34"", ""34"", ""34""]"
Player,vllm-granite-3-3-8b-instruct,w20,player,103,birth_date,0,1,"[""1990/5/2"", ""1990/5/2"", ""1990/5/2"", ""1990/5/2"", ""1990/5/2""]"
Player,vllm-granite-3-3-8b-instruct,w20,player,103,college,1,2,"[""Fresno State University"", ""Fresno State"", ""Fresno State"", ""Fresno State University"", ""Fresno State University""]"
Player,vllm-granite-3-3-8b-instruct,w20,player,103,draft_pick,0,1,"[""10"", ""10"", ""10"", ""10"", ""10""]"
Player,vllm-granite-3-3-8b-instruct,w20,player,103,draft_year,0,1,"[""2010"", ""2010"", ""2010"", ""2010"", ""2010""]"
Player,vllm-granite-3-3-8b-instruct,w20,player,103,fiba_world_cup,0,1,"[""1"", ""1"", ""1"", ""1"", ""1""]"
Player,vllm-granite-3-3-8b-instruct,w20,player,103,mvp_awards,0,1,"[""1"", ""1"", ""1"", ""1"", ""1""]"
Player,vllm-granite-3-3-8b-instruct,w20,player,103,name,0,1,"[""Paul George"", ""Paul George"", ""Paul George"", ""Paul George"", ""Paul George""]"
Player,vllm-granite-3-3-8b-instruct,w20,player,103,nationality,0,1,"[""USA"", ""USA"", ""USA"", ""USA"", ""USA""]"
Player,vllm-granite-3-3-8b-instruct,w20,player,103,nba_championships,0,1,"[""0"", ""0"", ""0"", ""0"", ""0""]"
Player,vllm-granite-3-3-8b-instruct,w20,player,103,olympic_gold_medals,0,1,"[""2"", ""2"", ""2"", ""2"", ""2""]"
Player,vllm-granite-3-3-8b-instruct,w20,player,103,position,0,1,"[""Frontcourt"", ""Frontcourt"", ""Frontcourt"", ""Frontcourt"", ""Frontcourt""]"
Player,vllm-granite-3-3-8b-instruct,w20,player,103,team,0,1,"[""Philadelphia 76ers"", ""Philadelphia 76ers"", ""Philadelphia 76ers"", ""Philadelphia 76ers"", ""Philadelphia 76ers""]"
Player,vllm-granite-3-3-8b-instruct,w20,player,104,age,0,1,"[""31"", ""31"", ""31"", ""31"", ""31""]"
Player,vllm-granite-3-3-8b-instruct,w20,player,104,birth_date,0,1,"[""1992/3/23"", ""1992/3/23"", ""1992/3/23"", ""1992/3/23"", ""1992/3/23""]"
Player,vllm-granite-3-3-8b-instruct,w20,player,104,college,0,1,"[""Duke University"", ""Duke University"", ""Duke University"", ""Duke University"", ""Duke University""]"
Player,vllm-granite-3-3-8b-instruct,w20,player,104,draft_pick,0,1,"[""1"", ""1"", ""1"", ""1"", ""1""]"
Player,vllm-granite-3-3-8b-instruct,w20,player,104,draft_year,0,1,"[""2011"", ""2011"", ""2011"", ""2011"", ""2011""]"
Player,vllm-granite-3-3-8b-instruct,w20,player,104,fiba_world_cup,0,1,"[""1"", ""1"", ""1"", ""1"", ""1""]"
Player,vllm-granite-3-3-8b-instruct,w20,player,104,mvp_awards,0,1,"[""2"", ""2"", ""2"", ""2"", ""2""]"
Player,vllm-granite-3-3-8b-instruct,w20,player,104,name,0,1,"[""Kyrie Irving"", ""Kyrie Irving"", ""Kyrie Irving"", ""Kyrie Irving"", ""Kyrie Irving""]"
Player,vllm-granite-3-3-8b-instruct,w20,player,104,nationality,0,1,"[""USA||Australia"", ""USA||Australia"", ""USA||Australia"", ""USA||Australia"", ""USA||Australia""]"
Player,vllm-granite-3-3-8b-instruct,w20,player,104,nba_championships,0,1,"[""2"", ""2"", ""2"", ""2"", ""2""]"
Player,vllm-granite-3-3-8b-instruct,w20,player,104,olympic_gold_medals,0,1,"[""2"", ""2"", ""2"", ""2"", ""2""]"
Player,vllm-granite-3-3-8b-instruct,w20,player,104,position,0,1,"[""Frontcourt"", ""Frontcourt"", ""Frontcourt"", ""Frontcourt"", ""Frontcourt""]"
Player,vllm-granite-3-3-8b-instruct,w20,player,104,team,0,1,"[""Dallas Mavericks"", ""Dallas Mavericks"", ""Dallas Mavericks"", ""Dallas Mavericks"", ""Dallas Mavericks""]"
Player,vllm-granite-3-3-8b-instruct,w20,player,105,age,0,1,"[""31"", ""31"", ""31"", ""31"", ""31""]"
Player,vllm-granite-3-3-8b-instruct,w20,player,105,birth_date,0,1,"[""1998/3/3"", ""1998/3/3"", ""1998/3/3"", ""1998/3/3"", ""1998/3/3""]"
Player,vllm-granite-3-3-8b-instruct,w20,player,105,college,0,1,"[""Duke University"", ""Duke University"", ""Duke University"", ""Duke University"", ""Duke University""]"
Player,vllm-granite-3-3-8b-instruct,w20,player,105,draft_pick,0,1,"[""3"", ""3"", ""3"", ""3"", ""3""]"
Player,vllm-granite-3-3-8b-instruct,w20,player,105,draft_year,0,1,"[""2017"", ""2017"", ""2017"", ""2017"", ""2017""]"
Player,vllm-granite-3-3-8b-instruct,w20,player,105,fiba_world_cup,0,1,"[""1"", ""1"", ""1"", ""1"", ""1""]"
Player,vllm-granite-3-3-8b-instruct,w20,player,105,mvp_awards,0,1,"[""1"", ""1"", ""1"", ""1"", ""1""]"
Player,vllm-granite-3-3-8b-instruct,w20,player,105,name,0,1,"[""Jayson Christopher Tatum"", ""Jayson Christopher Tatum"", ""Jayson Christopher Tatum"", ""Jayson Christopher Tatum"", ""Jayson Christopher Tatum""]"
Player,vllm-granite-3-3-8b-instruct,w20,player,105,nationality,0,1,"[""USA"", ""USA"", ""USA"", ""USA"", ""USA""]"
Player,vllm-granite-3-3-8b-instruct,w20,player,105,nba_championships,0,1,"[""2"", ""2"", ""2"", ""2"", ""2""]"
Player,vllm-granite-3-3-8b-instruct,w20,player,105,olympic_gold_medals,0,1,"[""2"", ""2"", ""2"", ""2"", ""2""]"
Player,vllm-granite-3-3-8b-instruct,w20,player,105,position,0,1,"[""Frontcourt"", ""Frontcourt"", ""Frontcourt"", ""Frontcourt"", ""Frontcourt""]"
Player,vllm-granite-3-3-8b-instruct,w20,player,105,team,0,1,"[""Boston Celtics"", ""Boston Celtics"", ""Boston Celtics"", ""Boston Celtics"", ""Boston Celtics""]"
Player,vllm-granite-3-3-8b-instruct,w20,player,106,age,0,1,"[""29"", ""29"", ""29"", ""29"", ""29""]"
Player,vllm-granite-3-3-8b-instruct,w20,player,106,birth_date,0,1,"[""1995/9/28"", ""1995/9/28"", ""1995/9/28"", ""1995/9/28"", ""1995/9/28""]"
Player,vllm-granite-3-3-8b-instruct,w20,player,106,college,0,1,"[""NC State Wolfpack || Nevada Wolf Pack"", ""NC State Wolfpack || Nevada Wolf Pack"", ""NC State Wolfpack || Nevada Wolf Pack"", ""NC State Wolfpack || Nevada Wolf Pack"", ""NC State Wolfpack || Nevada Wolf Pack""]"
Player,vllm-granite-3-3-8b-instruct,w20,player,106,draft_pick,0,1,"["""", """", """", """", """"]"
Player,vllm-granite-3-3-8b-instruct,w20,player,106,draft_year,0,1,"[""2019"", ""2019"", ""2019"", ""2019"", ""2019""]"
Player,vllm-granite-3-3-8b-instruct,w20,player,106,fiba_world_cup,0,1,"["""", """", """", """", """"]"
Player,vllm-granite-3-3-8b-instruct,w20,player,106,mvp_awards,1,2,"[""0"", ""1"", ""0"", ""0"", ""0""]"
Player,vllm-granite-3-3-8b-instruct,w20,player,106,name,0,1,"[""Caleb Martin"", ""Caleb Martin"", ""Caleb Martin"", ""Caleb Martin"", ""Caleb Martin""]"
Player,vllm-granite-3-3-8b-instruct,w20,player,106,nationality,0,1,"[""USA"", ""USA"", ""USA"", ""USA"", ""USA""]"
Player,vllm-granite-3-3-8b-instruct,w20,player,106,nba_championships,0,1,"[""0"", ""0"", ""0"", ""0"", ""0""]"
Player,vllm-granite-3-3-8b-instruct,w20,player,106,olympic_gold_medals,0,1,"[""0"", ""0"", ""0"", ""0"", ""0""]"
Player,vllm-granite-3-3-8b-instruct,w20,player,106,position,0,1,"[""Frontcourt"", ""Frontcourt"", ""Frontcourt"", ""Frontcourt"", ""Frontcourt""]"
Player,vllm-granite-3-3-8b-instruct,w20,player,106,team,0,1,"[""Philadelphia 76ers"", ""Philadelphia 76ers"", ""Philadelphia 76ers"", ""Philadelphia 76ers"", ""Philadelphia 76ers""]"
Player,vllm-granite-3-3-8b-instruct,w20,player,107,age,0,1,"[""30"", ""30"", ""30"", ""30"", ""30""]"
Player,vllm-granite-3-3-8b-instruct,w20,player,107,birth_date,0,1,"[""1995/2/23"", ""1995/2/23"", ""1995/2/23"", ""1995/2/23"", ""1995/2/23""]"
Player,vllm-granite-3-3-8b-instruct,w20,player,107,college,0,1,"[""Kansas Jayhawks"", ""Kansas Jayhawks"", ""Kansas Jayhawks"", ""Kansas Jayhawks"", ""Kansas Jayhawks""]"
Player,vllm-granite-3-3-8b-instruct,w20,player,107,draft_pick,0,1,"[""1"", ""1"", ""1"", ""1"", ""1""]"
Player,vllm-granite-3-3-8b-instruct,w20,player,107,draft_year,0,1,"[""2014"", ""2014"", ""2014"", ""2014"", ""2014""]"
Player,vllm-granite-3-3-8b-instruct,w20,player,107,fiba_world_cup,0,1,"[""1"", ""1"", ""1"", ""1"", ""1""]"
Player,vllm-granite-3-3-8b-instruct,w20,player,107,mvp_awards,0,1,"[""0"", ""0"", ""0"", ""0"", ""0""]"
Player,vllm-granite-3-3-8b-instruct,w20,player,107,name,0,1,"[""Andrew Christian Wiggins"", ""Andrew Christian Wiggins"", ""Andrew Christian Wiggins"", ""Andrew Christian Wiggins"", ""Andrew Christian Wiggins""]"
Player,vllm-granite-3-3-8b-instruct,w20,player,107,nationality,0,1,"[""Canada"", ""Canada"", ""Canada"", ""Canada"", ""Canada""]"
Player,vllm-granite-3-3-8b-instruct,w20,player,107,nba_championships,0,1,"[""1"", ""1"", ""1"", ""1"", ""1""]"
Player,vllm-granite-3-3-8b-instruct,w20,player,107,olympic_gold_medals,0,1,"[""2"", ""2"", ""2"", ""2"", ""2""]"
Player,vllm-granite-3-3-8b-instruct,w20,player,107,position,0,1,"[""Frontcourt"", ""Frontcourt"", ""Frontcourt"", ""Frontcourt"", ""Frontcourt""]"
Player,vllm-granite-3-3-8b-instruct,w20,player,107,team,0,1,"[""Golden State Warriors"", ""Golden State Warriors"", ""Golden State Warriors"", ""Golden State Warriors"", ""Golden State Warriors""]"
Player,vllm-granite-3-3-8b-instruct,w20,player,108,age,0,1,"[""23"", ""23"", ""23"", ""23"", ""23""]"
Player,vllm-granite-3-3-8b-instruct,w20,player,108,birth_date,0,1,"[""2001/2/26"", ""2001/2/26"", ""2001/2/26"", ""2001/2/26"", ""2001/2/26""]"
Player,vllm-granite-3-3-8b-instruct,w20,player,108,college,0,1,"[""Rice Owls"", ""Rice Owls"", ""Rice Owls"", ""Rice Owls"", ""Rice Owls""]"
Player,vllm-granite-3-3-8b-instruct,w20,player,108,draft_pick,0,1,"["""", """", """", """", """"]"
Player,vllm-granite-3-3-8b-instruct,w20,player,108,draft_year,0,1,"[""2024"", ""2024"", ""2024"", ""2024"", ""2024""]"
Player,vllm-granite-3-3-8b-instruct,w20,player,108,fiba_world_cup,0,1,"["""", """", """", """", """"]"
Player,vllm-granite-3-3-8b-instruct,w20,player,108,mvp_awards,0,1,"[""0"", ""0"", ""0"", ""0"", ""0""]"
Player,vllm-granite-3-3-8b-instruct,w20,player,108,name,0,1,"[""Max Berning Fiedler"", ""Max Berning Fiedler"", ""Max Berning Fiedler"", ""Max Berning Fiedler"", ""Max Berning Fiedler""]"
Player,vllm-granite-3-3-8b-instruct,w20,player,108,nationality,0,1,"[""USA"", ""USA"", ""USA"", ""USA"", ""USA""]"
Player,vllm-granite-3-3-8b-instruct,w20,player,108,nba_championships,0,1,"["""", """", """", """", """"]"
Player,vllm-granite-3-3-8b-instruct,w20,player,108,olympic_gold_medals,0,1,"["""", """", """", """", """"]"
Player,vllm-granite-3-3-8b-instruct,w20,player,108,position,0,1,"[""Frontcourt"", ""Frontcourt"", ""Frontcourt"", ""Frontcourt"", ""Frontcourt""]"
Player,vllm-granite-3-3-8b-instruct,w20,player,108,team,0,1,"[""Philadelphia 76ers"", ""Philadelphia 76ers"", ""Philadelphia 76ers"", ""Philadelphia 76ers"", ""Philadelphia 76ers""]"
Player,vllm-granite-3-3-8b-instruct,w20,player,109,age,0,1,"[""27"", ""27"", ""27"", ""27"", ""27""]"
Player,vllm-granite-3-3-8b-instruct,w20,player,109,birth_date,0,1,"[""1997/7/17"", ""1997/7/17"", ""1997/7/17"", ""1997/7/17"", ""1997/7/17""]"
Player,vllm-granite-3-3-8b-instruct,w20,player,109,college,0,1,"[""Indiana University"", ""Indiana University"", ""Indiana University"", ""Indiana University"", ""Indiana University""]"
Player,vllm-granite-3-3-8b-instruct,w20,player,109,draft_pick,0,1,"[""23"", ""23"", ""23"", ""23"", ""23""]"
Player,vllm-granite-3-3-8b-instruct,w20,player,109,draft_year,0,1,"[""2017"", ""2017"", ""2017"", ""2017"", ""2017""]"
Player,vllm-granite-3-3-8b-instruct,w20,player,109,fiba_world_cup,0,1,"["""", """", """", """", """"]"
Player,vllm-granite-3-3-8b-instruct,w20,player,109,mvp_awards,0,1,"[""0"", ""0"", ""0"", ""0"", ""0""]"
Player,vllm-granite-3-3-8b-instruct,w20,player,109,name,0,1,"[""Ogugua \""OG\"" Anunoby Jr."", ""Ogugua \""OG\"" Anunoby Jr."", ""Ogugua \""OG\"" Anunoby Jr."", ""Ogugua \""OG\"" Anunoby Jr."", ""Ogugua \""OG\"" Anunoby Jr.""]"
Player,vllm-granite-3-3-8b-instruct,w20,player,109,nationality,0,1,"[""UK"", ""UK"", ""UK"", ""UK"", ""UK""]"
Player,vllm-granite-3-3-8b-instruct,w20,player,109,nba_championships,0,1,"[""1"", ""1"", ""1"", ""1"", ""1""]"
Player,vllm-granite-3-3-8b-instruct,w20,player,109,olympic_gold_medals,0,1,"[""0"", ""0"", ""0"", ""0"", ""0""]"
Player,vllm-granite-3-3-8b-instruct,w20,player,109,position,0,1,"[""Frontcourt"", ""Frontcourt"", ""Frontcourt"", ""Frontcourt"", ""Frontcourt""]"
Player,vllm-granite-3-3-8b-instruct,w20,player,109,team,0,1,"[""New York Knicks"", ""New York Knicks"", ""New York Knicks"", ""New York Knicks"", ""New York Knicks""]"
Player,vllm-granite-3-3-8b-instruct,w20,player,110,age,1,2,"[""28"", ""28"", ""29"", ""28"", ""29""]"
Player,vllm-granite-3-3-8b-instruct,w20,player,110,birth_date,0,1,"[""1996/10/24"", ""1996/10/24"", ""1996/10/24"", ""1996/10/24"", ""1996/10/24""]"
Player,vllm-granite-3-3-8b-instruct,w20,player,110,college,0,1,"[""California Golden Bears"", ""California Golden Bears"", ""California Golden Bears"", ""California Golden Bears"", ""California Golden Bears""]"
Player,vllm-granite-3-3-8b-instruct,w20,player,110,draft_pick,0,1,"[""3"", ""3"", ""3"", ""3"", ""3""]"
Player,vllm-granite-3-3-8b-instruct,w20,player,110,draft_year,0,1,"[""2016"", ""2016"", ""2016"", ""2016"", ""2016""]"
Player,vllm-granite-3-3-8b-instruct,w20,player,110,fiba_world_cup,0,1,"[""1"", ""1"", ""1"", ""1"", ""1""]"
Player,vllm-granite-3-3-8b-instruct,w20,player,110,mvp_awards,0,1,"[""1"", ""1"", ""1"", ""1"", ""1""]"
Player,vllm-granite-3-3-8b-instruct,w20,player,110,name,0,1,"[""Jaylen Brown"", ""Jaylen Brown"", ""Jaylen Brown"", ""Jaylen Brown"", ""Jaylen Brown""]"
Player,vllm-granite-3-3-8b-instruct,w20,player,110,nationality,0,1,"[""USA"", ""USA"", ""USA"", ""USA"", ""USA""]"
Player,vllm-granite-3-3-8b-instruct,w20,player,110,nba_championships,0,1,"[""2"", ""2"", ""2"", ""2"", ""2""]"
Player,vllm-granite-3-3-8b-instruct,w20,player,110,olympic_gold_medals,1,2,"[""0"", ""2"", ""0"", ""2"", ""2""]"
Player,vllm-granite-3-3-8b-instruct,w20,player,110,position,0,1,"[""Frontcourt"", ""Frontcourt"", ""Frontcourt"", ""Frontcourt"", ""Frontcourt""]"
Player,vllm-granite-3-3-8b-instruct,w20,player,110,team,0,1,"[""Boston Celtics"", ""Boston Celtics"", ""Boston Celtics"", ""Boston Celtics"", ""Boston Celtics""]"
Player,vllm-granite-3-3-8b-instruct,w20,player,111,age,0,1,"[""20"", ""20"", ""20"", ""20"", ""20""]"
Player,vllm-granite-3-3-8b-instruct,w20,player,111,birth_date,0,1,"[""2004/1/4"", ""2004/1/4"", ""2004/1/4"", ""2004/1/4"", ""2004/1/4""]"
Player,vllm-granite-3-3-8b-instruct,w20,player,111,college,0,1,"[""Metropolitans 92 || ASVEL"", ""Metropolitans 92 || ASVEL"", ""Metropolitans 92 || ASVEL"", ""Metropolitans 92 || ASVEL"", ""Metropolitans 92 || ASVEL""]"
Player,vllm-granite-3-3-8b-instruct,w20,player,111,draft_pick,0,1,"[""1"", ""1"", ""1"", ""1"", ""1""]"
Player,vllm-granite-3-3-8b-instruct,w20,player,111,draft_year,0,1,"[""2023"", ""2023"", ""2023"", ""2023"", ""2023""]"
Player,vllm-granite-3-3-8b-instruct,w20,player,111,fiba_world_cup,0,1,"[""0"", ""0"", ""0"", ""0"", ""0""]"
Player,vllm-granite-3-3-8b-instruct,w20,player,111,mvp_awards,0,1,"[""0"", ""0"", ""0"", ""0"", ""0""]"
Player,vllm-granite-3-3-8b-instruct,w20,player,111,name,0,1,"[""Victor Wembanyama"", ""Victor Wembanyama"", ""Victor Wembanyama"", ""Victor Wembanyama"", ""Victor Wembanyama""]"
Player,vllm-granite-3-3-8b-instruct,w20,player,111,nationality,0,1,"[""France"", ""France"", ""France"", ""France"", ""France""]"
Player,vllm-granite-3-3-8b-instruct,w20,player,111,nba_championships,0,1,"[""0"", ""0"", ""0"", ""0"", ""0""]"
Player,vllm-granite-3-3-8b-instruct,w20,player,111,olympic_gold_medals,0,1,"[""1"", ""1"", ""1"", ""1"", ""1""]"
Player,vllm-granite-3-3-8b-instruct,w20,player,111,position,0,1,"[""Frontcourt"", ""Frontcourt"", ""Frontcourt"", ""Frontcourt"", ""Frontcourt""]"
Player,vllm-granite-3-3-8b-instruct,w20,player,111,team,0,1,"[""San Antonio Spurs"", ""San Antonio Spurs"", ""San Antonio Spurs"", ""San Antonio Spurs"", ""San Antonio Spurs""]"
Player,vllm-granite-3-3-8b-instruct,w20,player,112,age,0,1,"[""34"", ""34"", ""34"", ""34"", ""34""]"
Player,vllm-granite-3-3-8b-instruct,w20,player,112,birth_date,0,1,"[""1990/6/12"", ""1990/6/12"", ""1990/6/12"", ""1990/6/12"", ""1990/6/12""]"
Player,vllm-granite-3-3-8b-instruct,w20,player,112,college,0,1,"[""UCLA Bruins"", ""UCLA Bruins"", ""UCLA Bruins"", ""UCLA Bruins"", ""UCLA Bruins""]"
Player,vllm-granite-3-3-8b-instruct,w20,player,112,draft_pick,0,1,"[""17"", ""17"", ""17"", ""17"", ""17""]"
Player,vllm-granite-3-3-8b-instruct,w20,player,112,draft_year,0,1,"[""2009"", ""2009"", ""2009"", ""2009"", ""2009""]"
Player,vllm-granite-3-3-8b-instruct,w20,player,112,fiba_world_cup,0,1,"[""1"", ""1"", ""1"", ""1"", ""1""]"
Player,vllm-granite-3-3-8b-instruct,w20,player,112,mvp_awards,1,2,"[""0"", ""0"", ""1"", ""0"", ""0""]"
Player,vllm-granite-3-3-8b-instruct,w20,player,112,name,0,1,"[""Jrue Holiday"", ""Jrue Holiday"", ""Jrue Holiday"", ""Jrue Holiday"", ""Jrue Holiday""]"
Player,vllm-granite-3-3-8b-instruct,w20,player,112,nationality,0,1,"[""USA"", ""USA"", ""USA"", ""USA"", ""USA""]"
Player,vllm-granite-3-3-8b-instruct,w20,player,112,nba_championships,0,1,"[""2"", ""2"", ""2"", ""2"", ""2""]"
Player,vllm-granite-3-3-8b-instruct,w20,player,112,olympic_gold_medals,0,1,"[""2"", ""2"", ""2"", ""2"", ""2""]"
Player,vllm-granite-3-3-8b-instruct,w20,player,112,position,0,1,"[""Backcourt"", ""Backcourt"", ""Backcourt"", ""Backcourt"", ""Backcourt""]"
Player,vllm-granite-3-3-8b-instruct,w20,player,112,team,0,1,"[""Boston Celtics"", ""Boston Celtics"", ""Boston Celtics"", ""Boston Celtics"", ""Boston Celtics""]"
Player,vllm-granite-3-3-8b-instruct,w20,player,113,age,0,1,"[""25"", ""25"", ""25"", ""25"", ""25""]"
Player,vllm-granite-3-3-8b-instruct,w20,player,113,birth_date,0,1,"[""1998/5/29"", ""1998/5/29"", ""1998/5/29"", ""1998/5/29"", ""1998/5/29""]"
Player,vllm-granite-3-3-8b-instruct,w20,player,113,college,0,1,"[""Wichita State Shockers || Oklahoma Sooners"", ""Wichita State Shockers || Oklahoma Sooners"", ""Wichita State Shockers || Oklahoma Sooners"", ""Wichita State Shockers || Oklahoma Sooners"", ""Wichita State Shockers || Oklahoma Sooners""]"
Player,vllm-granite-3-3-8b-instruct,w20,player,113,draft_pick,0,1,"["""", """", """", """", """"]"
Player,vllm-granite-3-3-8b-instruct,w20,player,113,draft_year,0,1,"[""2021"", ""2021"", ""2021"", ""2021"", ""2021""]"
Player,vllm-granite-3-3-8b-instruct,w20,player,113,fiba_world_cup,0,1,"[""1"", ""1"", ""1"", ""1"", ""1""]"
Player,vllm-granite-3-3-8b-instruct,w20,player,113,mvp_awards,0,1,"[""0"", ""0"", ""0"", ""0"", ""0""]"
Player,vllm-granite-3-3-8b-instruct,w20,player,113,name,0,1,"[""Austin Reaves"", ""Austin Reaves"", ""Austin Reaves"", ""Austin Reaves"", ""Austin Reaves""]"
Player,vllm-granite-3-3-8b-instruct,w20,player,113,nationality,0,1,"[""USA || Germany"", ""USA || Germany"", ""USA || Germany"", ""USA || Germany"", ""USA || Germany""]"
Player,vllm-granite-3-3-8b-instruct,w20,player,113,nba_championships,0,1,"[""0"", ""0"", ""0"", ""0"", ""0""]"
Player,vllm-granite-3-3-8b-instruct,w20,player,113,olympic_gold_medals,0,1,"[""0"", ""0"", ""0"", ""0"", ""0""]"
Player,vllm-granite-3-3-8b-instruct,w20,player,113,position,0,1,"[""Frontcourt"", ""Frontcourt"", ""Frontcourt"", ""Frontcourt"", ""Frontcourt""]"
Player,vllm-granite-3-3-8b-instruct,w20,player,113,team,0,1,"[""Los Angeles Lakers"", ""Los Angeles Lakers"", ""Los Angeles Lakers"", ""Los Angeles Lakers"", ""Los Angeles Lakers""]"
Player,vllm-granite-3-3-8b-instruct,w20,player,114,age,0,1,"[""36"", ""36"", ""36"", ""36"", ""36""]"
Player,vllm-granite-3-3-8b-instruct,w20,player,114,birth_date,0,1,"[""1988/9/7"", ""1988/9/7"", ""1988/9/7"", ""1988/9/7"", ""1988/9/7""]"
Player,vllm-granite-3-3-8b-instruct,w20,player,114,college,1,2,"[""UCLA Bruins"", ""UCLA Bruins"", ""UCLA"", ""UCLA Bruins"", ""UCLA""]"
Player,vllm-granite-3-3-8b-instruct,w20,player,114,draft_pick,0,1,"[""5"", ""5"", ""5"", ""5"", ""5""]"
Player,vllm-granite-3-3-8b-instruct,w20,player,114,draft_year,0,1,"[""2008"", ""2008"", ""2008"", ""2008"", ""2008""]"
Player,vllm-granite-3-3-8b-instruct,w20,player,114,fiba_world_cup,0,1,"[""1"", ""1"", ""1"", ""1"", ""1""]"
Player,vllm-granite-3-3-8b-instruct,w20,player,114,mvp_awards,0,1,"[""1"", ""1"", ""1"", ""1"", ""1""]"
Player,vllm-granite-3-3-8b-instruct,w20,player,114,name,0,1,"[""Kevin Love"", ""Kevin Love"", ""Kevin Love"", ""Kevin Love"", ""Kevin Love""]"
Player,vllm-granite-3-3-8b-instruct,w20,player,114,nationality,0,1,"[""USA"", ""USA"", ""USA"", ""USA"", ""USA""]"
Player,vllm-granite-3-3-8b-instruct,w20,player,114,nba_championships,0,1,"[""2"", ""2"", ""2"", ""2"", ""2""]"
Player,vllm-granite-3-3-8b-instruct,w20,player,114,olympic_gold_medals,0,1,"[""2"", ""2"", ""2"", ""2"", ""2""]"
Player,vllm-granite-3-3-8b-instruct,w20,player,114,position,0,1,"[""Frontcourt"", ""Frontcourt"", ""Frontcourt"", ""Frontcourt"", ""Frontcourt""]"
Player,vllm-granite-3-3-8b-instruct,w20,player,114,team,0,1,"[""Miami Heat"", ""Miami Heat"", ""Miami Heat"", ""Miami Heat"", ""Miami Heat""]"
Player,vllm-granite-3-3-8b-instruct,w20,player,115,age,1,2,"[""31"", ""30"", ""30"", ""31"", ""31""]"
Player,vllm-granite-3-3-8b-instruct,w20,player,115,birth_date,0,1,"[""1994/12/06"", ""1994/12/06"", ""1994/12/06"", ""1994/12/06"", ""1994/12/06""]"
Player,vllm-granite-3-3-8b-instruct,w20,player,115,college,0,1,"[""Milwaukee Bucks"", ""Milwaukee Bucks"", ""Milwaukee Bucks"", ""Milwaukee Bucks"", ""Milwaukee Bucks""]"
Player,vllm-granite-3-3-8b-instruct,w20,player,115,draft_pick,0,1,"[""15"", ""15"", ""15"", ""15"", ""15""]"
Player,vllm-granite-3-3-8b-instruct,w20,player,115,draft_year,0,1,"[""2013"", ""2013"", ""2013"", ""2013"", ""2013""]"
Player,vllm-granite-3-3-8b-instruct,w20,player,115,fiba_world_cup,0,1,"[""1"", ""1"", ""1"", ""1"", ""1""]"
Player,vllm-granite-3-3-8b-instruct,w20,player,115,mvp_awards,0,1,"[""2"", ""2"", ""2"", ""2"", ""2""]"
Player,vllm-granite-3-3-8b-instruct,w20,player,115,name,0,1,"[""Giannis Sina Ugo Antetokounmpo"", ""Giannis Sina Ugo Antetokounmpo"", ""Giannis Sina Ugo Antetokounmpo"", ""Giannis Sina Ugo Antetokounmpo"", ""Giannis Sina Ugo Antetokounmpo""]"
Player,vllm-granite-3-3-8b-instruct,w20,player,115,nationality,0,1,"[""Greece||Nigeria"", ""Greece||Nigeria"", ""Greece||Nigeria"", ""Greece||Nigeria"", ""Greece||Nigeria""]"
Player,vllm-granite-3-3-8b-instruct,w20,player,115,nba_championships,0,1,"[""2"", ""2"", ""2"", ""2"", ""2""]"
Player,vllm-granite-3-3-8b-instruct,w20,player,115,olympic_gold_medals,0,1,"[""3"", ""3"", ""3"", ""3"", ""3""]"
Player,vllm-granite-3-3-8b-instruct,w20,player,115,position,0,1,"[""Frontcourt"", ""Frontcourt"", ""Frontcourt"", ""Frontcourt"", ""Frontcourt""]"
Player,vllm-granite-3-3-8b-instruct,w20,player,115,team,0,1,"[""Milwaukee Bucks"", ""Milwaukee Bucks"", ""Milwaukee Bucks"", ""Milwaukee Bucks"", ""Milwaukee Bucks""]"
Player,vllm-granite-3-3-8b-instruct,w20,player,116,age,0,1,"[""31"", ""31"", ""31"", ""31"", ""31""]"
Player,vllm-granite-3-3-8b-instruct,w20,player,116,birth_date,0,1,"[""1994/2/2"", ""1994/2/2"", ""1994/2/2"", ""1994/2/2"", ""1994/2/2""]"
Player,vllm-granite-3-3-8b-instruct,w20,player,116,college,0,1,"[""Davidson College"", ""Davidson College"", ""Davidson College"", ""Davidson College"", ""Davidson College""]"
Player,vllm-granite-3-3-8b-instruct,w20,player,116,draft_pick,0,1,"[""7"", ""7"", ""7"", ""7"", ""7""]"
Player,vllm-granite-3-3-8b-instruct,w20,player,116,draft_year,0,1,"[""2009"", ""2009"", ""2009"", ""2009"", ""2009""]"
Player,vllm-granite-3-3-8b-instruct,w20,player,116,fiba_world_cup,0,1,"[""2"", ""2"", ""2"", ""2"", ""2""]"
Player,vllm-granite-3-3-8b-instruct,w20,player,116,mvp_awards,0,1,"[""2"", ""2"", ""2"", ""2"", ""2""]"
Player,vllm-granite-3-3-8b-instruct,w20,player,116,name,0,1,"[""Stephen Curry"", ""Stephen Curry"", ""Stephen Curry"", ""Stephen Curry"", ""Stephen Curry""]"
Player,vllm-granite-3-3-8b-instruct,w20,player,116,nationality,0,1,"[""USA"", ""USA"", ""USA"", ""USA"", ""USA""]"
Player,vllm-granite-3-3-8b-instruct,w20,player,116,nba_championships,0,1,"[""4"", ""4"", ""4"", ""4"", ""4""]"
Player,vllm-granite-3-3-8b-instruct,w20,player,116,olympic_gold_medals,0,1,"[""2"", ""2"", ""2"", ""2"", ""2""]"
Player,vllm-granite-3-3-8b-instruct,w20,player,116,position,0,1,"[""Backcourt"", ""Backcourt"", ""Backcourt"", ""Backcourt"", ""Backcourt""]"
Player,vllm-granite-3-3-8b-instruct,w20,player,116,team,0,1,"[""Golden State Warriors"", ""Golden State Warriors"", ""Golden State Warriors"", ""Golden State Warriors"", ""Golden State Warriors""]"
Player,vllm-granite-3-3-8b-instruct,w20,player,117,age,0,1,"[""38"", ""38"", ""38"", ""38"", ""38""]"
Player,vllm-granite-3-3-8b-instruct,w20,player,117,birth_date,0,1,"[""1986/6/3"", ""1986/6/3"", ""1986/6/3"", ""1986/6/3"", ""1986/6/3""]"
Player,vllm-granite-3-3-8b-instruct,w20,player,117,college,0,1,"[""University of Florida"", ""University of Florida"", ""University of Florida"", ""University of Florida"", ""University of Florida""]"
Player,vllm-granite-3-3-8b-instruct,w20,player,117,draft_pick,0,1,"[""3"", ""3"", ""3"", ""3"", ""3""]"
Player,vllm-granite-3-3-8b-instruct,w20,player,117,draft_year,0,1,"[""2007"", ""2007"", ""2007"", ""2007"", ""2007""]"
Player,vllm-granite-3-3-8b-instruct,w20,player,117,fiba_world_cup,0,1,"[""1"", ""1"", ""1"", ""1"", ""1""]"
Player,vllm-granite-3-3-8b-instruct,w20,player,117,mvp_awards,0,1,"[""0"", ""0"", ""0"", ""0"", ""0""]"
Player,vllm-granite-3-3-8b-instruct,w20,player,117,name,0,1,"[""Al Horford"", ""Al Horford"", ""Al Horford"", ""Al Horford"", ""Al Horford""]"
Player,vllm-granite-3-3-8b-instruct,w20,player,117,nationality,0,1,"[""Dominican Republic"", ""Dominican Republic"", ""Dominican Republic"", ""Dominican Republic"", ""Dominican Republic""]"
Player,vllm-granite-3-3-8b-instruct,w20,player,117,nba_championships,1,2,"[""1"", ""2"", ""2"", ""2"", ""1""]"
Player,vllm-granite-3-3-8b-instruct,w20,player,117,olympic_gold_medals,0,1,"[""2"", ""2"", ""2"", ""2"", ""2""]"
Player,vllm-granite-3-3-8b-instruct,w20,player,117,position,0,1,"[""Frontcourt"", ""Frontcourt"", ""Frontcourt"", ""Frontcourt"", ""Frontcourt""]"
Player,vllm-granite-3-3-8b-instruct,w20,player,117,team,0,1,"[""Boston Celtics"", ""Boston Celtics"", ""Boston Celtics"", ""Boston Celtics"", ""Boston Celtics""]"
Player,vllm-granite-3-3-8b-instruct,w20,player,118,age,0,1,"[""24"", ""24"", ""24"", ""24"", ""24""]"
Player,vllm-granite-3-3-8b-instruct,w20,player,118,birth_date,0,1,"[""2000/1/20"", ""2000/1/20"", ""2000/1/20"", ""2000/1/20"", ""2000/1/20""]"
Player,vllm-granite-3-3-8b-instruct,w20,player,118,college,0,1,"[""University of Kentucky"", ""University of Kentucky"", ""University of Kentucky"", ""University of Kentucky"", ""University of Kentucky""]"
Player,vllm-granite-3-3-8b-instruct,w20,player,118,draft_pick,0,1,"[""13"", ""13"", ""13"", ""13"", ""13""]"
Player,vllm-granite-3-3-8b-instruct,w20,player,118,draft_year,0,1,"[""2019"", ""2019"", ""2019"", ""2019"", ""2019""]"
Player,vllm-granite-3-3-8b-instruct,w20,player,118,fiba_world_cup,0,1,"[""1"", ""1"", ""1"", ""1"", ""1""]"
Player,vllm-granite-3-3-8b-instruct,w20,player,118,mvp_awards,0,1,"[""0"", ""0"", ""0"", ""0"", ""0""]"
Player,vllm-granite-3-3-8b-instruct,w20,player,118,name,0,1,"[""Tyler Christopher Herro"", ""Tyler Christopher Herro"", ""Tyler Christopher Herro"", ""Tyler Christopher Herro"", ""Tyler Christopher Herro""]"
Player,vllm-granite-3-3-8b-instruct,w20,player,118,nationality,0,1,"[""USA"", ""USA"", ""USA"", ""USA"", ""USA""]"
Player,vllm-granite-3-3-8b-instruct,w20,player,118,nba_championships,0,1,"[""0"", ""0"", ""0"", ""0"", ""0""]"
Player,vllm-granite-3-3-8b-instruct,w20,player,118,olympic_gold_medals,0,1,"[""0"", ""0"", ""0"", ""0"", ""0""]"
Player,vllm-granite-3-3-8b-instruct,w20,player,118,position,0,1,"[""Frontcourt"", ""Frontcourt"", ""Frontcourt"", ""Frontcourt"", ""Frontcourt""]"
Player,vllm-granite-3-3-8b-instruct,w20,player,118,team,0,1,"[""Miami Heat"", ""Miami Heat"", ""Miami Heat"", ""Miami Heat"", ""Miami Heat""]"
Player,vllm-granite-3-3-8b-instruct,w20,player,119,age,0,1,"[""31"", ""31"", ""31"", ""31"", ""31""]"
Player,vllm-granite-3-3-8b-instruct,w20,player,119,birth_date,0,1,"[""1994/4/22"", ""1994/4/22"", ""1994/4/22"", ""1994/4/22"", ""1994/4/22""]"
Player,vllm-granite-3-3-8b-instruct,w20,player,119,college,0,1,"[""Williams College || Michigan State University"", ""Williams College || Michigan State University"", ""Williams College || Michigan State University"", ""Williams College || Michigan State University"", ""Williams College || Michigan State University""]"
Player,vllm-granite-3-3-8b-instruct,w20,player,119,draft_pick,0,1,"["""", """", """", """", """"]"
Player,vllm-granite-3-3-8b-instruct,w20,player,119,draft_year,0,1,"[""2018"", ""2018"", ""2018"", ""2018"", ""2018""]"
Player,vllm-granite-3-3-8b-instruct,w20,player,119,fiba_world_cup,0,1,"[""0"", ""0"", ""0"", ""0"", ""0""]"
Player,vllm-granite-3-3-8b-instruct,w20,player,119,mvp_awards,0,1,"[""0"", ""0"", ""0"", ""0"", ""0""]"
Player,vllm-granite-3-3-8b-instruct,w20,player,119,name,0,1,"[""Duncan Robinson"", ""Duncan Robinson"", ""Duncan Robinson"", ""Duncan Robinson"", ""Duncan Robinson""]"
Player,vllm-granite-3-3-8b-instruct,w20,player,119,nationality,0,1,"[""USA"", ""USA"", ""USA"", ""USA"", ""USA""]"
Player,vllm-granite-3-3-8b-instruct,w20,player,119,nba_championships,0,1,"[""2"", ""2"", ""2"", ""2"", ""2""]"
Player,vllm-granite-3-3-8b-instruct,w20,player,119,olympic_gold_medals,0,1,"[""2"", ""2"", ""2"", ""2"", ""2""]"
Player,vllm-granite-3-3-8b-instruct,w20,player,119,position,0,1,"[""Frontcourt"", ""Frontcourt"", ""Frontcourt"", ""Frontcourt"", ""Frontcourt""]"
Player,vllm-granite-3-3-8b-instruct,w20,player,119,team,0,1,"[""Miami Heat"", ""Miami Heat"", ""Miami Heat"", ""Miami Heat"", ""Miami Heat""]"
Player,vllm-granite-3-3-8b-instruct,w20,player,120,age,0,1,"[""31"", ""31"", ""31"", ""31"", ""31""]"
Player,vllm-granite-3-3-8b-instruct,w20,player,120,birth_date,0,1,"[""1993/9/20"", ""1993/9/20"", ""1993/9/20"", ""1993/9/20"", ""1993/9/20""]"
Player,vllm-granite-3-3-8b-instruct,w20,player,120,college,0,1,"[""UCLA"", ""UCLA"", ""UCLA"", ""UCLA"", ""UCLA""]"
Player,vllm-granite-3-3-8b-instruct,w20,player,120,draft_pick,0,1,"[""30"", ""30"", ""30"", ""30"", ""30""]"
Player,vllm-granite-3-3-8b-instruct,w20,player,120,draft_year,0,1,"[""2014"", ""2014"", ""2014"", ""2014"", ""2014""]"
Player,vllm-granite-3-3-8b-instruct,w20,player,120,fiba_world_cup,0,1,"[""1"", ""1"", ""1"", ""1"", ""1""]"
Player,vllm-granite-3-3-8b-instruct,w20,player,120,mvp_awards,0,1,"[""0"", ""0"", ""0"", ""0"", ""0""]"
Player,vllm-granite-3-3-8b-instruct,w20,player,120,name,0,1,"[""Kyle Anderson"", ""Kyle Anderson"", ""Kyle Anderson"", ""Kyle Anderson"", ""Kyle Anderson""]"
Player,vllm-granite-3-3-8b-instruct,w20,player,120,nationality,0,1,"[""USA || China"", ""USA || China"", ""USA || China"", ""USA || China"", ""USA || China""]"
Player,vllm-granite-3-3-8b-instruct,w20,player,120,nba_championships,0,1,"[""0"", ""0"", ""0"", ""0"", ""0""]"
Player,vllm-granite-3-3-8b-instruct,w20,player,120,olympic_gold_medals,0,1,"[""2"", ""2"", ""2"", ""2"", ""2""]"
Player,vllm-granite-3-3-8b-instruct,w20,player,120,position,0,1,"[""Frontcourt"", ""Frontcourt"", ""Frontcourt"", ""Frontcourt"", ""Frontcourt""]"
Player,vllm-granite-3-3-8b-instruct,w20,player,120,team,0,1,"[""Golden State Warriors"", ""Golden State Warriors"", ""Golden State Warriors"", ""Golden State Warriors"", ""Golden State Warriors""]"
Player,vllm-granite-3-3-8b-instruct,w20,player,121,age,0,1,"[""22"", ""22"", ""22"", ""22"", ""22""]"
Player,vllm-granite-3-3-8b-instruct,w20,player,121,birth_date,0,1,"[""2001/9/25"", ""2001/9/25"", ""2001/9/25"", ""2001/9/25"", ""2001/9/25""]"
Player,vllm-granite-3-3-8b-instruct,w20,player,121,college,0,1,"[""Oklahoma State"", ""Oklahoma State"", ""Oklahoma State"", ""Oklahoma State"", ""Oklahoma State""]"
Player,vllm-granite-3-3-8b-instruct,w20,player,121,draft_pick,0,1,"[""1"", ""1"", ""1"", ""1"", ""1""]"
Player,vllm-granite-3-3-8b-instruct,w20,player,121,draft_year,0,1,"[""2021"", ""2021"", ""2021"", ""2021"", ""2021""]"
Player,vllm-granite-3-3-8b-instruct,w20,player,121,fiba_world_cup,0,1,"[""1"", ""1"", ""1"", ""1"", ""1""]"
Player,vllm-granite-3-3-8b-instruct,w20,player,121,mvp_awards,0,1,"[""0"", ""0"", ""0"", ""0"", ""0""]"
Player,vllm-granite-3-3-8b-instruct,w20,player,121,name,0,1,"[""Cade Cunningham"", ""Cade Cunningham"", ""Cade Cunningham"", ""Cade Cunningham"", ""Cade Cunningham""]"
Player,vllm-granite-3-3-8b-instruct,w20,player,121,nationality,0,1,"[""USA"", ""USA"", ""USA"", ""USA"", ""USA""]"
Player,vllm-granite-3-3-8b-instruct,w20,player,121,nba_championships,0,1,"[""0"", ""0"", ""0"", ""0"", ""0""]"
Player,vllm-granite-3-3-8b-instruct,w20,player,121,olympic_gold_medals,0,1,"[""1"", ""1"", ""1"", ""1"", ""1""]"
Player,vllm-granite-3-3-8b-instruct,w20,player,121,position,0,1,"[""Frontcourt"", ""Frontcourt"", ""Frontcourt"", ""Frontcourt"", ""Frontcourt""]"
Player,vllm-granite-3-3-8b-instruct,w20,player,121,team,0,1,"[""Detroit Pistons"", ""Detroit Pistons"", ""Detroit Pistons"", ""Detroit Pistons"", ""Detroit Pistons""]"
Player,vllm-granite-3-3-8b-instruct,w20,player,122,age,0,1,"[""30"", ""30"", ""30"", ""30"", ""30""]"
Player,vllm-granite-3-3-8b-instruct,w20,player,122,birth_date,0,1,"[""1984/12/30"", ""1984/12/30"", ""1984/12/30"", ""1984/12/30"", ""1984/12/30""]"
Player,vllm-granite-3-3-8b-instruct,w20,player,122,college,1,2,"[""Cleveland State University"", ""Cleveland State University"", ""St. Vincent\u2013St. Mary High School"", ""Cleveland State University"", ""St. Vincent\u2013St. Mary High School""]"
Player,vllm-granite-3-3-8b-instruct,w20,player,122,draft_pick,0,1,"[""24"", ""24"", ""24"", ""24"", ""24""]"
Player,vllm-granite-3-3-8b-instruct,w20,player,122,draft_year,0,1,"[""2003"", ""2003"", ""2003"", ""2003"", ""2003""]"
Player,vllm-granite-3-3-8b-instruct,w20,player,122,fiba_world_cup,0,1,"[""1"", ""1"", ""1"", ""1"", ""1""]"
Player,vllm-granite-3-3-8b-instruct,w20,player,122,mvp_awards,0,1,"[""4"", ""4"", ""4"", ""4"", ""4""]"
Player,vllm-granite-3-3-8b-instruct,w20,player,122,name,0,1,"[""LeBron James"", ""LeBron James"", ""LeBron James"", ""LeBron James"", ""LeBron James""]"
Player,vllm-granite-3-3-8b-instruct,w20,player,122,nationality,0,1,"[""USA"", ""USA"", ""USA"", ""USA"", ""USA""]"
Player,vllm-granite-3-3-8b-instruct,w20,player,122,nba_championships,0,1,"[""4"", ""4"", ""4"", ""4"", ""4""]"
Player,vllm-granite-3-3-8b-instruct,w20,player,122,olympic_gold_medals,0,1,"[""3"", ""3"", ""3"", ""3"", ""3""]"
Player,vllm-granite-3-3-8b-instruct,w20,player,122,position,0,1,"[""Frontcourt"", ""Frontcourt"", ""Frontcourt"", ""Frontcourt"", ""Frontcourt""]"
Player,vllm-granite-3-3-8b-instruct,w20,player,122,team,0,1,"[""Los Angeles Lakers"", ""Los Angeles Lakers"", ""Los Angeles Lakers"", ""Los Angeles Lakers"", ""Los Angeles Lakers""]"
Player,vllm-granite-3-3-8b-instruct,w20,player,123,age,0,1,"[""35"", ""35"", ""35"", ""35"", ""35""]"
Player,vllm-granite-3-3-8b-instruct,w20,player,123,birth_date,0,1,"[""1989/9/14"", ""1989/9/14"", ""1989/9/14"", ""1989/9/14"", ""1989/9/14""]"
Player,vllm-granite-3-3-8b-instruct,w20,player,123,college,1,2,"[""Tyler Junior College || Marquette University"", ""Tyler Junior College || Marquette University"", ""Marquette University || Tyler Junior College"", ""Tyler Junior College || Marquette University"", ""Tyler Junior College || Marquette University""]"
Player,vllm-granite-3-3-8b-instruct,w20,player,123,draft_pick,0,1,"[""30"", ""30"", ""30"", ""30"", ""30""]"
Player,vllm-granite-3-3-8b-instruct,w20,player,123,draft_year,0,1,"[""2011"", ""2011"", ""2011"", ""2011"", ""2011""]"
Player,vllm-granite-3-3-8b-instruct,w20,player,123,fiba_world_cup,0,1,"[""1"", ""1"", ""1"", ""1"", ""1""]"
Player,vllm-granite-3-3-8b-instruct,w20,player,123,mvp_awards,0,1,"[""1"", ""1"", ""1"", ""1"", ""1""]"
Player,vllm-granite-3-3-8b-instruct,w20,player,123,name,0,1,"[""Jimmy Butler"", ""Jimmy Butler"", ""Jimmy Butler"", ""Jimmy Butler"", ""Jimmy Butler""]"
Player,vllm-granite-3-3-8b-instruct,w20,player,123,nationality,0,1,"[""USA"", ""USA"", ""USA"", ""USA"", ""USA""]"
Player,vllm-granite-3-3-8b-instruct,w20,player,123,nba_championships,1,2,"[""2"", ""2"", ""0"", ""2"", ""0""]"
Player,vllm-granite-3-3-8b-instruct,w20,player,123,olympic_gold_medals,1,2,"[""1"", ""2"", ""2"", ""1"", ""2""]"
Player,vllm-granite-3-3-8b-instruct,w20,player,123,position,0,1,"[""Frontcourt"", ""Frontcourt"", ""Frontcourt"", ""Frontcourt"", ""Frontcourt""]"
Player,vllm-granite-3-3-8b-instruct,w20,player,123,team,0,1,"[""Miami Heat"", ""Miami Heat"", ""Miami Heat"", ""Miami Heat"", ""Miami Heat""]"
Player,vllm-granite-3-3-8b-instruct,w20,player,124,age,0,1,"[""29"", ""29"", ""29"", ""29"", ""29""]"
Player,vllm-granite-3-3-8b-instruct,w20,player,124,birth_date,0,1,"[""1996/2/6"", ""1996/2/6"", ""1996/2/6"", ""1996/2/6"", ""1996/2/6""]"
Player,vllm-granite-3-3-8b-instruct,w20,player,124,college,0,1,"[""UCLA"", ""UCLA"", ""UCLA"", ""UCLA"", ""UCLA""]"
Player,vllm-granite-3-3-8b-instruct,w20,player,124,draft_pick,0,1,"[""30"", ""30"", ""30"", ""30"", ""30""]"
Player,vllm-granite-3-3-8b-instruct,w20,player,124,draft_year,0,1,"[""2015"", ""2015"", ""2015"", ""2015"", ""2015""]"
Player,vllm-granite-3-3-8b-instruct,w20,player,124,fiba_world_cup,0,1,"[""1"", ""1"", ""1"", ""1"", ""1""]"
Player,vllm-granite-3-3-8b-instruct,w20,player,124,mvp_awards,0,1,"[""0"", ""0"", ""0"", ""0"", ""0""]"
Player,vllm-granite-3-3-8b-instruct,w20,player,124,name,0,1,"[""Kevon Grant Looney"", ""Kevon Grant Looney"", ""Kevon Grant Looney"", ""Kevon Grant Looney"", ""Kevon Grant Looney""]"
Player,vllm-granite-3-3-8b-instruct,w20,player,124,nationality,0,1,"[""USA"", ""USA"", ""USA"", ""USA"", ""USA""]"
Player,vllm-granite-3-3-8b-instruct,w20,player,124,nba_championships,0,1,"[""3"", ""3"", ""3"", ""3"", ""3""]"
Player,vllm-granite-3-3-8b-instruct,w20,player,124,olympic_gold_medals,0,1,"[""2"", ""2"", ""2"", ""2"", ""2""]"
Player,vllm-granite-3-3-8b-instruct,w20,player,124,position,0,1,"[""Frontcourt"", ""Frontcourt"", ""Frontcourt"", ""Frontcourt"", ""Frontcourt""]"
Player,vllm-granite-3-3-8b-instruct,w20,player,124,team,0,1,"[""Golden State Warriors"", ""Golden State Warriors"", ""Golden State Warriors"", ""Golden State Warriors"", ""Golden State Warriors""]"
Player,vllm-granite-3-3-8b-instruct,w20,player,125,age,0,1,"[""28"", ""28"", ""28"", ""28"", ""28""]"
Player,vllm-granite-3-3-8b-instruct,w20,player,125,birth_date,0,1,"[""1995/3/10"", ""1995/3/10"", ""1995/3/10"", ""1995/3/10"", ""1995/3/10""]"
Player,vllm-granite-3-3-8b-instruct,w20,player,125,college,0,1,"[""UCLA"", ""UCLA"", ""UCLA"", ""UCLA"", ""UCLA""]"
Player,vllm-granite-3-3-8b-instruct,w20,player,125,draft_pick,0,1,"[""13"", ""13"", ""13"", ""13"", ""13""]"
Player,vllm-granite-3-3-8b-instruct,w20,player,125,draft_year,0,1,"[""2014"", ""2014"", ""2014"", ""2014"", ""2014""]"
Player,vllm-granite-3-3-8b-instruct,w20,player,125,fiba_world_cup,0,1,"[""1"", ""1"", ""1"", ""1"", ""1""]"
Player,vllm-granite-3-3-8b-instruct,w20,player,125,mvp_awards,0,1,"[""1"", ""1"", ""1"", ""1"", ""1""]"
Player,vllm-granite-3-3-8b-instruct,w20,player,125,name,0,1,"[""Zach LaVine"", ""Zach LaVine"", ""Zach LaVine"", ""Zach LaVine"", ""Zach LaVine""]"
Player,vllm-granite-3-3-8b-instruct,w20,player,125,nationality,0,1,"[""USA"", ""USA"", ""USA"", ""USA"", ""USA""]"
Player,vllm-granite-3-3-8b-instruct,w20,player,125,nba_championships,0,1,"[""0"", ""0"", ""0"", ""0"", ""0""]"
Player,vllm-granite-3-3-8b-instruct,w20,player,125,olympic_gold_medals,0,1,"[""1"", ""1"", ""1"", ""1"", ""1""]"
Player,vllm-granite-3-3-8b-instruct,w20,player,125,position,0,1,"[""Frontcourt"", ""Frontcourt"", ""Frontcourt"", ""Frontcourt"", ""Frontcourt""]"
Player,vllm-granite-3-3-8b-instruct,w20,player,125,team,0,1,"[""Chicago Bulls"", ""Chicago Bulls"", ""Chicago Bulls"", ""Chicago Bulls"", ""Chicago Bulls""]"
Player,vllm-granite-3-3-8b-instruct,w20,player,126,age,0,1,"[""21"", ""21"", ""21"", ""21"", ""21""]"
Player,vllm-granite-3-3-8b-instruct,w20,player,126,birth_date,0,1,"[""2002/2/13"", ""2002/2/13"", ""2002/2/13"", ""2002/2/13"", ""2002/2/13""]"
Player,vllm-granite-3-3-8b-instruct,w20,player,126,college,0,1,"[""Purdue Boilermakers"", ""Purdue Boilermakers"", ""Purdue Boilermakers"", ""Purdue Boilermakers"", ""Purdue Boilermakers""]"
Player,vllm-granite-3-3-8b-instruct,w20,player,126,draft_pick,0,1,"[""5"", ""5"", ""5"", ""5"", ""5""]"
Player,vllm-granite-3-3-8b-instruct,w20,player,126,draft_year,0,1,"[""2022"", ""2022"", ""2022"", ""2022"", ""2022""]"
Player,vllm-granite-3-3-8b-instruct,w20,player,126,fiba_world_cup,0,1,"[""0"", ""0"", ""0"", ""0"", ""0""]"
Player,vllm-granite-3-3-8b-instruct,w20,player,126,mvp_awards,0,1,"[""0"", ""0"", ""0"", ""0"", ""0""]"
Player,vllm-granite-3-3-8b-instruct,w20,player,126,name,0,1,"[""Jaden Ivey"", ""Jaden Ivey"", ""Jaden Ivey"", ""Jaden Ivey"", ""Jaden Ivey""]"
Player,vllm-granite-3-3-8b-instruct,w20,player,126,nationality,0,1,"[""USA"", ""USA"", ""USA"", ""USA"", ""USA""]"
Player,vllm-granite-3-3-8b-instruct,w20,player,126,nba_championships,0,1,"[""0"", ""0"", ""0"", ""0"", ""0""]"
Player,vllm-granite-3-3-8b-instruct,w20,player,126,olympic_gold_medals,0,1,"[""0"", ""0"", ""0"", ""0"", ""0""]"
Player,vllm-granite-3-3-8b-instruct,w20,player,126,position,0,1,"[""Frontcourt"", ""Frontcourt"", ""Frontcourt"", ""Frontcourt"", ""Frontcourt""]"
Player,vllm-granite-3-3-8b-instruct,w20,player,126,team,0,1,"[""Detroit Pistons"", ""Detroit Pistons"", ""Detroit Pistons"", ""Detroit Pistons"", ""Detroit Pistons""]"
Player,vllm-granite-3-3-8b-instruct,w20,player,127,age,0,1,"[""38"", ""38"", ""38"", ""38"", ""38""]"
Player,vllm-granite-3-3-8b-instruct,w20,player,127,birth_date,0,1,"[""1986/3/25"", ""1986/3/25"", ""1986/3/25"", ""1986/3/25"", ""1986/3/25""]"
Player,vllm-granite-3-3-8b-instruct,w20,player,127,college,0,1,"[""Villanova University"", ""Villanova University"", ""Villanova University"", ""Villanova University"", ""Villanova University""]"
Player,vllm-granite-3-3-8b-instruct,w20,player,127,draft_pick,0,1,"[""24"", ""24"", ""24"", ""24"", ""24""]"
Player,vllm-granite-3-3-8b-instruct,w20,player,127,draft_year,0,1,"[""2006"", ""2006"", ""2006"", ""2006"", ""2006""]"
Player,vllm-granite-3-3-8b-instruct,w20,player,127,fiba_world_cup,0,1,"[""1"", ""1"", ""1"", ""1"", ""1""]"
Player,vllm-granite-3-3-8b-instruct,w20,player,127,mvp_awards,0,1,"[""1"", ""1"", ""1"", ""1"", ""1""]"
Player,vllm-granite-3-3-8b-instruct,w20,player,127,name,0,1,"[""Kyle Lowry"", ""Kyle Lowry"", ""Kyle Lowry"", ""Kyle Lowry"", ""Kyle Lowry""]"
Player,vllm-granite-3-3-8b-instruct,w20,player,127,nationality,0,1,"[""USA"", ""USA"", ""USA"", ""USA"", ""USA""]"
Player,vllm-granite-3-3-8b-instruct,w20,player,127,nba_championships,0,1,"[""2"", ""2"", ""2"", ""2"", ""2""]"
Player,vllm-granite-3-3-8b-instruct,w20,player,127,olympic_gold_medals,0,1,"[""1"", ""1"", ""1"", ""1"", ""1""]"
Player,vllm-granite-3-3-8b-instruct,w20,player,127,position,0,1,"[""Backcourt"", ""Backcourt"", ""Backcourt"", ""Backcourt"", ""Backcourt""]"
Player,vllm-granite-3-3-8b-instruct,w20,player,127,team,0,1,"[""Philadelphia 76ers"", ""Philadelphia 76ers"", ""Philadelphia 76ers"", ""Philadelphia 76ers"", ""Philadelphia 76ers""]"
Player,vllm-granite-3-3-8b-instruct,w20,player,128,age,1,2,"[""2025"", ""17"", ""2025"", ""17"", ""17""]"
Player,vllm-granite-3-3-8b-instruct,w20,player,128,birth_date,0,1,"[""1993/2/17"", ""1993/2/17"", ""1993/2/17"", ""1993/2/17"", ""1993/2/17""]"
Player,vllm-granite-3-3-8b-instruct,w20,player,128,college,0,1,"[""North Carolina Tar Heels"", ""North Carolina Tar Heels"", ""North Carolina Tar Heels"", ""North Carolina Tar Heels"", ""North Carolina Tar Heels""]"
Player,vllm-granite-3-3-8b-instruct,w20,player,128,draft_pick,0,1,"[""24"", ""24"", ""24"", ""24"", ""24""]"
Player,vllm-granite-3-3-8b-instruct,w20,player,128,draft_year,0,1,"[""1984"", ""1984"", ""1984"", ""1984"", ""1984""]"
Player,vllm-granite-3-3-8b-instruct,w20,player,128,fiba_world_cup,0,1,"[""1"", ""1"", ""1"", ""1"", ""1""]"
Player,vllm-granite-3-3-8b-instruct,w20,player,128,mvp_awards,0,1,"[""6"", ""6"", ""6"", ""6"", ""6""]"
Player,vllm-granite-3-3-8b-instruct,w20,player,128,name,0,1,"[""Michael Jordan"", ""Michael Jordan"", ""Michael Jordan"", ""Michael Jordan"", ""Michael Jordan""]"
Player,vllm-granite-3-3-8b-instruct,w20,player,128,nationality,0,1,"[""USA"", ""USA"", ""USA"", ""USA"", ""USA""]"
Player,vllm-granite-3-3-8b-instruct,w20,player,128,nba_championships,0,1,"[""6"", ""6"", ""6"", ""6"", ""6""]"
Player,vllm-granite-3-3-8b-instruct,w20,player,128,olympic_gold_medals,0,1,"[""2"", ""2"", ""2"", ""2"", ""2""]"
Player,vllm-granite-3-3-8b-instruct,w20,player,128,position,0,1,"[""Frontcourt"", ""Frontcourt"", ""Frontcourt"", ""Frontcourt"", ""Frontcourt""]"
Player,vllm-granite-3-3-8b-instruct,w20,player,128,team,0,1,"[""||"", ""||"", ""||"", ""||"", ""||""]"
Player,vllm-granite-3-3-8b-instruct,w20,player,129,age,0,1,"[""28"", ""28"", ""28"", ""28"", ""28""]"
Player,vllm-granite-3-3-8b-instruct,w20,player,129,birth_date,0,1,"[""1996/10/30"", ""1996/10/30"", ""1996/10/30"", ""1996/10/30"", ""1996/10/30""]"
Player,vllm-granite-3-3-8b-instruct,w20,player,129,college,0,1,"[""Kentucky Wildcats"", ""Kentucky Wildcats"", ""Kentucky Wildcats"", ""Kentucky Wildcats"", ""Kentucky Wildcats""]"
Player,vllm-granite-3-3-8b-instruct,w20,player,129,draft_pick,0,1,"[""13"", ""13"", ""13"", ""13"", ""13""]"
Player,vllm-granite-3-3-8b-instruct,w20,player,129,draft_year,0,1,"[""2015"", ""2015"", ""2015"", ""2015"", ""2015""]"
Player,vllm-granite-3-3-8b-instruct,w20,player,129,fiba_world_cup,0,1,"[""0"", ""0"", ""0"", ""0"", ""0""]"
Player,vllm-granite-3-3-8b-instruct,w20,player,129,mvp_awards,1,2,"[""2"", ""1"", ""2"", ""1"", ""2""]"
Player,vllm-granite-3-3-8b-instruct,w20,player,129,name,0,1,"[""Devin Booker"", ""Devin Booker"", ""Devin Booker"", ""Devin Booker"", ""Devin Booker""]"
Player,vllm-granite-3-3-8b-instruct,w20,player,129,nationality,0,1,"[""USA"", ""USA"", ""USA"", ""USA"", ""USA""]"
Player,vllm-granite-3-3-8b-instruct,w20,player,129,nba_championships,0,1,"[""0"", ""0"", ""0"", ""0"", ""0""]"
Player,vllm-granite-3-3-8b-instruct,w20,player,129,olympic_gold_medals,0,1,"[""2"", ""2"", ""2"", ""2"", ""2""]"
Player,vllm-granite-3-3-8b-instruct,w20,player,129,position,0,1,"[""Frontcourt"", ""Frontcourt"", ""Frontcourt"", ""Frontcourt"", ""Frontcourt""]"
Player,vllm-granite-3-3-8b-instruct,w20,player,129,team,0,1,"[""Phoenix Suns"", ""Phoenix Suns"", ""Phoenix Suns"", ""Phoenix Suns"", ""Phoenix Suns""]"
Player,vllm-granite-3-3-8b-instruct,w20,player,130,age,0,1,"[""31"", ""31"", ""31"", ""31"", ""31""]"
Player,vllm-granite-3-3-8b-instruct,w20,player,130,birth_date,0,1,"[""1990/3/4"", ""1990/3/4"", ""1990/3/4"", ""1990/3/4"", ""1990/3/4""]"
Player,vllm-granite-3-3-8b-instruct,w20,player,130,college,0,1,"[""Michigan State University"", ""Michigan State University"", ""Michigan State University"", ""Michigan State University"", ""Michigan State University""]"
Player,vllm-granite-3-3-8b-instruct,w20,player,130,draft_pick,0,1,"[""35"", ""35"", ""35"", ""35"", ""35""]"
Player,vllm-granite-3-3-8b-instruct,w20,player,130,draft_year,0,1,"[""2012"", ""2012"", ""2012"", ""2012"", ""2012""]"
Player,vllm-granite-3-3-8b-instruct,w20,player,130,fiba_world_cup,0,1,"[""1"", ""1"", ""1"", ""1"", ""1""]"
Player,vllm-granite-3-3-8b-instruct,w20,player,130,mvp_awards,0,1,"[""2"", ""2"", ""2"", ""2"", ""2""]"
Player,vllm-granite-3-3-8b-instruct,w20,player,130,name,0,1,"[""Draymond Green"", ""Draymond Green"", ""Draymond Green"", ""Draymond Green"", ""Draymond Green""]"
Player,vllm-granite-3-3-8b-instruct,w20,player,130,nationality,0,1,"[""USA"", ""USA"", ""USA"", ""USA"", ""USA""]"
Player,vllm-granite-3-3-8b-instruct,w20,player,130,nba_championships,0,1,"[""4"", ""4"", ""4"", ""4"", ""4""]"
Player,vllm-granite-3-3-8b-instruct,w20,player,130,olympic_gold_medals,0,1,"[""3"", ""3"", ""3"", ""3"", ""3""]"
Player,vllm-granite-3-3-8b-instruct,w20,player,130,position,0,1,"[""Frontcourt"", ""Frontcourt"", ""Frontcourt"", ""Frontcourt"", ""Frontcourt""]"
Player,vllm-granite-3-3-8b-instruct,w20,player,130,team,0,1,"[""Golden State Warriors"", ""Golden State Warriors"", ""Golden State Warriors"", ""Golden State Warriors"", ""Golden State Warriors""]"
Player,vllm-granite-3-3-8b-instruct,w20,player,131,age,0,1,"[""26"", ""26"", ""26"", ""26"", ""26""]"
Player,vllm-granite-3-3-8b-instruct,w20,player,131,birth_date,0,1,"[""1997/11/19"", ""1997/11/19"", ""1997/11/19"", ""1997/11/19"", ""1997/11/19""]"
Player,vllm-granite-3-3-8b-instruct,w20,player,131,college,0,1,"[""Gonzaga Bulldogs"", ""Gonzaga Bulldogs"", ""Gonzaga Bulldogs"", ""Gonzaga Bulldogs"", ""Gonzaga Bulldogs""]"
Player,vllm-granite-3-3-8b-instruct,w20,player,131,draft_pick,0,1,"[""10"", ""10"", ""10"", ""10"", ""10""]"
Player,vllm-granite-3-3-8b-instruct,w20,player,131,draft_year,0,1,"[""2017"", ""2017"", ""2017"", ""2017"", ""2017""]"
Player,vllm-granite-3-3-8b-instruct,w20,player,131,fiba_world_cup,0,1,"[""0"", ""0"", ""0"", ""0"", ""0""]"
Player,vllm-granite-3-3-8b-instruct,w20,player,131,mvp_awards,0,1,"[""0"", ""0"", ""0"", ""0"", ""0""]"
Player,vllm-granite-3-3-8b-instruct,w20,player,131,name,0,1,"[""Zach Collins"", ""Zach Collins"", ""Zach Collins"", ""Zach Collins"", ""Zach Collins""]"
Player,vllm-granite-3-3-8b-instruct,w20,player,131,nationality,0,1,"[""USA"", ""USA"", ""USA"", ""USA"", ""USA""]"
Player,vllm-granite-3-3-8b-instruct,w20,player,131,nba_championships,0,1,"[""0"", ""0"", ""0"", ""0"", ""0""]"
Player,vllm-granite-3-3-8b-instruct,w20,player,131,olympic_gold_medals,0,1,"[""0"", ""0"", ""0"", ""0"", ""0""]"
Player,vllm-granite-3-3-8b-instruct,w20,player,131,position,0,1,"[""Frontcourt"", ""Frontcourt"", ""Frontcourt"", ""Frontcourt"", ""Frontcourt""]"
Player,vllm-granite-3-3-8b-instruct,w20,player,131,team,0,1,"[""San Antonio Spurs"", ""San Antonio Spurs"", ""San Antonio Spurs"", ""San Antonio Spurs"", ""San Antonio Spurs""]"
Player,vllm-granite-3-3-8b-instruct,w20,player,132,age,0,1,"[""23"", ""23"", ""23"", ""23"", ""23""]"
Player,vllm-granite-3-3-8b-instruct,w20,player,132,birth_date,0,1,"[""2002/10/6"", ""2002/10/6"", ""2002/10/6"", ""2002/10/6"", ""2002/10/6""]"
Player,vllm-granite-3-3-8b-instruct,w20,player,132,college,0,1,"[""Huntington Prep School || Our Savior New American School || The Patrick School"", ""Huntington Prep School || Our Savior New American School || The Patrick School"", ""Huntington Prep School || Our Savior New American School || The Patrick School"", ""Huntington Prep School || Our Savior New American School || The Patrick School"", ""Huntington Prep School || Our Savior New American School || The Patrick School""]"
Player,vllm-granite-3-3-8b-instruct,w20,player,132,draft_pick,0,1,"[""7"", ""7"", ""7"", ""7"", ""7""]"
Player,vllm-granite-3-3-8b-instruct,w20,player,132,draft_year,0,1,"[""2021"", ""2021"", ""2021"", ""2021"", ""2021""]"
Player,vllm-granite-3-3-8b-instruct,w20,player,132,fiba_world_cup,0,1,"[""0"", ""0"", ""0"", ""0"", ""0""]"
Player,vllm-granite-3-3-8b-instruct,w20,player,132,mvp_awards,0,1,"[""0"", ""0"", ""0"", ""0"", ""0""]"
Player,vllm-granite-3-3-8b-instruct,w20,player,132,name,1,2,"[""Jonathan Malangu Kuminga"", ""Jonathan Kuminga"", ""Jonathan Malangu Kuminga"", ""Jonathan Malangu Kuminga"", ""Jonathan Malangu Kuminga""]"
Player,vllm-granite-3-3-8b-instruct,w20,player,132,nationality,0,1,"[""DR Congo||USA"", ""DR Congo||USA"", ""DR Congo||USA"", ""DR Congo||USA"", ""DR Congo||USA""]"
Player,vllm-granite-3-3-8b-instruct,w20,player,132,nba_championships,0,1,"[""1"", ""1"", ""1"", ""1"", ""1""]"
Player,vllm-granite-3-3-8b-instruct,w20,player,132,olympic_gold_medals,0,1,"[""0"", ""0"", ""0"", ""0"", ""0""]"
Player,vllm-granite-3-3-8b-instruct,w20,player,132,position,0,1,"[""Frontcourt"", ""Frontcourt"", ""Frontcourt"", ""Frontcourt"", ""Frontcourt""]"
Player,vllm-granite-3-3-8b-instruct,w20,player,132,team,0,1,"[""Golden State Warriors"", ""Golden State Warriors"", ""Golden State Warriors"", ""Golden State Warriors"", ""Golden State Warriors""]"
Player,vllm-granite-3-3-8b-instruct,w20,player,133,age,0,1,"[""27"", ""27"", ""27"", ""27"", ""27""]"
Player,vllm-granite-3-3-8b-instruct,w20,player,133,birth_date,0,1,"[""1997/10/27"", ""1997/10/27"", ""1997/10/27"", ""1997/10/27"", ""1997/10/27""]"
Player,vllm-granite-3-3-8b-instruct,w20,player,133,college,0,1,"[""UCLA"", ""UCLA"", ""UCLA"", ""UCLA"", ""UCLA""]"
Player,vllm-granite-3-3-8b-instruct,w20,player,133,draft_pick,0,1,"[""2"", ""2"", ""2"", ""2"", ""2""]"
Player,vllm-granite-3-3-8b-instruct,w20,player,133,draft_year,0,1,"[""2017"", ""2017"", ""2017"", ""2017"", ""2017""]"
Player,vllm-granite-3-3-8b-instruct,w20,player,133,fiba_world_cup,0,1,"[""1"", ""1"", ""1"", ""1"", ""1""]"
Player,vllm-granite-3-3-8b-instruct,w20,player,133,mvp_awards,0,1,"[""0"", ""0"", ""0"", ""0"", ""0""]"
Player,vllm-granite-3-3-8b-instruct,w20,player,133,name,0,1,"[""Lonzo Ball"", ""Lonzo Ball"", ""Lonzo Ball"", ""Lonzo Ball"", ""Lonzo Ball""]"
Player,vllm-granite-3-3-8b-instruct,w20,player,133,nationality,0,1,"[""USA"", ""USA"", ""USA"", ""USA"", ""USA""]"
Player,vllm-granite-3-3-8b-instruct,w20,player,133,nba_championships,0,1,"[""0"", ""0"", ""0"", ""0"", ""0""]"
Player,vllm-granite-3-3-8b-instruct,w20,player,133,olympic_gold_medals,0,1,"[""2"", ""2"", ""2"", ""2"", ""2""]"
Player,vllm-granite-3-3-8b-instruct,w20,player,133,position,0,1,"[""Backcourt"", ""Backcourt"", ""Backcourt"", ""Backcourt"", ""Backcourt""]"
Player,vllm-granite-3-3-8b-instruct,w20,player,133,team,0,1,"[""Chicago Bulls"", ""Chicago Bulls"", ""Chicago Bulls"", ""Chicago Bulls"", ""Chicago Bulls""]"
Player,vllm-granite-3-3-8b-instruct,w20,player,134,age,0,1,"[""22"", ""22"", ""22"", ""22"", ""22""]"
Player,vllm-granite-3-3-8b-instruct,w20,player,134,birth_date,0,1,"[""2001/2/18"", ""2001/2/18"", ""2001/2/18"", ""2001/2/18"", ""2001/2/18""]"
Player,vllm-granite-3-3-8b-instruct,w20,player,134,college,0,1,"[""UCLA"", ""UCLA"", ""UCLA"", ""UCLA"", ""UCLA""]"
Player,vllm-granite-3-3-8b-instruct,w20,player,134,draft_pick,0,1,"[""18"", ""18"", ""18"", ""18"", ""18""]"
Player,vllm-granite-3-3-8b-instruct,w20,player,134,draft_year,0,1,"[""2023"", ""2023"", ""2023"", ""2023"", ""2023""]"
Player,vllm-granite-3-3-8b-instruct,w20,player,134,fiba_world_cup,0,1,"[""1"", ""1"", ""1"", ""1"", ""1""]"
Player,vllm-granite-3-3-8b-instruct,w20,player,134,mvp_awards,0,1,"[""0"", ""0"", ""0"", ""0"", ""0""]"
Player,vllm-granite-3-3-8b-instruct,w20,player,134,name,0,1,"[""Jaime Jaquez Jr."", ""Jaime Jaquez Jr."", ""Jaime Jaquez Jr."", ""Jaime Jaquez Jr."", ""Jaime Jaquez Jr.""]"
Player,vllm-granite-3-3-8b-instruct,w20,player,134,nationality,0,1,"[""USA || Mexico"", ""USA || Mexico"", ""USA || Mexico"", ""USA || Mexico"", ""USA || Mexico""]"
Player,vllm-granite-3-3-8b-instruct,w20,player,134,nba_championships,0,1,"[""0"", ""0"", ""0"", ""0"", ""0""]"
Player,vllm-granite-3-3-8b-instruct,w20,player,134,olympic_gold_medals,0,1,"[""0"", ""0"", ""0"", ""0"", ""0""]"
Player,vllm-granite-3-3-8b-instruct,w20,player,134,position,0,1,"[""Frontcourt"", ""Frontcourt"", ""Frontcourt"", ""Frontcourt"", ""Frontcourt""]"
Player,vllm-granite-3-3-8b-instruct,w20,player,134,team,0,1,"[""Miami Heat"", ""Miami Heat"", ""Miami Heat"", ""Miami Heat"", ""Miami Heat""]"
Player,vllm-granite-3-3-8b-instruct,w20,player,135,age,0,1,"[""20"", ""20"", ""20"", ""20"", ""20""]"
Player,vllm-granite-3-3-8b-instruct,w20,player,135,birth_date,0,1,"[""2003/1/30"", ""2003/1/30"", ""2003/1/30"", ""2003/1/30"", ""2003/1/30""]"
Player,vllm-granite-3-3-8b-instruct,w20,player,135,college,0,1,"["""", """", """", """", """"]"
Player,vllm-granite-3-3-8b-instruct,w20,player,135,draft_pick,0,1,"[""5"", ""5"", ""5"", ""5"", ""5""]"
Player,vllm-granite-3-3-8b-instruct,w20,player,135,draft_year,0,1,"[""2023"", ""2023"", ""2023"", ""2023"", ""2023""]"
Player,vllm-granite-3-3-8b-instruct,w20,player,135,fiba_world_cup,0,1,"["""", """", """", """", """"]"
Player,vllm-granite-3-3-8b-instruct,w20,player,135,mvp_awards,0,1,"[""0"", ""0"", ""0"", ""0"", ""0""]"
Player,vllm-granite-3-3-8b-instruct,w20,player,135,name,1,2,"[""Ausar XLNC Thompson"", ""Ausar XLNC Thompson"", ""Ausar Thompson"", ""Ausar XLNC Thompson"", ""Ausar Thompson""]"
Player,vllm-granite-3-3-8b-instruct,w20,player,135,nationality,0,1,"[""USA"", ""USA"", ""USA"", ""USA"", ""USA""]"
Player,vllm-granite-3-3-8b-instruct,w20,player,135,nba_championships,0,1,"[""0"", ""0"", ""0"", ""0"", ""0""]"
Player,vllm-granite-3-3-8b-instruct,w20,player,135,olympic_gold_medals,0,1,"[""0"", ""0"", ""0"", ""0"", ""0""]"
Player,vllm-granite-3-3-8b-instruct,w20,player,135,position,0,1,"[""Frontcourt"", ""Frontcourt"", ""Frontcourt"", ""Frontcourt"", ""Frontcourt""]"
Player,vllm-granite-3-3-8b-instruct,w20,player,135,team,0,1,"[""Detroit Pistons"", ""Detroit Pistons"", ""Detroit Pistons"", ""Detroit Pistons"", ""Detroit Pistons""]"
Player,vllm-granite-3-3-8b-instruct,w20,player,136,age,0,1,"[""31"", ""31"", ""31"", ""31"", ""31""]"
Player,vllm-granite-3-3-8b-instruct,w20,player,136,birth_date,0,1,"[""1996/8/31"", ""1996/8/31"", ""1996/8/31"", ""1996/8/31"", ""1996/8/31""]"
Player,vllm-granite-3-3-8b-instruct,w20,player,136,college,0,1,"[""Villanova University"", ""Villanova University"", ""Villanova University"", ""Villanova University"", ""Villanova University""]"
Player,vllm-granite-3-3-8b-instruct,w20,player,136,draft_pick,0,1,"[""33"", ""33"", ""33"", ""33"", ""33""]"
Player,vllm-granite-3-3-8b-instruct,w20,player,136,draft_year,0,1,"[""2018"", ""2018"", ""2018"", ""2018"", ""2018""]"
Player,vllm-granite-3-3-8b-instruct,w20,player,136,fiba_world_cup,0,1,"[""1"", ""1"", ""1"", ""1"", ""1""]"
Player,vllm-granite-3-3-8b-instruct,w20,player,136,mvp_awards,0,1,"[""1"", ""1"", ""1"", ""1"", ""1""]"
Player,vllm-granite-3-3-8b-instruct,w20,player,136,name,0,1,"[""Jalen Marquis Brunson"", ""Jalen Marquis Brunson"", ""Jalen Marquis Brunson"", ""Jalen Marquis Brunson"", ""Jalen Marquis Brunson""]"
Player,vllm-granite-3-3-8b-instruct,w20,player,136,nationality,0,1,"[""USA"", ""USA"", ""USA"", ""USA"", ""USA""]"
Player,vllm-granite-3-3-8b-instruct,w20,player,136,nba_championships,0,1,"[""1"", ""1"", ""1"", ""1"", ""1""]"
Player,vllm-granite-3-3-8b-instruct,w20,player,136,olympic_gold_medals,0,1,"[""2"", ""2"", ""2"", ""2"", ""2""]"
Player,vllm-granite-3-3-8b-instruct,w20,player,136,position,0,1,"[""Backcourt"", ""Backcourt"", ""Backcourt"", ""Backcourt"", ""Backcourt""]"
Player,vllm-granite-3-3-8b-instruct,w20,player,136,team,0,1,"[""New York Knicks"", ""New York Knicks"", ""New York Knicks"", ""New York Knicks"", ""New York Knicks""]"
Player,vllm-granite-3-3-8b-instruct,w20,player,137,age,0,1,"[""6"", ""6"", ""6"", ""6"", ""6""]"
Player,vllm-granite-3-3-8b-instruct,w20,player,137,birth_date,0,1,"[""1992/2/6"", ""1992/2/6"", ""1992/2/6"", ""1992/2/6"", ""1992/2/6""]"
Player,vllm-granite-3-3-8b-instruct,w20,player,137,college,0,1,"[""LSU"", ""LSU"", ""LSU"", ""LSU"", ""LSU""]"
Player,vllm-granite-3-3-8b-instruct,w20,player,137,draft_pick,0,1,"[""24"", ""24"", ""24"", ""24"", ""24""]"
Player,vllm-granite-3-3-8b-instruct,w20,player,137,draft_year,0,1,"[""1992"", ""1992"", ""1992"", ""1992"", ""1992""]"
Player,vllm-granite-3-3-8b-instruct,w20,player,137,fiba_world_cup,0,1,"[""1"", ""1"", ""1"", ""1"", ""1""]"
Player,vllm-granite-3-3-8b-instruct,w20,player,137,mvp_awards,0,1,"[""2"", ""2"", ""2"", ""2"", ""2""]"
Player,vllm-granite-3-3-8b-instruct,w20,player,137,name,1,2,"[""Shaquille Rashaun O'Neal"", ""Shaquille Rashaun O'Neal"", ""Shaquille Rashaun O'Neal"", ""Shaquille Rashaun O'Neal"", ""Shaquille O'Neal""]"
Player,vllm-granite-3-3-8b-instruct,w20,player,137,nationality,0,1,"[""USA"", ""USA"", ""USA"", ""USA"", ""USA""]"
Player,vllm-granite-3-3-8b-instruct,w20,player,137,nba_championships,0,1,"[""4"", ""4"", ""4"", ""4"", ""4""]"
Player,vllm-granite-3-3-8b-instruct,w20,player,137,olympic_gold_medals,1,2,"[""4"", ""4"", ""2"", ""4"", ""4""]"
Player,vllm-granite-3-3-8b-instruct,w20,player,137,position,0,1,"[""Frontcourt"", ""Frontcourt"", ""Frontcourt"", ""Frontcourt"", ""Frontcourt""]"
Player,vllm-granite-3-3-8b-instruct,w20,player,137,team,0,1,"[""||"", ""||"", ""||"", ""||"", ""||""]"
Player,vllm-granite-3-3-8b-instruct,w20,player,138,age,1,2,"[""2025"", ""2025"", ""23"", ""2025"", ""2025""]"
Player,vllm-granite-3-3-8b-instruct,w20,player,138,birth_date,0,1,"[""1994/2/2"", ""1994/2/2"", ""1994/2/2"", ""1994/2/2"", ""1994/2/2""]"
Player,vllm-granite-3-3-8b-instruct,w20,player,138,college,0,1,"[""Southeast Missouri State University"", ""Southeast Missouri State University"", ""Southeast Missouri State University"", ""Southeast Missouri State University"", ""Southeast Missouri State University""]"
Player,vllm-granite-3-3-8b-instruct,w20,player,138,draft_pick,0,1,"[""13"", ""13"", ""13"", ""13"", ""13""]"
Player,vllm-granite-3-3-8b-instruct,w20,player,138,draft_year,0,1,"[""2017"", ""2017"", ""2017"", ""2017"", ""2017""]"
Player,vllm-granite-3-3-8b-instruct,w20,player,138,fiba_world_cup,0,1,"[""2"", ""2"", ""2"", ""2"", ""2""]"
Player,vllm-granite-3-3-8b-instruct,w20,player,138,mvp_awards,0,1,"[""2"", ""2"", ""2"", ""2"", ""2""]"
Player,vllm-granite-3-3-8b-instruct,w20,player,138,name,0,1,"[""Kobe Bryant"", ""Kobe Bryant"", ""Kobe Bryant"", ""Kobe Bryant"", ""Kobe Bryant""]"
Player,vllm-granite-3-3-8b-instruct,w20,player,138,nationality,0,1,"[""USA"", ""USA"", ""USA"", ""USA"", ""USA""]"
Player,vllm-granite-3-3-8b-instruct,w20,player,138,nba_championships,0,1,"[""5"", ""5"", ""5"", ""5"", ""5""]"
Player,vllm-granite-3-3-8b-instruct,w20,player,138,olympic_gold_medals,0,1,"[""2"", ""2"", ""2"", ""2"", ""2""]"
Player,vllm-granite-3-3-8b-instruct,w20,player,138,position,0,1,"[""Frontcourt"", ""Frontcourt"", ""Frontcourt"", ""Frontcourt"", ""Frontcourt""]"
Player,vllm-granite-3-3-8b-instruct,w20,player,138,team,1,2,"[""||"", ""Kobe Bryant did not belong to any NBA team at the time of his death on January 26, 2020. He had retired from the Los Angeles Lakers after the 2018\u201319 season. Therefore, the answer is:"", ""||"", ""||"", ""||""]"
Player,vllm-granite-3-3-8b-instruct,w20,player,139,age,0,1,"[""31"", ""31"", ""31"", ""31"", ""31""]"
Player,vllm-granite-3-3-8b-instruct,w20,player,139,birth_date,0,1,"[""2005/5/6"", ""2005/5/6"", ""2005/5/6"", ""2005/5/6"", ""2005/5/6""]"
Player,vllm-granite-3-3-8b-instruct,w20,player,139,college,0,1,"[""Wake Forest University"", ""Wake Forest University"", ""Wake Forest University"", ""Wake Forest University"", ""Wake Forest University""]"
Player,vllm-granite-3-3-8b-instruct,w20,player,139,draft_pick,0,1,"[""4"", ""4"", ""4"", ""4"", ""4""]"
Player,vllm-granite-3-3-8b-instruct,w20,player,139,draft_year,0,1,"[""2005"", ""2005"", ""2005"", ""2005"", ""2005""]"
Player,vllm-granite-3-3-8b-instruct,w20,player,139,fiba_world_cup,0,1,"[""1"", ""1"", ""1"", ""1"", ""1""]"
Player,vllm-granite-3-3-8b-instruct,w20,player,139,mvp_awards,0,1,"[""2"", ""2"", ""2"", ""2"", ""2""]"
Player,vllm-granite-3-3-8b-instruct,w20,player,139,name,0,1,"[""Chris Paul"", ""Chris Paul"", ""Chris Paul"", ""Chris Paul"", ""Chris Paul""]"
Player,vllm-granite-3-3-8b-instruct,w20,player,139,nationality,0,1,"[""USA"", ""USA"", ""USA"", ""USA"", ""USA""]"
Player,vllm-granite-3-3-8b-instruct,w20,player,139,nba_championships,0,1,"[""2"", ""2"", ""2"", ""2"", ""2""]"
Player,vllm-granite-3-3-8b-instruct,w20,player,139,olympic_gold_medals,0,1,"[""3"", ""3"", ""3"", ""3"", ""3""]"
Player,vllm-granite-3-3-8b-instruct,w20,player,139,position,0,1,"[""Backcourt"", ""Backcourt"", ""Backcourt"", ""Backcourt"", ""Backcourt""]"
Player,vllm-granite-3-3-8b-instruct,w20,player,139,team,0,1,"[""San Antonio Spurs"", ""San Antonio Spurs"", ""San Antonio Spurs"", ""San Antonio Spurs"", ""San Antonio Spurs""]"
Player,vllm-granite-3-3-8b-instruct,w20,player,140,age,0,1,"[""31"", ""31"", ""31"", ""31"", ""31""]"
Player,vllm-granite-3-3-8b-instruct,w20,player,140,birth_date,0,1,"[""1992/5/30"", ""1992/5/30"", ""1992/5/30"", ""1992/5/30"", ""1992/5/30""]"
Player,vllm-granite-3-3-8b-instruct,w20,player,140,college,0,1,"[""North Carolina Tar Heels"", ""North Carolina Tar Heels"", ""North Carolina Tar Heels"", ""North Carolina Tar Heels"", ""North Carolina Tar Heels""]"
Player,vllm-granite-3-3-8b-instruct,w20,player,140,draft_pick,0,1,"[""7"", ""7"", ""7"", ""7"", ""7""]"
Player,vllm-granite-3-3-8b-instruct,w20,player,140,draft_year,0,1,"[""2012"", ""2012"", ""2012"", ""2012"", ""2012""]"
Player,vllm-granite-3-3-8b-instruct,w20,player,140,fiba_world_cup,0,1,"[""1"", ""1"", ""1"", ""1"", ""1""]"
Player,vllm-granite-3-3-8b-instruct,w20,player,140,mvp_awards,0,1,"[""0"", ""0"", ""0"", ""0"", ""0""]"
Player,vllm-granite-3-3-8b-instruct,w20,player,140,name,1,2,"[""Harrison Barnes"", ""Harrison Barnes"", ""Harrison Barnes"", ""Harrison Barnes"", ""Harrison Bryce Jordan Barnes""]"
Player,vllm-granite-3-3-8b-instruct,w20,player,140,nationality,0,1,"[""USA"", ""USA"", ""USA"", ""USA"", ""USA""]"
Player,vllm-granite-3-3-8b-instruct,w20,player,140,nba_championships,0,1,"[""2"", ""2"", ""2"", ""2"", ""2""]"
Player,vllm-granite-3-3-8b-instruct,w20,player,140,olympic_gold_medals,0,1,"[""1"", ""1"", ""1"", ""1"", ""1""]"
Player,vllm-granite-3-3-8b-instruct,w20,player,140,position,0,1,"[""Frontcourt"", ""Frontcourt"", ""Frontcourt"", ""Frontcourt"", ""Frontcourt""]"
Player,vllm-granite-3-3-8b-instruct,w20,player,140,team,0,1,"[""San Antonio Spurs"", ""San Antonio Spurs"", ""San Antonio Spurs"", ""San Antonio Spurs"", ""San Antonio Spurs""]"
Player,vllm-granite-3-3-8b-instruct,w20,player,141,age,0,1,"[""27"", ""27"", ""27"", ""27"", ""27""]"
Player,vllm-granite-3-3-8b-instruct,w20,player,141,birth_date,0,1,"[""1997/7/18"", ""1997/7/18"", ""1997/7/18"", ""1997/7/18"", ""1997/7/18""]"
Player,vllm-granite-3-3-8b-instruct,w20,player,141,college,0,1,"[""Kentucky Wildcats"", ""Kentucky Wildcats"", ""Kentucky Wildcats"", ""Kentucky Wildcats"", ""Kentucky Wildcats""]"
Player,vllm-granite-3-3-8b-instruct,w20,player,141,draft_pick,0,1,"[""14"", ""14"", ""14"", ""14"", ""14""]"
Player,vllm-granite-3-3-8b-instruct,w20,player,141,draft_year,0,1,"[""2017"", ""2017"", ""2017"", ""2017"", ""2017""]"
Player,vllm-granite-3-3-8b-instruct,w20,player,141,fiba_world_cup,0,1,"[""1"", ""1"", ""1"", ""1"", ""1""]"
Player,vllm-granite-3-3-8b-instruct,w20,player,141,mvp_awards,0,1,"[""0"", ""0"", ""0"", ""0"", ""0""]"
Player,vllm-granite-3-3-8b-instruct,w20,player,141,name,0,1,"[""Edrice Femi \""Bam\"" Adebayo"", ""Edrice Femi \""Bam\"" Adebayo"", ""Edrice Femi \""Bam\"" Adebayo"", ""Edrice Femi \""Bam\"" Adebayo"", ""Edrice Femi \""Bam\"" Adebayo""]"
Player,vllm-granite-3-3-8b-instruct,w20,player,141,nationality,1,2,"[""USA||Nigeria"", ""USA"", ""USA||Nigeria"", ""USA||Nigeria"", ""USA||Nigeria""]"
Player,vllm-granite-3-3-8b-instruct,w20,player,141,nba_championships,0,1,"[""0"", ""0"", ""0"", ""0"", ""0""]"
Player,vllm-granite-3-3-8b-instruct,w20,player,141,olympic_gold_medals,0,1,"[""2"", ""2"", ""2"", ""2"", ""2""]"
Player,vllm-granite-3-3-8b-instruct,w20,player,141,position,0,1,"[""Frontcourt"", ""Frontcourt"", ""Frontcourt"", ""Frontcourt"", ""Frontcourt""]"
Player,vllm-granite-3-3-8b-instruct,w20,player,141,team,0,1,"[""Miami Heat"", ""Miami Heat"", ""Miami Heat"", ""Miami Heat"", ""Miami Heat""]"
Player,vllm-granite-3-3-8b-instruct,w20,team,1,championship,0,1,"[""1"", ""1"", ""1"", ""1"", ""1""]"
Player,vllm-granite-3-3-8b-instruct,w20,team,1,founded_year,0,1,"[""1946"", ""1946"", ""1946"", ""1946"", ""1946""]"
Player,vllm-granite-3-3-8b-instruct,w20,team,1,location,0,1,"[""Atlanta||"", ""Atlanta||"", ""Atlanta||"", ""Atlanta||"", ""Atlanta||""]"
Player,vllm-granite-3-3-8b-instruct,w20,team,1,ownership,0,1,"[""**Ownership:** Tony Ressler || Grant Hill || Steven Price || Rick Schnall || Sara Blakely || Jesse Itzler || Jami Gertz"", ""**Ownership:** Tony Ressler || Grant Hill || Steven Price || Rick Schnall || Sara Blakely || Jesse Itzler || Jami Gertz"", ""**Ownership:** Tony Ressler || Grant Hill || Steven Price || Rick Schnall || Sara Blakely || Jesse Itzler || Jami Gertz"", ""**Ownership:** Tony Ressler || Grant Hill || Steven Price || Rick Schnall || Sara Blakely || Jesse Itzler || Jami Gertz"", ""**Ownership:** Tony Ressler || Grant Hill || Steven Price || Rick Schnall || Sara Blakely || Jesse Itzler || Jami Gertz""]"
Player,vllm-granite-3-3-8b-instruct,w20,team,1,team_name,0,1,"[""Atlanta Hawks"", ""Atlanta Hawks"", ""Atlanta Hawks"", ""Atlanta Hawks"", ""Atlanta Hawks""]"
Player,vllm-granite-3-3-8b-instruct,w20,team,2,championship,0,1,"[""18"", ""18"", ""18"", ""18"", ""18""]"
Player,vllm-granite-3-3-8b-instruct,w20,team,2,founded_year,0,1,"[""1946"", ""1946"", ""1946"", ""1946"", ""1946""]"
Player,vllm-granite-3-3-8b-instruct,w20,team,2,location,0,1,"[""Boston"", ""Boston"", ""Boston"", ""Boston"", ""Boston""]"
Player,vllm-granite-3-3-8b-instruct,w20,team,2,ownership,0,1,"[""Irving Grousbeck || Wycliffe Grousbeck || Steve Pagliuca"", ""Irving Grousbeck || Wycliffe Grousbeck || Steve Pagliuca"", ""Irving Grousbeck || Wycliffe Grousbeck || Steve Pagliuca"", ""Irving Grousbeck || Wycliffe Grousbeck || Steve Pagliuca"", ""Irving Grousbeck || Wycliffe Grousbeck || Steve Pagliuca""]"
Player,vllm-granite-3-3-8b-instruct,w20,team,2,team_name,0,1,"[""Boston Celtics"", ""Boston Celtics"", ""Boston Celtics"", ""Boston Celtics"", ""Boston Celtics""]"
Player,vllm-granite-3-3-8b-instruct,w20,team,3,championship,0,1,"[""2"", ""2"", ""2"", ""2"", ""2""]"
Player,vllm-granite-3-3-8b-instruct,w20,team,3,founded_year,0,1,"[""1967"", ""1967"", ""1967"", ""1967"", ""1967""]"
Player,vllm-granite-3-3-8b-instruct,w20,team,3,location,0,1,"[""Brooklyn"", ""Brooklyn"", ""Brooklyn"", ""Brooklyn"", ""Brooklyn""]"
Player,vllm-granite-3-3-8b-instruct,w20,team,3,ownership,1,2,"[""Joseph Tsai || Mikhail Prokhorov || Bruce Ratner || Raymond Chambers & Lewis Katz (Secaucus Seven) || Arthur J. Brown (original owner)"", ""Joseph Tsai || Mikhail Prokhorov || Bruce Ratner || Raymond Chambers & Lewis Katz (Secaucus Seven) || Arthur J. Brown (original owner)"", ""Joseph Tsai || Mikhail Prokhorov || Bruce Ratner || Raymond Chambers & Lewis Katz (Secaucus Seven) || Arthur J. Brown || Roy Boe || Charles Kushner & Jon Corzine (briefly) || Will Pan (via Jay-Z)"", ""Joseph Tsai || Mikhail Prokhorov || Bruce Ratner || Raymond Chambers & Lewis Katz (Secaucus Seven) || Arthur J. Brown (original owner)"", ""Joseph Tsai || Mikhail Prokhorov || Bruce Ratner || Raymond Chambers & Lewis Katz (Secaucus Seven) || Arthur J. Brown (original owner)""]"
Player,vllm-granite-3-3-8b-instruct,w20,team,3,team_name,0,1,"[""Brooklyn Nets || New Jersey Nets || New York Nets || New Jersey Americans"", ""Brooklyn Nets || New Jersey Nets || New York Nets || New Jersey Americans"", ""Brooklyn Nets || New Jersey Nets || New York Nets || New Jersey Americans"", ""Brooklyn Nets || New Jersey Nets || New York Nets || New Jersey Americans"", ""Brooklyn Nets || New Jersey Nets || New York Nets || New Jersey Americans""]"
Player,vllm-granite-3-3-8b-instruct,w20,team,4,championship,0,1,"[""0"", ""0"", ""0"", ""0"", ""0""]"
Player,vllm-granite-3-3-8b-instruct,w20,team,4,founded_year,0,1,"[""1988"", ""1988"", ""1988"", ""1988"", ""1988""]"
Player,vllm-granite-3-3-8b-instruct,w20,team,4,location,0,1,"[""Charlotte||"", ""Charlotte||"", ""Charlotte||"", ""Charlotte||"", ""Charlotte||""]"
Player,vllm-granite-3-3-8b-instruct,w20,team,4,ownership,1,2,"[""ownership is Michael Jordan || Gabe Plotkin && Rick Schnall"", ""ownership is Michael Jordan || Gabe Plotkin || Rick Schnall"", ""ownership is Michael Jordan || Gabe Plotkin && Rick Schnall"", ""ownership is Michael Jordan || Gabe Plotkin && Rick Schnall"", ""ownership is Michael Jordan || Gabe Plotkin && Rick Schnall""]"
Player,vllm-granite-3-3-8b-instruct,w20,team,4,team_name,0,1,"[""team_name is Charlotte Hornets"", ""team_name is Charlotte Hornets"", ""team_name is Charlotte Hornets"", ""team_name is Charlotte Hornets"", ""team_name is Charlotte Hornets""]"
Player,vllm-granite-3-3-8b-instruct,w20,team,5,championship,0,1,"[""6"", ""6"", ""6"", ""6"", ""6""]"
Player,vllm-granite-3-3-8b-instruct,w20,team,5,founded_year,0,1,"[""1966"", ""1966"", ""1966"", ""1966"", ""1966""]"
Player,vllm-granite-3-3-8b-instruct,w20,team,5,location,1,2,"[""Chicago||"", ""Chicago||"", ""Chicago||"", ""Chicago||"", ""Chicago""]"
Player,vllm-granite-3-3-8b-instruct,w20,team,5,ownership,0,1,"[""ownership: Jerry Reinsdorf || Dick Klein (original owner)"", ""ownership: Jerry Reinsdorf || Dick Klein (original owner)"", ""ownership: Jerry Reinsdorf || Dick Klein (original owner)"", ""ownership: Jerry Reinsdorf || Dick Klein (original owner)"", ""ownership: Jerry Reinsdorf || Dick Klein (original owner)""]"
Player,vllm-granite-3-3-8b-instruct,w20,team,5,team_name,0,1,"[""Chicago Bulls"", ""Chicago Bulls"", ""Chicago Bulls"", ""Chicago Bulls"", ""Chicago Bulls""]"
Player,vllm-granite-3-3-8b-instruct,w20,team,6,championship,0,1,"[""1"", ""1"", ""1"", ""1"", ""1""]"
Player,vllm-granite-3-3-8b-instruct,w20,team,6,founded_year,0,1,"[""1970"", ""1970"", ""1970"", ""1970"", ""1970""]"
Player,vllm-granite-3-3-8b-instruct,w20,team,6,location,0,1,"[""Cleveland"", ""Cleveland"", ""Cleveland"", ""Cleveland"", ""Cleveland""]"
Player,vllm-granite-3-3-8b-instruct,w20,team,6,ownership,0,1,"[""Dan Gilbert"", ""Dan Gilbert"", ""Dan Gilbert"", ""Dan Gilbert"", ""Dan Gilbert""]"
Player,vllm-granite-3-3-8b-instruct,w20,team,6,team_name,0,1,"[""Cleveland Cavaliers"", ""Cleveland Cavaliers"", ""Cleveland Cavaliers"", ""Cleveland Cavaliers"", ""Cleveland Cavaliers""]"
Player,vllm-granite-3-3-8b-instruct,w20,team,7,championship,0,1,"[""1"", ""1"", ""1"", ""1"", ""1""]"
Player,vllm-granite-3-3-8b-instruct,w20,team,7,founded_year,0,1,"[""1980"", ""1980"", ""1980"", ""1980"", ""1980""]"
Player,vllm-granite-3-3-8b-instruct,w20,team,7,location,0,1,"[""Dallas"", ""Dallas"", ""Dallas"", ""Dallas"", ""Dallas""]"
Player,vllm-granite-3-3-8b-instruct,w20,team,7,ownership,1,2,"[""ownership is Mark Cuban || Ross Perot Jr. (historical)"", ""ownership is Mark Cuban || Ross Perot Jr. (historical)"", ""ownership is Mark Cuban || Ross Perot Jr. (historical)"", ""Mark Cuban ||"", ""Mark Cuban ||""]"
Player,vllm-granite-3-3-8b-instruct,w20,team,7,team_name,0,1,"[""Dallas Mavericks"", ""Dallas Mavericks"", ""Dallas Mavericks"", ""Dallas Mavericks"", ""Dallas Mavericks""]"
Player,vllm-granite-3-3-8b-instruct,w20,team,8,championship,0,1,"[""1"", ""1"", ""1"", ""1"", ""1""]"
Player,vllm-granite-3-3-8b-instruct,w20,team,8,founded_year,0,1,"[""1967"", ""1967"", ""1967"", ""1967"", ""1967""]"
Player,vllm-granite-3-3-8b-instruct,w20,team,8,location,1,2,"[""Denver"", ""Denver||"", ""Denver||"", ""Denver||"", ""Denver""]"
Player,vllm-granite-3-3-8b-instruct,w20,team,8,ownership,0,1,"[""Stan Kroenke"", ""Stan Kroenke"", ""Stan Kroenke"", ""Stan Kroenke"", ""Stan Kroenke""]"
Player,vllm-granite-3-3-8b-instruct,w20,team,8,team_name,0,1,"[""Denver Nuggets"", ""Denver Nuggets"", ""Denver Nuggets"", ""Denver Nuggets"", ""Denver Nuggets""]"
Player,vllm-granite-3-3-8b-instruct,w20,team,9,championship,0,1,"[""3"", ""3"", ""3"", ""3"", ""3""]"
Player,vllm-granite-3-3-8b-instruct,w20,team,9,founded_year,0,1,"[""1937"", ""1937"", ""1937"", ""1937"", ""1937""]"
Player,vllm-granite-3-3-8b-instruct,w20,team,9,location,1,2,"[""Detroit||Auburn Hills||Little Caesars Arena, Detroit"", ""Detroit||"", ""Detroit||"", ""Detroit||Auburn Hills||Little Caesars Arena, Detroit"", ""Detroit||""]"
Player,vllm-granite-3-3-8b-instruct,w20,team,9,ownership,1,2,"[""ownership is ||Bill Davidson||Karen Davidson||Tom Gores||"", ""ownership is ||Tom Gores||"", ""ownership is ||Bill Davidson||Karen Davidson||Tom Gores||"", ""ownership is ||Tom Gores||"", ""ownership is ||Bill Davidson||Karen Davidson||Tom Gores||""]"
Player,vllm-granite-3-3-8b-instruct,w20,team,9,team_name,0,1,"[""Detroit Pistons"", ""Detroit Pistons"", ""Detroit Pistons"", ""Detroit Pistons"", ""Detroit Pistons""]"
Player,vllm-granite-3-3-8b-instruct,w20,team,10,championship,0,1,"[""7"", ""7"", ""7"", ""7"", ""7""]"
Player,vllm-granite-3-3-8b-instruct,w20,team,10,founded_year,0,1,"[""1946"", ""1946"", ""1946"", ""1946"", ""1946""]"
Player,vllm-granite-3-3-8b-instruct,w20,team,10,location,0,1,"[""San Francisco"", ""San Francisco"", ""San Francisco"", ""San Francisco"", ""San Francisco""]"
Player,vllm-granite-3-3-8b-instruct,w20,team,10,ownership,0,1,"[""ownership is ||Chris Cohan|| ||Peter Guber|| ||Joe Lacob|| ||Vivek Ranadiv\u00e9|| ||Erika Glazer|| ||Fred Harman|| ||Bob Piccinini|| ||Larry Bowman|| ||Danny German|| ||Marty Glick|| ||Chad Hurley|| ||Craig R. Johnson|| ||Bruce Karsh|| ||Jeffrey A. Miller|| ||Paul Schaeffer|| ||David Scially|| ||Nick Swinmurn|| ||Harry Tsao|| ||John Walecka|| ||Dennis Wong|| ||Chamath Palihapitiya||"", ""ownership is ||Chris Cohan|| ||Peter Guber|| ||Joe Lacob|| ||Vivek Ranadiv\u00e9|| ||Erika Glazer|| ||Fred Harman|| ||Bob Piccinini|| ||Larry Bowman|| ||Danny German|| ||Marty Glick|| ||Chad Hurley|| ||Craig R. Johnson|| ||Bruce Karsh|| ||Jeffrey A. Miller|| ||Paul Schaeffer|| ||David Scially|| ||Nick Swinmurn|| ||Harry Tsao|| ||John Walecka|| ||Dennis Wong|| ||Chamath Palihapitiya||"", ""ownership is ||Chris Cohan|| ||Peter Guber|| ||Joe Lacob|| ||Vivek Ranadiv\u00e9|| ||Erika Glazer|| ||Fred Harman|| ||Bob Piccinini|| ||Larry Bowman|| ||Danny German|| ||Marty Glick|| ||Chad Hurley|| ||Craig R. Johnson|| ||Bruce Karsh|| ||Jeffrey A. Miller|| ||Paul Schaeffer|| ||David Scially|| ||Nick Swinmurn|| ||Harry Tsao|| ||John Walecka|| ||Dennis Wong|| ||Chamath Palihapitiya||"", ""ownership is ||Chris Cohan|| ||Peter Guber|| ||Joe Lacob|| ||Vivek Ranadiv\u00e9|| ||Erika Glazer|| ||Fred Harman|| ||Bob Piccinini|| ||Larry Bowman|| ||Danny German|| ||Marty Glick|| ||Chad Hurley|| ||Craig R. Johnson|| ||Bruce Karsh|| ||Jeffrey A. Miller|| ||Paul Schaeffer|| ||David Scially|| ||Nick Swinmurn|| ||Harry Tsao|| ||John Walecka|| ||Dennis Wong|| ||Chamath Palihapitiya||"", ""ownership is ||Chris Cohan|| ||Peter Guber|| ||Joe Lacob|| ||Vivek Ranadiv\u00e9|| ||Erika Glazer|| ||Fred Harman|| ||Bob Piccinini|| ||Larry Bowman|| ||Danny German|| ||Marty Glick|| ||Chad Hurley|| ||Craig R. Johnson|| ||Bruce Karsh|| ||Jeffrey A. Miller|| ||Paul Schaeffer|| ||David Scially|| ||Nick Swinmurn|| ||Harry Tsao|| ||John Walecka|| ||Dennis Wong|| ||Chamath Palihapitiya||""]"
Player,vllm-granite-3-3-8b-instruct,w20,team,10,team_name,0,1,"[""Golden State Warriors"", ""Golden State Warriors"", ""Golden State Warriors"", ""Golden State Warriors"", ""Golden State Warriors""]"
Player,vllm-granite-3-3-8b-instruct,w20,team,11,championship,0,1,"[""2"", ""2"", ""2"", ""2"", ""2""]"
Player,vllm-granite-3-3-8b-instruct,w20,team,11,founded_year,0,1,"[""1967"", ""1967"", ""1967"", ""1967"", ""1967""]"
Player,vllm-granite-3-3-8b-instruct,w20,team,11,location,0,1,"[""Houston"", ""Houston"", ""Houston"", ""Houston"", ""Houston""]"
Player,vllm-granite-3-3-8b-instruct,w20,team,11,ownership,0,1,"[""ownership: Tilman Fertitta || (previous owners include George Maloof, Gavin Maloof, Charlie Thomas, Sidney Shlenker, and others as noted in the context)"", ""ownership: Tilman Fertitta || (previous owners include George Maloof, Gavin Maloof, Charlie Thomas, Sidney Shlenker, and others as noted in the context)"", ""ownership: Tilman Fertitta || (previous owners include George Maloof, Gavin Maloof, Charlie Thomas, Sidney Shlenker, and others as noted in the context)"", ""ownership: Tilman Fertitta || (previous owners include George Maloof, Gavin Maloof, Charlie Thomas, Sidney Shlenker, and others as noted in the context)"", ""ownership: Tilman Fertitta || (previous owners include George Maloof, Gavin Maloof, Charlie Thomas, Sidney Shlenker, and others as noted in the context)""]"
Player,vllm-granite-3-3-8b-instruct,w20,team,11,team_name,0,1,"[""Houston Rockets"", ""Houston Rockets"", ""Houston Rockets"", ""Houston Rockets"", ""Houston Rockets""]"
Player,vllm-granite-3-3-8b-instruct,w20,team,12,championship,0,1,"[""3"", ""3"", ""3"", ""3"", ""3""]"
Player,vllm-granite-3-3-8b-instruct,w20,team,12,founded_year,0,1,"[""1967"", ""1967"", ""1967"", ""1967"", ""1967""]"
Player,vllm-granite-3-3-8b-instruct,w20,team,12,location,0,1,"[""Indianapolis"", ""Indianapolis"", ""Indianapolis"", ""Indianapolis"", ""Indianapolis""]"
Player,vllm-granite-3-3-8b-instruct,w20,team,12,ownership,0,1,"[""Herb Simon ||"", ""Herb Simon ||"", ""Herb Simon ||"", ""Herb Simon ||"", ""Herb Simon ||""]"
Player,vllm-granite-3-3-8b-instruct,w20,team,12,team_name,0,1,"[""Indiana Pacers"", ""Indiana Pacers"", ""Indiana Pacers"", ""Indiana Pacers"", ""Indiana Pacers""]"
Player,vllm-granite-3-3-8b-instruct,w20,team,13,championship,0,1,"[""0"", ""0"", ""0"", ""0"", ""0""]"
Player,vllm-granite-3-3-8b-instruct,w20,team,13,founded_year,0,1,"[""1970"", ""1970"", ""1970"", ""1970"", ""1970""]"
Player,vllm-granite-3-3-8b-instruct,w20,team,13,location,0,1,"[""Los Angeles"", ""Los Angeles"", ""Los Angeles"", ""Los Angeles"", ""Los Angeles""]"
Player,vllm-granite-3-3-8b-instruct,w20,team,13,ownership,0,1,"[""ownership is Donald Sterling || Steve Ballmer"", ""ownership is Donald Sterling || Steve Ballmer"", ""ownership is Donald Sterling || Steve Ballmer"", ""ownership is Donald Sterling || Steve Ballmer"", ""ownership is Donald Sterling || Steve Ballmer""]"
Player,vllm-granite-3-3-8b-instruct,w20,team,13,team_name,0,1,"[""Los Angeles Clippers"", ""Los Angeles Clippers"", ""Los Angeles Clippers"", ""Los Angeles Clippers"", ""Los Angeles Clippers""]"
Player,vllm-granite-3-3-8b-instruct,w20,team,14,championship,0,1,"[""17"", ""17"", ""17"", ""17"", ""17""]"
Player,vllm-granite-3-3-8b-instruct,w20,team,14,founded_year,0,1,"[""1946"", ""1946"", ""1946"", ""1946"", ""1946""]"
Player,vllm-granite-3-3-8b-instruct,w20,team,14,location,0,1,"[""Los Angeles"", ""Los Angeles"", ""Los Angeles"", ""Los Angeles"", ""Los Angeles""]"
Player,vllm-granite-3-3-8b-instruct,w20,team,14,ownership,0,1,"[""ownership: Jeanie Buss || Jerry Buss (deceased, ownership transferred to his six children via trust) || Jack Kent Cooke (until 1979) || Bob Short (until 1965)"", ""ownership: Jeanie Buss || Jerry Buss (deceased, ownership transferred to his six children via trust) || Jack Kent Cooke (until 1979) || Bob Short (until 1965)"", ""ownership: Jeanie Buss || Jerry Buss (deceased, ownership transferred to his six children via trust) || Jack Kent Cooke (until 1979) || Bob Short (until 1965)"", ""ownership: Jeanie Buss || Jerry Buss (deceased, ownership transferred to his six children via trust) || Jack Kent Cooke (until 1979) || Bob Short (until 1965)"", ""ownership: Jeanie Buss || Jerry Buss (deceased, ownership transferred to his six children via trust) || Jack Kent Cooke (until 1979) || Bob Short (until 1965)""]"
Player,vllm-granite-3-3-8b-instruct,w20,team,14,team_name,0,1,"[""Los Angeles Lakers"", ""Los Angeles Lakers"", ""Los Angeles Lakers"", ""Los Angeles Lakers"", ""Los Angeles Lakers""]"
Player,vllm-granite-3-3-8b-instruct,w20,team,15,championship,0,1,"["""", """", """", """", """"]"
Player,vllm-granite-3-3-8b-instruct,w20,team,15,founded_year,0,1,"[""1995"", ""1995"", ""1995"", ""1995"", ""1995""]"
Player,vllm-granite-3-3-8b-instruct,w20,team,15,location,0,1,"[""Memphis"", ""Memphis"", ""Memphis"", ""Memphis"", ""Memphis""]"
Player,vllm-granite-3-3-8b-instruct,w20,team,15,ownership,0,1,"[""Robert Pera ||"", ""Robert Pera ||"", ""Robert Pera ||"", ""Robert Pera ||"", ""Robert Pera ||""]"
Player,vllm-granite-3-3-8b-instruct,w20,team,15,team_name,0,1,"[""Memphis Grizzlies"", ""Memphis Grizzlies"", ""Memphis Grizzlies"", ""Memphis Grizzlies"", ""Memphis Grizzlies""]"
Player,vllm-granite-3-3-8b-instruct,w20,team,16,championship,0,1,"[""3"", ""3"", ""3"", ""3"", ""3""]"
Player,vllm-granite-3-3-8b-instruct,w20,team,16,founded_year,0,1,"[""1988"", ""1988"", ""1988"", ""1988"", ""1988""]"
Player,vllm-granite-3-3-8b-instruct,w20,team,16,location,0,1,"[""Miami"", ""Miami"", ""Miami"", ""Miami"", ""Miami""]"
Player,vllm-granite-3-3-8b-instruct,w20,team,16,ownership,1,2,"[""Ownership: Micky Arison ||"", ""**Ownership:** Micky Arison ||"", ""**Ownership:** Micky Arison ||"", ""Ownership: Micky Arison ||"", ""Ownership: Micky Arison ||""]"
Player,vllm-granite-3-3-8b-instruct,w20,team,16,team_name,0,1,"[""Miami Heat"", ""Miami Heat"", ""Miami Heat"", ""Miami Heat"", ""Miami Heat""]"
Player,vllm-granite-3-3-8b-instruct,w20,team,17,championship,0,1,"[""2"", ""2"", ""2"", ""2"", ""2""]"
Player,vllm-granite-3-3-8b-instruct,w20,team,17,founded_year,0,1,"[""1968"", ""1968"", ""1968"", ""1968"", ""1968""]"
Player,vllm-granite-3-3-8b-instruct,w20,team,17,location,0,1,"[""Milwaukee"", ""Milwaukee"", ""Milwaukee"", ""Milwaukee"", ""Milwaukee""]"
Player,vllm-granite-3-3-8b-instruct,w20,team,17,ownership,0,1,"[""Herb Kohl || Wes Edens || Marc Lasry"", ""Herb Kohl || Wes Edens || Marc Lasry"", ""Herb Kohl || Wes Edens || Marc Lasry"", ""Herb Kohl || Wes Edens || Marc Lasry"", ""Herb Kohl || Wes Edens || Marc Lasry""]"
Player,vllm-granite-3-3-8b-instruct,w20,team,17,team_name,0,1,"[""Milwaukee Bucks"", ""Milwaukee Bucks"", ""Milwaukee Bucks"", ""Milwaukee Bucks"", ""Milwaukee Bucks""]"
Player,vllm-granite-3-3-8b-instruct,w20,team,18,championship,0,1,"[""0"", ""0"", ""0"", ""0"", ""0""]"
Player,vllm-granite-3-3-8b-instruct,w20,team,18,founded_year,0,1,"[""1989"", ""1989"", ""1989"", ""1989"", ""1989""]"
Player,vllm-granite-3-3-8b-instruct,w20,team,18,location,0,1,"[""Minneapolis"", ""Minneapolis"", ""Minneapolis"", ""Minneapolis"", ""Minneapolis""]"
Player,vllm-granite-3-3-8b-instruct,w20,team,18,ownership,1,2,"[""Glen Taylor"", ""ownership is Glen Taylor ||"", ""ownership is Glen Taylor ||"", ""ownership is Glen Taylor ||"", ""ownership is Glen Taylor ||""]"
Player,vllm-granite-3-3-8b-instruct,w20,team,18,team_name,0,1,"[""Minnesota Timberwolves"", ""Minnesota Timberwolves"", ""Minnesota Timberwolves"", ""Minnesota Timberwolves"", ""Minnesota Timberwolves""]"
Player,vllm-granite-3-3-8b-instruct,w20,team,19,championship,0,1,"[""1"", ""1"", ""1"", ""1"", ""1""]"
Player,vllm-granite-3-3-8b-instruct,w20,team,19,founded_year,0,1,"[""2002"", ""2002"", ""2002"", ""2002"", ""2002""]"
Player,vllm-granite-3-3-8b-instruct,w20,team,19,location,0,1,"[""New Orleans"", ""New Orleans"", ""New Orleans"", ""New Orleans"", ""New Orleans""]"
Player,vllm-granite-3-3-8b-instruct,w20,team,19,ownership,1,2,"[""Tom Benson || Gayle Benson (Tom Benson passed away in 2018; ownership was transferred to his widow, Gayle Benson)"", ""Tom Benson || Gayle Benson (Tom Benson passed away in 2018; ownership was transferred to his widow, Gayle Benson)"", ""Tom Benson || Gayle Benson (Tom Benson passed away in 2018; ownership was transferred to his widow, Gayle Benson)"", ""Tom Benson || Gayle Benson (Tom Benson passed away in 2018; ownership transferred to his widow, Gayle Benson)"", ""Tom Benson || Gayle Benson (Tom Benson passed away in 2018; ownership was transferred to his widow, Gayle Benson)""]"
Player,vllm-granite-3-3-8b-instruct,w20,team,19,team_name,0,1,"[""New Orleans Pelicans || New Orleans Hornets"", ""New Orleans Pelicans || New Orleans Hornets"", ""New Orleans Pelicans || New Orleans Hornets"", ""New Orleans Pelicans || New Orleans Hornets"", ""New Orleans Pelicans || New Orleans Hornets""]"
Player,vllm-granite-3-3-8b-instruct,w20,team,20,championship,0,1,"[""2"", ""2"", ""2"", ""2"", ""2""]"
Player,vllm-granite-3-3-8b-instruct,w20,team,20,founded_year,0,1,"[""1946"", ""1946"", ""1946"", ""1946"", ""1946""]"
Player,vllm-granite-3-3-8b-instruct,w20,team,20,location,0,1,"[""New York"", ""New York"", ""New York"", ""New York"", ""New York""]"
Player,vllm-granite-3-3-8b-instruct,w20,team,20,ownership,0,1,"[""James Dolan"", ""James Dolan"", ""James Dolan"", ""James Dolan"", ""James Dolan""]"
Player,vllm-granite-3-3-8b-instruct,w20,team,20,team_name,0,1,"[""team_name is New York Knicks."", ""team_name is New York Knicks."", ""team_name is New York Knicks."", ""team_name is New York Knicks."", ""team_name is New York Knicks.""]"
Player,vllm-granite-3-3-8b-instruct,w20,team,21,championship,0,1,"[""1"", ""1"", ""1"", ""1"", ""1""]"
Player,vllm-granite-3-3-8b-instruct,w20,team,21,founded_year,0,1,"[""1967"", ""1967"", ""1967"", ""1967"", ""1967""]"
Player,vllm-granite-3-3-8b-instruct,w20,team,21,location,0,1,"[""Oklahoma City"", ""Oklahoma City"", ""Oklahoma City"", ""Oklahoma City"", ""Oklahoma City""]"
Player,vllm-granite-3-3-8b-instruct,w20,team,21,ownership,0,1,"[""Clay Bennett ||"", ""Clay Bennett ||"", ""Clay Bennett ||"", ""Clay Bennett ||"", ""Clay Bennett ||""]"
Player,vllm-granite-3-3-8b-instruct,w20,team,21,team_name,0,1,"[""Oklahoma City Thunder"", ""Oklahoma City Thunder"", ""Oklahoma City Thunder"", ""Oklahoma City Thunder"", ""Oklahoma City Thunder""]"
Player,vllm-granite-3-3-8b-instruct,w20,team,22,championship,0,1,"["""", """", """", """", """"]"
Player,vllm-granite-3-3-8b-instruct,w20,team,22,founded_year,0,1,"[""1989"", ""1989"", ""1989"", ""1989"", ""1989""]"
Player,vllm-granite-3-3-8b-instruct,w20,team,22,location,0,1,"[""Orlando"", ""Orlando"", ""Orlando"", ""Orlando"", ""Orlando""]"
Player,vllm-granite-3-3-8b-instruct,w20,team,22,ownership,0,1,"[""**Ownership:** ||Richard DeVos||"", ""**Ownership:** ||Richard DeVos||"", ""**Ownership:** ||Richard DeVos||"", ""**Ownership:** ||Richard DeVos||"", ""**Ownership:** ||Richard DeVos||""]"
Player,vllm-granite-3-3-8b-instruct,w20,team,22,team_name,0,1,"[""Orlando Magic"", ""Orlando Magic"", ""Orlando Magic"", ""Orlando Magic"", ""Orlando Magic""]"
Player,vllm-granite-3-3-8b-instruct,w20,team,23,championship,0,1,"[""76"", ""76"", ""76"", ""76"", ""76""]"
Player,vllm-granite-3-3-8b-instruct,w20,team,23,founded_year,0,1,"[""1946"", ""1946"", ""1946"", ""1946"", ""1946""]"
Player,vllm-granite-3-3-8b-instruct,w20,team,23,location,0,1,"[""Philadelphia||"", ""Philadelphia||"", ""Philadelphia||"", ""Philadelphia||"", ""Philadelphia||""]"
Player,vllm-granite-3-3-8b-instruct,w20,team,23,ownership,1,2,"[""ownership: ||Ed Snider||"", ""ownership: ||Ed Snider||"", ""ownership is ||Ed Snider||"", ""ownership: ||Ed Snider||"", ""ownership is ||Ed Snider||""]"
Player,vllm-granite-3-3-8b-instruct,w20,team,23,team_name,0,1,"[""Philadelphia 76ers"", ""Philadelphia 76ers"", ""Philadelphia 76ers"", ""Philadelphia 76ers"", ""Philadelphia 76ers""]"
Player,vllm-granite-3-3-8b-instruct,w20,team,24,championship,0,1,"[""0"", ""0"", ""0"", ""0"", ""0""]"
Player,vllm-granite-3-3-8b-instruct,w20,team,24,founded_year,0,1,"[""1968"", ""1968"", ""1968"", ""1968"", ""1968""]"
Player,vllm-granite-3-3-8b-instruct,w20,team,24,location,0,1,"[""Phoenix"", ""Phoenix"", ""Phoenix"", ""Phoenix"", ""Phoenix""]"
Player,vllm-granite-3-3-8b-instruct,w20,team,24,ownership,0,1,"[""Robert Sarver || Mat Ishbia"", ""Robert Sarver || Mat Ishbia"", ""Robert Sarver || Mat Ishbia"", ""Robert Sarver || Mat Ishbia"", ""Robert Sarver || Mat Ishbia""]"
Player,vllm-granite-3-3-8b-instruct,w20,team,24,team_name,0,1,"[""Phoenix Suns"", ""Phoenix Suns"", ""Phoenix Suns"", ""Phoenix Suns"", ""Phoenix Suns""]"
Player,vllm-granite-3-3-8b-instruct,w20,team,25,championship,0,1,"[""1"", ""1"", ""1"", ""1"", ""1""]"
Player,vllm-granite-3-3-8b-instruct,w20,team,25,founded_year,0,1,"[""1970"", ""1970"", ""1970"", ""1970"", ""1970""]"
Player,vllm-granite-3-3-8b-instruct,w20,team,25,location,0,1,"[""Portland"", ""Portland"", ""Portland"", ""Portland"", ""Portland""]"
Player,vllm-granite-3-3-8b-instruct,w20,team,25,ownership,1,2,"[""Paul Allen || Jody Allen (as head of Paul Allen's estate, chairman and sole shareholder of Vulcan Inc.)"", ""Paul Allen || Jody Allen (as head of Paul Allen's estate, chairman and sole shareholder of Vulcan Inc.)"", ""Paul Allen || Jody Allen (as head of Paul Allen's estate, chairman and sole shareholder of Vulcan Inc.)"", ""Ownership: ||Paul Allen (via Vulcan Inc. and its subsidiaries)||"", ""Paul Allen || Jody Allen (as head of Paul Allen's estate, chairman and sole shareholder of Vulcan Inc.)""]"
Player,vllm-granite-3-3-8b-instruct,w20,team,25,team_name,0,1,"[""Portland Trail Blazers"", ""Portland Trail Blazers"", ""Portland Trail Blazers"", ""Portland Trail Blazers"", ""Portland Trail Blazers""]"
Player,vllm-granite-3-3-8b-instruct,w20,team,26,championship,0,1,"[""1"", ""1"", ""1"", ""1"", ""1""]"
Player,vllm-granite-3-3-8b-instruct,w20,team,26,founded_year,0,1,"[""1923"", ""1923"", ""1923"", ""1923"", ""1923""]"
Player,vllm-granite-3-3-8b-instruct,w20,team,26,location,0,1,"[""Sacramento"", ""Sacramento"", ""Sacramento"", ""Sacramento"", ""Sacramento""]"
Player,vllm-granite-3-3-8b-instruct,w20,team,26,ownership,1,2,"[""ownership || Vivek Ranadiv\u00e9 || Joe Dumars (Interim Executive Vice President of Basketball Operations) || Dyal Capital (5% stake)"", ""ownership || Vivek Ranadiv\u00e9 || Joe Dumars (Interim Executive Vice President of Basketball Operations) || Dyal Capital (5% stake)"", ""ownership || Vivek Ranadiv\u00e9 || Joe Dumars (Interim Executive Vice President of Basketball Operations) || Dyal Capital (5% stake)"", ""ownership || Vivek Ranadiv\u00e9 || Joe Dumars (Interim Executive Vice President of Basketball Operations) || Dyal Capital (5% stake)"", ""ownership is ||Vivek Ranadiv\u00e9||""]"
Player,vllm-granite-3-3-8b-instruct,w20,team,26,team_name,1,2,"[""Sacramento Kings"", ""team_name is Sacramento Kings"", ""Sacramento Kings"", ""Sacramento Kings"", ""Sacramento Kings""]"
Player,vllm-granite-3-3-8b-instruct,w20,team,27,championship,0,1,"[""5"", ""5"", ""5"", ""5"", ""5""]"
Player,vllm-granite-3-3-8b-instruct,w20,team,27,founded_year,0,1,"[""1967"", ""1967"", ""1967"", ""1967"", ""1967""]"
Player,vllm-granite-3-3-8b-instruct,w20,team,27,location,0,1,"[""San Antonio"", ""San Antonio"", ""San Antonio"", ""San Antonio"", ""San Antonio""]"
Player,vllm-granite-3-3-8b-instruct,w20,team,27,ownership,1,2,"[""**Ownership:** Red McCombs || Angelo Drossos || John Schaefer || Peter M. Holt"", ""Red McCombs || Angelo Drossos || John Schaefer || Peter M. Holt"", ""**Ownership:** Red McCombs || Angelo Drossos || John Schaefer || Peter M. Holt"", ""**Ownership:** Red McCombs || Angelo Drossos || John Schaefer || Peter M. Holt"", ""**Ownership:** Red McCombs || Angelo Drossos || John Schaefer || Peter M. Holt""]"
Player,vllm-granite-3-3-8b-instruct,w20,team,27,team_name,0,1,"[""San Antonio Spurs"", ""San Antonio Spurs"", ""San Antonio Spurs"", ""San Antonio Spurs"", ""San Antonio Spurs""]"
Player,vllm-granite-3-3-8b-instruct,w20,team,28,championship,0,1,"[""1"", ""1"", ""1"", ""1"", ""1""]"
Player,vllm-granite-3-3-8b-instruct,w20,team,28,founded_year,0,1,"[""1995"", ""1995"", ""1995"", ""1995"", ""1995""]"
Player,vllm-granite-3-3-8b-instruct,w20,team,28,location,1,2,"[""Toronto"", ""Toronto"", ""Toronto"", ""Toronto"", ""Toronto||""]"
Player,vllm-granite-3-3-8b-instruct,w20,team,28,ownership,1,4,"[""The Toronto Raptors' ownership is held by Maple Leaf Sports & Entertainment (MLSE), with key stakeholders including Larry Tanenbaum (Chairman), Larry Tanenbaum (CEO), and Richard Peddie (President & CEO). The ownership structure includes various partners and minority shareholders, notably the Bank of Nova Scotia (10%), and former players like Isiah Thomas (who had a stake but sold his shares). Thus, the ownership values are:"", ""The Toronto Raptors' ownership is currently held by Maple Leaf Sports & Entertainment (MLSE), with key figures including:"", ""ownership: ||Masai Ujiri||"", ""ownership: ||Masai Ujiri||"", ""The ownership of the Toronto Raptors, as provided in the context, is:""]"
Player,vllm-granite-3-3-8b-instruct,w20,team,28,team_name,1,2,"[""team_name is Toronto Raptors"", ""team_name is Toronto Raptors"", ""Toronto Raptors"", ""team_name is Toronto Raptors"", ""team_name is Toronto Raptors""]"
Player,vllm-granite-3-3-8b-instruct,w20,team,29,championship,0,1,"["""", """", """", """", """"]"
Player,vllm-granite-3-3-8b-instruct,w20,team,29,founded_year,0,1,"[""1974"", ""1974"", ""1974"", ""1974"", ""1974""]"
Player,vllm-granite-3-3-8b-instruct,w20,team,29,location,0,1,"[""Salt Lake City"", ""Salt Lake City"", ""Salt Lake City"", ""Salt Lake City"", ""Salt Lake City""]"
Player,vllm-granite-3-3-8b-instruct,w20,team,29,ownership,0,1,"[""ownership is ||Ryan Smith||"", ""ownership is ||Ryan Smith||"", ""ownership is ||Ryan Smith||"", ""ownership is ||Ryan Smith||"", ""ownership is ||Ryan Smith||""]"
Player,vllm-granite-3-3-8b-instruct,w20,team,29,team_name,0,1,"[""Utah Jazz"", ""Utah Jazz"", ""Utah Jazz"", ""Utah Jazz"", ""Utah Jazz""]"
Player,vllm-granite-3-3-8b-instruct,w20,team,30,championship,0,1,"[""1"", ""1"", ""1"", ""1"", ""1""]"
Player,vllm-granite-3-3-8b-instruct,w20,team,30,founded_year,0,1,"[""1961"", ""1961"", ""1961"", ""1961"", ""1961""]"
Player,vllm-granite-3-3-8b-instruct,w20,team,30,location,1,2,"[""Washington||"", ""Washington||D.C."", ""Washington||D.C."", ""Washington||D.C."", ""Washington||D.C.""]"
Player,vllm-granite-3-3-8b-instruct,w20,team,30,ownership,0,1,"[""ownership: Ted Leonsis || Abe Pollin (historical)"", ""ownership: Ted Leonsis || Abe Pollin (historical)"", ""ownership: Ted Leonsis || Abe Pollin (historical)"", ""ownership: Ted Leonsis || Abe Pollin (historical)"", ""ownership: Ted Leonsis || Abe Pollin (historical)""]"
Player,vllm-granite-3-3-8b-instruct,w20,team,30,team_name,1,2,"[""team_name is Washington Wizards"", ""team_name is Washington Wizards"", ""team_name is Washington Wizards."", ""team_name is Washington Wizards"", ""team_name is Washington Wizards.""]"
Player,managed-gpt-oss-120b,w20,city,1,area,0,1,"[""400.739"", ""400.739"", ""400.739"", ""400.739"", ""400.739""]"
Player,managed-gpt-oss-120b,w20,city,1,city_name,0,1,"[""Denver"", ""Denver"", ""Denver"", ""Denver"", ""Denver""]"
Player,managed-gpt-oss-120b,w20,city,1,gdp,1,2,"[""157600"", ""157600"", """", """", """"]"
Player,managed-gpt-oss-120b,w20,city,1,population,1,2,"["""", ""715,522"", ""715,522"", ""715,522"", """"]"
Player,managed-gpt-oss-120b,w20,city,1,state_name,0,1,"[""Colorado"", ""Colorado"", ""Colorado"", ""Colorado"", ""Colorado""]"
Player,managed-gpt-oss-120b,w20,city,2,area,1,2,"[""125"", ""125"", ""125"", ""232.1"", ""125""]"
Player,managed-gpt-oss-120b,w20,city,2,city_name,0,1,"[""Boston"", ""Boston"", ""Boston"", ""Boston"", ""Boston""]"
Player,managed-gpt-oss-120b,w20,city,2,gdp,1,2,"[""363000"", """", """", """", ""363000""]"
Player,managed-gpt-oss-120b,w20,city,2,population,1,2,"[""675647||691531"", ""675,647||691,531"", ""675647||691531"", ""675647||691531"", ""675647||691531""]"
Player,managed-gpt-oss-120b,w20,city,2,state_name,0,1,"[""Massachusetts"", ""Massachusetts"", ""Massachusetts"", ""Massachusetts"", ""Massachusetts""]"
Player,managed-gpt-oss-120b,w20,city,3,area,0,1,"[""950"", ""950"", ""950"", ""950"", ""950""]"
Player,managed-gpt-oss-120b,w20,city,3,city_name,0,1,"[""Indianapolis"", ""Indianapolis"", ""Indianapolis"", ""Indianapolis"", ""Indianapolis""]"
Player,managed-gpt-oss-120b,w20,city,3,gdp,0,1,"[""184400"", ""184400"", ""184400"", ""184400"", ""184400""]"
Player,managed-gpt-oss-120b,w20,city,3,population,1,3,"[""887,642||880,621"", ""887,642||880,621"", ""887642||880621"", ""887,642||880,621"", """"]"
Player,managed-gpt-oss-120b,w20,city,3,state_name,0,1,"[""Indiana"", ""Indiana"", ""Indiana"", ""Indiana"", ""Indiana""]"
Player,managed-gpt-oss-120b,w20,city,4,area,0,1,"[""999.3"", ""999.3"", ""999.3"", ""999.3"", ""999.3""]"
Player,managed-gpt-oss-120b,w20,city,4,city_name,0,1,"[""Dallas"", ""Dallas"", ""Dallas"", ""Dallas"", ""Dallas""]"
Player,managed-gpt-oss-120b,w20,city,4,gdp,0,1,"["""", """", """", """", """"]"
Player,managed-gpt-oss-120b,w20,city,4,population,1,2,"[""1304379||1299544"", ""1304379||1299544"", ""1304379||1299544"", ""1304379||1299544"", """"]"
Player,managed-gpt-oss-120b,w20,city,4,state_name,0,1,"[""Texas"", ""Texas"", ""Texas"", ""Texas"", ""Texas""]"
Player,managed-gpt-oss-120b,w20,city,5,area,0,1,"[""1205.4"", ""1205.4"", ""1205.4"", ""1205.4"", ""1205.4""]"
Player,managed-gpt-oss-120b,w20,city,5,city_name,0,1,"[""San Antonio"", ""San Antonio"", ""San Antonio"", ""San Antonio"", ""San Antonio""]"
Player,managed-gpt-oss-120b,w20,city,5,gdp,0,1,"[""121000"", ""121000"", ""121000"", ""121000"", ""121000""]"
Player,managed-gpt-oss-120b,w20,city,5,population,1,5,"["""", ""1434625||1327407||1144646"", ""1434625||1327407||1200000||650000"", ""1,434,625||2,600,000 (metropolitan area, 2020 census)"", ""650000||1200000||1327407||1434625""]"
Player,managed-gpt-oss-120b,w20,city,5,state_name,0,1,"[""Texas"", ""Texas"", ""Texas"", ""Texas"", ""Texas""]"
Player,managed-gpt-oss-120b,w20,city,6,area,1,2,"[""1210"", ""1302"", ""1302"", ""1302"", ""1302""]"
Player,managed-gpt-oss-120b,w20,city,6,city_name,0,1,"[""Los Angeles"", ""Los Angeles"", ""Los Angeles"", ""Los Angeles"", ""Los Angeles""]"
Player,managed-gpt-oss-120b,w20,city,6,gdp,1,2,"[""1000000"", """", """", ""1000000"", """"]"
Player,managed-gpt-oss-120b,w20,city,6,population,1,3,"[""3,820,914||3,792,621"", ""3,820,914\u202f(2023 estimate)||3,792,621\u202f(2010 census)"", """", ""3,820,914||3,792,621"", """"]"
Player,managed-gpt-oss-120b,w20,city,6,state_name,0,1,"[""California"", ""California"", ""California"", ""California"", ""California""]"
Player,managed-gpt-oss-120b,w20,city,7,area,0,1,"[""152.8"", ""152.8"", ""152.8"", ""152.8"", ""152.8""]"
Player,managed-gpt-oss-120b,w20,city,7,city_name,1,2,"[""Minneapolis"", ""Minneapolis||Saint\u202fPaul"", ""Minneapolis"", ""Minneapolis"", ""Minneapolis""]"
Player,managed-gpt-oss-120b,w20,city,7,gdp,1,2,"["""", """", """", ""||"", """"]"
Player,managed-gpt-oss-120b,w20,city,7,population,1,2,"[""429,954||521,718"", ""429954||521718"", ""429954||521718"", ""429,954||521,718"", ""429954||521718""]"
Player,managed-gpt-oss-120b,w20,city,7,state_name,0,1,"[""Minnesota"", ""Minnesota"", ""Minnesota"", ""Minnesota"", ""Minnesota""]"
Player,managed-gpt-oss-120b,w20,city,8,area,0,1,"["""", """", """", """", """"]"
Player,managed-gpt-oss-120b,w20,city,8,city_name,0,1,"[""Miami"", ""Miami"", ""Miami"", ""Miami"", ""Miami""]"
Player,managed-gpt-oss-120b,w20,city,8,gdp,1,3,"[""||"", """", """", ""344900||257000"", ""344900||257000""]"
Player,managed-gpt-oss-120b,w20,city,8,population,1,3,"[""442,241"", """", ""442241"", ""442241"", ""442241""]"
Player,managed-gpt-oss-120b,w20,city,8,state_name,0,1,"[""Florida"", ""Florida"", ""Florida"", ""Florida"", ""Florida""]"
Player,managed-gpt-oss-120b,w20,city,9,area,0,1,"[""24"", ""24"", ""24"", ""24"", ""24""]"
Player,managed-gpt-oss-120b,w20,city,9,city_name,0,1,"[""Inglewood"", ""Inglewood"", ""Inglewood"", ""Inglewood"", ""Inglewood""]"
Player,managed-gpt-oss-120b,w20,city,9,gdp,0,1,"["""", """", """", """", """"]"
Player,managed-gpt-oss-120b,w20,city,9,population,1,2,"[""107762||109673||112482"", ""107762||109673"", ""107762||109673"", ""107762||109673||112482"", ""107762||109673||112482""]"
Player,managed-gpt-oss-120b,w20,city,9,state_name,0,1,"[""California"", ""California"", ""California"", ""California"", ""California""]"
Player,managed-gpt-oss-120b,w20,city,10,area,0,1,"[""375.78"", ""375.78"", ""375.78"", ""375.78"", ""375.78""]"
Player,managed-gpt-oss-120b,w20,city,10,city_name,0,1,"[""Portland"", ""Portland"", ""Portland"", ""Portland"", ""Portland""]"
Player,managed-gpt-oss-120b,w20,city,10,gdp,0,1,"["""", """", """", """", """"]"
Player,managed-gpt-oss-120b,w20,city,10,population,1,3,"["""", ""652503"", ""652,503"", ""652503"", """"]"
Player,managed-gpt-oss-120b,w20,city,10,state_name,0,1,"[""Oregon"", ""Oregon"", ""Oregon"", ""Oregon"", ""Oregon""]"
Player,managed-gpt-oss-120b,w20,city,11,area,0,1,"[""121"", ""121"", ""121"", ""121"", ""121""]"
Player,managed-gpt-oss-120b,w20,city,11,city_name,0,1,"[""San Francisco"", ""San Francisco"", ""San Francisco"", ""San Francisco"", ""San Francisco""]"
Player,managed-gpt-oss-120b,w20,city,11,gdp,1,2,"["""", ""252200"", ""252200"", """", ""252200""]"
Player,managed-gpt-oss-120b,w20,city,11,population,1,2,"[""808988||873965"", """", ""808988||873965"", """", ""808988||873965""]"
Player,managed-gpt-oss-120b,w20,city,11,state_name,0,1,"[""California"", ""California"", ""California"", ""California"", ""California""]"
Player,managed-gpt-oss-120b,w20,city,12,area,0,1,"[""369.62"", ""369.62"", ""369.62"", ""369.62"", ""369.62""]"
Player,managed-gpt-oss-120b,w20,city,12,city_name,0,1,"[""Philadelphia"", ""Philadelphia"", ""Philadelphia"", ""Philadelphia"", ""Philadelphia""]"
Player,managed-gpt-oss-120b,w20,city,12,gdp,0,1,"["""", """", """", """", """"]"
Player,managed-gpt-oss-120b,w20,city,12,population,1,2,"["""", """", """", """", ""1,603,797""]"
Player,managed-gpt-oss-120b,w20,city,12,state_name,0,1,"[""Pennsylvania"", ""Pennsylvania"", ""Pennsylvania"", ""Pennsylvania"", ""Pennsylvania""]"
Player,managed-gpt-oss-120b,w20,city,13,area,0,1,"[""910"", ""910"", ""910"", ""910"", ""910""]"
Player,managed-gpt-oss-120b,w20,city,13,city_name,0,1,"[""New Orleans"", ""New Orleans"", ""New Orleans"", ""New Orleans"", ""New Orleans""]"
Player,managed-gpt-oss-120b,w20,city,13,gdp,1,2,"[""GDP:"", ""GDP:"", ""GDP:"", """", ""GDP:""]"
Player,managed-gpt-oss-120b,w20,city,13,population,0,1,"[""383,997"", ""383,997"", ""383,997"", ""383,997"", ""383,997""]"
Player,managed-gpt-oss-120b,w20,city,13,state_name,0,1,"[""Louisiana"", ""Louisiana"", ""Louisiana"", ""Louisiana"", ""Louisiana""]"
Player,managed-gpt-oss-120b,w20,city,14,area,0,1,"["""", """", """", """", """"]"
Player,managed-gpt-oss-120b,w20,city,14,city_name,0,1,"[""Chicago"", ""Chicago"", ""Chicago"", ""Chicago"", ""Chicago""]"
Player,managed-gpt-oss-120b,w20,city,14,gdp,1,2,"[""689000||670500"", ""689000"", ""689000"", ""689000||670500"", ""689000||670500""]"
Player,managed-gpt-oss-120b,w20,city,14,population,1,2,"[""2746388"", """", """", ""2746388"", ""2746388""]"
Player,managed-gpt-oss-120b,w20,city,14,state_name,0,1,"[""Illinois"", ""Illinois"", ""Illinois"", ""Illinois"", ""Illinois""]"
Player,managed-gpt-oss-120b,w20,city,15,area,0,1,"["""", """", """", """", """"]"
Player,managed-gpt-oss-120b,w20,city,15,city_name,0,1,"[""Orlando"", ""Orlando"", ""Orlando"", ""Orlando"", ""Orlando""]"
Player,managed-gpt-oss-120b,w20,city,15,gdp,0,1,"["""", """", """", """", """"]"
Player,managed-gpt-oss-120b,w20,city,15,population,1,2,"[""307573"", """", """", ""307573"", ""307573""]"
Player,managed-gpt-oss-120b,w20,city,15,state_name,0,1,"[""Florida"", ""Florida"", ""Florida"", ""Florida"", ""Florida""]"
Player,managed-gpt-oss-120b,w20,city,16,area,0,1,"[""286"", ""286"", ""286"", ""286"", ""286""]"
Player,managed-gpt-oss-120b,w20,city,16,city_name,0,1,"[""Salt Lake City"", ""Salt Lake City"", ""Salt Lake City"", ""Salt Lake City"", ""Salt Lake City""]"
Player,managed-gpt-oss-120b,w20,city,16,gdp,1,2,"["""", """", """", ""GDP:"", """"]"
Player,managed-gpt-oss-120b,w20,city,16,population,1,4,"[""200133||186440"", """", ""200,133||186,440||181,743"", ""200133||186440"", ""200,133""]"
Player,managed-gpt-oss-120b,w20,city,16,state_name,0,1,"[""Utah"", ""Utah"", ""Utah"", ""Utah"", ""Utah""]"
Player,managed-gpt-oss-120b,w20,city,17,area,0,1,"[""630.2"", ""630.2"", ""630.2"", ""630.2"", ""630.2""]"
Player,managed-gpt-oss-120b,w20,city,17,city_name,0,1,"[""Toronto"", ""Toronto"", ""Toronto"", ""Toronto"", ""Toronto""]"
Player,managed-gpt-oss-120b,w20,city,17,gdp,0,1,"["""", """", """", """", """"]"
Player,managed-gpt-oss-120b,w20,city,17,population,1,3,"[""2,794,356"", ""2,794,356"", """", """", ""2794356""]"
Player,managed-gpt-oss-120b,w20,city,17,state_name,0,1,"["""", """", """", """", """"]"
Player,managed-gpt-oss-120b,w20,city,18,area,0,1,"[""1341"", ""1341"", ""1341"", ""1341"", ""1341""]"
Player,managed-gpt-oss-120b,w20,city,18,city_name,0,1,"[""Phoenix"", ""Phoenix"", ""Phoenix"", ""Phoenix"", ""Phoenix""]"
Player,managed-gpt-oss-120b,w20,city,18,gdp,1,4,"[""243000||362000"", ""243000"", """", ""243000||362000"", ""362000||243000""]"
Player,managed-gpt-oss-120b,w20,city,18,population,1,4,"[""1,662,607||1,608,139||1,445,632"", ""1662607||1608139||1445632||1512986"", ""1662607||1608139||1445632"", ""1662607||1608139"", ""1662607||1608139||1445632""]"
Player,managed-gpt-oss-120b,w20,city,18,state_name,0,1,"[""Arizona"", ""Arizona"", ""Arizona"", ""Arizona"", ""Arizona""]"
Player,managed-gpt-oss-120b,w20,city,19,area,0,1,"[""177"", ""177"", ""177"", ""177"", ""177""]"
Player,managed-gpt-oss-120b,w20,city,19,city_name,0,1,"[""Washington, D.C."", ""Washington, D.C."", ""Washington, D.C."", ""Washington, D.C."", ""Washington, D.C.""]"
Player,managed-gpt-oss-120b,w20,city,19,gdp,0,1,"["""", """", """", """", """"]"
Player,managed-gpt-oss-120b,w20,city,19,population,0,1,"["""", """", """", """", """"]"
Player,managed-gpt-oss-120b,w20,city,19,state_name,0,1,"["""", """", """", """", """"]"
Player,managed-gpt-oss-120b,w20,city,20,area,0,1,"[""213.6"", ""213.6"", ""213.6"", ""213.6"", ""213.6""]"
Player,managed-gpt-oss-120b,w20,city,20,city_name,0,1,"[""Cleveland"", ""Cleveland"", ""Cleveland"", ""Cleveland"", ""Cleveland""]"
Player,managed-gpt-oss-120b,w20,city,20,gdp,1,2,"["""", """", ""138300||176000"", """", """"]"
Player,managed-gpt-oss-120b,w20,city,20,population,0,1,"[""372,624"", ""372,624"", ""372,624"", ""372,624"", ""372,624""]"
Player,managed-gpt-oss-120b,w20,city,20,state_name,0,1,"[""Ohio"", ""Ohio"", ""Ohio"", ""Ohio"", ""Ohio""]"
Player,managed-gpt-oss-120b,w20,city,21,area,1,3,"["""", ""1659"", ""1651"", ""1659"", ""1659""]"
Player,managed-gpt-oss-120b,w20,city,21,city_name,0,1,"[""Houston"", ""Houston"", ""Houston"", ""Houston"", ""Houston""]"
Player,managed-gpt-oss-120b,w20,city,21,gdp,1,2,"[""633000"", ""633000"", """", ""633000"", ""633000""]"
Player,managed-gpt-oss-120b,w20,city,21,population,1,3,"["""", ""2314157||2304580||2312717||2325502||2100263"", ""2314157||2312717||2304580||2100263||2396"", """", ""2314157||2304580||2312717||2325502||2100263""]"
Player,managed-gpt-oss-120b,w20,city,21,state_name,0,1,"[""Texas"", ""Texas"", ""Texas"", ""Texas"", ""Texas""]"
Player,managed-gpt-oss-120b,w20,city,22,area,0,1,"[""259"", ""259"", ""259"", ""259"", ""259""]"
Player,managed-gpt-oss-120b,w20,city,22,city_name,0,1,"[""Sacramento"", ""Sacramento"", ""Sacramento"", ""Sacramento"", ""Sacramento""]"
Player,managed-gpt-oss-120b,w20,city,22,gdp,0,1,"["""", """", """", """", """"]"
Player,managed-gpt-oss-120b,w20,city,22,population,1,3,"[""524,943 || 466,488"", ""524943||466488"", ""524943||466488"", ""524943||466488"", ""524,943||466,488""]"
Player,managed-gpt-oss-120b,w20,city,22,state_name,0,1,"[""California"", ""California"", ""California"", ""California"", ""California""]"
Player,managed-gpt-oss-120b,w20,city,23,area,0,1,"[""370.03"", ""370.03"", ""370.03"", ""370.03"", ""370.03""]"
Player,managed-gpt-oss-120b,w20,city,23,city_name,0,1,"[""Detroit"", ""Detroit"", ""Detroit"", ""Detroit"", ""Detroit""]"
Player,managed-gpt-oss-120b,w20,city,23,gdp,0,1,"["""", """", """", """", """"]"
Player,managed-gpt-oss-120b,w20,city,23,population,1,3,"[""639111"", ""639,111"", ""639,111"", ""639111"", """"]"
Player,managed-gpt-oss-120b,w20,city,23,state_name,0,1,"[""Michigan"", ""Michigan"", ""Michigan"", ""Michigan"", ""Michigan""]"
Player,managed-gpt-oss-120b,w20,city,24,area,0,1,"[""839.2"", ""839.2"", ""839.2"", ""839.2"", ""839.2""]"
Player,managed-gpt-oss-120b,w20,city,24,city_name,0,1,"[""Memphis"", ""Memphis"", ""Memphis"", ""Memphis"", ""Memphis""]"
Player,managed-gpt-oss-120b,w20,city,24,gdp,1,2,"[""GDP:"", ""GDP:"", ""GDP:"", """", ""GDP:""]"
Player,managed-gpt-oss-120b,w20,city,24,population,1,2,"[""633,104||652,078"", ""633,104||652,078"", ""633104||652078"", ""633104||652078"", ""633,104||652,078""]"
Player,managed-gpt-oss-120b,w20,city,24,state_name,0,1,"[""Tennessee"", ""Tennessee"", ""Tennessee"", ""Tennessee"", ""Tennessee""]"
Player,managed-gpt-oss-120b,w20,city,25,area,0,1,"[""808.1"", ""808.1"", ""808.1"", ""808.1"", ""808.1""]"
Player,managed-gpt-oss-120b,w20,city,25,city_name,0,1,"[""Charlotte"", ""Charlotte"", ""Charlotte"", ""Charlotte"", ""Charlotte""]"
Player,managed-gpt-oss-120b,w20,city,25,gdp,0,1,"["""", """", """", """", """"]"
Player,managed-gpt-oss-120b,w20,city,25,population,0,1,"[""874579||885708"", ""874579||885708"", ""874579||885708"", ""874579||885708"", ""874579||885708""]"
Player,managed-gpt-oss-120b,w20,city,25,state_name,0,1,"[""North Carolina"", ""North Carolina"", ""North Carolina"", ""North Carolina"", ""North Carolina""]"
Player,managed-gpt-oss-120b,w20,city,26,area,0,1,"[""1213.37"", ""1213.37"", ""1213.37"", ""1213.37"", ""1213.37""]"
Player,managed-gpt-oss-120b,w20,city,26,city_name,0,1,"[""New York City"", ""New York City"", ""New York City"", ""New York City"", ""New York City""]"
Player,managed-gpt-oss-120b,w20,city,26,gdp,0,1,"[""1053000"", ""1053000"", ""1053000"", ""1053000"", ""1053000""]"
Player,managed-gpt-oss-120b,w20,city,26,population,1,3,"[""8,258,035||8,804,190"", """", """", ""8258035||8804190"", """"]"
Player,managed-gpt-oss-120b,w20,city,26,state_name,1,3,"[""New\u00a0York"", ""New York"", ""New York"", ""New\u202fYork"", ""New York""]"
Player,managed-gpt-oss-120b,w20,city,27,area,0,1,"[""1606.7"", ""1606.7"", ""1606.7"", ""1606.7"", ""1606.7""]"
Player,managed-gpt-oss-120b,w20,city,27,city_name,0,1,"[""Oklahoma City"", ""Oklahoma City"", ""Oklahoma City"", ""Oklahoma City"", ""Oklahoma City""]"
Player,managed-gpt-oss-120b,w20,city,27,gdp,1,2,"[""43100||61100||73800"", ""43100||61100||73800"", ""43100 || 61100 || 73800"", ""43100||61100||73800"", ""43100||61100||73800""]"
Player,managed-gpt-oss-120b,w20,city,27,population,1,2,"[""579999||681054"", ""681054||579999"", ""681054||579999"", ""579999||681054"", ""681054||579999""]"
Player,managed-gpt-oss-120b,w20,city,27,state_name,0,1,"[""Oklahoma"", ""Oklahoma"", ""Oklahoma"", ""Oklahoma"", ""Oklahoma""]"
Player,managed-gpt-oss-120b,w20,city,28,area,0,1,"[""250.71"", ""250.71"", ""250.71"", ""250.71"", ""250.71""]"
Player,managed-gpt-oss-120b,w20,city,28,city_name,0,1,"[""Milwaukee"", ""Milwaukee"", ""Milwaukee"", ""Milwaukee"", ""Milwaukee""]"
Player,managed-gpt-oss-120b,w20,city,28,gdp,0,1,"[""102000"", ""102000"", ""102000"", ""102000"", ""102000""]"
Player,managed-gpt-oss-120b,w20,city,28,population,0,1,"[""577,222"", ""577,222"", ""577,222"", ""577,222"", ""577,222""]"
Player,managed-gpt-oss-120b,w20,city,28,state_name,0,1,"[""Wisconsin"", ""Wisconsin"", ""Wisconsin"", ""Wisconsin"", ""Wisconsin""]"
Player,managed-gpt-oss-120b,w20,city,29,area,0,1,"[""347.1"", ""347.1"", ""347.1"", ""347.1"", ""347.1""]"
Player,managed-gpt-oss-120b,w20,city,29,city_name,0,1,"[""Atlanta"", ""Atlanta"", ""Atlanta"", ""Atlanta"", ""Atlanta""]"
Player,managed-gpt-oss-120b,w20,city,29,gdp,0,1,"[""473000"", ""473000"", ""473000"", ""473000"", ""473000""]"
Player,managed-gpt-oss-120b,w20,city,29,population,1,2,"[""510,823 || 498,715"", ""510,823||498,715"", ""510,823 || 498,715"", ""510,823||498,715"", ""510,823 || 498,715""]"
Player,managed-gpt-oss-120b,w20,city,29,state_name,0,1,"[""Georgia"", ""Georgia"", ""Georgia"", ""Georgia"", ""Georgia""]"
Player,managed-gpt-oss-120b,w20,manager,1,age,1,2,"[""60"", ""62"", ""62"", ""60"", ""60""]"
Player,managed-gpt-oss-120b,w20,manager,1,name,0,1,"[""Tom Gores"", ""Tom Gores"", ""Tom Gores"", ""Tom Gores"", ""Tom Gores""]"
Player,managed-gpt-oss-120b,w20,manager,1,nationality,0,1,"[""American"", ""American"", ""American"", ""American"", ""American""]"
Player,managed-gpt-oss-120b,w20,manager,1,nba_team,0,1,"[""Detroit Pistons"", ""Detroit Pistons"", ""Detroit Pistons"", ""Detroit Pistons"", ""Detroit Pistons""]"
Player,managed-gpt-oss-120b,w20,manager,1,own_year,0,1,"[""2011"", ""2011"", ""2011"", ""2011"", ""2011""]"
Player,managed-gpt-oss-120b,w20,manager,2,age,0,1,"[""62"", ""62"", ""62"", ""62"", ""62""]"
Player,managed-gpt-oss-120b,w20,manager,2,name,0,1,"[""Daniel Gilbert"", ""Daniel Gilbert"", ""Daniel Gilbert"", ""Daniel Gilbert"", ""Daniel Gilbert""]"
Player,managed-gpt-oss-120b,w20,manager,2,nationality,0,1,"[""American"", ""American"", ""American"", ""American"", ""American""]"
Player,managed-gpt-oss-120b,w20,manager,2,nba_team,0,1,"[""Cleveland Cavaliers"", ""Cleveland Cavaliers"", ""Cleveland Cavaliers"", ""Cleveland Cavaliers"", ""Cleveland Cavaliers""]"
Player,managed-gpt-oss-120b,w20,manager,2,own_year,0,1,"[""2005"", ""2005"", ""2005"", ""2005"", ""2005""]"
Player,managed-gpt-oss-120b,w20,manager,3,age,0,1,"[""68"", ""68"", ""68"", ""68"", ""68""]"
Player,managed-gpt-oss-120b,w20,manager,3,name,1,2,"[""Steven Anthony Ballmer"", ""Steven Anthony Ballmer"", ""Steven Anthony Ballmer"", ""Steven\u202fAnthony\u202fBallmer"", ""Steven Anthony Ballmer""]"
Player,managed-gpt-oss-120b,w20,manager,3,nationality,0,1,"[""American"", ""American"", ""American"", ""American"", ""American""]"
Player,managed-gpt-oss-120b,w20,manager,3,nba_team,0,1,"[""Los Angeles Clippers"", ""Los Angeles Clippers"", ""Los Angeles Clippers"", ""Los Angeles Clippers"", ""Los Angeles Clippers""]"
Player,managed-gpt-oss-120b,w20,manager,3,own_year,0,1,"[""2014"", ""2014"", ""2014"", ""2014"", ""2014""]"
Player,managed-gpt-oss-120b,w20,manager,4,age,0,1,"[""67"", ""67"", ""67"", ""67"", ""67""]"
Player,managed-gpt-oss-120b,w20,manager,4,name,0,1,"[""Daniel G. DeVos"", ""Daniel G. DeVos"", ""Daniel G. DeVos"", ""Daniel G. DeVos"", ""Daniel G. DeVos""]"
Player,managed-gpt-oss-120b,w20,manager,4,nationality,0,1,"[""American"", ""American"", ""American"", ""American"", ""American""]"
Player,managed-gpt-oss-120b,w20,manager,4,nba_team,0,1,"[""Orlando Magic"", ""Orlando Magic"", ""Orlando Magic"", ""Orlando Magic"", ""Orlando Magic""]"
Player,managed-gpt-oss-120b,w20,manager,4,own_year,0,1,"[""2011"", ""2011"", ""2011"", ""2011"", ""2011""]"
Player,managed-gpt-oss-120b,w20,manager,5,age,0,1,"[""68"", ""68"", ""68"", ""68"", ""68""]"
Player,managed-gpt-oss-120b,w20,manager,5,name,1,3,"[""Mark Cuban || Miriam Adelson"", ""Mark Cuban||Miriam Adelson"", ""Mark Cuban||Miriam Adelson"", ""Mark Cuban||H.\u202fRoss\u202fPerot\u202fJr.||Miriam Adelson"", ""Mark Cuban||Miriam Adelson""]"
Player,managed-gpt-oss-120b,w20,manager,5,nationality,0,1,"[""American"", ""American"", ""American"", ""American"", ""American""]"
Player,managed-gpt-oss-120b,w20,manager,5,nba_team,0,1,"[""Dallas Mavericks"", ""Dallas Mavericks"", ""Dallas Mavericks"", ""Dallas Mavericks"", ""Dallas Mavericks""]"
Player,managed-gpt-oss-120b,w20,manager,5,own_year,0,1,"[""2000"", ""2000"", ""2000"", ""2000"", ""2000""]"
Player,managed-gpt-oss-120b,w20,manager,6,age,0,1,"[""66"", ""66"", ""66"", ""66"", ""66""]"
Player,managed-gpt-oss-120b,w20,manager,6,name,1,4,"[""Tilman\u202fJoseph\u202fFertitta"", ""Tilman\u202fJoseph\u202fFertitta||Leslie\u202fAlexander||Bob\u202fMcNair"", ""Tilman Joseph Fertitta || Leslie Alexander || Bob McNair"", ""Tilman\u202fJoseph\u202fFertitta"", ""Tilman\u202fJoseph\u202fFertitta||Bob\u202fMcNair||Leslie\u202fAlexander""]"
Player,managed-gpt-oss-120b,w20,manager,6,nationality,0,1,"[""American"", ""American"", ""American"", ""American"", ""American""]"
Player,managed-gpt-oss-120b,w20,manager,6,nba_team,0,1,"[""Houston Rockets"", ""Houston Rockets"", ""Houston Rockets"", ""Houston Rockets"", ""Houston Rockets""]"
Player,managed-gpt-oss-120b,w20,manager,6,own_year,0,1,"[""2017"", ""2017"", ""2017"", ""2017"", ""2017""]"
Player,managed-gpt-oss-120b,w20,manager,7,age,0,1,"[""62"", ""62"", ""62"", ""62"", ""62""]"
Player,managed-gpt-oss-120b,w20,manager,7,name,0,1,"[""Joseph Tsai"", ""Joseph Tsai"", ""Joseph Tsai"", ""Joseph Tsai"", ""Joseph Tsai""]"
Player,managed-gpt-oss-120b,w20,manager,7,nationality,0,1,"[""Taiwanese||Canadian"", ""Taiwanese||Canadian"", ""Taiwanese||Canadian"", ""Taiwanese||Canadian"", ""Taiwanese||Canadian""]"
Player,managed-gpt-oss-120b,w20,manager,7,nba_team,0,1,"[""Brooklyn Nets"", ""Brooklyn Nets"", ""Brooklyn Nets"", ""Brooklyn Nets"", ""Brooklyn Nets""]"
Player,managed-gpt-oss-120b,w20,manager,7,own_year,1,2,"[""2017"", ""2019"", ""2017"", ""2017"", ""2017""]"
Player,managed-gpt-oss-120b,w20,manager,8,age,0,1,"[""66"", ""66"", ""66"", ""66"", ""66""]"
Player,managed-gpt-oss-120b,w20,manager,8,name,0,1,"[""Clayton\u202fIke\u202fBennett"", ""Clayton\u202fIke\u202fBennett"", ""Clayton\u202fIke\u202fBennett"", ""Clayton\u202fIke\u202fBennett"", ""Clayton\u202fIke\u202fBennett""]"
Player,managed-gpt-oss-120b,w20,manager,8,nationality,0,1,"[""American"", ""American"", ""American"", ""American"", ""American""]"
Player,managed-gpt-oss-120b,w20,manager,8,nba_team,0,1,"[""Oklahoma City Thunder||San Antonio Spurs"", ""Oklahoma City Thunder||San Antonio Spurs"", ""Oklahoma City Thunder||San Antonio Spurs"", ""Oklahoma City Thunder||San Antonio Spurs"", ""Oklahoma City Thunder||San Antonio Spurs""]"
Player,managed-gpt-oss-120b,w20,manager,8,own_year,0,1,"[""2006"", ""2006"", ""2006"", ""2006"", ""2006""]"
Player,managed-gpt-oss-120b,w20,manager,9,age,0,1,"[""91"", ""91"", ""91"", ""91"", ""91""]"
Player,managed-gpt-oss-120b,w20,manager,9,name,1,4,"[""Herbert\u202fSimon||Mel\u202fSimon||David\u202fSimon"", ""Herbert Simon||Mel Simon||David Simon"", ""Herbert\u202fSimon || Mel\u202fSimon || David\u202fSimon"", ""Herbert\u202fSimon||Mel\u202fSimon||David\u202fSimon"", ""Herbert\u202fSimon\u202f||\u202fMel\u202fSimon\u202f||\u202fDavid\u202fSimon""]"
Player,managed-gpt-oss-120b,w20,manager,9,nationality,0,1,"[""American"", ""American"", ""American"", ""American"", ""American""]"
Player,managed-gpt-oss-120b,w20,manager,9,nba_team,0,1,"[""Indiana Pacers"", ""Indiana Pacers"", ""Indiana Pacers"", ""Indiana Pacers"", ""Indiana Pacers""]"
Player,managed-gpt-oss-120b,w20,manager,9,own_year,0,1,"[""1983"", ""1983"", ""1983"", ""1983"", ""1983""]"
Player,managed-gpt-oss-120b,w20,manager,10,age,0,1,"[""88"", ""88"", ""88"", ""88"", ""88""]"
Player,managed-gpt-oss-120b,w20,manager,10,name,0,1,"[""Jerry Michael Reinsdorf"", ""Jerry Michael Reinsdorf"", ""Jerry Michael Reinsdorf"", ""Jerry Michael Reinsdorf"", ""Jerry Michael Reinsdorf""]"
Player,managed-gpt-oss-120b,w20,manager,10,nationality,0,1,"[""American"", ""American"", ""American"", ""American"", ""American""]"
Player,managed-gpt-oss-120b,w20,manager,10,nba_team,0,1,"[""Chicago Bulls"", ""Chicago Bulls"", ""Chicago Bulls"", ""Chicago Bulls"", ""Chicago Bulls""]"
Player,managed-gpt-oss-120b,w20,manager,10,own_year,0,1,"[""1985"", ""1985"", ""1985"", ""1985"", ""1985""]"
Player,managed-gpt-oss-120b,w20,manager,11,age,0,1,"[""77"", ""77"", ""77"", ""77"", ""77""]"
Player,managed-gpt-oss-120b,w20,manager,11,name,1,4,"[""Gayle Benson || Sheila Ford Hamp || Kim\u202fPegula || Carol\u202fDavis || Denise\u202fDeBartolo\u202fYork || Amy\u202fAdams\u202fStrunk || Virginia\u202fHalas\u202fMcCaskey || Janice\u202fMcNair || Jody\u202fAllen || Dee\u202fHaslam || Jeanie\u202fBuss || Miriam\u202fAdelson || Ann\u202fWalton\u202fKroenke"", ""Gayle Marie\u202fLaJaunie\u202fBird\u202fBenson"", ""Gayle Benson || Tom Benson || Sheila Ford Hamp || Kim\u202fPegula || Carol\u202fDavis || Denise\u202fDeBartolo\u202fYork || Amy\u202fAdams\u202fStrunk || Virginia\u202fHalas\u202fMcCaskey || Janice\u202fMcNair || Jody\u202fAllen || Dee\u202fHaslam || Jeanie\u202fBuss || Miriam\u202fAdelson || Ann\u202fWalton\u202fKroenke"", ""Gayle Benson || Tom Benson || Sheila\u202fFord\u202fHamp || Kim\u202fPegula || Carol\u202fDavis || Denise\u202fDeBartolo\u202fYork || Amy\u202fAdams\u202fStrunk || Virginia\u202fHalas\u202fMcCaskey || Janice\u202fMcNair || Jody\u202fAllen || Dee\u202fHaslam || Jeanie\u202fBuss || Miriam\u202fAdelson || Ann\u202fWalton\u202fKroenke"", ""Gayle Marie\u202fLaJaunie\u202fBird\u202fBenson""]"
Player,managed-gpt-oss-120b,w20,manager,11,nationality,0,1,"[""American"", ""American"", ""American"", ""American"", ""American""]"
Player,managed-gpt-oss-120b,w20,manager,11,nba_team,0,1,"[""New Orleans Pelicans"", ""New Orleans Pelicans"", ""New Orleans Pelicans"", ""New Orleans Pelicans"", ""New Orleans Pelicans""]"
Player,managed-gpt-oss-120b,w20,manager,11,own_year,0,1,"[""2018"", ""2018"", ""2018"", ""2018"", ""2018""]"
Player,managed-gpt-oss-120b,w20,manager,12,age,1,2,"[""79"", ""79"", ""76"", ""79"", ""79""]"
Player,managed-gpt-oss-120b,w20,manager,12,name,1,3,"[""Enos\u202fStanley\u202fKroenke||Ann\u202fWalton\u202fKroenke"", ""Enos\u202fStanley\u202fKroenke || Ann\u202fWalton\u202fKroenke"", ""Enos\u202fStanley\u202fKroenke || Ann\u202fWalton\u202fKroenke"", ""Enos\u202fStanley\u202fKroenke || Ann\u202fWalton\u202fKroenke"", ""Enos\u202fStanley\u202fKroenke""]"
Player,managed-gpt-oss-120b,w20,manager,12,nationality,0,1,"[""American"", ""American"", ""American"", ""American"", ""American""]"
Player,managed-gpt-oss-120b,w20,manager,12,nba_team,0,1,"[""Denver Nuggets"", ""Denver Nuggets"", ""Denver Nuggets"", ""Denver Nuggets"", ""Denver Nuggets""]"
Player,managed-gpt-oss-120b,w20,manager,12,own_year,0,1,"[""2000"", ""2000"", ""2000"", ""2000"", ""2000""]"
Player,managed-gpt-oss-120b,w20,manager,13,age,0,1,"[""59"", ""59"", ""59"", ""59"", ""59""]"
Player,managed-gpt-oss-120b,w20,manager,13,name,1,2,"[""Joshua Jordan Harris||David Blitzer"", ""Joshua Jordan Harris"", ""Joshua Jordan Harris"", ""Joshua Jordan Harris"", ""Joshua Jordan Harris""]"
Player,managed-gpt-oss-120b,w20,manager,13,nationality,0,1,"[""American"", ""American"", ""American"", ""American"", ""American""]"
Player,managed-gpt-oss-120b,w20,manager,13,nba_team,0,1,"[""Philadelphia 76ers"", ""Philadelphia 76ers"", ""Philadelphia 76ers"", ""Philadelphia 76ers"", ""Philadelphia 76ers""]"
Player,managed-gpt-oss-120b,w20,manager,13,own_year,0,1,"[""2011"", ""2011"", ""2011"", ""2011"", ""2011""]"
Player,managed-gpt-oss-120b,w20,manager,14,age,0,1,"[""71"", ""71"", ""71"", ""71"", ""71""]"
Player,managed-gpt-oss-120b,w20,manager,14,name,0,1,"[""James Lawrence Dolan"", ""James Lawrence Dolan"", ""James Lawrence Dolan"", ""James Lawrence Dolan"", ""James Lawrence Dolan""]"
Player,managed-gpt-oss-120b,w20,manager,14,nationality,0,1,"[""American"", ""American"", ""American"", ""American"", ""American""]"
Player,managed-gpt-oss-120b,w20,manager,14,nba_team,0,1,"[""New York Knicks"", ""New York Knicks"", ""New York Knicks"", ""New York Knicks"", ""New York Knicks""]"
Player,managed-gpt-oss-120b,w20,manager,14,own_year,0,1,"[""1999"", ""1999"", ""1999"", ""1999"", ""1999""]"
Player,managed-gpt-oss-120b,w20,manager,15,age,0,1,"[""77"", ""77"", ""77"", ""77"", ""77""]"
Player,managed-gpt-oss-120b,w20,manager,15,name,0,1,"[""Micky Arison"", ""Micky Arison"", ""Micky Arison"", ""Micky Arison"", ""Micky Arison""]"
Player,managed-gpt-oss-120b,w20,manager,15,nationality,0,1,"[""Israeli||American"", ""Israeli||American"", ""Israeli||American"", ""Israeli||American"", ""Israeli||American""]"
Player,managed-gpt-oss-120b,w20,manager,15,nba_team,0,1,"[""Miami Heat"", ""Miami Heat"", ""Miami Heat"", ""Miami Heat"", ""Miami Heat""]"
Player,managed-gpt-oss-120b,w20,manager,15,own_year,0,1,"[""1995"", ""1995"", ""1995"", ""1995"", ""1995""]"
Player,managed-gpt-oss-120b,w20,manager,16,age,0,1,"[""70"", ""70"", ""70"", ""70"", ""70""]"
Player,managed-gpt-oss-120b,w20,manager,16,name,1,2,"[""Joseph Steven Lacob||Peter Guber"", ""Joseph Steven Lacob||Peter Guber"", ""Joseph Steven Lacob||Peter Guber"", ""Joseph Steven Lacob"", ""Joseph Steven Lacob||Peter Guber""]"
Player,managed-gpt-oss-120b,w20,manager,16,nationality,0,1,"[""American"", ""American"", ""American"", ""American"", ""American""]"
Player,managed-gpt-oss-120b,w20,manager,16,nba_team,1,2,"[""Golden State Warriors"", ""Golden State Warriors"", ""Golden State Warriors"", ""Golden State Warriors||Boston Celtics"", ""Golden State Warriors||Boston Celtics""]"
Player,managed-gpt-oss-120b,w20,manager,16,own_year,1,2,"[""2010"", ""2010"", ""2006"", ""2010"", ""2010""]"
Player,managed-gpt-oss-120b,w20,player,1,age,0,1,"[""30"", ""30"", ""30"", ""30"", ""30""]"
Player,managed-gpt-oss-120b,w20,player,1,birth_date,0,1,"[""1994/2/2"", ""1994/2/2"", ""1994/2/2"", ""1994/2/2"", ""1994/2/2""]"
Player,managed-gpt-oss-120b,w20,player,1,college,0,1,"[""Southeast Missouri State University"", ""Southeast Missouri State University"", ""Southeast Missouri State University"", ""Southeast Missouri State University"", ""Southeast Missouri State University""]"
Player,managed-gpt-oss-120b,w20,player,1,draft_pick,0,1,"["""", """", """", """", """"]"
Player,managed-gpt-oss-120b,w20,player,1,draft_year,0,1,"["""", """", """", """", """"]"
Player,managed-gpt-oss-120b,w20,player,1,fiba_world_cup,0,1,"["""", """", """", """", """"]"
Player,managed-gpt-oss-120b,w20,player,1,mvp_awards,0,1,"[""0"", ""0"", ""0"", ""0"", ""0""]"
Player,managed-gpt-oss-120b,w20,player,1,name,0,1,"[""Antonius Cleveland"", ""Antonius Cleveland"", ""Antonius Cleveland"", ""Antonius Cleveland"", ""Antonius Cleveland""]"
Player,managed-gpt-oss-120b,w20,player,1,nationality,0,1,"[""USA"", ""USA"", ""USA"", ""USA"", ""USA""]"
Player,managed-gpt-oss-120b,w20,player,1,nba_championships,0,1,"["""", """", """", """", """"]"
Player,managed-gpt-oss-120b,w20,player,1,olympic_gold_medals,0,1,"["""", """", """", """", """"]"
Player,managed-gpt-oss-120b,w20,player,1,position,1,3,"[""Frontcourt"", ""Backcourt"", """", """", ""Backcourt""]"
Player,managed-gpt-oss-120b,w20,player,1,team,1,2,"[""Dallas Mavericks"", ""Dallas Mavericks"", ""Oklahoma City Thunder"", ""Dallas Mavericks"", ""Dallas Mavericks""]"
Player,managed-gpt-oss-120b,w20,player,2,age,0,1,"[""65"", ""65"", ""65"", ""65"", ""65""]"
Player,managed-gpt-oss-120b,w20,player,2,birth_date,0,1,"[""1959/6/10"", ""1959/6/10"", ""1959/6/10"", ""1959/6/10"", ""1959/6/10""]"
Player,managed-gpt-oss-120b,w20,player,2,college,0,1,"[""Michigan State University"", ""Michigan State University"", ""Michigan State University"", ""Michigan State University"", ""Michigan State University""]"
Player,managed-gpt-oss-120b,w20,player,2,draft_pick,1,2,"[""31"", ""31"", ""54"", ""54"", ""31""]"
Player,managed-gpt-oss-120b,w20,player,2,draft_year,0,1,"[""1981"", ""1981"", ""1981"", ""1981"", ""1981""]"
Player,managed-gpt-oss-120b,w20,player,2,fiba_world_cup,0,1,"["""", """", """", """", """"]"
Player,managed-gpt-oss-120b,w20,player,2,mvp_awards,0,1,"[""0"", ""0"", ""0"", ""0"", ""0""]"
Player,managed-gpt-oss-120b,w20,player,2,name,0,1,"[""Jay Fletcher Vincent"", ""Jay Fletcher Vincent"", ""Jay Fletcher Vincent"", ""Jay Fletcher Vincent"", ""Jay Fletcher Vincent""]"
Player,managed-gpt-oss-120b,w20,player,2,nationality,0,1,"[""USA"", ""USA"", ""USA"", ""USA"", ""USA""]"
Player,managed-gpt-oss-120b,w20,player,2,nba_championships,0,1,"["""", """", """", """", """"]"
Player,managed-gpt-oss-120b,w20,player,2,olympic_gold_medals,0,1,"["""", """", """", """", """"]"
Player,managed-gpt-oss-120b,w20,player,2,position,0,1,"[""Frontcourt"", ""Frontcourt"", ""Frontcourt"", ""Frontcourt"", ""Frontcourt""]"
Player,managed-gpt-oss-120b,w20,player,2,team,0,1,"[""Los Angeles Lakers"", ""Los Angeles Lakers"", ""Los Angeles Lakers"", ""Los Angeles Lakers"", ""Los Angeles Lakers""]"
Player,managed-gpt-oss-120b,w20,player,3,age,0,1,"[""30"", ""30"", ""30"", ""30"", ""30""]"
Player,managed-gpt-oss-120b,w20,player,3,birth_date,0,1,"[""1994/4/25"", ""1994/4/25"", ""1994/4/25"", ""1994/4/25"", ""1994/4/25""]"
Player,managed-gpt-oss-120b,w20,player,3,college,0,1,"["""", """", """", """", """"]"
Player,managed-gpt-oss-120b,w20,player,3,draft_pick,0,1,"[""57"", ""57"", ""57"", ""57"", ""57""]"
Player,managed-gpt-oss-120b,w20,player,3,draft_year,0,1,"[""2015"", ""2015"", ""2015"", ""2015"", ""2015""]"
Player,managed-gpt-oss-120b,w20,player,3,fiba_world_cup,0,1,"["""", """", """", """", """"]"
Player,managed-gpt-oss-120b,w20,player,3,mvp_awards,0,1,"[""0"", ""0"", ""0"", ""0"", ""0""]"
Player,managed-gpt-oss-120b,w20,player,3,name,0,1,"[""Nikola Radi\u010devi\u0107"", ""Nikola Radi\u010devi\u0107"", ""Nikola Radi\u010devi\u0107"", ""Nikola Radi\u010devi\u0107"", ""Nikola Radi\u010devi\u0107""]"
Player,managed-gpt-oss-120b,w20,player,3,nationality,1,2,"[""Serbia"", ""Serbian"", ""Serbia"", ""Serbia"", ""Serbia""]"
Player,managed-gpt-oss-120b,w20,player,3,nba_championships,0,1,"["""", """", """", """", """"]"
Player,managed-gpt-oss-120b,w20,player,3,olympic_gold_medals,0,1,"["""", """", """", """", """"]"
Player,managed-gpt-oss-120b,w20,player,3,position,0,1,"[""Backcourt"", ""Backcourt"", ""Backcourt"", ""Backcourt"", ""Backcourt""]"
Player,managed-gpt-oss-120b,w20,player,3,team,0,1,"["""", """", """", """", """"]"
Player,managed-gpt-oss-120b,w20,player,4,age,0,1,"[""82"", ""82"", ""82"", ""82"", ""82""]"
Player,managed-gpt-oss-120b,w20,player,4,birth_date,0,1,"[""1922/9/9"", ""1922/9/9"", ""1922/9/9"", ""1922/9/9"", ""1922/9/9""]"
Player,managed-gpt-oss-120b,w20,player,4,college,0,1,"[""University of Notre Dame"", ""University of Notre Dame"", ""University of Notre Dame"", ""University of Notre Dame"", ""University of Notre Dame""]"
Player,managed-gpt-oss-120b,w20,player,4,draft_pick,0,1,"["""", """", """", """", """"]"
Player,managed-gpt-oss-120b,w20,player,4,draft_year,0,1,"["""", """", """", """", """"]"
Player,managed-gpt-oss-120b,w20,player,4,fiba_world_cup,0,1,"["""", """", """", """", """"]"
Player,managed-gpt-oss-120b,w20,player,4,mvp_awards,0,1,"[""0"", ""0"", ""0"", ""0"", ""0""]"
Player,managed-gpt-oss-120b,w20,player,4,name,0,1,"[""Francis Hugh Curran Sr."", ""Francis Hugh Curran Sr."", ""Francis Hugh Curran Sr."", ""Francis Hugh Curran Sr."", ""Francis Hugh Curran Sr.""]"
Player,managed-gpt-oss-120b,w20,player,4,nationality,0,1,"[""USA"", ""USA"", ""USA"", ""USA"", ""USA""]"
Player,managed-gpt-oss-120b,w20,player,4,nba_championships,0,1,"["""", """", """", """", """"]"
Player,managed-gpt-oss-120b,w20,player,4,olympic_gold_medals,0,1,"["""", """", """", """", """"]"
Player,managed-gpt-oss-120b,w20,player,4,position,0,1,"["""", """", """", """", """"]"
Player,managed-gpt-oss-120b,w20,player,4,team,0,1,"[""Rochester Royals"", ""Rochester Royals"", ""Rochester Royals"", ""Rochester Royals"", ""Rochester Royals""]"
Player,managed-gpt-oss-120b,w20,player,5,age,0,1,"[""60"", ""60"", ""60"", ""60"", ""60""]"
Player,managed-gpt-oss-120b,w20,player,5,birth_date,0,1,"[""1964/2/15"", ""1964/2/15"", ""1964/2/15"", ""1964/2/15"", ""1964/2/15""]"
Player,managed-gpt-oss-120b,w20,player,5,college,0,1,"[""Georgia Tech"", ""Georgia Tech"", ""Georgia Tech"", ""Georgia Tech"", ""Georgia Tech""]"
Player,managed-gpt-oss-120b,w20,player,5,draft_pick,0,1,"[""31"", ""31"", ""31"", ""31"", ""31""]"
Player,managed-gpt-oss-120b,w20,player,5,draft_year,0,1,"[""1986"", ""1986"", ""1986"", ""1986"", ""1986""]"
Player,managed-gpt-oss-120b,w20,player,5,fiba_world_cup,0,1,"[""1"", ""1"", ""1"", ""1"", ""1""]"
Player,managed-gpt-oss-120b,w20,player,5,mvp_awards,0,1,"[""0"", ""0"", ""0"", ""0"", ""0""]"
Player,managed-gpt-oss-120b,w20,player,5,name,0,1,"[""William Mark Price"", ""William Mark Price"", ""William Mark Price"", ""William Mark Price"", ""William Mark Price""]"
Player,managed-gpt-oss-120b,w20,player,5,nationality,0,1,"[""USA"", ""USA"", ""USA"", ""USA"", ""USA""]"
Player,managed-gpt-oss-120b,w20,player,5,nba_championships,0,1,"["""", """", """", """", """"]"
Player,managed-gpt-oss-120b,w20,player,5,olympic_gold_medals,0,1,"["""", """", """", """", """"]"
Player,managed-gpt-oss-120b,w20,player,5,position,0,1,"[""Backcourt"", ""Backcourt"", ""Backcourt"", ""Backcourt"", ""Backcourt""]"
Player,managed-gpt-oss-120b,w20,player,5,team,0,1,"[""Orlando Magic"", ""Orlando Magic"", ""Orlando Magic"", ""Orlando Magic"", ""Orlando Magic""]"
Player,managed-gpt-oss-120b,w20,player,6,age,0,1,"[""30"", ""30"", ""30"", ""30"", ""30""]"
Player,managed-gpt-oss-120b,w20,player,6,birth_date,0,1,"[""1994/6/6"", ""1994/6/6"", ""1994/6/6"", ""1994/6/6"", ""1994/6/6""]"
Player,managed-gpt-oss-120b,w20,player,6,college,0,1,"["""", """", """", """", """"]"
Player,managed-gpt-oss-120b,w20,player,6,draft_pick,0,1,"[""57"", ""57"", ""57"", ""57"", ""57""]"
Player,managed-gpt-oss-120b,w20,player,6,draft_year,0,1,"[""2016"", ""2016"", ""2016"", ""2016"", ""2016""]"
Player,managed-gpt-oss-120b,w20,player,6,fiba_world_cup,0,1,"["""", """", """", """", """"]"
Player,managed-gpt-oss-120b,w20,player,6,mvp_awards,0,1,"[""0"", ""0"", ""0"", ""0"", ""0""]"
Player,managed-gpt-oss-120b,w20,player,6,name,0,1,"[""David Michineau"", ""David Michineau"", ""David Michineau"", ""David Michineau"", ""David Michineau""]"
Player,managed-gpt-oss-120b,w20,player,6,nationality,0,1,"[""France"", ""France"", ""France"", ""France"", ""France""]"
Player,managed-gpt-oss-120b,w20,player,6,nba_championships,0,1,"["""", """", """", """", """"]"
Player,managed-gpt-oss-120b,w20,player,6,olympic_gold_medals,0,1,"["""", """", """", """", """"]"
Player,managed-gpt-oss-120b,w20,player,6,position,1,2,"[""Backcourt"", """", ""Backcourt"", """", """"]"
Player,managed-gpt-oss-120b,w20,player,6,team,1,2,"[""Brooklyn Nets"", ""Brooklyn Nets"", """", ""Brooklyn Nets"", ""Brooklyn Nets""]"
Player,managed-gpt-oss-120b,w20,player,7,age,0,1,"[""27"", ""27"", ""27"", ""27"", ""27""]"
Player,managed-gpt-oss-120b,w20,player,7,birth_date,0,1,"[""1997/8/7"", ""1997/8/7"", ""1997/8/7"", ""1997/8/7"", ""1997/8/7""]"
Player,managed-gpt-oss-120b,w20,player,7,college,0,1,"[""University of Alabama"", ""University of Alabama"", ""University of Alabama"", ""University of Alabama"", ""University of Alabama""]"
Player,managed-gpt-oss-120b,w20,player,7,draft_pick,0,1,"["""", """", """", """", """"]"
Player,managed-gpt-oss-120b,w20,player,7,draft_year,0,1,"["""", """", """", """", """"]"
Player,managed-gpt-oss-120b,w20,player,7,fiba_world_cup,0,1,"["""", """", """", """", """"]"
Player,managed-gpt-oss-120b,w20,player,7,mvp_awards,0,1,"[""0"", ""0"", ""0"", ""0"", ""0""]"
Player,managed-gpt-oss-120b,w20,player,7,name,0,1,"[""Donta Hall"", ""Donta Hall"", ""Donta Hall"", ""Donta Hall"", ""Donta Hall""]"
Player,managed-gpt-oss-120b,w20,player,7,nationality,0,1,"[""USA||Azerbaijan"", ""USA||Azerbaijan"", ""USA||Azerbaijan"", ""USA||Azerbaijan"", ""USA||Azerbaijan""]"
Player,managed-gpt-oss-120b,w20,player,7,nba_championships,0,1,"["""", """", """", """", """"]"
Player,managed-gpt-oss-120b,w20,player,7,olympic_gold_medals,0,1,"["""", """", """", """", """"]"
Player,managed-gpt-oss-120b,w20,player,7,position,0,1,"[""Frontcourt"", ""Frontcourt"", ""Frontcourt"", ""Frontcourt"", ""Frontcourt""]"
Player,managed-gpt-oss-120b,w20,player,7,team,0,1,"[""Orlando Magic"", ""Orlando Magic"", ""Orlando Magic"", ""Orlando Magic"", ""Orlando Magic""]"
Player,managed-gpt-oss-120b,w20,player,8,age,0,1,"[""51"", ""51"", ""51"", ""51"", ""51""]"
Player,managed-gpt-oss-120b,w20,player,8,birth_date,0,1,"[""1973/11/25"", ""1973/11/25"", ""1973/11/25"", ""1973/11/25"", ""1973/11/25""]"
Player,managed-gpt-oss-120b,w20,player,8,college,0,1,"[""University of Nebraska"", ""University of Nebraska"", ""University of Nebraska"", ""University of Nebraska"", ""University of Nebraska""]"
Player,managed-gpt-oss-120b,w20,player,8,draft_pick,0,1,"["""", """", """", """", """"]"
Player,managed-gpt-oss-120b,w20,player,8,draft_year,0,1,"["""", """", """", """", """"]"
Player,managed-gpt-oss-120b,w20,player,8,fiba_world_cup,0,1,"["""", """", """", """", """"]"
Player,managed-gpt-oss-120b,w20,player,8,mvp_awards,0,1,"[""0"", ""0"", ""0"", ""0"", ""0""]"
Player,managed-gpt-oss-120b,w20,player,8,name,0,1,"[""Demerick Montae Strickland"", ""Demerick Montae Strickland"", ""Demerick Montae Strickland"", ""Demerick Montae Strickland"", ""Demerick Montae Strickland""]"
Player,managed-gpt-oss-120b,w20,player,8,nationality,0,1,"[""USA"", ""USA"", ""USA"", ""USA"", ""USA""]"
Player,managed-gpt-oss-120b,w20,player,8,nba_championships,0,1,"["""", """", """", """", """"]"
Player,managed-gpt-oss-120b,w20,player,8,olympic_gold_medals,0,1,"["""", """", """", """", """"]"
Player,managed-gpt-oss-120b,w20,player,8,position,0,1,"[""Backcourt"", ""Backcourt"", ""Backcourt"", ""Backcourt"", ""Backcourt""]"
Player,managed-gpt-oss-120b,w20,player,8,team,0,1,"[""Milwaukee Bucks"", ""Milwaukee Bucks"", ""Milwaukee Bucks"", ""Milwaukee Bucks"", ""Milwaukee Bucks""]"
Player,managed-gpt-oss-120b,w20,player,9,age,0,1,"[""81"", ""81"", ""81"", ""81"", ""81""]"
Player,managed-gpt-oss-120b,w20,player,9,birth_date,0,1,"[""1943/12/23"", ""1943/12/23"", ""1943/12/23"", ""1943/12/23"", ""1943/12/23""]"
Player,managed-gpt-oss-120b,w20,player,9,college,1,3,"[""Tennessee State University||Texas Western College (now University of Texas at El\u202fPaso)"", ""Tennessee State University||Texas Western College"", ""Tennessee State University||Texas Western College"", ""Texas Western College||Tennessee State University"", ""Tennessee State University||Texas Western College""]"
Player,managed-gpt-oss-120b,w20,player,9,draft_pick,0,1,"[""10"", ""10"", ""10"", ""10"", ""10""]"
Player,managed-gpt-oss-120b,w20,player,9,draft_year,0,1,"[""1967"", ""1967"", ""1967"", ""1967"", ""1967""]"
Player,managed-gpt-oss-120b,w20,player,9,fiba_world_cup,0,1,"["""", """", """", """", """"]"
Player,managed-gpt-oss-120b,w20,player,9,mvp_awards,0,1,"[""0"", ""0"", ""0"", ""0"", ""0""]"
Player,managed-gpt-oss-120b,w20,player,9,name,0,1,"[""David Lattin"", ""David Lattin"", ""David Lattin"", ""David Lattin"", ""David Lattin""]"
Player,managed-gpt-oss-120b,w20,player,9,nationality,0,1,"[""USA"", ""USA"", ""USA"", ""USA"", ""USA""]"
Player,managed-gpt-oss-120b,w20,player,9,nba_championships,0,1,"["""", """", """", """", """"]"
Player,managed-gpt-oss-120b,w20,player,9,olympic_gold_medals,0,1,"["""", """", """", """", """"]"
Player,managed-gpt-oss-120b,w20,player,9,position,0,1,"[""Frontcourt"", ""Frontcourt"", ""Frontcourt"", ""Frontcourt"", ""Frontcourt""]"
Player,managed-gpt-oss-120b,w20,player,9,team,0,1,"[""Phoenix Suns"", ""Phoenix Suns"", ""Phoenix Suns"", ""Phoenix Suns"", ""Phoenix Suns""]"
Player,managed-gpt-oss-120b,w20,player,10,age,0,1,"[""74"", ""74"", ""74"", ""74"", ""74""]"
Player,managed-gpt-oss-120b,w20,player,10,birth_date,0,1,"[""1942/9/7"", ""1942/9/7"", ""1942/9/7"", ""1942/9/7"", ""1942/9/7""]"
Player,managed-gpt-oss-120b,w20,player,10,college,0,1,"[""University of Connecticut"", ""University of Connecticut"", ""University of Connecticut"", ""University of Connecticut"", ""University of Connecticut""]"
Player,managed-gpt-oss-120b,w20,player,10,draft_pick,0,1,"["""", """", """", """", """"]"
Player,managed-gpt-oss-120b,w20,player,10,draft_year,0,1,"["""", """", """", """", """"]"
Player,managed-gpt-oss-120b,w20,player,10,fiba_world_cup,0,1,"["""", """", """", """", """"]"
Player,managed-gpt-oss-120b,w20,player,10,mvp_awards,0,1,"[""0"", ""0"", ""0"", ""0"", ""0""]"
Player,managed-gpt-oss-120b,w20,player,10,name,0,1,"[""Thomas Kimball"", ""Thomas Kimball"", ""Thomas Kimball"", ""Thomas Kimball"", ""Thomas Kimball""]"
Player,managed-gpt-oss-120b,w20,player,10,nationality,0,1,"[""USA"", ""USA"", ""USA"", ""USA"", ""USA""]"
Player,managed-gpt-oss-120b,w20,player,10,nba_championships,0,1,"["""", """", """", """", """"]"
Player,managed-gpt-oss-120b,w20,player,10,olympic_gold_medals,0,1,"["""", """", """", """", """"]"
Player,managed-gpt-oss-120b,w20,player,10,position,0,1,"[""Frontcourt"", ""Frontcourt"", ""Frontcourt"", ""Frontcourt"", ""Frontcourt""]"
Player,managed-gpt-oss-120b,w20,player,10,team,0,1,"[""New Orleans Jazz"", ""New Orleans Jazz"", ""New Orleans Jazz"", ""New Orleans Jazz"", ""New Orleans Jazz""]"
Player,managed-gpt-oss-120b,w20,player,11,age,0,1,"[""50"", ""50"", ""50"", ""50"", ""50""]"
Player,managed-gpt-oss-120b,w20,player,11,birth_date,0,1,"[""1974/8/3"", ""1974/8/3"", ""1974/8/3"", ""1974/8/3"", ""1974/8/3""]"
Player,managed-gpt-oss-120b,w20,player,11,college,0,1,"[""University of Missouri"", ""University of Missouri"", ""University of Missouri"", ""University of Missouri"", ""University of Missouri""]"
Player,managed-gpt-oss-120b,w20,player,11,draft_pick,0,1,"["""", """", """", """", """"]"
Player,managed-gpt-oss-120b,w20,player,11,draft_year,0,1,"["""", """", """", """", """"]"
Player,managed-gpt-oss-120b,w20,player,11,fiba_world_cup,0,1,"["""", """", """", """", """"]"
Player,managed-gpt-oss-120b,w20,player,11,mvp_awards,0,1,"[""0"", ""0"", ""0"", ""0"", ""0""]"
Player,managed-gpt-oss-120b,w20,player,11,name,0,1,"[""William Derek Grimm"", ""William Derek Grimm"", ""William Derek Grimm"", ""William Derek Grimm"", ""William Derek Grimm""]"
Player,managed-gpt-oss-120b,w20,player,11,nationality,0,1,"[""USA"", ""USA"", ""USA"", ""USA"", ""USA""]"
Player,managed-gpt-oss-120b,w20,player,11,nba_championships,0,1,"["""", """", """", """", """"]"
Player,managed-gpt-oss-120b,w20,player,11,olympic_gold_medals,0,1,"["""", """", """", """", """"]"
Player,managed-gpt-oss-120b,w20,player,11,position,0,1,"[""Frontcourt"", ""Frontcourt"", ""Frontcourt"", ""Frontcourt"", ""Frontcourt""]"
Player,managed-gpt-oss-120b,w20,player,11,team,0,1,"[""Sacramento Kings"", ""Sacramento Kings"", ""Sacramento Kings"", ""Sacramento Kings"", ""Sacramento Kings""]"
Player,managed-gpt-oss-120b,w20,player,12,age,0,1,"[""31"", ""31"", ""31"", ""31"", ""31""]"
Player,managed-gpt-oss-120b,w20,player,12,birth_date,0,1,"[""1993/3/11"", ""1993/3/11"", ""1993/3/11"", ""1993/3/11"", ""1993/3/11""]"
Player,managed-gpt-oss-120b,w20,player,12,college,0,1,"[""University of Kentucky"", ""University of Kentucky"", ""University of Kentucky"", ""University of Kentucky"", ""University of Kentucky""]"
Player,managed-gpt-oss-120b,w20,player,12,draft_pick,0,1,"[""1"", ""1"", ""1"", ""1"", ""1""]"
Player,managed-gpt-oss-120b,w20,player,12,draft_year,0,1,"[""2012"", ""2012"", ""2012"", ""2012"", ""2012""]"
Player,managed-gpt-oss-120b,w20,player,12,fiba_world_cup,0,1,"[""1"", ""1"", ""1"", ""1"", ""1""]"
Player,managed-gpt-oss-120b,w20,player,12,mvp_awards,0,1,"[""0"", ""0"", ""0"", ""0"", ""0""]"
Player,managed-gpt-oss-120b,w20,player,12,name,0,1,"[""Anthony Marshon Davis Jr."", ""Anthony Marshon Davis Jr."", ""Anthony Marshon Davis Jr."", ""Anthony Marshon Davis Jr."", ""Anthony Marshon Davis Jr.""]"
Player,managed-gpt-oss-120b,w20,player,12,nationality,0,1,"[""USA"", ""USA"", ""USA"", ""USA"", ""USA""]"
Player,managed-gpt-oss-120b,w20,player,12,nba_championships,0,1,"[""1"", ""1"", ""1"", ""1"", ""1""]"
Player,managed-gpt-oss-120b,w20,player,12,olympic_gold_medals,0,1,"[""2"", ""2"", ""2"", ""2"", ""2""]"
Player,managed-gpt-oss-120b,w20,player,12,position,0,1,"[""Frontcourt"", ""Frontcourt"", ""Frontcourt"", ""Frontcourt"", ""Frontcourt""]"
Player,managed-gpt-oss-120b,w20,player,12,team,0,1,"[""Los Angeles Lakers"", ""Los Angeles Lakers"", ""Los Angeles Lakers"", ""Los Angeles Lakers"", ""Los Angeles Lakers""]"
Player,managed-gpt-oss-120b,w20,player,13,age,0,1,"[""37"", ""37"", ""37"", ""37"", ""37""]"
Player,managed-gpt-oss-120b,w20,player,13,birth_date,0,1,"[""1987/10/5"", ""1987/10/5"", ""1987/10/5"", ""1987/10/5"", ""1987/10/5""]"
Player,managed-gpt-oss-120b,w20,player,13,college,0,1,"[""University of North Carolina at Chapel Hill"", ""University of North Carolina at Chapel Hill"", ""University of North Carolina at Chapel Hill"", ""University of North Carolina at Chapel Hill"", ""University of North Carolina at Chapel Hill""]"
Player,managed-gpt-oss-120b,w20,player,13,draft_pick,0,1,"[""8"", ""8"", ""8"", ""8"", ""8""]"
Player,managed-gpt-oss-120b,w20,player,13,draft_year,0,1,"[""2007"", ""2007"", ""2007"", ""2007"", ""2007""]"
Player,managed-gpt-oss-120b,w20,player,13,fiba_world_cup,0,1,"["""", """", """", """", """"]"
Player,managed-gpt-oss-120b,w20,player,13,mvp_awards,0,1,"[""0"", ""0"", ""0"", ""0"", ""0""]"
Player,managed-gpt-oss-120b,w20,player,13,name,0,1,"[""Brandan Keith Wright"", ""Brandan Keith Wright"", ""Brandan Keith Wright"", ""Brandan Keith Wright"", ""Brandan Keith Wright""]"
Player,managed-gpt-oss-120b,w20,player,13,nationality,0,1,"[""USA"", ""USA"", ""USA"", ""USA"", ""USA""]"
Player,managed-gpt-oss-120b,w20,player,13,nba_championships,0,1,"["""", """", """", """", """"]"
Player,managed-gpt-oss-120b,w20,player,13,olympic_gold_medals,0,1,"["""", """", """", """", """"]"
Player,managed-gpt-oss-120b,w20,player,13,position,0,1,"[""Frontcourt"", ""Frontcourt"", ""Frontcourt"", ""Frontcourt"", ""Frontcourt""]"
Player,managed-gpt-oss-120b,w20,player,13,team,0,1,"[""Houston Rockets"", ""Houston Rockets"", ""Houston Rockets"", ""Houston Rockets"", ""Houston Rockets""]"
Player,managed-gpt-oss-120b,w20,player,14,age,0,1,"[""53"", ""53"", ""53"", ""53"", ""53""]"
Player,managed-gpt-oss-120b,w20,player,14,birth_date,0,1,"[""1971/12/3"", ""1971/12/3"", ""1971/12/3"", ""1971/12/3"", ""1971/12/3""]"
Player,managed-gpt-oss-120b,w20,player,14,college,0,1,"[""Kansas State University"", ""Kansas State University"", ""Kansas State University"", ""Kansas State University"", ""Kansas State University""]"
Player,managed-gpt-oss-120b,w20,player,14,draft_pick,0,1,"["""", """", """", """", """"]"
Player,managed-gpt-oss-120b,w20,player,14,draft_year,0,1,"["""", """", """", """", """"]"
Player,managed-gpt-oss-120b,w20,player,14,fiba_world_cup,0,1,"["""", """", """", """", """"]"
Player,managed-gpt-oss-120b,w20,player,14,mvp_awards,0,1,"[""0"", ""0"", ""0"", ""0"", ""0""]"
Player,managed-gpt-oss-120b,w20,player,14,name,1,2,"[""Askia Rahman Jones||Wali Jones"", ""Askia Rahman Jones"", ""Askia Rahman Jones"", ""Askia Rahman Jones"", ""Askia Rahman Jones||Wali Jones""]"
Player,managed-gpt-oss-120b,w20,player,14,nationality,0,1,"[""USA||Venezuela"", ""USA||Venezuela"", ""USA||Venezuela"", ""USA||Venezuela"", ""USA||Venezuela""]"
Player,managed-gpt-oss-120b,w20,player,14,nba_championships,0,1,"["""", """", """", """", """"]"
Player,managed-gpt-oss-120b,w20,player,14,olympic_gold_medals,0,1,"["""", """", """", """", """"]"
Player,managed-gpt-oss-120b,w20,player,14,position,0,1,"[""Backcourt"", ""Backcourt"", ""Backcourt"", ""Backcourt"", ""Backcourt""]"
Player,managed-gpt-oss-120b,w20,player,14,team,0,1,"[""Minnesota Timberwolves"", ""Minnesota Timberwolves"", ""Minnesota Timberwolves"", ""Minnesota Timberwolves"", ""Minnesota Timberwolves""]"
Player,managed-gpt-oss-120b,w20,player,15,age,0,1,"[""34"", ""34"", ""34"", ""34"", ""34""]"
Player,managed-gpt-oss-120b,w20,player,15,birth_date,0,1,"[""1990/8/17"", ""1990/8/17"", ""1990/8/17"", ""1990/8/17"", ""1990/8/17""]"
Player,managed-gpt-oss-120b,w20,player,15,college,1,2,"[""Arizona State University||College of Southern Idaho"", ""Arizona State University||College of Southern Idaho"", ""Arizona State University || College of Southern Idaho"", ""Arizona State University||College of Southern Idaho"", ""Arizona State University || College of Southern Idaho""]"
Player,managed-gpt-oss-120b,w20,player,15,draft_pick,0,1,"[""33"", ""33"", ""33"", ""33"", ""33""]"
Player,managed-gpt-oss-120b,w20,player,15,draft_year,0,1,"[""2013"", ""2013"", ""2013"", ""2013"", ""2013""]"
Player,managed-gpt-oss-120b,w20,player,15,fiba_world_cup,0,1,"["""", """", """", """", """"]"
Player,managed-gpt-oss-120b,w20,player,15,mvp_awards,0,1,"[""0"", ""0"", ""0"", ""0"", ""0""]"
Player,managed-gpt-oss-120b,w20,player,15,name,0,1,"[""Carrick Felix"", ""Carrick Felix"", ""Carrick Felix"", ""Carrick Felix"", ""Carrick Felix""]"
Player,managed-gpt-oss-120b,w20,player,15,nationality,0,1,"[""USA"", ""USA"", ""USA"", ""USA"", ""USA""]"
Player,managed-gpt-oss-120b,w20,player,15,nba_championships,0,1,"["""", """", """", """", """"]"
Player,managed-gpt-oss-120b,w20,player,15,olympic_gold_medals,0,1,"["""", """", """", """", """"]"
Player,managed-gpt-oss-120b,w20,player,15,position,0,1,"[""Backcourt"", ""Backcourt"", ""Backcourt"", ""Backcourt"", ""Backcourt""]"
Player,managed-gpt-oss-120b,w20,player,15,team,0,1,"[""Washington Wizards"", ""Washington Wizards"", ""Washington Wizards"", ""Washington Wizards"", ""Washington Wizards""]"
Player,managed-gpt-oss-120b,w20,player,16,age,0,1,"[""36"", ""36"", ""36"", ""36"", ""36""]"
Player,managed-gpt-oss-120b,w20,player,16,birth_date,0,1,"[""1988/6/1"", ""1988/6/1"", ""1988/6/1"", ""1988/6/1"", ""1988/6/1""]"
Player,managed-gpt-oss-120b,w20,player,16,college,0,1,"[""Pepperdine University"", ""Pepperdine University"", ""Pepperdine University"", ""Pepperdine University"", ""Pepperdine University""]"
Player,managed-gpt-oss-120b,w20,player,16,draft_pick,0,1,"["""", """", """", """", """"]"
Player,managed-gpt-oss-120b,w20,player,16,draft_year,0,1,"["""", """", """", """", """"]"
Player,managed-gpt-oss-120b,w20,player,16,fiba_world_cup,0,1,"["""", """", """", """", """"]"
Player,managed-gpt-oss-120b,w20,player,16,mvp_awards,0,1,"[""0"", ""0"", ""0"", ""0"", ""0""]"
Player,managed-gpt-oss-120b,w20,player,16,name,0,1,"[""Mychel Thompson"", ""Mychel Thompson"", ""Mychel Thompson"", ""Mychel Thompson"", ""Mychel Thompson""]"
Player,managed-gpt-oss-120b,w20,player,16,nationality,0,1,"[""USA||Bahamas"", ""USA||Bahamas"", ""USA||Bahamas"", ""USA||Bahamas"", ""USA||Bahamas""]"
Player,managed-gpt-oss-120b,w20,player,16,nba_championships,0,1,"["""", """", """", """", """"]"
Player,managed-gpt-oss-120b,w20,player,16,olympic_gold_medals,0,1,"["""", """", """", """", """"]"
Player,managed-gpt-oss-120b,w20,player,16,position,0,1,"[""Backcourt"", ""Backcourt"", ""Backcourt"", ""Backcourt"", ""Backcourt""]"
Player,managed-gpt-oss-120b,w20,player,16,team,1,2,"[""Cleveland Cavaliers"", ""New York Knicks"", ""New York Knicks"", ""New York Knicks"", ""New York Knicks""]"
Player,managed-gpt-oss-120b,w20,player,17,age,0,1,"[""74"", ""74"", ""74"", ""74"", ""74""]"
Player,managed-gpt-oss-120b,w20,player,17,birth_date,0,1,"[""1950/1/29"", ""1950/1/29"", ""1950/1/29"", ""1950/1/29"", ""1950/1/29""]"
Player,managed-gpt-oss-120b,w20,player,17,college,1,2,"[""Utah State University || California State University, Los Angeles"", ""Utah State University||California State University, Los Angeles"", ""Utah State University || California State University, Los Angeles"", ""Utah State University || California State University, Los Angeles"", ""Utah State University || California State University, Los Angeles""]"
Player,managed-gpt-oss-120b,w20,player,17,draft_pick,0,1,"["""", """", """", """", """"]"
Player,managed-gpt-oss-120b,w20,player,17,draft_year,0,1,"[""1971"", ""1971"", ""1971"", ""1971"", ""1971""]"
Player,managed-gpt-oss-120b,w20,player,17,fiba_world_cup,0,1,"["""", """", """", """", """"]"
Player,managed-gpt-oss-120b,w20,player,17,mvp_awards,0,1,"[""0"", ""0"", ""0"", ""0"", ""0""]"
Player,managed-gpt-oss-120b,w20,player,17,name,0,1,"[""Marvin Roberts"", ""Marvin Roberts"", ""Marvin Roberts"", ""Marvin Roberts"", ""Marvin Roberts""]"
Player,managed-gpt-oss-120b,w20,player,17,nationality,0,1,"[""USA"", ""USA"", ""USA"", ""USA"", ""USA""]"
Player,managed-gpt-oss-120b,w20,player,17,nba_championships,0,1,"["""", """", """", """", """"]"
Player,managed-gpt-oss-120b,w20,player,17,olympic_gold_medals,0,1,"["""", """", """", """", """"]"
Player,managed-gpt-oss-120b,w20,player,17,position,0,1,"["""", """", """", """", """"]"
Player,managed-gpt-oss-120b,w20,player,17,team,0,1,"[""Los Angeles Lakers"", ""Los Angeles Lakers"", ""Los Angeles Lakers"", ""Los Angeles Lakers"", ""Los Angeles Lakers""]"
Player,managed-gpt-oss-120b,w20,player,18,age,0,1,"[""65"", ""65"", ""65"", ""65"", ""65""]"
Player,managed-gpt-oss-120b,w20,player,18,birth_date,0,1,"[""1959/9/19"", ""1959/9/19"", ""1959/9/19"", ""1959/9/19"", ""1959/9/19""]"
Player,managed-gpt-oss-120b,w20,player,18,college,0,1,"[""Pan American University"", ""Pan American University"", ""Pan American University"", ""Pan American University"", ""Pan American University""]"
Player,managed-gpt-oss-120b,w20,player,18,draft_pick,0,1,"[""41"", ""41"", ""41"", ""41"", ""41""]"
Player,managed-gpt-oss-120b,w20,player,18,draft_year,0,1,"[""1981"", ""1981"", ""1981"", ""1981"", ""1981""]"
Player,managed-gpt-oss-120b,w20,player,18,fiba_world_cup,0,1,"["""", """", """", """", """"]"
Player,managed-gpt-oss-120b,w20,player,18,mvp_awards,0,1,"[""0"", ""0"", ""0"", ""0"", ""0""]"
Player,managed-gpt-oss-120b,w20,player,18,name,1,3,"[""Kenneth \""Apple\"" Green"", ""Kenneth Apple Green"", ""Kenneth Green"", ""Kenneth Apple Green"", ""Kenneth \""Apple\"" Green""]"
Player,managed-gpt-oss-120b,w20,player,18,nationality,0,1,"[""USA"", ""USA"", ""USA"", ""USA"", ""USA""]"
Player,managed-gpt-oss-120b,w20,player,18,nba_championships,0,1,"["""", """", """", """", """"]"
Player,managed-gpt-oss-120b,w20,player,18,olympic_gold_medals,0,1,"["""", """", """", """", """"]"
Player,managed-gpt-oss-120b,w20,player,18,position,0,1,"["""", """", """", """", """"]"
Player,managed-gpt-oss-120b,w20,player,18,team,0,1,"[""New York Knicks"", ""New York Knicks"", ""New York Knicks"", ""New York Knicks"", ""New York Knicks""]"
Player,managed-gpt-oss-120b,w20,player,19,age,0,1,"[""55"", ""55"", ""55"", ""55"", ""55""]"
Player,managed-gpt-oss-120b,w20,player,19,birth_date,0,1,"[""1969/4/18"", ""1969/4/18"", ""1969/4/18"", ""1969/4/18"", ""1969/4/18""]"
Player,managed-gpt-oss-120b,w20,player,19,college,0,1,"[""University of California, Los Angeles (UCLA)"", ""University of California, Los Angeles (UCLA)"", ""University of California, Los Angeles (UCLA)"", ""University of California, Los Angeles (UCLA)"", ""University of California, Los Angeles (UCLA)""]"
Player,managed-gpt-oss-120b,w20,player,19,draft_pick,0,1,"["""", """", """", """", """"]"
Player,managed-gpt-oss-120b,w20,player,19,draft_year,0,1,"["""", """", """", """", """"]"
Player,managed-gpt-oss-120b,w20,player,19,fiba_world_cup,0,1,"["""", """", """", """", """"]"
Player,managed-gpt-oss-120b,w20,player,19,mvp_awards,0,1,"[""0"", ""0"", ""0"", ""0"", ""0""]"
Player,managed-gpt-oss-120b,w20,player,19,name,0,1,"[""Gerald Madkins Jr."", ""Gerald Madkins Jr."", ""Gerald Madkins Jr."", ""Gerald Madkins Jr."", ""Gerald Madkins Jr.""]"
Player,managed-gpt-oss-120b,w20,player,19,nationality,0,1,"[""USA"", ""USA"", ""USA"", ""USA"", ""USA""]"
Player,managed-gpt-oss-120b,w20,player,19,nba_championships,0,1,"["""", """", """", """", """"]"
Player,managed-gpt-oss-120b,w20,player,19,olympic_gold_medals,0,1,"["""", """", """", """", """"]"
Player,managed-gpt-oss-120b,w20,player,19,position,0,1,"[""Backcourt"", ""Backcourt"", ""Backcourt"", ""Backcourt"", ""Backcourt""]"
Player,managed-gpt-oss-120b,w20,player,19,team,0,1,"[""Golden State Warriors"", ""Golden State Warriors"", ""Golden State Warriors"", ""Golden State Warriors"", ""Golden State Warriors""]"
Player,managed-gpt-oss-120b,w20,player,20,age,0,1,"[""65"", ""65"", ""65"", ""65"", ""65""]"
Player,managed-gpt-oss-120b,w20,player,20,birth_date,0,1,"[""1930/11/1"", ""1930/11/1"", ""1930/11/1"", ""1930/11/1"", ""1930/11/1""]"
Player,managed-gpt-oss-120b,w20,player,20,college,0,1,"[""Moberly Junior College||Southwest Missouri State University"", ""Moberly Junior College||Southwest Missouri State University"", ""Moberly Junior College||Southwest Missouri State University"", ""Moberly Junior College||Southwest Missouri State University"", ""Moberly Junior College||Southwest Missouri State University""]"
Player,managed-gpt-oss-120b,w20,player,20,draft_pick,0,1,"[""26"", ""26"", ""26"", ""26"", ""26""]"
Player,managed-gpt-oss-120b,w20,player,20,draft_year,0,1,"[""1954"", ""1954"", ""1954"", ""1954"", ""1954""]"
Player,managed-gpt-oss-120b,w20,player,20,fiba_world_cup,0,1,"["""", """", """", """", """"]"
Player,managed-gpt-oss-120b,w20,player,20,mvp_awards,0,1,"[""0"", ""0"", ""0"", ""0"", ""0""]"
Player,managed-gpt-oss-120b,w20,player,20,name,0,1,"[""Donald Robert Anielak"", ""Donald Robert Anielak"", ""Donald Robert Anielak"", ""Donald Robert Anielak"", ""Donald Robert Anielak""]"
Player,managed-gpt-oss-120b,w20,player,20,nationality,0,1,"[""USA"", ""USA"", ""USA"", ""USA"", ""USA""]"
Player,managed-gpt-oss-120b,w20,player,20,nba_championships,0,1,"["""", """", """", """", """"]"
Player,managed-gpt-oss-120b,w20,player,20,olympic_gold_medals,0,1,"["""", """", """", """", """"]"
Player,managed-gpt-oss-120b,w20,player,20,position,0,1,"["""", """", """", """", """"]"
Player,managed-gpt-oss-120b,w20,player,20,team,0,1,"[""New York Knicks"", ""New York Knicks"", ""New York Knicks"", ""New York Knicks"", ""New York Knicks""]"
Player,managed-gpt-oss-120b,w20,player,21,age,0,1,"[""79"", ""79"", ""79"", ""79"", ""79""]"
Player,managed-gpt-oss-120b,w20,player,21,birth_date,0,1,"[""1945/9/17"", ""1945/9/17"", ""1945/9/17"", ""1945/9/17"", ""1945/9/17""]"
Player,managed-gpt-oss-120b,w20,player,21,college,0,1,"[""University of North Dakota"", ""University of North Dakota"", ""University of North Dakota"", ""University of North Dakota"", ""University of North Dakota""]"
Player,managed-gpt-oss-120b,w20,player,21,draft_pick,0,1,"["""", """", """", """", """"]"
Player,managed-gpt-oss-120b,w20,player,21,draft_year,0,1,"[""1967"", ""1967"", ""1967"", ""1967"", ""1967""]"
Player,managed-gpt-oss-120b,w20,player,21,fiba_world_cup,0,1,"["""", """", """", """", """"]"
Player,managed-gpt-oss-120b,w20,player,21,mvp_awards,0,1,"[""0"", ""0"", ""0"", ""0"", ""0""]"
Player,managed-gpt-oss-120b,w20,player,21,name,0,1,"[""Philip Douglas Jackson"", ""Philip Douglas Jackson"", ""Philip Douglas Jackson"", ""Philip Douglas Jackson"", ""Philip Douglas Jackson""]"
Player,managed-gpt-oss-120b,w20,player,21,nationality,0,1,"[""USA"", ""USA"", ""USA"", ""USA"", ""USA""]"
Player,managed-gpt-oss-120b,w20,player,21,nba_championships,0,1,"[""2"", ""2"", ""2"", ""2"", ""2""]"
Player,managed-gpt-oss-120b,w20,player,21,olympic_gold_medals,0,1,"["""", """", """", """", """"]"
Player,managed-gpt-oss-120b,w20,player,21,position,0,1,"[""Frontcourt"", ""Frontcourt"", ""Frontcourt"", ""Frontcourt"", ""Frontcourt""]"
Player,managed-gpt-oss-120b,w20,player,21,team,0,1,"[""New Jersey Nets"", ""New Jersey Nets"", ""New Jersey Nets"", ""New Jersey Nets"", ""New Jersey Nets""]"
Player,managed-gpt-oss-120b,w20,player,22,age,0,1,"[""55"", ""55"", ""55"", ""55"", ""55""]"
Player,managed-gpt-oss-120b,w20,player,22,birth_date,0,1,"[""1969/10/18"", ""1969/10/18"", ""1969/10/18"", ""1969/10/18"", ""1969/10/18""]"
Player,managed-gpt-oss-120b,w20,player,22,college,0,1,"[""Seton Hall University"", ""Seton Hall University"", ""Seton Hall University"", ""Seton Hall University"", ""Seton Hall University""]"
Player,managed-gpt-oss-120b,w20,player,22,draft_pick,0,1,"[""15"", ""15"", ""15"", ""15"", ""15""]"
Player,managed-gpt-oss-120b,w20,player,22,draft_year,0,1,"[""1991"", ""1991"", ""1991"", ""1991"", ""1991""]"
Player,managed-gpt-oss-120b,w20,player,22,fiba_world_cup,0,1,"["""", """", """", """", """"]"
Player,managed-gpt-oss-120b,w20,player,22,mvp_awards,0,1,"[""0"", ""0"", ""0"", ""0"", ""0""]"
Player,managed-gpt-oss-120b,w20,player,22,name,0,1,"[""Anthony Avent"", ""Anthony Avent"", ""Anthony Avent"", ""Anthony Avent"", ""Anthony Avent""]"
Player,managed-gpt-oss-120b,w20,player,22,nationality,0,1,"[""USA"", ""USA"", ""USA"", ""USA"", ""USA""]"
Player,managed-gpt-oss-120b,w20,player,22,nba_championships,0,1,"["""", """", """", """", """"]"
Player,managed-gpt-oss-120b,w20,player,22,olympic_gold_medals,0,1,"["""", """", """", """", """"]"
Player,managed-gpt-oss-120b,w20,player,22,position,0,1,"["""", """", """", """", """"]"
Player,managed-gpt-oss-120b,w20,player,22,team,0,1,"[""Los Angeles Clippers"", ""Los Angeles Clippers"", ""Los Angeles Clippers"", ""Los Angeles Clippers"", ""Los Angeles Clippers""]"
Player,managed-gpt-oss-120b,w20,player,23,age,0,1,"[""33"", ""33"", ""33"", ""33"", ""33""]"
Player,managed-gpt-oss-120b,w20,player,23,birth_date,0,1,"[""1990/7/12"", ""1990/7/12"", ""1990/7/12"", ""1990/7/12"", ""1990/7/12""]"
Player,managed-gpt-oss-120b,w20,player,23,college,1,3,"[""University of California, Los Angeles||University of New Mexico"", ""UCLA || University of New Mexico"", ""UCLA||University of New Mexico"", ""UCLA||University of New Mexico"", ""UCLA || University of New Mexico""]"
Player,managed-gpt-oss-120b,w20,player,23,draft_pick,0,1,"["""", """", """", """", """"]"
Player,managed-gpt-oss-120b,w20,player,23,draft_year,0,1,"["""", """", """", """", """"]"
Player,managed-gpt-oss-120b,w20,player,23,fiba_world_cup,0,1,"["""", """", """", """", """"]"
Player,managed-gpt-oss-120b,w20,player,23,mvp_awards,0,1,"[""0"", ""0"", ""0"", ""0"", ""0""]"
Player,managed-gpt-oss-120b,w20,player,23,name,0,1,"[""Drew Edward Gordon"", ""Drew Edward Gordon"", ""Drew Edward Gordon"", ""Drew Edward Gordon"", ""Drew Edward Gordon""]"
Player,managed-gpt-oss-120b,w20,player,23,nationality,0,1,"[""USA"", ""USA"", ""USA"", ""USA"", ""USA""]"
Player,managed-gpt-oss-120b,w20,player,23,nba_championships,0,1,"["""", """", """", """", """"]"
Player,managed-gpt-oss-120b,w20,player,23,olympic_gold_medals,0,1,"["""", """", """", """", """"]"
Player,managed-gpt-oss-120b,w20,player,23,position,0,1,"[""Frontcourt"", ""Frontcourt"", ""Frontcourt"", ""Frontcourt"", ""Frontcourt""]"
Player,managed-gpt-oss-120b,w20,player,23,team,0,1,"[""Brooklyn Nets"", ""Brooklyn Nets"", ""Brooklyn Nets"", ""Brooklyn Nets"", ""Brooklyn Nets""]"
Player,managed-gpt-oss-120b,w20,player,24,age,0,1,"[""41"", ""41"", ""41"", ""41"", ""41""]"
Player,managed-gpt-oss-120b,w20,player,24,birth_date,0,1,"[""1983/10/28"", ""1983/10/28"", ""1983/10/28"", ""1983/10/28"", ""1983/10/28""]"
Player,managed-gpt-oss-120b,w20,player,24,college,0,1,"[""Georgia Tech"", ""Georgia Tech"", ""Georgia Tech"", ""Georgia Tech"", ""Georgia Tech""]"
Player,managed-gpt-oss-120b,w20,player,24,draft_pick,0,1,"[""22"", ""22"", ""22"", ""22"", ""22""]"
Player,managed-gpt-oss-120b,w20,player,24,draft_year,0,1,"[""2005"", ""2005"", ""2005"", ""2005"", ""2005""]"
Player,managed-gpt-oss-120b,w20,player,24,fiba_world_cup,0,1,"["""", """", """", """", """"]"
Player,managed-gpt-oss-120b,w20,player,24,mvp_awards,0,1,"[""0"", ""0"", ""0"", ""0"", ""0""]"
Player,managed-gpt-oss-120b,w20,player,24,name,0,1,"[""Jarrett Matthew Jack"", ""Jarrett Matthew Jack"", ""Jarrett Matthew Jack"", ""Jarrett Matthew Jack"", ""Jarrett Matthew Jack""]"
Player,managed-gpt-oss-120b,w20,player,24,nationality,0,1,"[""USA"", ""USA"", ""USA"", ""USA"", ""USA""]"
Player,managed-gpt-oss-120b,w20,player,24,nba_championships,0,1,"["""", """", """", """", """"]"
Player,managed-gpt-oss-120b,w20,player,24,olympic_gold_medals,0,1,"["""", """", """", """", """"]"
Player,managed-gpt-oss-120b,w20,player,24,position,0,1,"[""Backcourt"", ""Backcourt"", ""Backcourt"", ""Backcourt"", ""Backcourt""]"
Player,managed-gpt-oss-120b,w20,player,24,team,1,2,"[""New Orleans Pelicans"", ""New Orleans Pelicans"", ""New Orleans Pelicans"", ""New York Knicks"", ""New Orleans Pelicans""]"
Player,managed-gpt-oss-120b,w20,player,25,age,0,1,"[""51"", ""51"", ""51"", ""51"", ""51""]"
Player,managed-gpt-oss-120b,w20,player,25,birth_date,0,1,"[""1973/8/22"", ""1973/8/22"", ""1973/8/22"", ""1973/8/22"", ""1973/8/22""]"
Player,managed-gpt-oss-120b,w20,player,25,college,0,1,"[""Thomas More College"", ""Thomas More College"", ""Thomas More College"", ""Thomas More College"", ""Thomas More College""]"
Player,managed-gpt-oss-120b,w20,player,25,draft_pick,0,1,"["""", """", """", """", """"]"
Player,managed-gpt-oss-120b,w20,player,25,draft_year,0,1,"["""", """", """", """", """"]"
Player,managed-gpt-oss-120b,w20,player,25,fiba_world_cup,0,1,"["""", """", """", """", """"]"
Player,managed-gpt-oss-120b,w20,player,25,mvp_awards,0,1,"[""0"", ""0"", ""0"", ""0"", ""0""]"
Player,managed-gpt-oss-120b,w20,player,25,name,0,1,"[""Rick Hughes"", ""Rick Hughes"", ""Rick Hughes"", ""Rick Hughes"", ""Rick Hughes""]"
Player,managed-gpt-oss-120b,w20,player,25,nationality,0,1,"[""USA"", ""USA"", ""USA"", ""USA"", ""USA""]"
Player,managed-gpt-oss-120b,w20,player,25,nba_championships,0,1,"["""", """", """", """", """"]"
Player,managed-gpt-oss-120b,w20,player,25,olympic_gold_medals,0,1,"["""", """", """", """", """"]"
Player,managed-gpt-oss-120b,w20,player,25,position,1,2,"[""Frontcourt"", """", ""Frontcourt"", ""Frontcourt"", ""Frontcourt""]"
Player,managed-gpt-oss-120b,w20,player,25,team,0,1,"[""Dallas Mavericks"", ""Dallas Mavericks"", ""Dallas Mavericks"", ""Dallas Mavericks"", ""Dallas Mavericks""]"
Player,managed-gpt-oss-120b,w20,player,26,age,0,1,"[""35"", ""35"", ""35"", ""35"", ""35""]"
Player,managed-gpt-oss-120b,w20,player,26,birth_date,0,1,"[""1989/2/4"", ""1989/2/4"", ""1989/2/4"", ""1989/2/4"", ""1989/2/4""]"
Player,managed-gpt-oss-120b,w20,player,26,college,0,1,"[""Temple University"", ""Temple University"", ""Temple University"", ""Temple University"", ""Temple University""]"
Player,managed-gpt-oss-120b,w20,player,26,draft_pick,0,1,"[""50"", ""50"", ""50"", ""50"", ""50""]"
Player,managed-gpt-oss-120b,w20,player,26,draft_year,0,1,"[""2011"", ""2011"", ""2011"", ""2011"", ""2011""]"
Player,managed-gpt-oss-120b,w20,player,26,fiba_world_cup,0,1,"["""", """", """", """", """"]"
Player,managed-gpt-oss-120b,w20,player,26,mvp_awards,0,1,"[""0"", ""0"", ""0"", ""0"", ""0""]"
Player,managed-gpt-oss-120b,w20,player,26,name,0,1,"[""Lavoy Allen"", ""Lavoy Allen"", ""Lavoy Allen"", ""Lavoy Allen"", ""Lavoy Allen""]"
Player,managed-gpt-oss-120b,w20,player,26,nationality,0,1,"[""USA"", ""USA"", ""USA"", ""USA"", ""USA""]"
Player,managed-gpt-oss-120b,w20,player,26,nba_championships,0,1,"["""", """", """", """", """"]"
Player,managed-gpt-oss-120b,w20,player,26,olympic_gold_medals,0,1,"["""", """", """", """", """"]"
Player,managed-gpt-oss-120b,w20,player,26,position,0,1,"[""Frontcourt"", ""Frontcourt"", ""Frontcourt"", ""Frontcourt"", ""Frontcourt""]"
Player,managed-gpt-oss-120b,w20,player,26,team,0,1,"[""Indiana Pacers"", ""Indiana Pacers"", ""Indiana Pacers"", ""Indiana Pacers"", ""Indiana Pacers""]"
Player,managed-gpt-oss-120b,w20,player,27,age,0,1,"[""86"", ""86"", ""86"", ""86"", ""86""]"
Player,managed-gpt-oss-120b,w20,player,27,birth_date,0,1,"[""1926/1/31"", ""1926/1/31"", ""1926/1/31"", ""1926/1/31"", ""1926/1/31""]"
Player,managed-gpt-oss-120b,w20,player,27,college,0,1,"[""Duquesne University"", ""Duquesne University"", ""Duquesne University"", ""Duquesne University"", ""Duquesne University""]"
Player,managed-gpt-oss-120b,w20,player,27,draft_pick,1,2,"[""14"", ""44"", ""14"", ""14"", ""14""]"
Player,managed-gpt-oss-120b,w20,player,27,draft_year,0,1,"[""1950"", ""1950"", ""1950"", ""1950"", ""1950""]"
Player,managed-gpt-oss-120b,w20,player,27,fiba_world_cup,0,1,"["""", """", """", """", """"]"
Player,managed-gpt-oss-120b,w20,player,27,mvp_awards,0,1,"[""0"", ""0"", ""0"", ""0"", ""0""]"
Player,managed-gpt-oss-120b,w20,player,27,name,0,1,"[""Edward Dahler Jr."", ""Edward Dahler Jr."", ""Edward Dahler Jr."", ""Edward Dahler Jr."", ""Edward Dahler Jr.""]"
Player,managed-gpt-oss-120b,w20,player,27,nationality,0,1,"[""USA"", ""USA"", ""USA"", ""USA"", ""USA""]"
Player,managed-gpt-oss-120b,w20,player,27,nba_championships,0,1,"["""", """", """", """", """"]"
Player,managed-gpt-oss-120b,w20,player,27,olympic_gold_medals,0,1,"["""", """", """", """", """"]"
Player,managed-gpt-oss-120b,w20,player,27,position,0,1,"["""", """", """", """", """"]"
Player,managed-gpt-oss-120b,w20,player,27,team,0,1,"[""Philadelphia Warriors"", ""Philadelphia Warriors"", ""Philadelphia Warriors"", ""Philadelphia Warriors"", ""Philadelphia Warriors""]"
Player,managed-gpt-oss-120b,w20,player,28,age,0,1,"[""65"", ""65"", ""65"", ""65"", ""65""]"
Player,managed-gpt-oss-120b,w20,player,28,birth_date,0,1,"[""1959/8/14"", ""1959/8/14"", ""1959/8/14"", ""1959/8/14"", ""1959/8/14""]"
Player,managed-gpt-oss-120b,w20,player,28,college,0,1,"[""Michigan State University"", ""Michigan State University"", ""Michigan State University"", ""Michigan State University"", ""Michigan State University""]"
Player,managed-gpt-oss-120b,w20,player,28,draft_pick,0,1,"[""1"", ""1"", ""1"", ""1"", ""1""]"
Player,managed-gpt-oss-120b,w20,player,28,draft_year,0,1,"[""1979"", ""1979"", ""1979"", ""1979"", ""1979""]"
Player,managed-gpt-oss-120b,w20,player,28,fiba_world_cup,0,1,"["""", """", """", """", """"]"
Player,managed-gpt-oss-120b,w20,player,28,mvp_awards,0,1,"[""3"", ""3"", ""3"", ""3"", ""3""]"
Player,managed-gpt-oss-120b,w20,player,28,name,1,2,"[""Earvin \""Magic\"" Johnson Jr."", ""Earvin Johnson Jr."", ""Earvin Johnson Jr."", ""Earvin Johnson Jr."", ""Earvin Johnson Jr.""]"
Player,managed-gpt-oss-120b,w20,player,28,nationality,0,1,"[""USA"", ""USA"", ""USA"", ""USA"", ""USA""]"
Player,managed-gpt-oss-120b,w20,player,28,nba_championships,0,1,"[""5"", ""5"", ""5"", ""5"", ""5""]"
Player,managed-gpt-oss-120b,w20,player,28,olympic_gold_medals,0,1,"[""1"", ""1"", ""1"", ""1"", ""1""]"
Player,managed-gpt-oss-120b,w20,player,28,position,0,1,"[""Backcourt"", ""Backcourt"", ""Backcourt"", ""Backcourt"", ""Backcourt""]"
Player,managed-gpt-oss-120b,w20,player,28,team,0,1,"[""Los Angeles Lakers"", ""Los Angeles Lakers"", ""Los Angeles Lakers"", ""Los Angeles Lakers"", ""Los Angeles Lakers""]"
Player,managed-gpt-oss-120b,w20,player,29,age,0,1,"[""71"", ""71"", ""71"", ""71"", ""71""]"
Player,managed-gpt-oss-120b,w20,player,29,birth_date,0,1,"[""1920/9/19"", ""1920/9/19"", ""1920/9/19"", ""1920/9/19"", ""1920/9/19""]"
Player,managed-gpt-oss-120b,w20,player,29,college,0,1,"["""", """", """", """", """"]"
Player,managed-gpt-oss-120b,w20,player,29,draft_pick,0,1,"["""", """", """", """", """"]"
Player,managed-gpt-oss-120b,w20,player,29,draft_year,0,1,"["""", """", """", """", """"]"
Player,managed-gpt-oss-120b,w20,player,29,fiba_world_cup,0,1,"["""", """", """", """", """"]"
Player,managed-gpt-oss-120b,w20,player,29,mvp_awards,0,1,"[""0"", ""0"", ""0"", ""0"", ""0""]"
Player,managed-gpt-oss-120b,w20,player,29,name,0,1,"[""Stanley M. Noszka"", ""Stanley M. Noszka"", ""Stanley M. Noszka"", ""Stanley M. Noszka"", ""Stanley M. Noszka""]"
Player,managed-gpt-oss-120b,w20,player,29,nationality,0,1,"[""USA"", ""USA"", ""USA"", ""USA"", ""USA""]"
Player,managed-gpt-oss-120b,w20,player,29,nba_championships,0,1,"["""", """", """", """", """"]"
Player,managed-gpt-oss-120b,w20,player,29,olympic_gold_medals,0,1,"["""", """", """", """", """"]"
Player,managed-gpt-oss-120b,w20,player,29,position,0,1,"["""", """", """", """", """"]"
Player,managed-gpt-oss-120b,w20,player,29,team,0,1,"[""Boston Celtics"", ""Boston Celtics"", ""Boston Celtics"", ""Boston Celtics"", ""Boston Celtics""]"
Player,managed-gpt-oss-120b,w20,player,30,age,0,1,"[""63"", ""63"", ""63"", ""63"", ""63""]"
Player,managed-gpt-oss-120b,w20,player,30,birth_date,0,1,"[""1961/4/30"", ""1961/4/30"", ""1961/4/30"", ""1961/4/30"", ""1961/4/30""]"
Player,managed-gpt-oss-120b,w20,player,30,college,0,1,"[""Indiana University"", ""Indiana University"", ""Indiana University"", ""Indiana University"", ""Indiana University""]"
Player,managed-gpt-oss-120b,w20,player,30,draft_pick,0,1,"[""2"", ""2"", ""2"", ""2"", ""2""]"
Player,managed-gpt-oss-120b,w20,player,30,draft_year,0,1,"[""1981"", ""1981"", ""1981"", ""1981"", ""1981""]"
Player,managed-gpt-oss-120b,w20,player,30,fiba_world_cup,0,1,"["""", """", """", """", """"]"
Player,managed-gpt-oss-120b,w20,player,30,mvp_awards,0,1,"[""0"", ""0"", ""0"", ""0"", ""0""]"
Player,managed-gpt-oss-120b,w20,player,30,name,0,1,"[""Isiah Lord Thomas III"", ""Isiah Lord Thomas III"", ""Isiah Lord Thomas III"", ""Isiah Lord Thomas III"", ""Isiah Lord Thomas III""]"
Player,managed-gpt-oss-120b,w20,player,30,nationality,0,1,"[""USA"", ""USA"", ""USA"", ""USA"", ""USA""]"
Player,managed-gpt-oss-120b,w20,player,30,nba_championships,0,1,"[""2"", ""2"", ""2"", ""2"", ""2""]"
Player,managed-gpt-oss-120b,w20,player,30,olympic_gold_medals,0,1,"["""", """", """", """", """"]"
Player,managed-gpt-oss-120b,w20,player,30,position,0,1,"[""Backcourt"", ""Backcourt"", ""Backcourt"", ""Backcourt"", ""Backcourt""]"
Player,managed-gpt-oss-120b,w20,player,30,team,0,1,"[""Detroit Pistons"", ""Detroit Pistons"", ""Detroit Pistons"", ""Detroit Pistons"", ""Detroit Pistons""]"
Player,managed-gpt-oss-120b,w20,player,31,age,0,1,"[""74"", ""74"", ""74"", ""74"", ""74""]"
Player,managed-gpt-oss-120b,w20,player,31,birth_date,0,1,"[""1951/1/1"", ""1951/1/1"", ""1951/1/1"", ""1951/1/1"", ""1951/1/1""]"
Player,managed-gpt-oss-120b,w20,player,31,college,1,2,"["""", """", """", """", ""University of Louisville""]"
Player,managed-gpt-oss-120b,w20,player,31,draft_pick,0,1,"[""152"", ""152"", ""152"", ""152"", ""152""]"
Player,managed-gpt-oss-120b,w20,player,31,draft_year,0,1,"[""1974"", ""1974"", ""1974"", ""1974"", ""1974""]"
Player,managed-gpt-oss-120b,w20,player,31,fiba_world_cup,0,1,"["""", """", """", """", """"]"
Player,managed-gpt-oss-120b,w20,player,31,mvp_awards,0,1,"[""0"", ""0"", ""0"", ""0"", ""0""]"
Player,managed-gpt-oss-120b,w20,player,31,name,0,1,"[""Daniel Edward Anderson"", ""Daniel Edward Anderson"", ""Daniel Edward Anderson"", ""Daniel Edward Anderson"", ""Daniel Edward Anderson""]"
Player,managed-gpt-oss-120b,w20,player,31,nationality,0,1,"[""USA"", ""USA"", ""USA"", ""USA"", ""USA""]"
Player,managed-gpt-oss-120b,w20,player,31,nba_championships,0,1,"["""", """", """", """", """"]"
Player,managed-gpt-oss-120b,w20,player,31,olympic_gold_medals,0,1,"["""", """", """", """", """"]"
Player,managed-gpt-oss-120b,w20,player,31,position,0,1,"["""", """", """", """", """"]"
Player,managed-gpt-oss-120b,w20,player,31,team,0,1,"[""Portland Trail Blazers"", ""Portland Trail Blazers"", ""Portland Trail Blazers"", ""Portland Trail Blazers"", ""Portland Trail Blazers""]"
Player,managed-gpt-oss-120b,w20,player,32,age,0,1,"[""29"", ""29"", ""29"", ""29"", ""29""]"
Player,managed-gpt-oss-120b,w20,player,32,birth_date,0,1,"[""1995/12/15"", ""1995/12/15"", ""1995/12/15"", ""1995/12/15"", ""1995/12/15""]"
Player,managed-gpt-oss-120b,w20,player,32,college,0,1,"[""Duke University"", ""Duke University"", ""Duke University"", ""Duke University"", ""Duke University""]"
Player,managed-gpt-oss-120b,w20,player,32,draft_pick,0,1,"[""3"", ""3"", ""3"", ""3"", ""3""]"
Player,managed-gpt-oss-120b,w20,player,32,draft_year,0,1,"[""2015"", ""2015"", ""2015"", ""2015"", ""2015""]"
Player,managed-gpt-oss-120b,w20,player,32,fiba_world_cup,0,1,"["""", """", """", """", """"]"
Player,managed-gpt-oss-120b,w20,player,32,mvp_awards,0,1,"[""0"", ""0"", ""0"", ""0"", ""0""]"
Player,managed-gpt-oss-120b,w20,player,32,name,0,1,"[""Jahlil Obika Okafor"", ""Jahlil Obika Okafor"", ""Jahlil Obika Okafor"", ""Jahlil Obika Okafor"", ""Jahlil Obika Okafor""]"
Player,managed-gpt-oss-120b,w20,player,32,nationality,1,2,"[""Nigeria||USA"", ""USA||Nigeria"", ""USA||Nigeria"", ""USA||Nigeria"", ""USA||Nigeria""]"
Player,managed-gpt-oss-120b,w20,player,32,nba_championships,0,1,"["""", """", """", """", """"]"
Player,managed-gpt-oss-120b,w20,player,32,olympic_gold_medals,0,1,"["""", """", """", """", """"]"
Player,managed-gpt-oss-120b,w20,player,32,position,0,1,"[""Frontcourt"", ""Frontcourt"", ""Frontcourt"", ""Frontcourt"", ""Frontcourt""]"
Player,managed-gpt-oss-120b,w20,player,32,team,1,3,"[""Brooklyn Nets"", ""Atlanta Hawks"", ""Atlanta Hawks"", ""Detroit Pistons"", ""Atlanta Hawks""]"
Player,managed-gpt-oss-120b,w20,player,33,age,0,1,"[""65"", ""65"", ""65"", ""65"", ""65""]"
Player,managed-gpt-oss-120b,w20,player,33,birth_date,0,1,"[""1959/12/20"", ""1959/12/20"", ""1959/12/20"", ""1959/12/20"", ""1959/12/20""]"
Player,managed-gpt-oss-120b,w20,player,33,college,0,1,"[""University of Minnesota"", ""University of Minnesota"", ""University of Minnesota"", ""University of Minnesota"", ""University of Minnesota""]"
Player,managed-gpt-oss-120b,w20,player,33,draft_pick,0,1,"[""6"", ""6"", ""6"", ""6"", ""6""]"
Player,managed-gpt-oss-120b,w20,player,33,draft_year,0,1,"[""1982"", ""1982"", ""1982"", ""1982"", ""1982""]"
Player,managed-gpt-oss-120b,w20,player,33,fiba_world_cup,0,1,"["""", """", """", """", """"]"
Player,managed-gpt-oss-120b,w20,player,33,mvp_awards,0,1,"[""0"", ""0"", ""0"", ""0"", ""0""]"
Player,managed-gpt-oss-120b,w20,player,33,name,0,1,"[""Kelvin Trent Tucker"", ""Kelvin Trent Tucker"", ""Kelvin Trent Tucker"", ""Kelvin Trent Tucker"", ""Kelvin Trent Tucker""]"
Player,managed-gpt-oss-120b,w20,player,33,nationality,0,1,"[""USA"", ""USA"", ""USA"", ""USA"", ""USA""]"
Player,managed-gpt-oss-120b,w20,player,33,nba_championships,0,1,"[""1"", ""1"", ""1"", ""1"", ""1""]"
Player,managed-gpt-oss-120b,w20,player,33,olympic_gold_medals,0,1,"["""", """", """", """", """"]"
Player,managed-gpt-oss-120b,w20,player,33,position,0,1,"[""Backcourt"", ""Backcourt"", ""Backcourt"", ""Backcourt"", ""Backcourt""]"
Player,managed-gpt-oss-120b,w20,player,33,team,0,1,"[""Chicago Bulls"", ""Chicago Bulls"", ""Chicago Bulls"", ""Chicago Bulls"", ""Chicago Bulls""]"
Player,managed-gpt-oss-120b,w20,player,34,age,0,1,"[""43"", ""43"", ""43"", ""43"", ""43""]"
Player,managed-gpt-oss-120b,w20,player,34,birth_date,0,1,"[""1968/10/14"", ""1968/10/14"", ""1968/10/14"", ""1968/10/14"", ""1968/10/14""]"
Player,managed-gpt-oss-120b,w20,player,34,college,0,1,"[""University of Florida"", ""University of Florida"", ""University of Florida"", ""University of Florida"", ""University of Florida""]"
Player,managed-gpt-oss-120b,w20,player,34,draft_pick,0,1,"[""24"", ""24"", ""24"", ""24"", ""24""]"
Player,managed-gpt-oss-120b,w20,player,34,draft_year,0,1,"[""1990"", ""1990"", ""1990"", ""1990"", ""1990""]"
Player,managed-gpt-oss-120b,w20,player,34,fiba_world_cup,0,1,"["""", """", """", """", """"]"
Player,managed-gpt-oss-120b,w20,player,34,mvp_awards,0,1,"[""0"", ""0"", ""0"", ""0"", ""0""]"
Player,managed-gpt-oss-120b,w20,player,34,name,0,1,"[""Dwayne Kenneth Schintzius"", ""Dwayne Kenneth Schintzius"", ""Dwayne Kenneth Schintzius"", ""Dwayne Kenneth Schintzius"", ""Dwayne Kenneth Schintzius""]"
Player,managed-gpt-oss-120b,w20,player,34,nationality,0,1,"[""USA"", ""USA"", ""USA"", ""USA"", ""USA""]"
Player,managed-gpt-oss-120b,w20,player,34,nba_championships,0,1,"["""", """", """", """", """"]"
Player,managed-gpt-oss-120b,w20,player,34,olympic_gold_medals,0,1,"["""", """", """", """", """"]"
Player,managed-gpt-oss-120b,w20,player,34,position,0,1,"[""Frontcourt"", ""Frontcourt"", ""Frontcourt"", ""Frontcourt"", ""Frontcourt""]"
Player,managed-gpt-oss-120b,w20,player,34,team,0,1,"[""Boston Celtics"", ""Boston Celtics"", ""Boston Celtics"", ""Boston Celtics"", ""Boston Celtics""]"
Player,managed-gpt-oss-120b,w20,player,35,age,0,1,"[""49"", ""49"", ""49"", ""49"", ""49""]"
Player,managed-gpt-oss-120b,w20,player,35,birth_date,0,1,"[""1975/11/21"", ""1975/11/21"", ""1975/11/21"", ""1975/11/21"", ""1975/11/21""]"
Player,managed-gpt-oss-120b,w20,player,35,college,0,1,"[""University of Arizona"", ""University of Arizona"", ""University of Arizona"", ""University of Arizona"", ""University of Arizona""]"
Player,managed-gpt-oss-120b,w20,player,35,draft_pick,0,1,"["""", """", """", """", """"]"
Player,managed-gpt-oss-120b,w20,player,35,draft_year,0,1,"["""", """", """", """", """"]"
Player,managed-gpt-oss-120b,w20,player,35,fiba_world_cup,0,1,"["""", """", """", """", """"]"
Player,managed-gpt-oss-120b,w20,player,35,mvp_awards,0,1,"[""0"", ""0"", ""0"", ""0"", ""0""]"
Player,managed-gpt-oss-120b,w20,player,35,name,0,1,"[""Miles Julian Simon"", ""Miles Julian Simon"", ""Miles Julian Simon"", ""Miles Julian Simon"", ""Miles Julian Simon""]"
Player,managed-gpt-oss-120b,w20,player,35,nationality,0,1,"[""USA"", ""USA"", ""USA"", ""USA"", ""USA""]"
Player,managed-gpt-oss-120b,w20,player,35,nba_championships,0,1,"["""", """", """", """", """"]"
Player,managed-gpt-oss-120b,w20,player,35,olympic_gold_medals,0,1,"["""", """", """", """", """"]"
Player,managed-gpt-oss-120b,w20,player,35,position,0,1,"[""Backcourt"", ""Backcourt"", ""Backcourt"", ""Backcourt"", ""Backcourt""]"
Player,managed-gpt-oss-120b,w20,player,35,team,0,1,"[""Phoenix Suns"", ""Phoenix Suns"", ""Phoenix Suns"", ""Phoenix Suns"", ""Phoenix Suns""]"
Player,managed-gpt-oss-120b,w20,player,36,age,0,1,"[""65"", ""65"", ""65"", ""65"", ""65""]"
Player,managed-gpt-oss-120b,w20,player,36,birth_date,0,1,"[""1935/9/1"", ""1935/9/1"", ""1935/9/1"", ""1935/9/1"", ""1935/9/1""]"
Player,managed-gpt-oss-120b,w20,player,36,college,0,1,"[""Temple University"", ""Temple University"", ""Temple University"", ""Temple University"", ""Temple University""]"
Player,managed-gpt-oss-120b,w20,player,36,draft_pick,0,1,"[""1"", ""1"", ""1"", ""1"", ""1""]"
Player,managed-gpt-oss-120b,w20,player,36,draft_year,0,1,"[""1958"", ""1958"", ""1958"", ""1958"", ""1958""]"
Player,managed-gpt-oss-120b,w20,player,36,fiba_world_cup,0,1,"["""", """", """", """", """"]"
Player,managed-gpt-oss-120b,w20,player,36,mvp_awards,0,1,"[""0"", ""0"", ""0"", ""0"", ""0""]"
Player,managed-gpt-oss-120b,w20,player,36,name,0,1,"[""Guy William Rodgers"", ""Guy William Rodgers"", ""Guy William Rodgers"", ""Guy William Rodgers"", ""Guy William Rodgers""]"
Player,managed-gpt-oss-120b,w20,player,36,nationality,0,1,"[""USA"", ""USA"", ""USA"", ""USA"", ""USA""]"
Player,managed-gpt-oss-120b,w20,player,36,nba_championships,0,1,"["""", """", """", """", """"]"
Player,managed-gpt-oss-120b,w20,player,36,olympic_gold_medals,0,1,"["""", """", """", """", """"]"
Player,managed-gpt-oss-120b,w20,player,36,position,0,1,"[""Backcourt"", ""Backcourt"", ""Backcourt"", ""Backcourt"", ""Backcourt""]"
Player,managed-gpt-oss-120b,w20,player,36,team,0,1,"[""Milwaukee Bucks"", ""Milwaukee Bucks"", ""Milwaukee Bucks"", ""Milwaukee Bucks"", ""Milwaukee Bucks""]"
Player,managed-gpt-oss-120b,w20,player,37,age,0,1,"[""59"", ""59"", ""59"", ""59"", ""59""]"
Player,managed-gpt-oss-120b,w20,player,37,birth_date,0,1,"[""1965/9/12"", ""1965/9/12"", ""1965/9/12"", ""1965/9/12"", ""1965/9/12""]"
Player,managed-gpt-oss-120b,w20,player,37,college,0,1,"[""University of Florida"", ""University of Florida"", ""University of Florida"", ""University of Florida"", ""University of Florida""]"
Player,managed-gpt-oss-120b,w20,player,37,draft_pick,1,2,"[""31"", """", """", """", """"]"
Player,managed-gpt-oss-120b,w20,player,37,draft_year,0,1,"[""1988"", ""1988"", ""1988"", ""1988"", ""1988""]"
Player,managed-gpt-oss-120b,w20,player,37,fiba_world_cup,0,1,"["""", """", """", """", """"]"
Player,managed-gpt-oss-120b,w20,player,37,mvp_awards,0,1,"[""0"", ""0"", ""0"", ""0"", ""0""]"
Player,managed-gpt-oss-120b,w20,player,37,name,0,1,"[""Vernon Maxwell"", ""Vernon Maxwell"", ""Vernon Maxwell"", ""Vernon Maxwell"", ""Vernon Maxwell""]"
Player,managed-gpt-oss-120b,w20,player,37,nationality,0,1,"[""USA"", ""USA"", ""USA"", ""USA"", ""USA""]"
Player,managed-gpt-oss-120b,w20,player,37,nba_championships,0,1,"[""2"", ""2"", ""2"", ""2"", ""2""]"
Player,managed-gpt-oss-120b,w20,player,37,olympic_gold_medals,0,1,"["""", """", """", """", """"]"
Player,managed-gpt-oss-120b,w20,player,37,position,0,1,"[""Backcourt"", ""Backcourt"", ""Backcourt"", ""Backcourt"", ""Backcourt""]"
Player,managed-gpt-oss-120b,w20,player,37,team,0,1,"[""Seattle SuperSonics"", ""Seattle SuperSonics"", ""Seattle SuperSonics"", ""Seattle SuperSonics"", ""Seattle SuperSonics""]"
Player,managed-gpt-oss-120b,w20,player,38,age,0,1,"[""48"", ""48"", ""48"", ""48"", ""48""]"
Player,managed-gpt-oss-120b,w20,player,38,birth_date,0,1,"[""1976/4/25"", ""1976/4/25"", ""1976/4/25"", ""1976/4/25"", ""1976/4/25""]"
Player,managed-gpt-oss-120b,w20,player,38,college,0,1,"[""Wake Forest University"", ""Wake Forest University"", ""Wake Forest University"", ""Wake Forest University"", ""Wake Forest University""]"
Player,managed-gpt-oss-120b,w20,player,38,draft_pick,0,1,"[""1"", ""1"", ""1"", ""1"", ""1""]"
Player,managed-gpt-oss-120b,w20,player,38,draft_year,0,1,"[""1997"", ""1997"", ""1997"", ""1997"", ""1997""]"
Player,managed-gpt-oss-120b,w20,player,38,fiba_world_cup,0,1,"["""", """", """", """", """"]"
Player,managed-gpt-oss-120b,w20,player,38,mvp_awards,0,1,"[""2"", ""2"", ""2"", ""2"", ""2""]"
Player,managed-gpt-oss-120b,w20,player,38,name,0,1,"[""Timothy Theodore Duncan"", ""Timothy Theodore Duncan"", ""Timothy Theodore Duncan"", ""Timothy Theodore Duncan"", ""Timothy Theodore Duncan""]"
Player,managed-gpt-oss-120b,w20,player,38,nationality,0,1,"[""USA"", ""USA"", ""USA"", ""USA"", ""USA""]"
Player,managed-gpt-oss-120b,w20,player,38,nba_championships,0,1,"[""5"", ""5"", ""5"", ""5"", ""5""]"
Player,managed-gpt-oss-120b,w20,player,38,olympic_gold_medals,0,1,"["""", """", """", """", """"]"
Player,managed-gpt-oss-120b,w20,player,38,position,0,1,"[""Frontcourt"", ""Frontcourt"", ""Frontcourt"", ""Frontcourt"", ""Frontcourt""]"
Player,managed-gpt-oss-120b,w20,player,38,team,0,1,"[""San Antonio Spurs"", ""San Antonio Spurs"", ""San Antonio Spurs"", ""San Antonio Spurs"", ""San Antonio Spurs""]"
Player,managed-gpt-oss-120b,w20,player,39,age,0,1,"[""60"", ""60"", ""60"", ""60"", ""60""]"
Player,managed-gpt-oss-120b,w20,player,39,birth_date,0,1,"[""1964/5/14"", ""1964/5/14"", ""1964/5/14"", ""1964/5/14"", ""1964/5/14""]"
Player,managed-gpt-oss-120b,w20,player,39,college,1,2,"[""St. John's University"", ""St.\u202fJohn's University"", ""St. John's University"", ""St.\u202fJohn's University"", ""St. John's University""]"
Player,managed-gpt-oss-120b,w20,player,39,draft_pick,0,1,"[""14"", ""14"", ""14"", ""14"", ""14""]"
Player,managed-gpt-oss-120b,w20,player,39,draft_year,0,1,"[""1986"", ""1986"", ""1986"", ""1986"", ""1986""]"
Player,managed-gpt-oss-120b,w20,player,39,fiba_world_cup,0,1,"["""", """", """", """", """"]"
Player,managed-gpt-oss-120b,w20,player,39,mvp_awards,0,1,"[""0"", ""0"", ""0"", ""0"", ""0""]"
Player,managed-gpt-oss-120b,w20,player,39,name,0,1,"[""Walter Berry"", ""Walter Berry"", ""Walter Berry"", ""Walter Berry"", ""Walter Berry""]"
Player,managed-gpt-oss-120b,w20,player,39,nationality,0,1,"[""USA"", ""USA"", ""USA"", ""USA"", ""USA""]"
Player,managed-gpt-oss-120b,w20,player,39,nba_championships,0,1,"["""", """", """", """", """"]"
Player,managed-gpt-oss-120b,w20,player,39,olympic_gold_medals,0,1,"["""", """", """", """", """"]"
Player,managed-gpt-oss-120b,w20,player,39,position,0,1,"[""Frontcourt"", ""Frontcourt"", ""Frontcourt"", ""Frontcourt"", ""Frontcourt""]"
Player,managed-gpt-oss-120b,w20,player,39,team,0,1,"[""Houston Rockets"", ""Houston Rockets"", ""Houston Rockets"", ""Houston Rockets"", ""Houston Rockets""]"
Player,managed-gpt-oss-120b,w20,player,40,age,0,1,"[""45"", ""45"", ""45"", ""45"", ""45""]"
Player,managed-gpt-oss-120b,w20,player,40,birth_date,0,1,"[""1930/8/29"", ""1930/8/29"", ""1930/8/29"", ""1930/8/29"", ""1930/8/29""]"
Player,managed-gpt-oss-120b,w20,player,40,college,0,1,"[""Stanford University"", ""Stanford University"", ""Stanford University"", ""Stanford University"", ""Stanford University""]"
Player,managed-gpt-oss-120b,w20,player,40,draft_pick,0,1,"["""", """", """", """", """"]"
Player,managed-gpt-oss-120b,w20,player,40,draft_year,0,1,"["""", """", """", """", """"]"
Player,managed-gpt-oss-120b,w20,player,40,fiba_world_cup,0,1,"["""", """", """", """", """"]"
Player,managed-gpt-oss-120b,w20,player,40,mvp_awards,0,1,"[""0"", ""0"", ""0"", ""0"", ""0""]"
Player,managed-gpt-oss-120b,w20,player,40,name,0,1,"[""James Patrick Walsh"", ""James Patrick Walsh"", ""James Patrick Walsh"", ""James Patrick Walsh"", ""James Patrick Walsh""]"
Player,managed-gpt-oss-120b,w20,player,40,nationality,0,1,"[""USA"", ""USA"", ""USA"", ""USA"", ""USA""]"
Player,managed-gpt-oss-120b,w20,player,40,nba_championships,0,1,"["""", """", """", """", """"]"
Player,managed-gpt-oss-120b,w20,player,40,olympic_gold_medals,0,1,"[""1"", ""1"", ""1"", ""1"", ""1""]"
Player,managed-gpt-oss-120b,w20,player,40,position,0,1,"[""Frontcourt"", ""Frontcourt"", ""Frontcourt"", ""Frontcourt"", ""Frontcourt""]"
Player,managed-gpt-oss-120b,w20,player,40,team,0,1,"[""Philadelphia Warriors"", ""Philadelphia Warriors"", ""Philadelphia Warriors"", ""Philadelphia Warriors"", ""Philadelphia Warriors""]"
Player,managed-gpt-oss-120b,w20,player,41,age,0,1,"[""50"", ""50"", ""50"", ""50"", ""50""]"
Player,managed-gpt-oss-120b,w20,player,41,birth_date,0,1,"[""1974/1/28"", ""1974/1/28"", ""1974/1/28"", ""1974/1/28"", ""1974/1/28""]"
Player,managed-gpt-oss-120b,w20,player,41,college,0,1,"[""University of Kentucky"", ""University of Kentucky"", ""University of Kentucky"", ""University of Kentucky"", ""University of Kentucky""]"
Player,managed-gpt-oss-120b,w20,player,41,draft_pick,0,1,"[""16"", ""16"", ""16"", ""16"", ""16""]"
Player,managed-gpt-oss-120b,w20,player,41,draft_year,0,1,"[""1996"", ""1996"", ""1996"", ""1996"", ""1996""]"
Player,managed-gpt-oss-120b,w20,player,41,fiba_world_cup,0,1,"["""", """", """", """", """"]"
Player,managed-gpt-oss-120b,w20,player,41,mvp_awards,0,1,"[""0"", ""0"", ""0"", ""0"", ""0""]"
Player,managed-gpt-oss-120b,w20,player,41,name,0,1,"[""Tony Lorenzo Delk"", ""Tony Lorenzo Delk"", ""Tony Lorenzo Delk"", ""Tony Lorenzo Delk"", ""Tony Lorenzo Delk""]"
Player,managed-gpt-oss-120b,w20,player,41,nationality,0,1,"[""USA"", ""USA"", ""USA"", ""USA"", ""USA""]"
Player,managed-gpt-oss-120b,w20,player,41,nba_championships,0,1,"["""", """", """", """", """"]"
Player,managed-gpt-oss-120b,w20,player,41,olympic_gold_medals,0,1,"["""", """", """", """", """"]"
Player,managed-gpt-oss-120b,w20,player,41,position,0,1,"[""Backcourt"", ""Backcourt"", ""Backcourt"", ""Backcourt"", ""Backcourt""]"
Player,managed-gpt-oss-120b,w20,player,41,team,0,1,"[""Detroit Pistons"", ""Detroit Pistons"", ""Detroit Pistons"", ""Detroit Pistons"", ""Detroit Pistons""]"
Player,managed-gpt-oss-120b,w20,player,42,age,0,1,"[""81"", ""81"", ""81"", ""81"", ""81""]"
Player,managed-gpt-oss-120b,w20,player,42,birth_date,0,1,"[""1937/7/13"", ""1937/7/13"", ""1937/7/13"", ""1937/7/13"", ""1937/7/13""]"
Player,managed-gpt-oss-120b,w20,player,42,college,1,2,"[""New York University"", ""New York University (NYU)"", ""New York University"", ""New York University (NYU)"", ""New York University (NYU)""]"
Player,managed-gpt-oss-120b,w20,player,42,draft_pick,0,1,"[""13"", ""13"", ""13"", ""13"", ""13""]"
Player,managed-gpt-oss-120b,w20,player,42,draft_year,0,1,"[""1959"", ""1959"", ""1959"", ""1959"", ""1959""]"
Player,managed-gpt-oss-120b,w20,player,42,fiba_world_cup,0,1,"["""", """", """", """", """"]"
Player,managed-gpt-oss-120b,w20,player,42,mvp_awards,0,1,"[""0"", ""0"", ""0"", ""0"", ""0""]"
Player,managed-gpt-oss-120b,w20,player,42,name,0,1,"[""Calvin Ramsey"", ""Calvin Ramsey"", ""Calvin Ramsey"", ""Calvin Ramsey"", ""Calvin Ramsey""]"
Player,managed-gpt-oss-120b,w20,player,42,nationality,0,1,"[""USA"", ""USA"", ""USA"", ""USA"", ""USA""]"
Player,managed-gpt-oss-120b,w20,player,42,nba_championships,0,1,"["""", """", """", """", """"]"
Player,managed-gpt-oss-120b,w20,player,42,olympic_gold_medals,0,1,"["""", """", """", """", """"]"
Player,managed-gpt-oss-120b,w20,player,42,position,0,1,"[""Frontcourt"", ""Frontcourt"", ""Frontcourt"", ""Frontcourt"", ""Frontcourt""]"
Player,managed-gpt-oss-120b,w20,player,42,team,0,1,"[""Syracuse Nationals"", ""Syracuse Nationals"", ""Syracuse Nationals"", ""Syracuse Nationals"", ""Syracuse Nationals""]"
Player,managed-gpt-oss-120b,w20,player,43,age,0,1,"[""35"", ""35"", ""35"", ""35"", ""35""]"
Player,managed-gpt-oss-120b,w20,player,43,birth_date,0,1,"[""1930/2/17"", ""1930/2/17"", ""1930/2/17"", ""1930/2/17"", ""1930/2/17""]"
Player,managed-gpt-oss-120b,w20,player,43,college,0,1,"["""", """", """", """", """"]"
Player,managed-gpt-oss-120b,w20,player,43,draft_pick,0,1,"["""", """", """", """", """"]"
Player,managed-gpt-oss-120b,w20,player,43,draft_year,0,1,"[""1953"", ""1953"", ""1953"", ""1953"", ""1953""]"
Player,managed-gpt-oss-120b,w20,player,43,fiba_world_cup,0,1,"["""", """", """", """", """"]"
Player,managed-gpt-oss-120b,w20,player,43,mvp_awards,0,1,"[""0"", ""0"", ""0"", ""0"", ""0""]"
Player,managed-gpt-oss-120b,w20,player,43,name,0,1,"[""Eugene Walter Dyker"", ""Eugene Walter Dyker"", ""Eugene Walter Dyker"", ""Eugene Walter Dyker"", ""Eugene Walter Dyker""]"
Player,managed-gpt-oss-120b,w20,player,43,nationality,0,1,"[""USA"", ""USA"", ""USA"", ""USA"", ""USA""]"
Player,managed-gpt-oss-120b,w20,player,43,nba_championships,0,1,"["""", """", """", """", """"]"
Player,managed-gpt-oss-120b,w20,player,43,olympic_gold_medals,0,1,"["""", """", """", """", """"]"
Player,managed-gpt-oss-120b,w20,player,43,position,0,1,"[""Frontcourt"", ""Frontcourt"", ""Frontcourt"", ""Frontcourt"", ""Frontcourt""]"
Player,managed-gpt-oss-120b,w20,player,43,team,0,1,"[""Milwaukee Hawks"", ""Milwaukee Hawks"", ""Milwaukee Hawks"", ""Milwaukee Hawks"", ""Milwaukee Hawks""]"
Player,managed-gpt-oss-120b,w20,player,44,age,0,1,"[""57"", ""57"", ""57"", ""57"", ""57""]"
Player,managed-gpt-oss-120b,w20,player,44,birth_date,0,1,"[""1967/7/3"", ""1967/7/3"", ""1967/7/3"", ""1967/7/3"", ""1967/7/3""]"
Player,managed-gpt-oss-120b,w20,player,44,college,0,1,"[""University of Missouri"", ""University of Missouri"", ""University of Missouri"", ""University of Missouri"", ""University of Missouri""]"
Player,managed-gpt-oss-120b,w20,player,44,draft_pick,0,1,"[""16"", ""16"", ""16"", ""16"", ""16""]"
Player,managed-gpt-oss-120b,w20,player,44,draft_year,0,1,"[""1988"", ""1988"", ""1988"", ""1988"", ""1988""]"
Player,managed-gpt-oss-120b,w20,player,44,fiba_world_cup,0,1,"["""", """", """", """", """"]"
Player,managed-gpt-oss-120b,w20,player,44,mvp_awards,0,1,"[""0"", ""0"", ""0"", ""0"", ""0""]"
Player,managed-gpt-oss-120b,w20,player,44,name,0,1,"[""Derrick Joseph Chievous"", ""Derrick Joseph Chievous"", ""Derrick Joseph Chievous"", ""Derrick Joseph Chievous"", ""Derrick Joseph Chievous""]"
Player,managed-gpt-oss-120b,w20,player,44,nationality,0,1,"[""USA"", ""USA"", ""USA"", ""USA"", ""USA""]"
Player,managed-gpt-oss-120b,w20,player,44,nba_championships,0,1,"["""", """", """", """", """"]"
Player,managed-gpt-oss-120b,w20,player,44,olympic_gold_medals,0,1,"["""", """", """", """", """"]"
Player,managed-gpt-oss-120b,w20,player,44,position,0,1,"[""Frontcourt"", ""Frontcourt"", ""Frontcourt"", ""Frontcourt"", ""Frontcourt""]"
Player,managed-gpt-oss-120b,w20,player,44,team,0,1,"[""Cleveland Cavaliers"", ""Cleveland Cavaliers"", ""Cleveland Cavaliers"", ""Cleveland Cavaliers"", ""Cleveland Cavaliers""]"
Player,managed-gpt-oss-120b,w20,player,45,age,0,1,"[""58"", ""58"", ""58"", ""58"", ""58""]"
Player,managed-gpt-oss-120b,w20,player,45,birth_date,0,1,"[""1966/8/23"", ""1966/8/23"", ""1966/8/23"", ""1966/8/23"", ""1966/8/23""]"
Player,managed-gpt-oss-120b,w20,player,45,college,0,1,"[""Marist College"", ""Marist College"", ""Marist College"", ""Marist College"", ""Marist College""]"
Player,managed-gpt-oss-120b,w20,player,45,draft_pick,0,1,"[""2"", ""2"", ""2"", ""2"", ""2""]"
Player,managed-gpt-oss-120b,w20,player,45,draft_year,0,1,"[""1988"", ""1988"", ""1988"", ""1988"", ""1988""]"
Player,managed-gpt-oss-120b,w20,player,45,fiba_world_cup,0,1,"["""", """", """", """", """"]"
Player,managed-gpt-oss-120b,w20,player,45,mvp_awards,0,1,"[""0"", ""0"", ""0"", ""0"", ""0""]"
Player,managed-gpt-oss-120b,w20,player,45,name,0,1,"[""Rik Smits"", ""Rik Smits"", ""Rik Smits"", ""Rik Smits"", ""Rik Smits""]"
Player,managed-gpt-oss-120b,w20,player,45,nationality,0,1,"[""Netherlands"", ""Netherlands"", ""Netherlands"", ""Netherlands"", ""Netherlands""]"
Player,managed-gpt-oss-120b,w20,player,45,nba_championships,0,1,"["""", """", """", """", """"]"
Player,managed-gpt-oss-120b,w20,player,45,olympic_gold_medals,0,1,"["""", """", """", """", """"]"
Player,managed-gpt-oss-120b,w20,player,45,position,0,1,"[""Frontcourt"", ""Frontcourt"", ""Frontcourt"", ""Frontcourt"", ""Frontcourt""]"
Player,managed-gpt-oss-120b,w20,player,45,team,0,1,"[""Indiana Pacers"", ""Indiana Pacers"", ""Indiana Pacers"", ""Indiana Pacers"", ""Indiana Pacers""]"
Player,managed-gpt-oss-120b,w20,player,46,age,0,1,"[""23"", ""23"", ""23"", ""23"", ""23""]"
Player,managed-gpt-oss-120b,w20,player,46,birth_date,0,1,"[""2001/8/5"", ""2001/8/5"", ""2001/8/5"", ""2001/8/5"", ""2001/8/5""]"
Player,managed-gpt-oss-120b,w20,player,46,college,0,1,"[""University of Georgia"", ""University of Georgia"", ""University of Georgia"", ""University of Georgia"", ""University of Georgia""]"
Player,managed-gpt-oss-120b,w20,player,46,draft_pick,0,1,"[""1"", ""1"", ""1"", ""1"", ""1""]"
Player,managed-gpt-oss-120b,w20,player,46,draft_year,0,1,"[""2020"", ""2020"", ""2020"", ""2020"", ""2020""]"
Player,managed-gpt-oss-120b,w20,player,46,fiba_world_cup,0,1,"["""", """", """", """", """"]"
Player,managed-gpt-oss-120b,w20,player,46,mvp_awards,0,1,"[""0"", ""0"", ""0"", ""0"", ""0""]"
Player,managed-gpt-oss-120b,w20,player,46,name,0,1,"[""Anthony Edwards"", ""Anthony Edwards"", ""Anthony Edwards"", ""Anthony Edwards"", ""Anthony Edwards""]"
Player,managed-gpt-oss-120b,w20,player,46,nationality,0,1,"[""USA"", ""USA"", ""USA"", ""USA"", ""USA""]"
Player,managed-gpt-oss-120b,w20,player,46,nba_championships,0,1,"["""", """", """", """", """"]"
Player,managed-gpt-oss-120b,w20,player,46,olympic_gold_medals,0,1,"[""1"", ""1"", ""1"", ""1"", ""1""]"
Player,managed-gpt-oss-120b,w20,player,46,position,0,1,"[""Backcourt"", ""Backcourt"", ""Backcourt"", ""Backcourt"", ""Backcourt""]"
Player,managed-gpt-oss-120b,w20,player,46,team,0,1,"[""Minnesota Timberwolves"", ""Minnesota Timberwolves"", ""Minnesota Timberwolves"", ""Minnesota Timberwolves"", ""Minnesota Timberwolves""]"
Player,managed-gpt-oss-120b,w20,player,47,age,0,1,"[""88"", ""88"", ""88"", ""88"", ""88""]"
Player,managed-gpt-oss-120b,w20,player,47,birth_date,0,1,"[""1927/4/26"", ""1927/4/26"", ""1927/4/26"", ""1927/4/26"", ""1927/4/26""]"
Player,managed-gpt-oss-120b,w20,player,47,college,1,2,"[""Northeast Missouri State Teachers' College (now Truman State University)"", ""Truman State University (formerly Northeast Missouri State Teachers' College)"", ""Truman State University (formerly Northeast Missouri State Teachers' College)"", ""Northeast Missouri State Teachers' College (now Truman State University)"", ""Truman State University (formerly Northeast Missouri State Teachers' College)""]"
Player,managed-gpt-oss-120b,w20,player,47,draft_pick,0,1,"[""50"", ""50"", ""50"", ""50"", ""50""]"
Player,managed-gpt-oss-120b,w20,player,47,draft_year,0,1,"[""1947"", ""1947"", ""1947"", ""1947"", ""1947""]"
Player,managed-gpt-oss-120b,w20,player,47,fiba_world_cup,0,1,"["""", """", """", """", """"]"
Player,managed-gpt-oss-120b,w20,player,47,mvp_awards,0,1,"[""0"", ""0"", ""0"", ""0"", ""0""]"
Player,managed-gpt-oss-120b,w20,player,47,name,0,1,"[""Harry Junior Gallatin"", ""Harry Junior Gallatin"", ""Harry Junior Gallatin"", ""Harry Junior Gallatin"", ""Harry Junior Gallatin""]"
Player,managed-gpt-oss-120b,w20,player,47,nationality,0,1,"[""USA"", ""USA"", ""USA"", ""USA"", ""USA""]"
Player,managed-gpt-oss-120b,w20,player,47,nba_championships,0,1,"["""", """", """", """", """"]"
Player,managed-gpt-oss-120b,w20,player,47,olympic_gold_medals,0,1,"["""", """", """", """", """"]"
Player,managed-gpt-oss-120b,w20,player,47,position,0,1,"[""Frontcourt"", ""Frontcourt"", ""Frontcourt"", ""Frontcourt"", ""Frontcourt""]"
Player,managed-gpt-oss-120b,w20,player,47,team,0,1,"[""Detroit Pistons"", ""Detroit Pistons"", ""Detroit Pistons"", ""Detroit Pistons"", ""Detroit Pistons""]"
Player,managed-gpt-oss-120b,w20,player,48,age,0,1,"[""83"", ""83"", ""83"", ""83"", ""83""]"
Player,managed-gpt-oss-120b,w20,player,48,birth_date,0,1,"[""1931/2/3"", ""1931/2/3"", ""1931/2/3"", ""1931/2/3"", ""1931/2/3""]"
Player,managed-gpt-oss-120b,w20,player,48,college,0,1,"[""New York University"", ""New York University"", ""New York University"", ""New York University"", ""New York University""]"
Player,managed-gpt-oss-120b,w20,player,48,draft_pick,0,1,"["""", """", """", """", """"]"
Player,managed-gpt-oss-120b,w20,player,48,draft_year,0,1,"[""1952"", ""1952"", ""1952"", ""1952"", ""1952""]"
Player,managed-gpt-oss-120b,w20,player,48,fiba_world_cup,0,1,"["""", """", """", """", """"]"
Player,managed-gpt-oss-120b,w20,player,48,mvp_awards,0,1,"[""0"", ""0"", ""0"", ""0"", ""0""]"
Player,managed-gpt-oss-120b,w20,player,48,name,0,1,"[""James J. Brasco"", ""James J. Brasco"", ""James J. Brasco"", ""James J. Brasco"", ""James J. Brasco""]"
Player,managed-gpt-oss-120b,w20,player,48,nationality,0,1,"[""USA"", ""USA"", ""USA"", ""USA"", ""USA""]"
Player,managed-gpt-oss-120b,w20,player,48,nba_championships,0,1,"["""", """", """", """", """"]"
Player,managed-gpt-oss-120b,w20,player,48,olympic_gold_medals,0,1,"["""", """", """", """", """"]"
Player,managed-gpt-oss-120b,w20,player,48,position,0,1,"["""", """", """", """", """"]"
Player,managed-gpt-oss-120b,w20,player,48,team,0,1,"[""Milwaukee Hawks"", ""Milwaukee Hawks"", ""Milwaukee Hawks"", ""Milwaukee Hawks"", ""Milwaukee Hawks""]"
Player,managed-gpt-oss-120b,w20,player,49,age,0,1,"[""75"", ""75"", ""75"", ""75"", ""75""]"
Player,managed-gpt-oss-120b,w20,player,49,birth_date,0,1,"[""1949/8/29"", ""1949/8/29"", ""1949/8/29"", ""1949/8/29"", ""1949/8/29""]"
Player,managed-gpt-oss-120b,w20,player,49,college,0,1,"[""San Jose State University"", ""San Jose State University"", ""San Jose State University"", ""San Jose State University"", ""San Jose State University""]"
Player,managed-gpt-oss-120b,w20,player,49,draft_pick,0,1,"[""8"", ""8"", ""8"", ""8"", ""8""]"
Player,managed-gpt-oss-120b,w20,player,49,draft_year,0,1,"[""1971"", ""1971"", ""1971"", ""1971"", ""1971""]"
Player,managed-gpt-oss-120b,w20,player,49,fiba_world_cup,0,1,"["""", """", """", """", """"]"
Player,managed-gpt-oss-120b,w20,player,49,mvp_awards,0,1,"[""0"", ""0"", ""0"", ""0"", ""0""]"
Player,managed-gpt-oss-120b,w20,player,49,name,0,1,"[""Darnell Hillman"", ""Darnell Hillman"", ""Darnell Hillman"", ""Darnell Hillman"", ""Darnell Hillman""]"
Player,managed-gpt-oss-120b,w20,player,49,nationality,0,1,"[""USA"", ""USA"", ""USA"", ""USA"", ""USA""]"
Player,managed-gpt-oss-120b,w20,player,49,nba_championships,0,1,"["""", """", """", """", """"]"
Player,managed-gpt-oss-120b,w20,player,49,olympic_gold_medals,0,1,"["""", """", """", """", """"]"
Player,managed-gpt-oss-120b,w20,player,49,position,0,1,"[""Frontcourt"", ""Frontcourt"", ""Frontcourt"", ""Frontcourt"", ""Frontcourt""]"
Player,managed-gpt-oss-120b,w20,player,49,team,1,2,"[""Golden\u00a0Warriors"", ""Golden State Warriors"", ""Golden State Warriors"", ""Golden\u00a0Warriors"", ""Golden\u00a0Warriors""]"
Player,managed-gpt-oss-120b,w20,player,50,age,0,1,"[""73"", ""73"", ""73"", ""73"", ""73""]"
Player,managed-gpt-oss-120b,w20,player,50,birth_date,0,1,"[""1951/6/2"", ""1951/6/2"", ""1951/6/2"", ""1951/6/2"", ""1951/6/2""]"
Player,managed-gpt-oss-120b,w20,player,50,college,0,1,"["""", """", """", """", """"]"
Player,managed-gpt-oss-120b,w20,player,50,draft_pick,0,1,"["""", """", """", """", """"]"
Player,managed-gpt-oss-120b,w20,player,50,draft_year,0,1,"["""", """", """", """", """"]"
Player,managed-gpt-oss-120b,w20,player,50,fiba_world_cup,0,1,"["""", """", """", """", """"]"
Player,managed-gpt-oss-120b,w20,player,50,mvp_awards,0,1,"[""0"", ""0"", ""0"", ""0"", ""0""]"
Player,managed-gpt-oss-120b,w20,player,50,name,0,1,"["""", """", """", """", """"]"
Player,managed-gpt-oss-120b,w20,player,50,nationality,0,1,"[""Canada"", ""Canada"", ""Canada"", ""Canada"", ""Canada""]"
Player,managed-gpt-oss-120b,w20,player,50,nba_championships,0,1,"["""", """", """", """", """"]"
Player,managed-gpt-oss-120b,w20,player,50,olympic_gold_medals,0,1,"["""", """", """", """", """"]"
Player,managed-gpt-oss-120b,w20,player,50,position,0,1,"[""Backcourt"", ""Backcourt"", ""Backcourt"", ""Backcourt"", ""Backcourt""]"
Player,managed-gpt-oss-120b,w20,player,50,team,0,1,"["""", """", """", """", """"]"
Player,managed-gpt-oss-120b,w20,player,51,age,0,1,"[""35"", ""35"", ""35"", ""35"", ""35""]"
Player,managed-gpt-oss-120b,w20,player,51,birth_date,0,1,"[""1989/2/7"", ""1989/2/7"", ""1989/2/7"", ""1989/2/7"", ""1989/2/7""]"
Player,managed-gpt-oss-120b,w20,player,51,college,0,1,"[""University of Florida"", ""University of Florida"", ""University of Florida"", ""University of Florida"", ""University of Florida""]"
Player,managed-gpt-oss-120b,w20,player,51,draft_pick,1,2,"[""31"", ""53"", ""31"", ""31"", ""31""]"
Player,managed-gpt-oss-120b,w20,player,51,draft_year,0,1,"[""2009"", ""2009"", ""2009"", ""2009"", ""2009""]"
Player,managed-gpt-oss-120b,w20,player,51,fiba_world_cup,0,1,"["""", """", """", """", """"]"
Player,managed-gpt-oss-120b,w20,player,51,mvp_awards,0,1,"[""0"", ""0"", ""0"", ""0"", ""0""]"
Player,managed-gpt-oss-120b,w20,player,51,name,0,1,"[""Nicholas William Calathes"", ""Nicholas William Calathes"", ""Nicholas William Calathes"", ""Nicholas William Calathes"", ""Nicholas William Calathes""]"
Player,managed-gpt-oss-120b,w20,player,51,nationality,0,1,"[""USA||Greece"", ""USA||Greece"", ""USA||Greece"", ""USA||Greece"", ""USA||Greece""]"
Player,managed-gpt-oss-120b,w20,player,51,nba_championships,0,1,"["""", """", """", """", """"]"
Player,managed-gpt-oss-120b,w20,player,51,olympic_gold_medals,0,1,"["""", """", """", """", """"]"
Player,managed-gpt-oss-120b,w20,player,51,position,0,1,"[""Backcourt"", ""Backcourt"", ""Backcourt"", ""Backcourt"", ""Backcourt""]"
Player,managed-gpt-oss-120b,w20,player,51,team,0,1,"[""Memphis Grizzlies"", ""Memphis Grizzlies"", ""Memphis Grizzlies"", ""Memphis Grizzlies"", ""Memphis Grizzlies""]"
Player,managed-gpt-oss-120b,w20,player,52,age,0,1,"[""72"", ""72"", ""72"", ""72"", ""72""]"
Player,managed-gpt-oss-120b,w20,player,52,birth_date,0,1,"[""1952/3/11"", ""1952/3/11"", ""1952/3/11"", ""1952/3/11"", ""1952/3/11""]"
Player,managed-gpt-oss-120b,w20,player,52,college,0,1,"[""Seattle University"", ""Seattle University"", ""Seattle University"", ""Seattle University"", ""Seattle University""]"
Player,managed-gpt-oss-120b,w20,player,52,draft_pick,0,1,"[""169"", ""169"", ""169"", ""169"", ""169""]"
Player,managed-gpt-oss-120b,w20,player,52,draft_year,0,1,"[""1974"", ""1974"", ""1974"", ""1974"", ""1974""]"
Player,managed-gpt-oss-120b,w20,player,52,fiba_world_cup,0,1,"["""", """", """", """", """"]"
Player,managed-gpt-oss-120b,w20,player,52,mvp_awards,0,1,"[""0"", ""0"", ""0"", ""0"", ""0""]"
Player,managed-gpt-oss-120b,w20,player,52,name,0,1,"[""Rod Derline"", ""Rod Derline"", ""Rod Derline"", ""Rod Derline"", ""Rod Derline""]"
Player,managed-gpt-oss-120b,w20,player,52,nationality,0,1,"["""", """", """", """", """"]"
Player,managed-gpt-oss-120b,w20,player,52,nba_championships,0,1,"["""", """", """", """", """"]"
Player,managed-gpt-oss-120b,w20,player,52,olympic_gold_medals,0,1,"["""", """", """", """", """"]"
Player,managed-gpt-oss-120b,w20,player,52,position,0,1,"[""Backcourt"", ""Backcourt"", ""Backcourt"", ""Backcourt"", ""Backcourt""]"
Player,managed-gpt-oss-120b,w20,player,52,team,0,1,"[""Seattle SuperSonics"", ""Seattle SuperSonics"", ""Seattle SuperSonics"", ""Seattle SuperSonics"", ""Seattle SuperSonics""]"
Player,managed-gpt-oss-120b,w20,player,53,age,0,1,"[""52"", ""52"", ""52"", ""52"", ""52""]"
Player,managed-gpt-oss-120b,w20,player,53,birth_date,0,1,"[""1972/10/4"", ""1972/10/4"", ""1972/10/4"", ""1972/10/4"", ""1972/10/4""]"
Player,managed-gpt-oss-120b,w20,player,53,college,0,1,"[""Texas Christian University"", ""Texas Christian University"", ""Texas Christian University"", ""Texas Christian University"", ""Texas Christian University""]"
Player,managed-gpt-oss-120b,w20,player,53,draft_pick,0,1,"[""22"", ""22"", ""22"", ""22"", ""22""]"
Player,managed-gpt-oss-120b,w20,player,53,draft_year,0,1,"[""1995"", ""1995"", ""1995"", ""1995"", ""1995""]"
Player,managed-gpt-oss-120b,w20,player,53,fiba_world_cup,0,1,"["""", """", """", """", """"]"
Player,managed-gpt-oss-120b,w20,player,53,mvp_awards,0,1,"[""0"", ""0"", ""0"", ""0"", ""0""]"
Player,managed-gpt-oss-120b,w20,player,53,name,0,1,"[""Kurt Vincent Thomas"", ""Kurt Vincent Thomas"", ""Kurt Vincent Thomas"", ""Kurt Vincent Thomas"", ""Kurt Vincent Thomas""]"
Player,managed-gpt-oss-120b,w20,player,53,nationality,0,1,"[""USA"", ""USA"", ""USA"", ""USA"", ""USA""]"
Player,managed-gpt-oss-120b,w20,player,53,nba_championships,0,1,"["""", """", """", """", """"]"
Player,managed-gpt-oss-120b,w20,player,53,olympic_gold_medals,0,1,"["""", """", """", """", """"]"
Player,managed-gpt-oss-120b,w20,player,53,position,0,1,"[""Frontcourt"", ""Frontcourt"", ""Frontcourt"", ""Frontcourt"", ""Frontcourt""]"
Player,managed-gpt-oss-120b,w20,player,53,team,0,1,"[""New York Knicks"", ""New York Knicks"", ""New York Knicks"", ""New York Knicks"", ""New York Knicks""]"
Player,managed-gpt-oss-120b,w20,player,54,age,0,1,"[""36"", ""36"", ""36"", ""36"", ""36""]"
Player,managed-gpt-oss-120b,w20,player,54,birth_date,0,1,"[""1988/9/29"", ""1988/9/29"", ""1988/9/29"", ""1988/9/29"", ""1988/9/29""]"
Player,managed-gpt-oss-120b,w20,player,54,college,0,1,"[""University of Texas at Austin"", ""University of Texas at Austin"", ""University of Texas at Austin"", ""University of Texas at Austin"", ""University of Texas at Austin""]"
Player,managed-gpt-oss-120b,w20,player,54,draft_pick,0,1,"[""2"", ""2"", ""2"", ""2"", ""2""]"
Player,managed-gpt-oss-120b,w20,player,54,draft_year,0,1,"[""2007"", ""2007"", ""2007"", ""2007"", ""2007""]"
Player,managed-gpt-oss-120b,w20,player,54,fiba_world_cup,0,1,"[""1"", ""1"", ""1"", ""1"", ""1""]"
Player,managed-gpt-oss-120b,w20,player,54,mvp_awards,0,1,"[""1"", ""1"", ""1"", ""1"", ""1""]"
Player,managed-gpt-oss-120b,w20,player,54,name,0,1,"[""Kevin Wayne Durant"", ""Kevin Wayne Durant"", ""Kevin Wayne Durant"", ""Kevin Wayne Durant"", ""Kevin Wayne Durant""]"
Player,managed-gpt-oss-120b,w20,player,54,nationality,0,1,"[""USA"", ""USA"", ""USA"", ""USA"", ""USA""]"
Player,managed-gpt-oss-120b,w20,player,54,nba_championships,0,1,"[""2"", ""2"", ""2"", ""2"", ""2""]"
Player,managed-gpt-oss-120b,w20,player,54,olympic_gold_medals,0,1,"[""4"", ""4"", ""4"", ""4"", ""4""]"
Player,managed-gpt-oss-120b,w20,player,54,position,0,1,"[""Frontcourt"", ""Frontcourt"", ""Frontcourt"", ""Frontcourt"", ""Frontcourt""]"
Player,managed-gpt-oss-120b,w20,player,54,team,0,1,"[""Phoenix Suns"", ""Phoenix Suns"", ""Phoenix Suns"", ""Phoenix Suns"", ""Phoenix Suns""]"
Player,managed-gpt-oss-120b,w20,player,55,age,0,1,"[""53"", ""53"", ""53"", ""53"", ""53""]"
Player,managed-gpt-oss-120b,w20,player,55,birth_date,0,1,"[""1971/10/2"", ""1971/10/2"", ""1971/10/2"", ""1971/10/2"", ""1971/10/2""]"
Player,managed-gpt-oss-120b,w20,player,55,college,0,1,"[""Xavier University"", ""Xavier University"", ""Xavier University"", ""Xavier University"", ""Xavier University""]"
Player,managed-gpt-oss-120b,w20,player,55,draft_pick,0,1,"["""", """", """", """", """"]"
Player,managed-gpt-oss-120b,w20,player,55,draft_year,0,1,"["""", """", """", """", """"]"
Player,managed-gpt-oss-120b,w20,player,55,fiba_world_cup,0,1,"["""", """", """", """", """"]"
Player,managed-gpt-oss-120b,w20,player,55,mvp_awards,0,1,"[""0"", ""0"", ""0"", ""0"", ""0""]"
Player,managed-gpt-oss-120b,w20,player,55,name,0,1,"[""Aaron Williams"", ""Aaron Williams"", ""Aaron Williams"", ""Aaron Williams"", ""Aaron Williams""]"
Player,managed-gpt-oss-120b,w20,player,55,nationality,0,1,"[""USA"", ""USA"", ""USA"", ""USA"", ""USA""]"
Player,managed-gpt-oss-120b,w20,player,55,nba_championships,0,1,"["""", """", """", """", """"]"
Player,managed-gpt-oss-120b,w20,player,55,olympic_gold_medals,0,1,"["""", """", """", """", """"]"
Player,managed-gpt-oss-120b,w20,player,55,position,0,1,"[""Frontcourt"", ""Frontcourt"", ""Frontcourt"", ""Frontcourt"", ""Frontcourt""]"
Player,managed-gpt-oss-120b,w20,player,55,team,0,1,"[""Los Angeles Clippers"", ""Los Angeles Clippers"", ""Los Angeles Clippers"", ""Los Angeles Clippers"", ""Los Angeles Clippers""]"
Player,managed-gpt-oss-120b,w20,player,56,age,0,1,"[""40"", ""40"", ""40"", ""40"", ""40""]"
Player,managed-gpt-oss-120b,w20,player,56,birth_date,0,1,"[""1975/4/2"", ""1975/4/2"", ""1975/4/2"", ""1975/4/2"", ""1975/4/2""]"
Player,managed-gpt-oss-120b,w20,player,56,college,0,1,"[""Lansing Community College || Central Michigan University"", ""Lansing Community College || Central Michigan University"", ""Lansing Community College || Central Michigan University"", ""Lansing Community College || Central Michigan University"", ""Lansing Community College || Central Michigan University""]"
Player,managed-gpt-oss-120b,w20,player,56,draft_pick,0,1,"["""", """", """", """", """"]"
Player,managed-gpt-oss-120b,w20,player,56,draft_year,0,1,"["""", """", """", """", """"]"
Player,managed-gpt-oss-120b,w20,player,56,fiba_world_cup,0,1,"["""", """", """", """", """"]"
Player,managed-gpt-oss-120b,w20,player,56,mvp_awards,0,1,"[""0"", ""0"", ""0"", ""0"", ""0""]"
Player,managed-gpt-oss-120b,w20,player,56,name,0,1,"[""Nathaniel Thomas Huffman"", ""Nathaniel Thomas Huffman"", ""Nathaniel Thomas Huffman"", ""Nathaniel Thomas Huffman"", ""Nathaniel Thomas Huffman""]"
Player,managed-gpt-oss-120b,w20,player,56,nationality,0,1,"[""USA"", ""USA"", ""USA"", ""USA"", ""USA""]"
Player,managed-gpt-oss-120b,w20,player,56,nba_championships,0,1,"["""", """", """", """", """"]"
Player,managed-gpt-oss-120b,w20,player,56,olympic_gold_medals,0,1,"["""", """", """", """", """"]"
Player,managed-gpt-oss-120b,w20,player,56,position,0,1,"[""Frontcourt"", ""Frontcourt"", ""Frontcourt"", ""Frontcourt"", ""Frontcourt""]"
Player,managed-gpt-oss-120b,w20,player,56,team,0,1,"[""Toronto Raptors"", ""Toronto Raptors"", ""Toronto Raptors"", ""Toronto Raptors"", ""Toronto Raptors""]"
Player,managed-gpt-oss-120b,w20,player,57,age,0,1,"[""73"", ""73"", ""73"", ""73"", ""73""]"
Player,managed-gpt-oss-120b,w20,player,57,birth_date,0,1,"[""1950/6/13"", ""1950/6/13"", ""1950/6/13"", ""1950/6/13"", ""1950/6/13""]"
Player,managed-gpt-oss-120b,w20,player,57,college,0,1,"[""Oregon State University"", ""Oregon State University"", ""Oregon State University"", ""Oregon State University"", ""Oregon State University""]"
Player,managed-gpt-oss-120b,w20,player,57,draft_pick,0,1,"[""5"", ""5"", ""5"", ""5"", ""5""]"
Player,managed-gpt-oss-120b,w20,player,57,draft_year,0,1,"[""1972"", ""1972"", ""1972"", ""1972"", ""1972""]"
Player,managed-gpt-oss-120b,w20,player,57,fiba_world_cup,0,1,"["""", """", """", """", """"]"
Player,managed-gpt-oss-120b,w20,player,57,mvp_awards,0,1,"[""0"", ""0"", ""0"", ""0"", ""0""]"
Player,managed-gpt-oss-120b,w20,player,57,name,0,1,"[""Freddie L. Boyd"", ""Freddie L. Boyd"", ""Freddie L. Boyd"", ""Freddie L. Boyd"", ""Freddie L. Boyd""]"
Player,managed-gpt-oss-120b,w20,player,57,nationality,0,1,"[""USA"", ""USA"", ""USA"", ""USA"", ""USA""]"
Player,managed-gpt-oss-120b,w20,player,57,nba_championships,0,1,"["""", """", """", """", """"]"
Player,managed-gpt-oss-120b,w20,player,57,olympic_gold_medals,0,1,"["""", """", """", """", """"]"
Player,managed-gpt-oss-120b,w20,player,57,position,0,1,"["""", """", """", """", """"]"
Player,managed-gpt-oss-120b,w20,player,57,team,0,1,"[""New Orleans Jazz"", ""New Orleans Jazz"", ""New Orleans Jazz"", ""New Orleans Jazz"", ""New Orleans Jazz""]"
Player,managed-gpt-oss-120b,w20,player,58,age,0,1,"[""61"", ""61"", ""61"", ""61"", ""61""]"
Player,managed-gpt-oss-120b,w20,player,58,birth_date,0,1,"[""1963/12/14"", ""1963/12/14"", ""1963/12/14"", ""1963/12/14"", ""1963/12/14""]"
Player,managed-gpt-oss-120b,w20,player,58,college,0,1,"[""Memphis State University"", ""Memphis State University"", ""Memphis State University"", ""Memphis State University"", ""Memphis State University""]"
Player,managed-gpt-oss-120b,w20,player,58,draft_pick,0,1,"[""6"", ""6"", ""6"", ""6"", ""6""]"
Player,managed-gpt-oss-120b,w20,player,58,draft_year,0,1,"[""1986"", ""1986"", ""1986"", ""1986"", ""1986""]"
Player,managed-gpt-oss-120b,w20,player,58,fiba_world_cup,0,1,"["""", """", """", """", """"]"
Player,managed-gpt-oss-120b,w20,player,58,mvp_awards,0,1,"[""0"", ""0"", ""0"", ""0"", ""0""]"
Player,managed-gpt-oss-120b,w20,player,58,name,0,1,"[""William Bedford"", ""William Bedford"", ""William Bedford"", ""William Bedford"", ""William Bedford""]"
Player,managed-gpt-oss-120b,w20,player,58,nationality,0,1,"[""USA"", ""USA"", ""USA"", ""USA"", ""USA""]"
Player,managed-gpt-oss-120b,w20,player,58,nba_championships,0,1,"[""1"", ""1"", ""1"", ""1"", ""1""]"
Player,managed-gpt-oss-120b,w20,player,58,olympic_gold_medals,0,1,"["""", """", """", """", """"]"
Player,managed-gpt-oss-120b,w20,player,58,position,0,1,"[""Frontcourt"", ""Frontcourt"", ""Frontcourt"", ""Frontcourt"", ""Frontcourt""]"
Player,managed-gpt-oss-120b,w20,player,58,team,0,1,"[""San Antonio Spurs"", ""San Antonio Spurs"", ""San Antonio Spurs"", ""San Antonio Spurs"", ""San Antonio Spurs""]"
Player,managed-gpt-oss-120b,w20,player,59,age,0,1,"[""55"", ""55"", ""55"", ""55"", ""55""]"
Player,managed-gpt-oss-120b,w20,player,59,birth_date,0,1,"[""1969/3/31"", ""1969/3/31"", ""1969/3/31"", ""1969/3/31"", ""1969/3/31""]"
Player,managed-gpt-oss-120b,w20,player,59,college,0,1,"[""Michigan State University"", ""Michigan State University"", ""Michigan State University"", ""Michigan State University"", ""Michigan State University""]"
Player,managed-gpt-oss-120b,w20,player,59,draft_pick,0,1,"[""5"", ""5"", ""5"", ""5"", ""5""]"
Player,managed-gpt-oss-120b,w20,player,59,draft_year,0,1,"[""1991"", ""1991"", ""1991"", ""1991"", ""1991""]"
Player,managed-gpt-oss-120b,w20,player,59,fiba_world_cup,0,1,"[""1"", ""1"", ""1"", ""1"", ""1""]"
Player,managed-gpt-oss-120b,w20,player,59,mvp_awards,0,1,"[""0"", ""0"", ""0"", ""0"", ""0""]"
Player,managed-gpt-oss-120b,w20,player,59,name,0,1,"[""Steven Delano Smith"", ""Steven Delano Smith"", ""Steven Delano Smith"", ""Steven Delano Smith"", ""Steven Delano Smith""]"
Player,managed-gpt-oss-120b,w20,player,59,nationality,0,1,"[""USA"", ""USA"", ""USA"", ""USA"", ""USA""]"
Player,managed-gpt-oss-120b,w20,player,59,nba_championships,0,1,"[""1"", ""1"", ""1"", ""1"", ""1""]"
Player,managed-gpt-oss-120b,w20,player,59,olympic_gold_medals,0,1,"[""1"", ""1"", ""1"", ""1"", ""1""]"
Player,managed-gpt-oss-120b,w20,player,59,position,0,1,"[""Backcourt"", ""Backcourt"", ""Backcourt"", ""Backcourt"", ""Backcourt""]"
Player,managed-gpt-oss-120b,w20,player,59,team,0,1,"[""Miami Heat"", ""Miami Heat"", ""Miami Heat"", ""Miami Heat"", ""Miami Heat""]"
Player,managed-gpt-oss-120b,w20,player,60,age,0,1,"[""52"", ""52"", ""52"", ""52"", ""52""]"
Player,managed-gpt-oss-120b,w20,player,60,birth_date,0,1,"[""1972/2/6"", ""1972/2/6"", ""1972/2/6"", ""1972/2/6"", ""1972/2/6""]"
Player,managed-gpt-oss-120b,w20,player,60,college,0,1,"[""Michigan State University"", ""Michigan State University"", ""Michigan State University"", ""Michigan State University"", ""Michigan State University""]"
Player,managed-gpt-oss-120b,w20,player,60,draft_pick,0,1,"[""8"", ""8"", ""8"", ""8"", ""8""]"
Player,managed-gpt-oss-120b,w20,player,60,draft_year,0,1,"[""1995"", ""1995"", ""1995"", ""1995"", ""1995""]"
Player,managed-gpt-oss-120b,w20,player,60,fiba_world_cup,0,1,"["""", """", """", """", """"]"
Player,managed-gpt-oss-120b,w20,player,60,mvp_awards,0,1,"[""0"", ""0"", ""0"", ""0"", ""0""]"
Player,managed-gpt-oss-120b,w20,player,60,name,0,1,"[""Shawn Christopher Respert"", ""Shawn Christopher Respert"", ""Shawn Christopher Respert"", ""Shawn Christopher Respert"", ""Shawn Christopher Respert""]"
Player,managed-gpt-oss-120b,w20,player,60,nationality,0,1,"[""USA"", ""USA"", ""USA"", ""USA"", ""USA""]"
Player,managed-gpt-oss-120b,w20,player,60,nba_championships,0,1,"["""", """", """", """", """"]"
Player,managed-gpt-oss-120b,w20,player,60,olympic_gold_medals,0,1,"["""", """", """", """", """"]"
Player,managed-gpt-oss-120b,w20,player,60,position,0,1,"[""Backcourt"", ""Backcourt"", ""Backcourt"", ""Backcourt"", ""Backcourt""]"
Player,managed-gpt-oss-120b,w20,player,60,team,1,2,"[""Phoenix Suns"", ""Phoenix Suns"", ""Los Angeles Lakers"", ""Los Angeles Lakers"", ""Phoenix Suns""]"
Player,managed-gpt-oss-120b,w20,player,61,age,0,1,"[""58"", ""58"", ""58"", ""58"", ""58""]"
Player,managed-gpt-oss-120b,w20,player,61,birth_date,0,1,"[""1966/7/11"", ""1966/7/11"", ""1966/7/11"", ""1966/7/11"", ""1966/7/11""]"
Player,managed-gpt-oss-120b,w20,player,61,college,0,1,"[""DePaul University"", ""DePaul University"", ""DePaul University"", ""DePaul University"", ""DePaul University""]"
Player,managed-gpt-oss-120b,w20,player,61,draft_pick,0,1,"["""", """", """", """", """"]"
Player,managed-gpt-oss-120b,w20,player,61,draft_year,0,1,"[""1988"", ""1988"", ""1988"", ""1988"", ""1988""]"
Player,managed-gpt-oss-120b,w20,player,61,fiba_world_cup,0,1,"["""", """", """", """", """"]"
Player,managed-gpt-oss-120b,w20,player,61,mvp_awards,0,1,"[""0"", ""0"", ""0"", ""0"", ""0""]"
Player,managed-gpt-oss-120b,w20,player,61,name,0,1,"[""Rodney Strickland"", ""Rodney Strickland"", ""Rodney Strickland"", ""Rodney Strickland"", ""Rodney Strickland""]"
Player,managed-gpt-oss-120b,w20,player,61,nationality,0,1,"[""USA"", ""USA"", ""USA"", ""USA"", ""USA""]"
Player,managed-gpt-oss-120b,w20,player,61,nba_championships,0,1,"["""", """", """", """", """"]"
Player,managed-gpt-oss-120b,w20,player,61,olympic_gold_medals,0,1,"["""", """", """", """", """"]"
Player,managed-gpt-oss-120b,w20,player,61,position,0,1,"[""Backcourt"", ""Backcourt"", ""Backcourt"", ""Backcourt"", ""Backcourt""]"
Player,managed-gpt-oss-120b,w20,player,61,team,0,1,"[""Houston Rockets"", ""Houston Rockets"", ""Houston Rockets"", ""Houston Rockets"", ""Houston Rockets""]"
Player,managed-gpt-oss-120b,w20,player,62,age,0,1,"[""89"", ""89"", ""89"", ""89"", ""89""]"
Player,managed-gpt-oss-120b,w20,player,62,birth_date,0,1,"[""1929/2/3"", ""1929/2/3"", ""1929/2/3"", ""1929/2/3"", ""1929/2/3""]"
Player,managed-gpt-oss-120b,w20,player,62,college,0,1,"[""Bradley University"", ""Bradley University"", ""Bradley University"", ""Bradley University"", ""Bradley University""]"
Player,managed-gpt-oss-120b,w20,player,62,draft_pick,0,1,"[""35"", ""35"", ""35"", ""35"", ""35""]"
Player,managed-gpt-oss-120b,w20,player,62,draft_year,0,1,"[""1951"", ""1951"", ""1951"", ""1951"", ""1951""]"
Player,managed-gpt-oss-120b,w20,player,62,fiba_world_cup,0,1,"["""", """", """", """", """"]"
Player,managed-gpt-oss-120b,w20,player,62,mvp_awards,0,1,"[""0"", ""0"", ""0"", ""0"", ""0""]"
Player,managed-gpt-oss-120b,w20,player,62,name,0,1,"[""Elmer H. Behnke"", ""Elmer H. Behnke"", ""Elmer H. Behnke"", ""Elmer H. Behnke"", ""Elmer H. Behnke""]"
Player,managed-gpt-oss-120b,w20,player,62,nationality,0,1,"[""USA"", ""USA"", ""USA"", ""USA"", ""USA""]"
Player,managed-gpt-oss-120b,w20,player,62,nba_championships,0,1,"["""", """", """", """", """"]"
Player,managed-gpt-oss-120b,w20,player,62,olympic_gold_medals,0,1,"["""", """", """", """", """"]"
Player,managed-gpt-oss-120b,w20,player,62,position,0,1,"["""", """", """", """", """"]"
Player,managed-gpt-oss-120b,w20,player,62,team,0,1,"[""Milwaukee Hawks"", ""Milwaukee Hawks"", ""Milwaukee Hawks"", ""Milwaukee Hawks"", ""Milwaukee Hawks""]"
Player,managed-gpt-oss-120b,w20,player,63,age,0,1,"[""27"", ""27"", ""27"", ""27"", ""27""]"
Player,managed-gpt-oss-120b,w20,player,63,birth_date,0,1,"[""1997/7/9"", ""1997/7/9"", ""1997/7/9"", ""1997/7/9"", ""1997/7/9""]"
Player,managed-gpt-oss-120b,w20,player,63,college,0,1,"[""Penn State University"", ""Penn State University"", ""Penn State University"", ""Penn State University"", ""Penn State University""]"
Player,managed-gpt-oss-120b,w20,player,63,draft_pick,0,1,"["""", """", """", """", """"]"
Player,managed-gpt-oss-120b,w20,player,63,draft_year,0,1,"["""", """", """", """", """"]"
Player,managed-gpt-oss-120b,w20,player,63,fiba_world_cup,0,1,"["""", """", """", """", """"]"
Player,managed-gpt-oss-120b,w20,player,63,mvp_awards,0,1,"[""0"", ""0"", ""0"", ""0"", ""0""]"
Player,managed-gpt-oss-120b,w20,player,63,name,0,1,"[""Lamar Brandon Stevens"", ""Lamar Brandon Stevens"", ""Lamar Brandon Stevens"", ""Lamar Brandon Stevens"", ""Lamar Brandon Stevens""]"
Player,managed-gpt-oss-120b,w20,player,63,nationality,0,1,"[""USA"", ""USA"", ""USA"", ""USA"", ""USA""]"
Player,managed-gpt-oss-120b,w20,player,63,nba_championships,0,1,"["""", """", """", """", """"]"
Player,managed-gpt-oss-120b,w20,player,63,olympic_gold_medals,0,1,"["""", """", """", """", """"]"
Player,managed-gpt-oss-120b,w20,player,63,position,0,1,"[""Frontcourt"", ""Frontcourt"", ""Frontcourt"", ""Frontcourt"", ""Frontcourt""]"
Player,managed-gpt-oss-120b,w20,player,63,team,0,1,"[""Memphis Grizzlies"", ""Memphis Grizzlies"", ""Memphis Grizzlies"", ""Memphis Grizzlies"", ""Memphis Grizzlies""]"
Player,managed-gpt-oss-120b,w20,player,64,age,0,1,"[""36"", ""36"", ""36"", ""36"", ""36""]"
Player,managed-gpt-oss-120b,w20,player,64,birth_date,0,1,"[""1988/7/14"", ""1988/7/14"", ""1988/7/14"", ""1988/7/14"", ""1988/7/14""]"
Player,managed-gpt-oss-120b,w20,player,64,college,0,1,"[""Siena College"", ""Siena College"", ""Siena College"", ""Siena College"", ""Siena College""]"
Player,managed-gpt-oss-120b,w20,player,64,draft_pick,0,1,"["""", """", """", """", """"]"
Player,managed-gpt-oss-120b,w20,player,64,draft_year,0,1,"["""", """", """", """", """"]"
Player,managed-gpt-oss-120b,w20,player,64,fiba_world_cup,0,1,"["""", """", """", """", """"]"
Player,managed-gpt-oss-120b,w20,player,64,mvp_awards,0,1,"[""0"", ""0"", ""0"", ""0"", ""0""]"
Player,managed-gpt-oss-120b,w20,player,64,name,0,1,"[""John Salmons"", ""John Salmons"", ""John Salmons"", ""John Salmons"", ""John Salmons""]"
Player,managed-gpt-oss-120b,w20,player,64,nationality,0,1,"[""USA"", ""USA"", ""USA"", ""USA"", ""USA""]"
Player,managed-gpt-oss-120b,w20,player,64,nba_championships,0,1,"["""", """", """", """", """"]"
Player,managed-gpt-oss-120b,w20,player,64,olympic_gold_medals,0,1,"["""", """", """", """", """"]"
Player,managed-gpt-oss-120b,w20,player,64,position,0,1,"[""Backcourt"", ""Backcourt"", ""Backcourt"", ""Backcourt"", ""Backcourt""]"
Player,managed-gpt-oss-120b,w20,player,64,team,0,1,"["""", """", """", """", """"]"
Player,managed-gpt-oss-120b,w20,player,65,age,0,1,"[""40"", ""40"", ""40"", ""40"", ""40""]"
Player,managed-gpt-oss-120b,w20,player,65,birth_date,0,1,"[""1984/2/21"", ""1984/2/21"", ""1984/2/21"", ""1984/2/21"", ""1984/2/21""]"
Player,managed-gpt-oss-120b,w20,player,65,college,0,1,"[""Michigan State University"", ""Michigan State University"", ""Michigan State University"", ""Michigan State University"", ""Michigan State University""]"
Player,managed-gpt-oss-120b,w20,player,65,draft_pick,0,1,"["""", """", """", """", """"]"
Player,managed-gpt-oss-120b,w20,player,65,draft_year,0,1,"[""2005"", ""2005"", ""2005"", ""2005"", ""2005""]"
Player,managed-gpt-oss-120b,w20,player,65,fiba_world_cup,0,1,"["""", """", """", """", """"]"
Player,managed-gpt-oss-120b,w20,player,65,mvp_awards,0,1,"[""0"", ""0"", ""0"", ""0"", ""0""]"
Player,managed-gpt-oss-120b,w20,player,65,name,0,1,"[""Erazem Lorbek"", ""Erazem Lorbek"", ""Erazem Lorbek"", ""Erazem Lorbek"", ""Erazem Lorbek""]"
Player,managed-gpt-oss-120b,w20,player,65,nationality,0,1,"[""Slovenia"", ""Slovenia"", ""Slovenia"", ""Slovenia"", ""Slovenia""]"
Player,managed-gpt-oss-120b,w20,player,65,nba_championships,0,1,"["""", """", """", """", """"]"
Player,managed-gpt-oss-120b,w20,player,65,olympic_gold_medals,0,1,"["""", """", """", """", """"]"
Player,managed-gpt-oss-120b,w20,player,65,position,0,1,"[""Frontcourt"", ""Frontcourt"", ""Frontcourt"", ""Frontcourt"", ""Frontcourt""]"
Player,managed-gpt-oss-120b,w20,player,65,team,0,1,"["""", """", """", """", """"]"
Player,managed-gpt-oss-120b,w20,player,66,age,0,1,"[""92"", ""92"", ""92"", ""92"", ""92""]"
Player,managed-gpt-oss-120b,w20,player,66,birth_date,0,1,"[""1919/3/23"", ""1919/3/23"", ""1919/3/23"", ""1919/3/23"", ""1919/3/23""]"
Player,managed-gpt-oss-120b,w20,player,66,college,0,1,"[""Loyola University Chicago"", ""Loyola University Chicago"", ""Loyola University Chicago"", ""Loyola University Chicago"", ""Loyola University Chicago""]"
Player,managed-gpt-oss-120b,w20,player,66,draft_pick,0,1,"["""", """", """", """", """"]"
Player,managed-gpt-oss-120b,w20,player,66,draft_year,0,1,"["""", """", """", """", """"]"
Player,managed-gpt-oss-120b,w20,player,66,fiba_world_cup,0,1,"["""", """", """", """", """"]"
Player,managed-gpt-oss-120b,w20,player,66,mvp_awards,0,1,"[""0"", ""0"", ""0"", ""0"", ""0""]"
Player,managed-gpt-oss-120b,w20,player,66,name,1,3,"[""Marvin \""Mickey\"" Rottner"", ""Marvin \""Mickey\"" Rottner"", ""Marvin Mickey Rottner"", ""Marvin \""Mickey\"" Rottner"", ""Marvin Rottner""]"
Player,managed-gpt-oss-120b,w20,player,66,nationality,0,1,"[""USA"", ""USA"", ""USA"", ""USA"", ""USA""]"
Player,managed-gpt-oss-120b,w20,player,66,nba_championships,0,1,"["""", """", """", """", """"]"
Player,managed-gpt-oss-120b,w20,player,66,olympic_gold_medals,0,1,"["""", """", """", """", """"]"
Player,managed-gpt-oss-120b,w20,player,66,position,0,1,"[""Backcourt"", ""Backcourt"", ""Backcourt"", ""Backcourt"", ""Backcourt""]"
Player,managed-gpt-oss-120b,w20,player,66,team,1,2,"["""", """", """", ""Chicago Stags"", """"]"
Player,managed-gpt-oss-120b,w20,player,67,age,0,1,"[""26"", ""26"", ""26"", ""26"", ""26""]"
Player,managed-gpt-oss-120b,w20,player,67,birth_date,0,1,"[""1998/7/31"", ""1998/7/31"", ""1998/7/31"", ""1998/7/31"", ""1998/7/31""]"
Player,managed-gpt-oss-120b,w20,player,67,college,0,1,"[""University of Kentucky"", ""University of Kentucky"", ""University of Kentucky"", ""University of Kentucky"", ""University of Kentucky""]"
Player,managed-gpt-oss-120b,w20,player,67,draft_pick,0,1,"[""45"", ""45"", ""45"", ""45"", ""45""]"
Player,managed-gpt-oss-120b,w20,player,67,draft_year,0,1,"[""2018"", ""2018"", ""2018"", ""2018"", ""2018""]"
Player,managed-gpt-oss-120b,w20,player,67,fiba_world_cup,0,1,"["""", """", """", """", """"]"
Player,managed-gpt-oss-120b,w20,player,67,mvp_awards,0,1,"[""0"", ""0"", ""0"", ""0"", ""0""]"
Player,managed-gpt-oss-120b,w20,player,67,name,0,1,"[""Hamidou Diallo"", ""Hamidou Diallo"", ""Hamidou Diallo"", ""Hamidou Diallo"", ""Hamidou Diallo""]"
Player,managed-gpt-oss-120b,w20,player,67,nationality,0,1,"[""USA"", ""USA"", ""USA"", ""USA"", ""USA""]"
Player,managed-gpt-oss-120b,w20,player,67,nba_championships,0,1,"["""", """", """", """", """"]"
Player,managed-gpt-oss-120b,w20,player,67,olympic_gold_medals,0,1,"["""", """", """", """", """"]"
Player,managed-gpt-oss-120b,w20,player,67,position,1,3,"["""", ""Frontcourt"", ""Frontcourt"", ""Backcourt"", ""Frontcourt""]"
Player,managed-gpt-oss-120b,w20,player,67,team,0,1,"[""Washington Wizards"", ""Washington Wizards"", ""Washington Wizards"", ""Washington Wizards"", ""Washington Wizards""]"
Player,managed-gpt-oss-120b,w20,player,68,age,0,1,"[""38"", ""38"", ""38"", ""38"", ""38""]"
Player,managed-gpt-oss-120b,w20,player,68,birth_date,0,1,"[""1986/8/31"", ""1986/8/31"", ""1986/8/31"", ""1986/8/31"", ""1986/8/31""]"
Player,managed-gpt-oss-120b,w20,player,68,college,1,2,"[""Indiana University (Indiana Hoosiers)"", ""Indiana University (Indiana Hoosiers)"", ""Indiana University"", ""Indiana University (Indiana Hoosiers)"", ""Indiana University (Indiana Hoosiers)""]"
Player,managed-gpt-oss-120b,w20,player,68,draft_pick,0,1,"[""29"", ""29"", ""29"", ""29"", ""29""]"
Player,managed-gpt-oss-120b,w20,player,68,draft_year,0,1,"[""2008"", ""2008"", ""2008"", ""2008"", ""2008""]"
Player,managed-gpt-oss-120b,w20,player,68,fiba_world_cup,0,1,"["""", """", """", """", """"]"
Player,managed-gpt-oss-120b,w20,player,68,mvp_awards,0,1,"[""0"", ""0"", ""0"", ""0"", ""0""]"
Player,managed-gpt-oss-120b,w20,player,68,name,0,1,"[""Dewayne \""D. J.\"" White, Jr."", ""Dewayne \""D. J.\"" White, Jr."", ""Dewayne \""D. J.\"" White, Jr."", ""Dewayne \""D. J.\"" White, Jr."", ""Dewayne \""D. J.\"" White, Jr.""]"
Player,managed-gpt-oss-120b,w20,player,68,nationality,0,1,"[""USA"", ""USA"", ""USA"", ""USA"", ""USA""]"
Player,managed-gpt-oss-120b,w20,player,68,nba_championships,0,1,"["""", """", """", """", """"]"
Player,managed-gpt-oss-120b,w20,player,68,olympic_gold_medals,0,1,"["""", """", """", """", """"]"
Player,managed-gpt-oss-120b,w20,player,68,position,0,1,"[""Frontcourt"", ""Frontcourt"", ""Frontcourt"", ""Frontcourt"", ""Frontcourt""]"
Player,managed-gpt-oss-120b,w20,player,68,team,0,1,"[""Charlotte Bobcats"", ""Charlotte Bobcats"", ""Charlotte Bobcats"", ""Charlotte Bobcats"", ""Charlotte Bobcats""]"
Player,managed-gpt-oss-120b,w20,player,69,age,0,1,"[""59"", ""59"", ""59"", ""59"", ""59""]"
Player,managed-gpt-oss-120b,w20,player,69,birth_date,0,1,"[""1965/9/27"", ""1965/9/27"", ""1965/9/27"", ""1965/9/27"", ""1965/9/27""]"
Player,managed-gpt-oss-120b,w20,player,69,college,0,1,"[""University of Arizona"", ""University of Arizona"", ""University of Arizona"", ""University of Arizona"", ""University of Arizona""]"
Player,managed-gpt-oss-120b,w20,player,69,draft_pick,0,1,"[""50"", ""50"", ""50"", ""50"", ""50""]"
Player,managed-gpt-oss-120b,w20,player,69,draft_year,0,1,"[""1988"", ""1988"", ""1988"", ""1988"", ""1988""]"
Player,managed-gpt-oss-120b,w20,player,69,fiba_world_cup,0,1,"[""1"", ""1"", ""1"", ""1"", ""1""]"
Player,managed-gpt-oss-120b,w20,player,69,mvp_awards,0,1,"[""0"", ""0"", ""0"", ""0"", ""0""]"
Player,managed-gpt-oss-120b,w20,player,69,name,0,1,"[""Stephen Douglas Kerr"", ""Stephen Douglas Kerr"", ""Stephen Douglas Kerr"", ""Stephen Douglas Kerr"", ""Stephen Douglas Kerr""]"
Player,managed-gpt-oss-120b,w20,player,69,nationality,0,1,"[""USA"", ""USA"", ""USA"", ""USA"", ""USA""]"
Player,managed-gpt-oss-120b,w20,player,69,nba_championships,0,1,"[""9"", ""9"", ""9"", ""9"", ""9""]"
Player,managed-gpt-oss-120b,w20,player,69,olympic_gold_medals,0,1,"["""", """", """", """", """"]"
Player,managed-gpt-oss-120b,w20,player,69,position,0,1,"[""Backcourt"", ""Backcourt"", ""Backcourt"", ""Backcourt"", ""Backcourt""]"
Player,managed-gpt-oss-120b,w20,player,69,team,0,1,"[""San Antonio Spurs"", ""San Antonio Spurs"", ""San Antonio Spurs"", ""San Antonio Spurs"", ""San Antonio Spurs""]"
Player,managed-gpt-oss-120b,w20,player,70,age,0,1,"[""56"", ""56"", ""56"", ""56"", ""56""]"
Player,managed-gpt-oss-120b,w20,player,70,birth_date,0,1,"[""1968/10/3"", ""1968/10/3"", ""1968/10/3"", ""1968/10/3"", ""1968/10/3""]"
Player,managed-gpt-oss-120b,w20,player,70,college,0,1,"[""UCLA||UTEP"", ""UCLA||UTEP"", ""UCLA||UTEP"", ""UCLA||UTEP"", ""UCLA||UTEP""]"
Player,managed-gpt-oss-120b,w20,player,70,draft_pick,0,1,"[""35"", ""35"", ""35"", ""35"", ""35""]"
Player,managed-gpt-oss-120b,w20,player,70,draft_year,0,1,"[""1990"", ""1990"", ""1990"", ""1990"", ""1990""]"
Player,managed-gpt-oss-120b,w20,player,70,fiba_world_cup,0,1,"["""", """", """", """", """"]"
Player,managed-gpt-oss-120b,w20,player,70,mvp_awards,0,1,"[""0"", ""0"", ""0"", ""0"", ""0""]"
Player,managed-gpt-oss-120b,w20,player,70,name,0,1,"[""Gregory Clinton Foster"", ""Gregory Clinton Foster"", ""Gregory Clinton Foster"", ""Gregory Clinton Foster"", ""Gregory Clinton Foster""]"
Player,managed-gpt-oss-120b,w20,player,70,nationality,0,1,"[""USA"", ""USA"", ""USA"", ""USA"", ""USA""]"
Player,managed-gpt-oss-120b,w20,player,70,nba_championships,0,1,"[""1"", ""1"", ""1"", ""1"", ""1""]"
Player,managed-gpt-oss-120b,w20,player,70,olympic_gold_medals,0,1,"["""", """", """", """", """"]"
Player,managed-gpt-oss-120b,w20,player,70,position,0,1,"[""Frontcourt"", ""Frontcourt"", ""Frontcourt"", ""Frontcourt"", ""Frontcourt""]"
Player,managed-gpt-oss-120b,w20,player,70,team,0,1,"[""Toronto Raptors"", ""Toronto Raptors"", ""Toronto Raptors"", ""Toronto Raptors"", ""Toronto Raptors""]"
Player,managed-gpt-oss-120b,w20,player,71,age,0,1,"[""80"", ""80"", ""80"", ""80"", ""80""]"
Player,managed-gpt-oss-120b,w20,player,71,birth_date,0,1,"[""1944/8/8"", ""1944/8/8"", ""1944/8/8"", ""1944/8/8"", ""1944/8/8""]"
Player,managed-gpt-oss-120b,w20,player,71,college,0,1,"[""University of Southern California"", ""University of Southern California"", ""University of Southern California"", ""University of Southern California"", ""University of Southern California""]"
Player,managed-gpt-oss-120b,w20,player,71,draft_pick,0,1,"["""", """", """", """", """"]"
Player,managed-gpt-oss-120b,w20,player,71,draft_year,0,1,"["""", """", """", """", """"]"
Player,managed-gpt-oss-120b,w20,player,71,fiba_world_cup,0,1,"["""", """", """", """", """"]"
Player,managed-gpt-oss-120b,w20,player,71,mvp_awards,0,1,"[""0"", ""0"", ""0"", ""0"", ""0""]"
Player,managed-gpt-oss-120b,w20,player,71,name,0,1,"[""William Severlyn Hewitt"", ""William Severlyn Hewitt"", ""William Severlyn Hewitt"", ""William Severlyn Hewitt"", ""William Severlyn Hewitt""]"
Player,managed-gpt-oss-120b,w20,player,71,nationality,0,1,"[""USA"", ""USA"", ""USA"", ""USA"", ""USA""]"
Player,managed-gpt-oss-120b,w20,player,71,nba_championships,0,1,"["""", """", """", """", """"]"
Player,managed-gpt-oss-120b,w20,player,71,olympic_gold_medals,0,1,"["""", """", """", """", """"]"
Player,managed-gpt-oss-120b,w20,player,71,position,0,1,"[""Frontcourt"", ""Frontcourt"", ""Frontcourt"", ""Frontcourt"", ""Frontcourt""]"
Player,managed-gpt-oss-120b,w20,player,71,team,0,1,"[""Chicago Bulls"", ""Chicago Bulls"", ""Chicago Bulls"", ""Chicago Bulls"", ""Chicago Bulls""]"
Player,managed-gpt-oss-120b,w20,player,72,age,0,1,"[""43"", ""43"", ""43"", ""43"", ""43""]"
Player,managed-gpt-oss-120b,w20,player,72,birth_date,0,1,"[""1981/3/23"", ""1981/3/23"", ""1981/3/23"", ""1981/3/23"", ""1981/3/23""]"
Player,managed-gpt-oss-120b,w20,player,72,college,0,1,"[""University of North Carolina at Chapel Hill"", ""University of North Carolina at Chapel Hill"", ""University of North Carolina at Chapel Hill"", ""University of North Carolina at Chapel Hill"", ""University of North Carolina at Chapel Hill""]"
Player,managed-gpt-oss-120b,w20,player,72,draft_pick,0,1,"[""21"", ""21"", ""21"", ""21"", ""21""]"
Player,managed-gpt-oss-120b,w20,player,72,draft_year,0,1,"[""2001"", ""2001"", ""2001"", ""2001"", ""2001""]"
Player,managed-gpt-oss-120b,w20,player,72,fiba_world_cup,0,1,"["""", """", """", """", """"]"
Player,managed-gpt-oss-120b,w20,player,72,mvp_awards,0,1,"[""0"", ""0"", ""0"", ""0"", ""0""]"
Player,managed-gpt-oss-120b,w20,player,72,name,0,1,"[""Joseph Xavier Forte"", ""Joseph Xavier Forte"", ""Joseph Xavier Forte"", ""Joseph Xavier Forte"", ""Joseph Xavier Forte""]"
Player,managed-gpt-oss-120b,w20,player,72,nationality,0,1,"[""USA"", ""USA"", ""USA"", ""USA"", ""USA""]"
Player,managed-gpt-oss-120b,w20,player,72,nba_championships,0,1,"["""", """", """", """", """"]"
Player,managed-gpt-oss-120b,w20,player,72,olympic_gold_medals,0,1,"["""", """", """", """", """"]"
Player,managed-gpt-oss-120b,w20,player,72,position,0,1,"[""Backcourt"", ""Backcourt"", ""Backcourt"", ""Backcourt"", ""Backcourt""]"
Player,managed-gpt-oss-120b,w20,player,72,team,0,1,"[""Seattle SuperSonics"", ""Seattle SuperSonics"", ""Seattle SuperSonics"", ""Seattle SuperSonics"", ""Seattle SuperSonics""]"
Player,managed-gpt-oss-120b,w20,player,73,age,0,1,"[""57"", ""57"", ""57"", ""57"", ""57""]"
Player,managed-gpt-oss-120b,w20,player,73,birth_date,0,1,"[""1967/4/24"", ""1967/4/24"", ""1967/4/24"", ""1967/4/24"", ""1967/4/24""]"
Player,managed-gpt-oss-120b,w20,player,73,college,0,1,"["""", """", """", """", """"]"
Player,managed-gpt-oss-120b,w20,player,73,draft_pick,0,1,"[""40"", ""40"", ""40"", ""40"", ""40""]"
Player,managed-gpt-oss-120b,w20,player,73,draft_year,0,1,"[""1989"", ""1989"", ""1989"", ""1989"", ""1989""]"
Player,managed-gpt-oss-120b,w20,player,73,fiba_world_cup,0,1,"["""", """", """", """", """"]"
Player,managed-gpt-oss-120b,w20,player,73,mvp_awards,0,1,"[""0"", ""0"", ""0"", ""0"", ""0""]"
Player,managed-gpt-oss-120b,w20,player,73,name,0,1,"[""Dino Ra\u0111a"", ""Dino Ra\u0111a"", ""Dino Ra\u0111a"", ""Dino Ra\u0111a"", ""Dino Ra\u0111a""]"
Player,managed-gpt-oss-120b,w20,player,73,nationality,0,1,"[""Croatia"", ""Croatia"", ""Croatia"", ""Croatia"", ""Croatia""]"
Player,managed-gpt-oss-120b,w20,player,73,nba_championships,0,1,"["""", """", """", """", """"]"
Player,managed-gpt-oss-120b,w20,player,73,olympic_gold_medals,0,1,"["""", """", """", """", """"]"
Player,managed-gpt-oss-120b,w20,player,73,position,0,1,"[""Frontcourt"", ""Frontcourt"", ""Frontcourt"", ""Frontcourt"", ""Frontcourt""]"
Player,managed-gpt-oss-120b,w20,player,73,team,0,1,"[""Boston Celtics"", ""Boston Celtics"", ""Boston Celtics"", ""Boston Celtics"", ""Boston Celtics""]"
Player,managed-gpt-oss-120b,w20,player,74,age,0,1,"[""65"", ""65"", ""65"", ""65"", ""65""]"
Player,managed-gpt-oss-120b,w20,player,74,birth_date,0,1,"[""1959/7/5"", ""1959/7/5"", ""1959/7/5"", ""1959/7/5"", ""1959/7/5""]"
Player,managed-gpt-oss-120b,w20,player,74,college,0,1,"[""Oregon State University"", ""Oregon State University"", ""Oregon State University"", ""Oregon State University"", ""Oregon State University""]"
Player,managed-gpt-oss-120b,w20,player,74,draft_pick,0,1,"[""53"", ""53"", ""53"", ""53"", ""53""]"
Player,managed-gpt-oss-120b,w20,player,74,draft_year,0,1,"[""1981"", ""1981"", ""1981"", ""1981"", ""1981""]"
Player,managed-gpt-oss-120b,w20,player,74,fiba_world_cup,0,1,"["""", """", """", """", """"]"
Player,managed-gpt-oss-120b,w20,player,74,mvp_awards,0,1,"[""0"", ""0"", ""0"", ""0"", ""0""]"
Player,managed-gpt-oss-120b,w20,player,74,name,0,1,"[""Mark Jeffrey Radford"", ""Mark Jeffrey Radford"", ""Mark Jeffrey Radford"", ""Mark Jeffrey Radford"", ""Mark Jeffrey Radford""]"
Player,managed-gpt-oss-120b,w20,player,74,nationality,0,1,"[""USA"", ""USA"", ""USA"", ""USA"", ""USA""]"
Player,managed-gpt-oss-120b,w20,player,74,nba_championships,0,1,"["""", """", """", """", """"]"
Player,managed-gpt-oss-120b,w20,player,74,olympic_gold_medals,0,1,"["""", """", """", """", """"]"
Player,managed-gpt-oss-120b,w20,player,74,position,0,1,"["""", """", """", """", """"]"
Player,managed-gpt-oss-120b,w20,player,74,team,0,1,"[""Seattle SuperSonics"", ""Seattle SuperSonics"", ""Seattle SuperSonics"", ""Seattle SuperSonics"", ""Seattle SuperSonics""]"
Player,managed-gpt-oss-120b,w20,player,75,age,0,1,"[""34"", ""34"", ""34"", ""34"", ""34""]"
Player,managed-gpt-oss-120b,w20,player,75,birth_date,0,1,"[""1990/7/31"", ""1990/7/31"", ""1990/7/31"", ""1990/7/31"", ""1990/7/31""]"
Player,managed-gpt-oss-120b,w20,player,75,college,0,1,"["""", """", """", """", """"]"
Player,managed-gpt-oss-120b,w20,player,75,draft_pick,0,1,"[""48"", ""48"", ""48"", ""48"", ""48""]"
Player,managed-gpt-oss-120b,w20,player,75,draft_year,0,1,"[""2012"", ""2012"", ""2012"", ""2012"", ""2012""]"
Player,managed-gpt-oss-120b,w20,player,75,fiba_world_cup,0,1,"["""", """", """", """", """"]"
Player,managed-gpt-oss-120b,w20,player,75,mvp_awards,0,1,"[""0"", ""0"", ""0"", ""0"", ""0""]"
Player,managed-gpt-oss-120b,w20,player,75,name,1,2,"[""Konstantinos Papanikolaou"", ""Konstantinos \""Kostas\"" Papanikolaou"", ""Konstantinos \""Kostas\"" Papanikolaou"", ""Konstantinos Papanikolaou"", ""Konstantinos \""Kostas\"" Papanikolaou""]"
Player,managed-gpt-oss-120b,w20,player,75,nationality,0,1,"[""Greece"", ""Greece"", ""Greece"", ""Greece"", ""Greece""]"
Player,managed-gpt-oss-120b,w20,player,75,nba_championships,0,1,"["""", """", """", """", """"]"
Player,managed-gpt-oss-120b,w20,player,75,olympic_gold_medals,0,1,"["""", """", """", """", """"]"
Player,managed-gpt-oss-120b,w20,player,75,position,0,1,"[""Frontcourt"", ""Frontcourt"", ""Frontcourt"", ""Frontcourt"", ""Frontcourt""]"
Player,managed-gpt-oss-120b,w20,player,75,team,0,1,"[""Denver Nuggets"", ""Denver Nuggets"", ""Denver Nuggets"", ""Denver Nuggets"", ""Denver Nuggets""]"
Player,managed-gpt-oss-120b,w20,player,76,age,0,1,"[""65"", ""65"", ""65"", ""65"", ""65""]"
Player,managed-gpt-oss-120b,w20,player,76,birth_date,0,1,"[""1959/7/3"", ""1959/7/3"", ""1959/7/3"", ""1959/7/3"", ""1959/7/3""]"
Player,managed-gpt-oss-120b,w20,player,76,college,0,1,"["""", """", """", """", """"]"
Player,managed-gpt-oss-120b,w20,player,76,draft_pick,0,1,"["""", """", """", """", """"]"
Player,managed-gpt-oss-120b,w20,player,76,draft_year,0,1,"["""", """", """", """", """"]"
Player,managed-gpt-oss-120b,w20,player,76,fiba_world_cup,0,1,"["""", """", """", """", """"]"
Player,managed-gpt-oss-120b,w20,player,76,mvp_awards,0,1,"[""0"", ""0"", ""0"", ""0"", ""0""]"
Player,managed-gpt-oss-120b,w20,player,76,name,0,1,"[""Garrett David Witts"", ""Garrett David Witts"", ""Garrett David Witts"", ""Garrett David Witts"", ""Garrett David Witts""]"
Player,managed-gpt-oss-120b,w20,player,76,nationality,0,1,"[""USA"", ""USA"", ""USA"", ""USA"", ""USA""]"
Player,managed-gpt-oss-120b,w20,player,76,nba_championships,0,1,"["""", """", """", """", """"]"
Player,managed-gpt-oss-120b,w20,player,76,olympic_gold_medals,0,1,"["""", """", """", """", """"]"
Player,managed-gpt-oss-120b,w20,player,76,position,0,1,"["""", """", """", """", """"]"
Player,managed-gpt-oss-120b,w20,player,76,team,0,1,"[""Washington Bullets"", ""Washington Bullets"", ""Washington Bullets"", ""Washington Bullets"", ""Washington Bullets""]"
Player,managed-gpt-oss-120b,w20,player,77,age,0,1,"[""22"", ""22"", ""22"", ""22"", ""22""]"
Player,managed-gpt-oss-120b,w20,player,77,birth_date,0,1,"[""2002/7/30"", ""2002/7/30"", ""2002/7/30"", ""2002/7/30"", ""2002/7/30""]"
Player,managed-gpt-oss-120b,w20,player,77,college,1,3,"[""University of Colorado Boulder"", ""University of Colorado Boulder"", ""University of Colorado Boulder"", ""University of Colorado"", ""University of Colorado (Colorado Buffaloes)""]"
Player,managed-gpt-oss-120b,w20,player,77,draft_pick,0,1,"[""57"", ""57"", ""57"", ""57"", ""57""]"
Player,managed-gpt-oss-120b,w20,player,77,draft_year,0,1,"[""2022"", ""2022"", ""2022"", ""2022"", ""2022""]"
Player,managed-gpt-oss-120b,w20,player,77,fiba_world_cup,0,1,"["""", """", """", """", """"]"
Player,managed-gpt-oss-120b,w20,player,77,mvp_awards,0,1,"[""0"", ""0"", ""0"", ""0"", ""0""]"
Player,managed-gpt-oss-120b,w20,player,77,name,0,1,"[""Jabari Dominic Walker"", ""Jabari Dominic Walker"", ""Jabari Dominic Walker"", ""Jabari Dominic Walker"", ""Jabari Dominic Walker""]"
Player,managed-gpt-oss-120b,w20,player,77,nationality,0,1,"[""USA"", ""USA"", ""USA"", ""USA"", ""USA""]"
Player,managed-gpt-oss-120b,w20,player,77,nba_championships,0,1,"["""", """", """", """", """"]"
Player,managed-gpt-oss-120b,w20,player,77,olympic_gold_medals,0,1,"["""", """", """", """", """"]"
Player,managed-gpt-oss-120b,w20,player,77,position,0,1,"[""Frontcourt"", ""Frontcourt"", ""Frontcourt"", ""Frontcourt"", ""Frontcourt""]"
Player,managed-gpt-oss-120b,w20,player,77,team,0,1,"[""Portland Trail Blazers"", ""Portland Trail Blazers"", ""Portland Trail Blazers"", ""Portland Trail Blazers"", ""Portland Trail Blazers""]"
Player,managed-gpt-oss-120b,w20,player,78,age,0,1,"[""28"", ""28"", ""28"", ""28"", ""28""]"
Player,managed-gpt-oss-120b,w20,player,78,birth_date,0,1,"[""1996/10/8"", ""1996/10/8"", ""1996/10/8"", ""1996/10/8"", ""1996/10/8""]"
Player,managed-gpt-oss-120b,w20,player,78,college,1,2,"[""University of North Carolina Wilmington"", ""UNC Wilmington"", ""UNC Wilmington"", ""UNC Wilmington"", ""University of North Carolina Wilmington""]"
Player,managed-gpt-oss-120b,w20,player,78,draft_pick,0,1,"["""", """", """", """", """"]"
Player,managed-gpt-oss-120b,w20,player,78,draft_year,0,1,"["""", """", """", """", """"]"
Player,managed-gpt-oss-120b,w20,player,78,fiba_world_cup,0,1,"["""", """", """", """", """"]"
Player,managed-gpt-oss-120b,w20,player,78,mvp_awards,0,1,"[""0"", ""0"", ""0"", ""0"", ""0""]"
Player,managed-gpt-oss-120b,w20,player,78,name,0,1,"[""Devontae Calvin Cacok"", ""Devontae Calvin Cacok"", ""Devontae Calvin Cacok"", ""Devontae Calvin Cacok"", ""Devontae Calvin Cacok""]"
Player,managed-gpt-oss-120b,w20,player,78,nationality,0,1,"[""USA"", ""USA"", ""USA"", ""USA"", ""USA""]"
Player,managed-gpt-oss-120b,w20,player,78,nba_championships,0,1,"["""", """", """", """", """"]"
Player,managed-gpt-oss-120b,w20,player,78,olympic_gold_medals,0,1,"["""", """", """", """", """"]"
Player,managed-gpt-oss-120b,w20,player,78,position,0,1,"[""Frontcourt"", ""Frontcourt"", ""Frontcourt"", ""Frontcourt"", ""Frontcourt""]"
Player,managed-gpt-oss-120b,w20,player,78,team,1,2,"[""San Antonio Spurs"", ""Portland Trail Blazers"", ""San Antonio Spurs"", ""San Antonio Spurs"", ""San Antonio Spurs""]"
Player,managed-gpt-oss-120b,w20,player,79,age,0,1,"[""29"", ""29"", ""29"", ""29"", ""29""]"
Player,managed-gpt-oss-120b,w20,player,79,birth_date,0,1,"[""1995/10/2"", ""1995/10/2"", ""1995/10/2"", ""1995/10/2"", ""1995/10/2""]"
Player,managed-gpt-oss-120b,w20,player,79,college,1,2,"[""University of Central Florida||Florida Gulf Coast University"", ""University of Central Florida || Florida Gulf Coast University"", ""University of Central Florida || Florida Gulf Coast University"", ""University of Central Florida||Florida Gulf Coast University"", ""University of Central Florida || Florida Gulf Coast University""]"
Player,managed-gpt-oss-120b,w20,player,79,draft_pick,0,1,"["""", """", """", """", """"]"
Player,managed-gpt-oss-120b,w20,player,79,draft_year,0,1,"["""", """", """", """", """"]"
Player,managed-gpt-oss-120b,w20,player,79,fiba_world_cup,0,1,"["""", """", """", """", """"]"
Player,managed-gpt-oss-120b,w20,player,79,mvp_awards,0,1,"[""0"", ""0"", ""0"", ""0"", ""0""]"
Player,managed-gpt-oss-120b,w20,player,79,name,0,1,"[""Brandon Goodwin"", ""Brandon Goodwin"", ""Brandon Goodwin"", ""Brandon Goodwin"", ""Brandon Goodwin""]"
Player,managed-gpt-oss-120b,w20,player,79,nationality,0,1,"[""USA"", ""USA"", ""USA"", ""USA"", ""USA""]"
Player,managed-gpt-oss-120b,w20,player,79,nba_championships,0,1,"["""", """", """", """", """"]"
Player,managed-gpt-oss-120b,w20,player,79,olympic_gold_medals,0,1,"["""", """", """", """", """"]"
Player,managed-gpt-oss-120b,w20,player,79,position,0,1,"[""Backcourt"", ""Backcourt"", ""Backcourt"", ""Backcourt"", ""Backcourt""]"
Player,managed-gpt-oss-120b,w20,player,79,team,1,2,"[""New York Knicks"", ""Cleveland Cavaliers"", ""New York Knicks"", ""New York Knicks"", ""New York Knicks""]"
Player,managed-gpt-oss-120b,w20,player,80,age,0,1,"[""91"", ""91"", ""91"", ""91"", ""91""]"
Player,managed-gpt-oss-120b,w20,player,80,birth_date,0,1,"[""1933/1/20"", ""1933/1/20"", ""1933/1/20"", ""1933/1/20"", ""1933/1/20""]"
Player,managed-gpt-oss-120b,w20,player,80,college,0,1,"[""University of Notre Dame"", ""University of Notre Dame"", ""University of Notre Dame"", ""University of Notre Dame"", ""University of Notre Dame""]"
Player,managed-gpt-oss-120b,w20,player,80,draft_pick,0,1,"["""", """", """", """", """"]"
Player,managed-gpt-oss-120b,w20,player,80,draft_year,0,1,"[""1954"", ""1954"", ""1954"", ""1954"", ""1954""]"
Player,managed-gpt-oss-120b,w20,player,80,fiba_world_cup,0,1,"["""", """", """", """", """"]"
Player,managed-gpt-oss-120b,w20,player,80,mvp_awards,0,1,"[""0"", ""0"", ""0"", ""0"", ""0""]"
Player,managed-gpt-oss-120b,w20,player,80,name,0,1,"[""Richard Anthony Rosenthal"", ""Richard Anthony Rosenthal"", ""Richard Anthony Rosenthal"", ""Richard Anthony Rosenthal"", ""Richard Anthony Rosenthal""]"
Player,managed-gpt-oss-120b,w20,player,80,nationality,0,1,"[""USA"", ""USA"", ""USA"", ""USA"", ""USA""]"
Player,managed-gpt-oss-120b,w20,player,80,nba_championships,0,1,"["""", """", """", """", """"]"
Player,managed-gpt-oss-120b,w20,player,80,olympic_gold_medals,0,1,"["""", """", """", """", """"]"
Player,managed-gpt-oss-120b,w20,player,80,position,0,1,"[""Frontcourt"", ""Frontcourt"", ""Frontcourt"", ""Frontcourt"", ""Frontcourt""]"
Player,managed-gpt-oss-120b,w20,player,80,team,0,1,"[""Fort Wayne Pistons"", ""Fort Wayne Pistons"", ""Fort Wayne Pistons"", ""Fort Wayne Pistons"", ""Fort Wayne Pistons""]"
Player,managed-gpt-oss-120b,w20,player,81,age,0,1,"[""44"", ""44"", ""44"", ""44"", ""44""]"
Player,managed-gpt-oss-120b,w20,player,81,birth_date,0,1,"[""1980/3/20"", ""1980/3/20"", ""1980/3/20"", ""1980/3/20"", ""1980/3/20""]"
Player,managed-gpt-oss-120b,w20,player,81,college,0,1,"[""University of Michigan"", ""University of Michigan"", ""University of Michigan"", ""University of Michigan"", ""University of Michigan""]"
Player,managed-gpt-oss-120b,w20,player,81,draft_pick,0,1,"[""8"", ""8"", ""8"", ""8"", ""8""]"
Player,managed-gpt-oss-120b,w20,player,81,draft_year,0,1,"[""2000"", ""2000"", ""2000"", ""2000"", ""2000""]"
Player,managed-gpt-oss-120b,w20,player,81,fiba_world_cup,0,1,"["""", """", """", """", """"]"
Player,managed-gpt-oss-120b,w20,player,81,mvp_awards,0,1,"[""0"", ""0"", ""0"", ""0"", ""0""]"
Player,managed-gpt-oss-120b,w20,player,81,name,0,1,"[""Aaron Jamal Crawford"", ""Aaron Jamal Crawford"", ""Aaron Jamal Crawford"", ""Aaron Jamal Crawford"", ""Aaron Jamal Crawford""]"
Player,managed-gpt-oss-120b,w20,player,81,nationality,0,1,"[""USA"", ""USA"", ""USA"", ""USA"", ""USA""]"
Player,managed-gpt-oss-120b,w20,player,81,nba_championships,0,1,"["""", """", """", """", """"]"
Player,managed-gpt-oss-120b,w20,player,81,olympic_gold_medals,0,1,"["""", """", """", """", """"]"
Player,managed-gpt-oss-120b,w20,player,81,position,0,1,"[""Backcourt"", ""Backcourt"", ""Backcourt"", ""Backcourt"", ""Backcourt""]"
Player,managed-gpt-oss-120b,w20,player,81,team,0,1,"[""Brooklyn Nets"", ""Brooklyn Nets"", ""Brooklyn Nets"", ""Brooklyn Nets"", ""Brooklyn Nets""]"
Player,managed-gpt-oss-120b,w20,player,82,age,0,1,"[""36"", ""36"", ""36"", ""36"", ""36""]"
Player,managed-gpt-oss-120b,w20,player,82,birth_date,0,1,"[""1988/10/23"", ""1988/10/23"", ""1988/10/23"", ""1988/10/23"", ""1988/10/23""]"
Player,managed-gpt-oss-120b,w20,player,82,college,0,1,"[""Indiana University||Xavier University"", ""Indiana University||Xavier University"", ""Indiana University||Xavier University"", ""Indiana University||Xavier University"", ""Indiana University||Xavier University""]"
Player,managed-gpt-oss-120b,w20,player,82,draft_pick,0,1,"[""27"", ""27"", ""27"", ""27"", ""27""]"
Player,managed-gpt-oss-120b,w20,player,82,draft_year,0,1,"[""2010"", ""2010"", ""2010"", ""2010"", ""2010""]"
Player,managed-gpt-oss-120b,w20,player,82,fiba_world_cup,0,1,"["""", """", """", """", """"]"
Player,managed-gpt-oss-120b,w20,player,82,mvp_awards,0,1,"[""0"", ""0"", ""0"", ""0"", ""0""]"
Player,managed-gpt-oss-120b,w20,player,82,name,0,1,"[""Jordan Lee Crawford"", ""Jordan Lee Crawford"", ""Jordan Lee Crawford"", ""Jordan Lee Crawford"", ""Jordan Lee Crawford""]"
Player,managed-gpt-oss-120b,w20,player,82,nationality,0,1,"[""USA"", ""USA"", ""USA"", ""USA"", ""USA""]"
Player,managed-gpt-oss-120b,w20,player,82,nba_championships,0,1,"["""", """", """", """", """"]"
Player,managed-gpt-oss-120b,w20,player,82,olympic_gold_medals,0,1,"["""", """", """", """", """"]"
Player,managed-gpt-oss-120b,w20,player,82,position,0,1,"[""Backcourt"", ""Backcourt"", ""Backcourt"", ""Backcourt"", ""Backcourt""]"
Player,managed-gpt-oss-120b,w20,player,82,team,0,1,"[""New Orleans Pelicans"", ""New Orleans Pelicans"", ""New Orleans Pelicans"", ""New Orleans Pelicans"", ""New Orleans Pelicans""]"
Player,managed-gpt-oss-120b,w20,player,83,age,0,1,"[""60"", ""60"", ""60"", ""60"", ""60""]"
Player,managed-gpt-oss-120b,w20,player,83,birth_date,0,1,"[""1964/10/30"", ""1964/10/30"", ""1964/10/30"", ""1964/10/30"", ""1964/10/30""]"
Player,managed-gpt-oss-120b,w20,player,83,college,0,1,"[""Marquette University"", ""Marquette University"", ""Marquette University"", ""Marquette University"", ""Marquette University""]"
Player,managed-gpt-oss-120b,w20,player,83,draft_pick,0,1,"["""", """", """", """", """"]"
Player,managed-gpt-oss-120b,w20,player,83,draft_year,0,1,"["""", """", """", """", """"]"
Player,managed-gpt-oss-120b,w20,player,83,fiba_world_cup,0,1,"["""", """", """", """", """"]"
Player,managed-gpt-oss-120b,w20,player,83,mvp_awards,0,1,"[""0"", ""0"", ""0"", ""0"", ""0""]"
Player,managed-gpt-oss-120b,w20,player,83,name,0,1,"[""Thomas James Copa"", ""Thomas James Copa"", ""Thomas James Copa"", ""Thomas James Copa"", ""Thomas James Copa""]"
Player,managed-gpt-oss-120b,w20,player,83,nationality,0,1,"[""USA"", ""USA"", ""USA"", ""USA"", ""USA""]"
Player,managed-gpt-oss-120b,w20,player,83,nba_championships,0,1,"["""", """", """", """", """"]"
Player,managed-gpt-oss-120b,w20,player,83,olympic_gold_medals,0,1,"["""", """", """", """", """"]"
Player,managed-gpt-oss-120b,w20,player,83,position,0,1,"["""", """", """", """", """"]"
Player,managed-gpt-oss-120b,w20,player,83,team,1,2,"[""San Antonio Spurs"", ""San Antonio Spurs"", ""Houston Rockets"", ""Houston Rockets"", ""San Antonio Spurs""]"
Player,managed-gpt-oss-120b,w20,player,84,age,0,1,"[""73"", ""73"", ""73"", ""73"", ""73""]"
Player,managed-gpt-oss-120b,w20,player,84,birth_date,0,1,"[""1951/9/17"", ""1951/9/17"", ""1951/9/17"", ""1951/9/17"", ""1951/9/17""]"
Player,managed-gpt-oss-120b,w20,player,84,college,0,1,"[""American University"", ""American University"", ""American University"", ""American University"", ""American University""]"
Player,managed-gpt-oss-120b,w20,player,84,draft_pick,0,1,"[""5"", ""5"", ""5"", ""5"", ""5""]"
Player,managed-gpt-oss-120b,w20,player,84,draft_year,0,1,"[""1973"", ""1973"", ""1973"", ""1973"", ""1973""]"
Player,managed-gpt-oss-120b,w20,player,84,fiba_world_cup,0,1,"["""", """", """", """", """"]"
Player,managed-gpt-oss-120b,w20,player,84,mvp_awards,0,1,"[""0"", ""0"", ""0"", ""0"", ""0""]"
Player,managed-gpt-oss-120b,w20,player,84,name,0,1,"[""Kermit Alan Washington"", ""Kermit Alan Washington"", ""Kermit Alan Washington"", ""Kermit Alan Washington"", ""Kermit Alan Washington""]"
Player,managed-gpt-oss-120b,w20,player,84,nationality,0,1,"[""USA"", ""USA"", ""USA"", ""USA"", ""USA""]"
Player,managed-gpt-oss-120b,w20,player,84,nba_championships,1,2,"["""", """", """", """", ""0""]"
Player,managed-gpt-oss-120b,w20,player,84,olympic_gold_medals,0,1,"["""", """", """", """", """"]"
Player,managed-gpt-oss-120b,w20,player,84,position,0,1,"[""Frontcourt"", ""Frontcourt"", ""Frontcourt"", ""Frontcourt"", ""Frontcourt""]"
Player,managed-gpt-oss-120b,w20,player,84,team,1,2,"[""Golden State Warriors"", ""Golden State Warriors"", ""Golden\u00a0State\u00a0Warriors"", ""Golden State Warriors"", ""Golden State Warriors""]"
Player,managed-gpt-oss-120b,w20,player,85,age,0,1,"[""51"", ""51"", ""51"", ""51"", ""51""]"
Player,managed-gpt-oss-120b,w20,player,85,birth_date,0,1,"[""1973/5/18"", ""1973/5/18"", ""1973/5/18"", ""1973/5/18"", ""1973/5/18""]"
Player,managed-gpt-oss-120b,w20,player,85,college,0,1,"[""University of Connecticut"", ""University of Connecticut"", ""University of Connecticut"", ""University of Connecticut"", ""University of Connecticut""]"
Player,managed-gpt-oss-120b,w20,player,85,draft_pick,0,1,"[""4"", ""4"", ""4"", ""4"", ""4""]"
Player,managed-gpt-oss-120b,w20,player,85,draft_year,0,1,"[""1994"", ""1994"", ""1994"", ""1994"", ""1994""]"
Player,managed-gpt-oss-120b,w20,player,85,fiba_world_cup,0,1,"["""", """", """", """", """"]"
Player,managed-gpt-oss-120b,w20,player,85,mvp_awards,0,1,"[""0"", ""0"", ""0"", ""0"", ""0""]"
Player,managed-gpt-oss-120b,w20,player,85,name,0,1,"[""Donyell Lamar Marshall"", ""Donyell Lamar Marshall"", ""Donyell Lamar Marshall"", ""Donyell Lamar Marshall"", ""Donyell Lamar Marshall""]"
Player,managed-gpt-oss-120b,w20,player,85,nationality,0,1,"[""USA"", ""USA"", ""USA"", ""USA"", ""USA""]"
Player,managed-gpt-oss-120b,w20,player,85,nba_championships,0,1,"["""", """", """", """", """"]"
Player,managed-gpt-oss-120b,w20,player,85,olympic_gold_medals,0,1,"["""", """", """", """", """"]"
Player,managed-gpt-oss-120b,w20,player,85,position,0,1,"[""Frontcourt"", ""Frontcourt"", ""Frontcourt"", ""Frontcourt"", ""Frontcourt""]"
Player,managed-gpt-oss-120b,w20,player,85,team,0,1,"[""Philadelphia 76ers"", ""Philadelphia 76ers"", ""Philadelphia 76ers"", ""Philadelphia 76ers"", ""Philadelphia 76ers""]"
Player,managed-gpt-oss-120b,w20,player,86,age,0,1,"[""85"", ""85"", ""85"", ""85"", ""85""]"
Player,managed-gpt-oss-120b,w20,player,86,birth_date,0,1,"[""1930/1/14"", ""1930/1/14"", ""1930/1/14"", ""1930/1/14"", ""1930/1/14""]"
Player,managed-gpt-oss-120b,w20,player,86,college,0,1,"[""University of Minnesota"", ""University of Minnesota"", ""University of Minnesota"", ""University of Minnesota"", ""University of Minnesota""]"
Player,managed-gpt-oss-120b,w20,player,86,draft_pick,0,1,"["""", """", """", """", """"]"
Player,managed-gpt-oss-120b,w20,player,86,draft_year,0,1,"["""", """", """", """", """"]"
Player,managed-gpt-oss-120b,w20,player,86,fiba_world_cup,0,1,"["""", """", """", """", """"]"
Player,managed-gpt-oss-120b,w20,player,86,mvp_awards,0,1,"[""0"", ""0"", ""0"", ""0"", ""0""]"
Player,managed-gpt-oss-120b,w20,player,86,name,0,1,"["""", """", """", """", """"]"
Player,managed-gpt-oss-120b,w20,player,86,nationality,0,1,"[""USA"", ""USA"", ""USA"", ""USA"", ""USA""]"
Player,managed-gpt-oss-120b,w20,player,86,nba_championships,0,1,"["""", """", """", """", """"]"
Player,managed-gpt-oss-120b,w20,player,86,olympic_gold_medals,0,1,"["""", """", """", """", """"]"
Player,managed-gpt-oss-120b,w20,player,86,position,0,1,"["""", """", """", """", """"]"
Player,managed-gpt-oss-120b,w20,player,86,team,0,1,"["""", """", """", """", """"]"
Player,managed-gpt-oss-120b,w20,player,87,age,0,1,"[""77"", ""77"", ""77"", ""77"", ""77""]"
Player,managed-gpt-oss-120b,w20,player,87,birth_date,0,1,"[""1947/3/7"", ""1947/3/7"", ""1947/3/7"", ""1947/3/7"", ""1947/3/7""]"
Player,managed-gpt-oss-120b,w20,player,87,college,0,1,"[""Cheyney University of Pennsylvania"", ""Cheyney University of Pennsylvania"", ""Cheyney University of Pennsylvania"", ""Cheyney University of Pennsylvania"", ""Cheyney University of Pennsylvania""]"
Player,managed-gpt-oss-120b,w20,player,87,draft_pick,0,1,"["""", """", """", """", """"]"
Player,managed-gpt-oss-120b,w20,player,87,draft_year,0,1,"[""1970"", ""1970"", ""1970"", ""1970"", ""1970""]"
Player,managed-gpt-oss-120b,w20,player,87,fiba_world_cup,0,1,"["""", """", """", """", """"]"
Player,managed-gpt-oss-120b,w20,player,87,mvp_awards,0,1,"[""0"", ""0"", ""0"", ""0"", ""0""]"
Player,managed-gpt-oss-120b,w20,player,87,name,0,1,"[""Gregory Paul Fillmore"", ""Gregory Paul Fillmore"", ""Gregory Paul Fillmore"", ""Gregory Paul Fillmore"", ""Gregory Paul Fillmore""]"
Player,managed-gpt-oss-120b,w20,player,87,nationality,0,1,"[""USA"", ""USA"", ""USA"", ""USA"", ""USA""]"
Player,managed-gpt-oss-120b,w20,player,87,nba_championships,0,1,"["""", """", """", """", """"]"
Player,managed-gpt-oss-120b,w20,player,87,olympic_gold_medals,0,1,"["""", """", """", """", """"]"
Player,managed-gpt-oss-120b,w20,player,87,position,0,1,"[""Frontcourt"", ""Frontcourt"", ""Frontcourt"", ""Frontcourt"", ""Frontcourt""]"
Player,managed-gpt-oss-120b,w20,player,87,team,0,1,"[""New York Knicks"", ""New York Knicks"", ""New York Knicks"", ""New York Knicks"", ""New York Knicks""]"
Player,managed-gpt-oss-120b,w20,player,88,age,0,1,"[""71"", ""71"", ""71"", ""71"", ""71""]"
Player,managed-gpt-oss-120b,w20,player,88,birth_date,0,1,"[""1953/10/31"", ""1953/10/31"", ""1953/10/31"", ""1953/10/31"", ""1953/10/31""]"
Player,managed-gpt-oss-120b,w20,player,88,college,0,1,"[""University of Maryland, College Park"", ""University of Maryland, College Park"", ""University of Maryland, College Park"", ""University of Maryland, College Park"", ""University of Maryland, College Park""]"
Player,managed-gpt-oss-120b,w20,player,88,draft_pick,0,1,"[""1"", ""1"", ""1"", ""1"", ""1""]"
Player,managed-gpt-oss-120b,w20,player,88,draft_year,0,1,"[""1976"", ""1976"", ""1976"", ""1976"", ""1976""]"
Player,managed-gpt-oss-120b,w20,player,88,fiba_world_cup,0,1,"["""", """", """", """", """"]"
Player,managed-gpt-oss-120b,w20,player,88,mvp_awards,0,1,"[""0"", ""0"", ""0"", ""0"", ""0""]"
Player,managed-gpt-oss-120b,w20,player,88,name,0,1,"[""John Harding Lucas\u202fII"", ""John Harding Lucas\u202fII"", ""John Harding Lucas\u202fII"", ""John Harding Lucas\u202fII"", ""John Harding Lucas\u202fII""]"
Player,managed-gpt-oss-120b,w20,player,88,nationality,0,1,"[""USA"", ""USA"", ""USA"", ""USA"", ""USA""]"
Player,managed-gpt-oss-120b,w20,player,88,nba_championships,0,1,"["""", """", """", """", """"]"
Player,managed-gpt-oss-120b,w20,player,88,olympic_gold_medals,0,1,"["""", """", """", """", """"]"
Player,managed-gpt-oss-120b,w20,player,88,position,0,1,"[""Backcourt"", ""Backcourt"", ""Backcourt"", ""Backcourt"", ""Backcourt""]"
Player,managed-gpt-oss-120b,w20,player,88,team,1,2,"[""Milwaukee Bucks"", ""Houston Rockets||Golden State Warriors||Washington Bullets||San Antonio Spurs||Milwaukee Bucks"", ""Milwaukee Bucks"", ""Milwaukee Bucks"", ""Milwaukee Bucks""]"
Player,managed-gpt-oss-120b,w20,player,89,age,0,1,"[""57"", ""57"", ""57"", ""57"", ""57""]"
Player,managed-gpt-oss-120b,w20,player,89,birth_date,0,1,"[""1929/11/16"", ""1929/11/16"", ""1929/11/16"", ""1929/11/16"", ""1929/11/16""]"
Player,managed-gpt-oss-120b,w20,player,89,college,1,2,"[""Long Island||John Marshall College"", ""Long Island||John Marshall College"", ""Long Island University||John Marshall College"", ""Long Island University||John Marshall College"", ""Long Island University||John Marshall College""]"
Player,managed-gpt-oss-120b,w20,player,89,draft_pick,0,1,"["""", """", """", """", """"]"
Player,managed-gpt-oss-120b,w20,player,89,draft_year,0,1,"[""1952"", ""1952"", ""1952"", ""1952"", ""1952""]"
Player,managed-gpt-oss-120b,w20,player,89,fiba_world_cup,0,1,"["""", """", """", """", """"]"
Player,managed-gpt-oss-120b,w20,player,89,mvp_awards,0,1,"[""0"", ""0"", ""0"", ""0"", ""0""]"
Player,managed-gpt-oss-120b,w20,player,89,name,0,1,"[""Richard Clifford Surhoff Jr."", ""Richard Clifford Surhoff Jr."", ""Richard Clifford Surhoff Jr."", ""Richard Clifford Surhoff Jr."", ""Richard Clifford Surhoff Jr.""]"
Player,managed-gpt-oss-120b,w20,player,89,nationality,0,1,"[""USA"", ""USA"", ""USA"", ""USA"", ""USA""]"
Player,managed-gpt-oss-120b,w20,player,89,nba_championships,0,1,"["""", """", """", """", """"]"
Player,managed-gpt-oss-120b,w20,player,89,olympic_gold_medals,0,1,"["""", """", """", """", """"]"
Player,managed-gpt-oss-120b,w20,player,89,position,0,1,"["""", """", """", """", """"]"
Player,managed-gpt-oss-120b,w20,player,89,team,0,1,"[""Milwaukee Hawks"", ""Milwaukee Hawks"", ""Milwaukee Hawks"", ""Milwaukee Hawks"", ""Milwaukee Hawks""]"
Player,managed-gpt-oss-120b,w20,player,90,age,0,1,"[""79"", ""79"", ""79"", ""79"", ""79""]"
Player,managed-gpt-oss-120b,w20,player,90,birth_date,0,1,"[""1945/11/18"", ""1945/11/18"", ""1945/11/18"", ""1945/11/18"", ""1945/11/18""]"
Player,managed-gpt-oss-120b,w20,player,90,college,0,1,"["""", """", """", """", """"]"
Player,managed-gpt-oss-120b,w20,player,90,draft_pick,1,2,"[""10"", ""10"", ""70"", ""10"", ""70""]"
Player,managed-gpt-oss-120b,w20,player,90,draft_year,0,1,"[""1968"", ""1968"", ""1968"", ""1968"", ""1968""]"
Player,managed-gpt-oss-120b,w20,player,90,fiba_world_cup,0,1,"["""", """", """", """", """"]"
Player,managed-gpt-oss-120b,w20,player,90,mvp_awards,0,1,"[""0"", ""0"", ""0"", ""0"", ""0""]"
Player,managed-gpt-oss-120b,w20,player,90,name,0,1,"[""Garfield Smith"", ""Garfield Smith"", ""Garfield Smith"", ""Garfield Smith"", ""Garfield Smith""]"
Player,managed-gpt-oss-120b,w20,player,90,nationality,0,1,"[""USA"", ""USA"", ""USA"", ""USA"", ""USA""]"
Player,managed-gpt-oss-120b,w20,player,90,nba_championships,0,1,"["""", """", """", """", """"]"
Player,managed-gpt-oss-120b,w20,player,90,olympic_gold_medals,0,1,"["""", """", """", """", """"]"
Player,managed-gpt-oss-120b,w20,player,90,position,0,1,"["""", """", """", """", """"]"
Player,managed-gpt-oss-120b,w20,player,90,team,0,1,"[""Boston Celtics"", ""Boston Celtics"", ""Boston Celtics"", ""Boston Celtics"", ""Boston Celtics""]"
Player,managed-gpt-oss-120b,w20,player,91,age,0,1,"[""73"", ""73"", ""73"", ""73"", ""73""]"
Player,managed-gpt-oss-120b,w20,player,91,birth_date,0,1,"[""1925/3/5"", ""1925/3/5"", ""1925/3/5"", ""1925/3/5"", ""1925/3/5""]"
Player,managed-gpt-oss-120b,w20,player,91,college,1,3,"[""Loyola University New Orleans || Canisius College"", ""Loyola University New Orleans||Canisius College"", ""Loyola University New Orleans||Canisius College"", ""Loyola University New\u202fOrleans||Canisius College"", ""Loyola University New Orleans || Canisius College""]"
Player,managed-gpt-oss-120b,w20,player,91,draft_pick,0,1,"["""", """", """", """", """"]"
Player,managed-gpt-oss-120b,w20,player,91,draft_year,0,1,"["""", """", """", """", """"]"
Player,managed-gpt-oss-120b,w20,player,91,fiba_world_cup,0,1,"["""", """", """", """", """"]"
Player,managed-gpt-oss-120b,w20,player,91,mvp_awards,0,1,"[""0"", ""0"", ""0"", ""0"", ""0""]"
Player,managed-gpt-oss-120b,w20,player,91,name,0,1,"[""Leroy Patrick Chollet"", ""Leroy Patrick Chollet"", ""Leroy Patrick Chollet"", ""Leroy Patrick Chollet"", ""Leroy Patrick Chollet""]"
Player,managed-gpt-oss-120b,w20,player,91,nationality,0,1,"[""USA"", ""USA"", ""USA"", ""USA"", ""USA""]"
Player,managed-gpt-oss-120b,w20,player,91,nba_championships,0,1,"["""", """", """", """", """"]"
Player,managed-gpt-oss-120b,w20,player,91,olympic_gold_medals,0,1,"["""", """", """", """", """"]"
Player,managed-gpt-oss-120b,w20,player,91,position,0,1,"[""Backcourt"", ""Backcourt"", ""Backcourt"", ""Backcourt"", ""Backcourt""]"
Player,managed-gpt-oss-120b,w20,player,91,team,0,1,"[""Syracuse Nationals"", ""Syracuse Nationals"", ""Syracuse Nationals"", ""Syracuse Nationals"", ""Syracuse Nationals""]"
Player,managed-gpt-oss-120b,w20,player,92,age,0,1,"[""33"", ""33"", ""33"", ""33"", ""33""]"
Player,managed-gpt-oss-120b,w20,player,92,birth_date,0,1,"[""1991/10/10"", ""1991/10/10"", ""1991/10/10"", ""1991/10/10"", ""1991/10/10""]"
Player,managed-gpt-oss-120b,w20,player,92,college,0,1,"[""Syracuse University"", ""Syracuse University"", ""Syracuse University"", ""Syracuse University"", ""Syracuse University""]"
Player,managed-gpt-oss-120b,w20,player,92,draft_pick,0,1,"[""11"", ""11"", ""11"", ""11"", ""11""]"
Player,managed-gpt-oss-120b,w20,player,92,draft_year,0,1,"[""2013"", ""2013"", ""2013"", ""2013"", ""2013""]"
Player,managed-gpt-oss-120b,w20,player,92,fiba_world_cup,0,1,"["""", """", """", """", """"]"
Player,managed-gpt-oss-120b,w20,player,92,mvp_awards,0,1,"[""0"", ""0"", ""0"", ""0"", ""0""]"
Player,managed-gpt-oss-120b,w20,player,92,name,0,1,"[""Michael Carter-Williams"", ""Michael Carter-Williams"", ""Michael Carter-Williams"", ""Michael Carter-Williams"", ""Michael Carter-Williams""]"
Player,managed-gpt-oss-120b,w20,player,92,nationality,0,1,"[""USA"", ""USA"", ""USA"", ""USA"", ""USA""]"
Player,managed-gpt-oss-120b,w20,player,92,nba_championships,0,1,"["""", """", """", """", """"]"
Player,managed-gpt-oss-120b,w20,player,92,olympic_gold_medals,0,1,"["""", """", """", """", """"]"
Player,managed-gpt-oss-120b,w20,player,92,position,0,1,"[""Backcourt"", ""Backcourt"", ""Backcourt"", ""Backcourt"", ""Backcourt""]"
Player,managed-gpt-oss-120b,w20,player,92,team,0,1,"[""Orlando Magic"", ""Orlando Magic"", ""Orlando Magic"", ""Orlando Magic"", ""Orlando Magic""]"
Player,managed-gpt-oss-120b,w20,player,93,age,0,1,"[""31"", ""31"", ""31"", ""31"", ""31""]"
Player,managed-gpt-oss-120b,w20,player,93,birth_date,0,1,"[""1993/9/15"", ""1993/9/15"", ""1993/9/15"", ""1993/9/15"", ""1993/9/15""]"
Player,managed-gpt-oss-120b,w20,player,93,college,0,1,"["""", """", """", """", """"]"
Player,managed-gpt-oss-120b,w20,player,93,draft_pick,0,1,"[""17"", ""17"", ""17"", ""17"", ""17""]"
Player,managed-gpt-oss-120b,w20,player,93,draft_year,0,1,"[""2013"", ""2013"", ""2013"", ""2013"", ""2013""]"
Player,managed-gpt-oss-120b,w20,player,93,fiba_world_cup,0,1,"[""1"", ""1"", ""1"", ""1"", ""1""]"
Player,managed-gpt-oss-120b,w20,player,93,mvp_awards,0,1,"[""0"", ""0"", ""0"", ""0"", ""0""]"
Player,managed-gpt-oss-120b,w20,player,93,name,0,1,"[""Dennis Schr\u00f6der"", ""Dennis Schr\u00f6der"", ""Dennis Schr\u00f6der"", ""Dennis Schr\u00f6der"", ""Dennis Schr\u00f6der""]"
Player,managed-gpt-oss-120b,w20,player,93,nationality,0,1,"[""Germany"", ""Germany"", ""Germany"", ""Germany"", ""Germany""]"
Player,managed-gpt-oss-120b,w20,player,93,nba_championships,0,1,"["""", """", """", """", """"]"
Player,managed-gpt-oss-120b,w20,player,93,olympic_gold_medals,0,1,"["""", """", """", """", """"]"
Player,managed-gpt-oss-120b,w20,player,93,position,0,1,"[""Backcourt"", ""Backcourt"", ""Backcourt"", ""Backcourt"", ""Backcourt""]"
Player,managed-gpt-oss-120b,w20,player,93,team,0,1,"[""Brooklyn Nets"", ""Brooklyn Nets"", ""Brooklyn Nets"", ""Brooklyn Nets"", ""Brooklyn Nets""]"
Player,managed-gpt-oss-120b,w20,player,94,age,0,1,"[""78"", ""78"", ""78"", ""78"", ""78""]"
Player,managed-gpt-oss-120b,w20,player,94,birth_date,0,1,"[""1936/3/13"", ""1936/3/13"", ""1936/3/13"", ""1936/3/13"", ""1936/3/13""]"
Player,managed-gpt-oss-120b,w20,player,94,college,0,1,"[""Kansas State University"", ""Kansas State University"", ""Kansas State University"", ""Kansas State University"", ""Kansas State University""]"
Player,managed-gpt-oss-120b,w20,player,94,draft_pick,0,1,"["""", """", """", """", """"]"
Player,managed-gpt-oss-120b,w20,player,94,draft_year,0,1,"[""1958"", ""1958"", ""1958"", ""1958"", ""1958""]"
Player,managed-gpt-oss-120b,w20,player,94,fiba_world_cup,0,1,"["""", """", """", """", """"]"
Player,managed-gpt-oss-120b,w20,player,94,mvp_awards,0,1,"[""0"", ""0"", ""0"", ""0"", ""0""]"
Player,managed-gpt-oss-120b,w20,player,94,name,0,1,"[""Jack Parr"", ""Jack Parr"", ""Jack Parr"", ""Jack Parr"", ""Jack Parr""]"
Player,managed-gpt-oss-120b,w20,player,94,nationality,0,1,"[""USA"", ""USA"", ""USA"", ""USA"", ""USA""]"
Player,managed-gpt-oss-120b,w20,player,94,nba_championships,0,1,"["""", """", """", """", """"]"
Player,managed-gpt-oss-120b,w20,player,94,olympic_gold_medals,0,1,"["""", """", """", """", """"]"
Player,managed-gpt-oss-120b,w20,player,94,position,1,2,"[""Frontcourt"", ""Frontcourt"", """", ""Frontcourt"", ""Frontcourt""]"
Player,managed-gpt-oss-120b,w20,player,94,team,0,1,"[""Cincinnati Royals"", ""Cincinnati Royals"", ""Cincinnati Royals"", ""Cincinnati Royals"", ""Cincinnati Royals""]"
Player,managed-gpt-oss-120b,w20,player,95,age,0,1,"[""54"", ""54"", ""54"", ""54"", ""54""]"
Player,managed-gpt-oss-120b,w20,player,95,birth_date,0,1,"[""1958/7/26"", ""1958/7/26"", ""1958/7/26"", ""1958/7/26"", ""1958/7/26""]"
Player,managed-gpt-oss-120b,w20,player,95,college,0,1,"[""Tennessee State University"", ""Tennessee State University"", ""Tennessee State University"", ""Tennessee State University"", ""Tennessee State University""]"
Player,managed-gpt-oss-120b,w20,player,95,draft_pick,0,1,"[""21"", ""21"", ""21"", ""21"", ""21""]"
Player,managed-gpt-oss-120b,w20,player,95,draft_year,0,1,"[""1980"", ""1980"", ""1980"", ""1980"", ""1980""]"
Player,managed-gpt-oss-120b,w20,player,95,fiba_world_cup,0,1,"["""", """", """", """", """"]"
Player,managed-gpt-oss-120b,w20,player,95,mvp_awards,0,1,"[""0"", ""0"", ""0"", ""0"", ""0""]"
Player,managed-gpt-oss-120b,w20,player,95,name,1,2,"[""DaMon William \""Monti\"" Davis"", ""DaMon William Davis"", ""DaMon William Davis"", ""DaMon William \""Monti\"" Davis"", ""DaMon William \""Monti\"" Davis""]"
Player,managed-gpt-oss-120b,w20,player,95,nationality,0,1,"[""USA"", ""USA"", ""USA"", ""USA"", ""USA""]"
Player,managed-gpt-oss-120b,w20,player,95,nba_championships,0,1,"["""", """", """", """", """"]"
Player,managed-gpt-oss-120b,w20,player,95,olympic_gold_medals,0,1,"["""", """", """", """", """"]"
Player,managed-gpt-oss-120b,w20,player,95,position,0,1,"[""Frontcourt"", ""Frontcourt"", ""Frontcourt"", ""Frontcourt"", ""Frontcourt""]"
Player,managed-gpt-oss-120b,w20,player,95,team,0,1,"[""Dallas Mavericks"", ""Dallas Mavericks"", ""Dallas Mavericks"", ""Dallas Mavericks"", ""Dallas Mavericks""]"
Player,managed-gpt-oss-120b,w20,player,96,age,0,1,"[""58"", ""58"", ""58"", ""58"", ""58""]"
Player,managed-gpt-oss-120b,w20,player,96,birth_date,0,1,"[""1966/2/7"", ""1966/2/7"", ""1966/2/7"", ""1966/2/7"", ""1966/2/7""]"
Player,managed-gpt-oss-120b,w20,player,96,college,0,1,"["""", """", """", """", """"]"
Player,managed-gpt-oss-120b,w20,player,96,draft_pick,0,1,"["""", """", """", """", """"]"
Player,managed-gpt-oss-120b,w20,player,96,draft_year,0,1,"["""", """", """", """", """"]"
Player,managed-gpt-oss-120b,w20,player,96,fiba_world_cup,0,1,"["""", """", """", """", """"]"
Player,managed-gpt-oss-120b,w20,player,96,mvp_awards,0,1,"[""0"", ""0"", ""0"", ""0"", ""0""]"
Player,managed-gpt-oss-120b,w20,player,96,name,0,1,"[""Eric Johnson Jones"", ""Eric Johnson Jones"", ""Eric Johnson Jones"", ""Eric Johnson Jones"", ""Eric Johnson Jones""]"
Player,managed-gpt-oss-120b,w20,player,96,nationality,0,1,"[""USA||Spain"", ""USA||Spain"", ""USA||Spain"", ""USA||Spain"", ""USA||Spain""]"
Player,managed-gpt-oss-120b,w20,player,96,nba_championships,0,1,"["""", """", """", """", """"]"
Player,managed-gpt-oss-120b,w20,player,96,olympic_gold_medals,0,1,"["""", """", """", """", """"]"
Player,managed-gpt-oss-120b,w20,player,96,position,0,1,"["""", """", """", """", """"]"
Player,managed-gpt-oss-120b,w20,player,96,team,0,1,"[""Utah Jazz"", ""Utah Jazz"", ""Utah Jazz"", ""Utah Jazz"", ""Utah Jazz""]"
Player,managed-gpt-oss-120b,w20,player,97,age,0,1,"[""60"", ""60"", ""60"", ""60"", ""60""]"
Player,managed-gpt-oss-120b,w20,player,97,birth_date,0,1,"[""1925/10/8"", ""1925/10/8"", ""1925/10/8"", ""1925/10/8"", ""1925/10/8""]"
Player,managed-gpt-oss-120b,w20,player,97,college,0,1,"[""New York University"", ""New York University"", ""New York University"", ""New York University"", ""New York University""]"
Player,managed-gpt-oss-120b,w20,player,97,draft_pick,0,1,"["""", """", """", """", """"]"
Player,managed-gpt-oss-120b,w20,player,97,draft_year,0,1,"["""", """", """", """", """"]"
Player,managed-gpt-oss-120b,w20,player,97,fiba_world_cup,0,1,"["""", """", """", """", """"]"
Player,managed-gpt-oss-120b,w20,player,97,mvp_awards,0,1,"[""0"", ""0"", ""0"", ""0"", ""0""]"
Player,managed-gpt-oss-120b,w20,player,97,name,0,1,"[""Sidney Harold Tanenbaum"", ""Sidney Harold Tanenbaum"", ""Sidney Harold Tanenbaum"", ""Sidney Harold Tanenbaum"", ""Sidney Harold Tanenbaum""]"
Player,managed-gpt-oss-120b,w20,player,97,nationality,0,1,"[""USA"", ""USA"", ""USA"", ""USA"", ""USA""]"
Player,managed-gpt-oss-120b,w20,player,97,nba_championships,0,1,"["""", """", """", """", """"]"
Player,managed-gpt-oss-120b,w20,player,97,olympic_gold_medals,0,1,"["""", """", """", """", """"]"
Player,managed-gpt-oss-120b,w20,player,97,position,1,2,"[""Frontcourt||Backcourt"", ""Frontcourt||Backcourt"", ""Backcourt||Frontcourt"", ""Frontcourt||Backcourt"", ""Frontcourt||Backcourt""]"
Player,managed-gpt-oss-120b,w20,player,97,team,0,1,"[""Baltimore Bullets"", ""Baltimore Bullets"", ""Baltimore Bullets"", ""Baltimore Bullets"", ""Baltimore Bullets""]"
Player,managed-gpt-oss-120b,w20,player,98,age,0,1,"[""24"", ""24"", ""24"", ""24"", ""24""]"
Player,managed-gpt-oss-120b,w20,player,98,birth_date,0,1,"[""2000/2/22"", ""2000/2/22"", ""2000/2/22"", ""2000/2/22"", ""2000/2/22""]"
Player,managed-gpt-oss-120b,w20,player,98,college,0,1,"[""Indiana University"", ""Indiana University"", ""Indiana University"", ""Indiana University"", ""Indiana University""]"
Player,managed-gpt-oss-120b,w20,player,98,draft_pick,0,1,"[""57"", ""57"", ""57"", ""57"", ""57""]"
Player,managed-gpt-oss-120b,w20,player,98,draft_year,0,1,"[""2023"", ""2023"", ""2023"", ""2023"", ""2023""]"
Player,managed-gpt-oss-120b,w20,player,98,fiba_world_cup,0,1,"["""", """", """", """", """"]"
Player,managed-gpt-oss-120b,w20,player,98,mvp_awards,0,1,"[""0"", ""0"", ""0"", ""0"", ""0""]"
Player,managed-gpt-oss-120b,w20,player,98,name,0,1,"[""Trayce Jackson-Davis"", ""Trayce Jackson-Davis"", ""Trayce Jackson-Davis"", ""Trayce Jackson-Davis"", ""Trayce Jackson-Davis""]"
Player,managed-gpt-oss-120b,w20,player,98,nationality,0,1,"[""USA"", ""USA"", ""USA"", ""USA"", ""USA""]"
Player,managed-gpt-oss-120b,w20,player,98,nba_championships,0,1,"["""", """", """", """", """"]"
Player,managed-gpt-oss-120b,w20,player,98,olympic_gold_medals,0,1,"["""", """", """", """", """"]"
Player,managed-gpt-oss-120b,w20,player,98,position,0,1,"[""Frontcourt"", ""Frontcourt"", ""Frontcourt"", ""Frontcourt"", ""Frontcourt""]"
Player,managed-gpt-oss-120b,w20,player,98,team,0,1,"[""Golden State Warriors"", ""Golden State Warriors"", ""Golden State Warriors"", ""Golden State Warriors"", ""Golden State Warriors""]"
Player,managed-gpt-oss-120b,w20,player,99,age,0,1,"[""31"", ""31"", ""31"", ""31"", ""31""]"
Player,managed-gpt-oss-120b,w20,player,99,birth_date,0,1,"[""1993/8/10"", ""1993/8/10"", ""1993/8/10"", ""1993/8/10"", ""1993/8/10""]"
Player,managed-gpt-oss-120b,w20,player,99,college,0,1,"[""University of Connecticut"", ""University of Connecticut"", ""University of Connecticut"", ""University of Connecticut"", ""University of Connecticut""]"
Player,managed-gpt-oss-120b,w20,player,99,draft_pick,0,1,"[""9"", ""9"", ""9"", ""9"", ""9""]"
Player,managed-gpt-oss-120b,w20,player,99,draft_year,0,1,"[""2012"", ""2012"", ""2012"", ""2012"", ""2012""]"
Player,managed-gpt-oss-120b,w20,player,99,fiba_world_cup,0,1,"[""1"", ""1"", ""1"", ""1"", ""1""]"
Player,managed-gpt-oss-120b,w20,player,99,mvp_awards,0,1,"[""0"", ""0"", ""0"", ""0"", ""0""]"
Player,managed-gpt-oss-120b,w20,player,99,name,0,1,"[""Andre Jamal Drummond"", ""Andre Jamal Drummond"", ""Andre Jamal Drummond"", ""Andre Jamal Drummond"", ""Andre Jamal Drummond""]"
Player,managed-gpt-oss-120b,w20,player,99,nationality,0,1,"[""USA"", ""USA"", ""USA"", ""USA"", ""USA""]"
Player,managed-gpt-oss-120b,w20,player,99,nba_championships,0,1,"["""", """", """", """", """"]"
Player,managed-gpt-oss-120b,w20,player,99,olympic_gold_medals,0,1,"["""", """", """", """", """"]"
Player,managed-gpt-oss-120b,w20,player,99,position,0,1,"[""Frontcourt"", ""Frontcourt"", ""Frontcourt"", ""Frontcourt"", ""Frontcourt""]"
Player,managed-gpt-oss-120b,w20,player,99,team,0,1,"[""Philadelphia 76ers"", ""Philadelphia 76ers"", ""Philadelphia 76ers"", ""Philadelphia 76ers"", ""Philadelphia 76ers""]"
Player,managed-gpt-oss-120b,w20,player,100,age,0,1,"[""32"", ""32"", ""32"", ""32"", ""32""]"
Player,managed-gpt-oss-120b,w20,player,100,birth_date,0,1,"[""1992/12/17"", ""1992/12/17"", ""1992/12/17"", ""1992/12/17"", ""1992/12/17""]"
Player,managed-gpt-oss-120b,w20,player,100,college,0,1,"[""University of Oklahoma"", ""University of Oklahoma"", ""University of Oklahoma"", ""University of Oklahoma"", ""University of Oklahoma""]"
Player,managed-gpt-oss-120b,w20,player,100,draft_pick,0,1,"[""6"", ""6"", ""6"", ""6"", ""6""]"
Player,managed-gpt-oss-120b,w20,player,100,draft_year,0,1,"[""2016"", ""2016"", ""2016"", ""2016"", ""2016""]"
Player,managed-gpt-oss-120b,w20,player,100,fiba_world_cup,0,1,"["""", """", """", """", """"]"
Player,managed-gpt-oss-120b,w20,player,100,mvp_awards,0,1,"[""0"", ""0"", ""0"", ""0"", ""0""]"
Player,managed-gpt-oss-120b,w20,player,100,name,0,1,"[""Chavano Rainer Hield"", ""Chavano Rainer Hield"", ""Chavano Rainer Hield"", ""Chavano Rainer Hield"", ""Chavano Rainer Hield""]"
Player,managed-gpt-oss-120b,w20,player,100,nationality,0,1,"[""Bahamas"", ""Bahamas"", ""Bahamas"", ""Bahamas"", ""Bahamas""]"
Player,managed-gpt-oss-120b,w20,player,100,nba_championships,0,1,"["""", """", """", """", """"]"
Player,managed-gpt-oss-120b,w20,player,100,olympic_gold_medals,0,1,"["""", """", """", """", """"]"
Player,managed-gpt-oss-120b,w20,player,100,position,0,1,"[""Backcourt"", ""Backcourt"", ""Backcourt"", ""Backcourt"", ""Backcourt""]"
Player,managed-gpt-oss-120b,w20,player,100,team,0,1,"[""Golden State Warriors"", ""Golden State Warriors"", ""Golden State Warriors"", ""Golden State Warriors"", ""Golden State Warriors""]"
Player,managed-gpt-oss-120b,w20,player,101,age,0,1,"[""28"", ""28"", ""28"", ""28"", ""28""]"
Player,managed-gpt-oss-120b,w20,player,101,birth_date,0,1,"[""1996/2/23"", ""1996/2/23"", ""1996/2/23"", ""1996/2/23"", ""1996/2/23""]"
Player,managed-gpt-oss-120b,w20,player,101,college,0,1,"[""Ohio State University"", ""Ohio State University"", ""Ohio State University"", ""Ohio State University"", ""Ohio State University""]"
Player,managed-gpt-oss-120b,w20,player,101,draft_pick,0,1,"[""2"", ""2"", ""2"", ""2"", ""2""]"
Player,managed-gpt-oss-120b,w20,player,101,draft_year,0,1,"[""2015"", ""2015"", ""2015"", ""2015"", ""2015""]"
Player,managed-gpt-oss-120b,w20,player,101,fiba_world_cup,0,1,"["""", """", """", """", """"]"
Player,managed-gpt-oss-120b,w20,player,101,mvp_awards,0,1,"[""0"", ""0"", ""0"", ""0"", ""0""]"
Player,managed-gpt-oss-120b,w20,player,101,name,0,1,"[""D'Angelo Russell"", ""D'Angelo Russell"", ""D'Angelo Russell"", ""D'Angelo Russell"", ""D'Angelo Russell""]"
Player,managed-gpt-oss-120b,w20,player,101,nationality,0,1,"[""USA"", ""USA"", ""USA"", ""USA"", ""USA""]"
Player,managed-gpt-oss-120b,w20,player,101,nba_championships,0,1,"["""", """", """", """", """"]"
Player,managed-gpt-oss-120b,w20,player,101,olympic_gold_medals,0,1,"["""", """", """", """", """"]"
Player,managed-gpt-oss-120b,w20,player,101,position,0,1,"[""Backcourt"", ""Backcourt"", ""Backcourt"", ""Backcourt"", ""Backcourt""]"
Player,managed-gpt-oss-120b,w20,player,101,team,0,1,"[""Los Angeles Lakers"", ""Los Angeles Lakers"", ""Los Angeles Lakers"", ""Los Angeles Lakers"", ""Los Angeles Lakers""]"
Player,managed-gpt-oss-120b,w20,player,102,age,0,1,"[""30"", ""30"", ""30"", ""30"", ""30""]"
Player,managed-gpt-oss-120b,w20,player,102,birth_date,0,1,"[""1994/3/16"", ""1994/3/16"", ""1994/3/16"", ""1994/3/16"", ""1994/3/16""]"
Player,managed-gpt-oss-120b,w20,player,102,college,0,1,"[""University of Kansas"", ""University of Kansas"", ""University of Kansas"", ""University of Kansas"", ""University of Kansas""]"
Player,managed-gpt-oss-120b,w20,player,102,draft_pick,0,1,"[""3"", ""3"", ""3"", ""3"", ""3""]"
Player,managed-gpt-oss-120b,w20,player,102,draft_year,0,1,"[""2014"", ""2014"", ""2014"", ""2014"", ""2014""]"
Player,managed-gpt-oss-120b,w20,player,102,fiba_world_cup,0,1,"["""", """", """", """", """"]"
Player,managed-gpt-oss-120b,w20,player,102,mvp_awards,0,1,"[""1"", ""1"", ""1"", ""1"", ""1""]"
Player,managed-gpt-oss-120b,w20,player,102,name,0,1,"[""Joel Hans Embiid"", ""Joel Hans Embiid"", ""Joel Hans Embiid"", ""Joel Hans Embiid"", ""Joel Hans Embiid""]"
Player,managed-gpt-oss-120b,w20,player,102,nationality,1,2,"[""Cameroon||USA||France"", ""Cameroon||USA||France"", ""Cameroon||USA||France"", ""Cameroon||France||USA"", ""Cameroon||France||USA""]"
Player,managed-gpt-oss-120b,w20,player,102,nba_championships,0,1,"["""", """", """", """", """"]"
Player,managed-gpt-oss-120b,w20,player,102,olympic_gold_medals,0,1,"[""1"", ""1"", ""1"", ""1"", ""1""]"
Player,managed-gpt-oss-120b,w20,player,102,position,0,1,"[""Frontcourt"", ""Frontcourt"", ""Frontcourt"", ""Frontcourt"", ""Frontcourt""]"
Player,managed-gpt-oss-120b,w20,player,102,team,0,1,"[""Philadelphia 76ers"", ""Philadelphia 76ers"", ""Philadelphia 76ers"", ""Philadelphia 76ers"", ""Philadelphia 76ers""]"
Player,managed-gpt-oss-120b,w20,player,103,age,0,1,"[""34"", ""34"", ""34"", ""34"", ""34""]"
Player,managed-gpt-oss-120b,w20,player,103,birth_date,0,1,"[""1990/5/2"", ""1990/5/2"", ""1990/5/2"", ""1990/5/2"", ""1990/5/2""]"
Player,managed-gpt-oss-120b,w20,player,103,college,0,1,"[""Fresno State University"", ""Fresno State University"", ""Fresno State University"", ""Fresno State University"", ""Fresno State University""]"
Player,managed-gpt-oss-120b,w20,player,103,draft_pick,0,1,"[""10"", ""10"", ""10"", ""10"", ""10""]"
Player,managed-gpt-oss-120b,w20,player,103,draft_year,0,1,"[""2010"", ""2010"", ""2010"", ""2010"", ""2010""]"
Player,managed-gpt-oss-120b,w20,player,103,fiba_world_cup,0,1,"["""", """", """", """", """"]"
Player,managed-gpt-oss-120b,w20,player,103,mvp_awards,0,1,"[""0"", ""0"", ""0"", ""0"", ""0""]"
Player,managed-gpt-oss-120b,w20,player,103,name,0,1,"[""Paul Clifton Anthony George"", ""Paul Clifton Anthony George"", ""Paul Clifton Anthony George"", ""Paul Clifton Anthony George"", ""Paul Clifton Anthony George""]"
Player,managed-gpt-oss-120b,w20,player,103,nationality,0,1,"[""USA"", ""USA"", ""USA"", ""USA"", ""USA""]"
Player,managed-gpt-oss-120b,w20,player,103,nba_championships,0,1,"["""", """", """", """", """"]"
Player,managed-gpt-oss-120b,w20,player,103,olympic_gold_medals,0,1,"[""1"", ""1"", ""1"", ""1"", ""1""]"
Player,managed-gpt-oss-120b,w20,player,103,position,1,2,"[""Backcourt||Frontcourt"", ""Backcourt||Frontcourt"", ""Frontcourt||Backcourt"", ""Backcourt||Frontcourt"", ""Backcourt||Frontcourt""]"
Player,managed-gpt-oss-120b,w20,player,103,team,0,1,"[""Philadelphia 76ers"", ""Philadelphia 76ers"", ""Philadelphia 76ers"", ""Philadelphia 76ers"", ""Philadelphia 76ers""]"
Player,managed-gpt-oss-120b,w20,player,104,age,0,1,"[""32"", ""32"", ""32"", ""32"", ""32""]"
Player,managed-gpt-oss-120b,w20,player,104,birth_date,0,1,"[""1992/3/23"", ""1992/3/23"", ""1992/3/23"", ""1992/3/23"", ""1992/3/23""]"
Player,managed-gpt-oss-120b,w20,player,104,college,0,1,"[""Duke University"", ""Duke University"", ""Duke University"", ""Duke University"", ""Duke University""]"
Player,managed-gpt-oss-120b,w20,player,104,draft_pick,0,1,"[""1"", ""1"", ""1"", ""1"", ""1""]"
Player,managed-gpt-oss-120b,w20,player,104,draft_year,0,1,"[""2011"", ""2011"", ""2011"", ""2011"", ""2011""]"
Player,managed-gpt-oss-120b,w20,player,104,fiba_world_cup,0,1,"[""1"", ""1"", ""1"", ""1"", ""1""]"
Player,managed-gpt-oss-120b,w20,player,104,mvp_awards,0,1,"[""0"", ""0"", ""0"", ""0"", ""0""]"
Player,managed-gpt-oss-120b,w20,player,104,name,0,1,"[""Kyrie Andrew Irving"", ""Kyrie Andrew Irving"", ""Kyrie Andrew Irving"", ""Kyrie Andrew Irving"", ""Kyrie Andrew Irving""]"
Player,managed-gpt-oss-120b,w20,player,104,nationality,0,1,"[""USA||Australia"", ""USA||Australia"", ""USA||Australia"", ""USA||Australia"", ""USA||Australia""]"
Player,managed-gpt-oss-120b,w20,player,104,nba_championships,0,1,"[""1"", ""1"", ""1"", ""1"", ""1""]"
Player,managed-gpt-oss-120b,w20,player,104,olympic_gold_medals,0,1,"[""1"", ""1"", ""1"", ""1"", ""1""]"
Player,managed-gpt-oss-120b,w20,player,104,position,0,1,"[""Backcourt"", ""Backcourt"", ""Backcourt"", ""Backcourt"", ""Backcourt""]"
Player,managed-gpt-oss-120b,w20,player,104,team,0,1,"[""Dallas Mavericks"", ""Dallas Mavericks"", ""Dallas Mavericks"", ""Dallas Mavericks"", ""Dallas Mavericks""]"
Player,managed-gpt-oss-120b,w20,player,105,age,0,1,"[""26"", ""26"", ""26"", ""26"", ""26""]"
Player,managed-gpt-oss-120b,w20,player,105,birth_date,0,1,"[""1998/3/3"", ""1998/3/3"", ""1998/3/3"", ""1998/3/3"", ""1998/3/3""]"
Player,managed-gpt-oss-120b,w20,player,105,college,0,1,"[""Duke University"", ""Duke University"", ""Duke University"", ""Duke University"", ""Duke University""]"
Player,managed-gpt-oss-120b,w20,player,105,draft_pick,0,1,"[""3"", ""3"", ""3"", ""3"", ""3""]"
Player,managed-gpt-oss-120b,w20,player,105,draft_year,0,1,"[""2017"", ""2017"", ""2017"", ""2017"", ""2017""]"
Player,managed-gpt-oss-120b,w20,player,105,fiba_world_cup,0,1,"["""", """", """", """", """"]"
Player,managed-gpt-oss-120b,w20,player,105,mvp_awards,0,1,"[""0"", ""0"", ""0"", ""0"", ""0""]"
Player,managed-gpt-oss-120b,w20,player,105,name,0,1,"[""Jayson Christopher Tatum"", ""Jayson Christopher Tatum"", ""Jayson Christopher Tatum"", ""Jayson Christopher Tatum"", ""Jayson Christopher Tatum""]"
Player,managed-gpt-oss-120b,w20,player,105,nationality,0,1,"[""USA"", ""USA"", ""USA"", ""USA"", ""USA""]"
Player,managed-gpt-oss-120b,w20,player,105,nba_championships,0,1,"[""1"", ""1"", ""1"", ""1"", ""1""]"
Player,managed-gpt-oss-120b,w20,player,105,olympic_gold_medals,0,1,"[""2"", ""2"", ""2"", ""2"", ""2""]"
Player,managed-gpt-oss-120b,w20,player,105,position,0,1,"[""Frontcourt"", ""Frontcourt"", ""Frontcourt"", ""Frontcourt"", ""Frontcourt""]"
Player,managed-gpt-oss-120b,w20,player,105,team,0,1,"[""Boston Celtics"", ""Boston Celtics"", ""Boston Celtics"", ""Boston Celtics"", ""Boston Celtics""]"
Player,managed-gpt-oss-120b,w20,player,106,age,0,1,"[""29"", ""29"", ""29"", ""29"", ""29""]"
Player,managed-gpt-oss-120b,w20,player,106,birth_date,0,1,"[""1995/9/28"", ""1995/9/28"", ""1995/9/28"", ""1995/9/28"", ""1995/9/28""]"
Player,managed-gpt-oss-120b,w20,player,106,college,0,1,"[""North Carolina State University||University of Nevada, Reno"", ""North Carolina State University||University of Nevada, Reno"", ""North Carolina State University||University of Nevada, Reno"", ""North Carolina State University||University of Nevada, Reno"", ""North Carolina State University||University of Nevada, Reno""]"
Player,managed-gpt-oss-120b,w20,player,106,draft_pick,0,1,"["""", """", """", """", """"]"
Player,managed-gpt-oss-120b,w20,player,106,draft_year,0,1,"["""", """", """", """", """"]"
Player,managed-gpt-oss-120b,w20,player,106,fiba_world_cup,0,1,"["""", """", """", """", """"]"
Player,managed-gpt-oss-120b,w20,player,106,mvp_awards,0,1,"[""0"", ""0"", ""0"", ""0"", ""0""]"
Player,managed-gpt-oss-120b,w20,player,106,name,0,1,"[""Caleb Martin"", ""Caleb Martin"", ""Caleb Martin"", ""Caleb Martin"", ""Caleb Martin""]"
Player,managed-gpt-oss-120b,w20,player,106,nationality,0,1,"[""USA"", ""USA"", ""USA"", ""USA"", ""USA""]"
Player,managed-gpt-oss-120b,w20,player,106,nba_championships,0,1,"["""", """", """", """", """"]"
Player,managed-gpt-oss-120b,w20,player,106,olympic_gold_medals,0,1,"["""", """", """", """", """"]"
Player,managed-gpt-oss-120b,w20,player,106,position,0,1,"[""Frontcourt"", ""Frontcourt"", ""Frontcourt"", ""Frontcourt"", ""Frontcourt""]"
Player,managed-gpt-oss-120b,w20,player,106,team,0,1,"[""Philadelphia 76ers"", ""Philadelphia 76ers"", ""Philadelphia 76ers"", ""Philadelphia 76ers"", ""Philadelphia 76ers""]"
Player,managed-gpt-oss-120b,w20,player,107,age,0,1,"[""29"", ""29"", ""29"", ""29"", ""29""]"
Player,managed-gpt-oss-120b,w20,player,107,birth_date,0,1,"[""1995/2/23"", ""1995/2/23"", ""1995/2/23"", ""1995/2/23"", ""1995/2/23""]"
Player,managed-gpt-oss-120b,w20,player,107,college,0,1,"[""University of Kansas"", ""University of Kansas"", ""University of Kansas"", ""University of Kansas"", ""University of Kansas""]"
Player,managed-gpt-oss-120b,w20,player,107,draft_pick,0,1,"[""1"", ""1"", ""1"", ""1"", ""1""]"
Player,managed-gpt-oss-120b,w20,player,107,draft_year,0,1,"[""2014"", ""2014"", ""2014"", ""2014"", ""2014""]"
Player,managed-gpt-oss-120b,w20,player,107,fiba_world_cup,0,1,"["""", """", """", """", """"]"
Player,managed-gpt-oss-120b,w20,player,107,mvp_awards,0,1,"[""0"", ""0"", ""0"", ""0"", ""0""]"
Player,managed-gpt-oss-120b,w20,player,107,name,0,1,"[""Andrew Christian Wiggins"", ""Andrew Christian Wiggins"", ""Andrew Christian Wiggins"", ""Andrew Christian Wiggins"", ""Andrew Christian Wiggins""]"
Player,managed-gpt-oss-120b,w20,player,107,nationality,0,1,"[""Canada"", ""Canada"", ""Canada"", ""Canada"", ""Canada""]"
Player,managed-gpt-oss-120b,w20,player,107,nba_championships,0,1,"[""1"", ""1"", ""1"", ""1"", ""1""]"
Player,managed-gpt-oss-120b,w20,player,107,olympic_gold_medals,0,1,"["""", """", """", """", """"]"
Player,managed-gpt-oss-120b,w20,player,107,position,0,1,"[""Frontcourt"", ""Frontcourt"", ""Frontcourt"", ""Frontcourt"", ""Frontcourt""]"
Player,managed-gpt-oss-120b,w20,player,107,team,0,1,"[""Golden State Warriors"", ""Golden State Warriors"", ""Golden State Warriors"", ""Golden State Warriors"", ""Golden State Warriors""]"
Player,managed-gpt-oss-120b,w20,player,108,age,0,1,"[""23"", ""23"", ""23"", ""23"", ""23""]"
Player,managed-gpt-oss-120b,w20,player,108,birth_date,0,1,"[""2001/2/26"", ""2001/2/26"", ""2001/2/26"", ""2001/2/26"", ""2001/2/26""]"
Player,managed-gpt-oss-120b,w20,player,108,college,0,1,"[""Rice University"", ""Rice University"", ""Rice University"", ""Rice University"", ""Rice University""]"
Player,managed-gpt-oss-120b,w20,player,108,draft_pick,0,1,"["""", """", """", """", """"]"
Player,managed-gpt-oss-120b,w20,player,108,draft_year,0,1,"["""", """", """", """", """"]"
Player,managed-gpt-oss-120b,w20,player,108,fiba_world_cup,0,1,"["""", """", """", """", """"]"
Player,managed-gpt-oss-120b,w20,player,108,mvp_awards,0,1,"[""0"", ""0"", ""0"", ""0"", ""0""]"
Player,managed-gpt-oss-120b,w20,player,108,name,0,1,"[""Max Berning Fiedler"", ""Max Berning Fiedler"", ""Max Berning Fiedler"", ""Max Berning Fiedler"", ""Max Berning Fiedler""]"
Player,managed-gpt-oss-120b,w20,player,108,nationality,0,1,"[""USA"", ""USA"", ""USA"", ""USA"", ""USA""]"
Player,managed-gpt-oss-120b,w20,player,108,nba_championships,0,1,"["""", """", """", """", """"]"
Player,managed-gpt-oss-120b,w20,player,108,olympic_gold_medals,0,1,"["""", """", """", """", """"]"
Player,managed-gpt-oss-120b,w20,player,108,position,0,1,"["""", """", """", """", """"]"
Player,managed-gpt-oss-120b,w20,player,108,team,0,1,"[""Philadelphia 76ers"", ""Philadelphia 76ers"", ""Philadelphia 76ers"", ""Philadelphia 76ers"", ""Philadelphia 76ers""]"
Player,managed-gpt-oss-120b,w20,player,109,age,0,1,"[""27"", ""27"", ""27"", ""27"", ""27""]"
Player,managed-gpt-oss-120b,w20,player,109,birth_date,0,1,"[""1997/7/17"", ""1997/7/17"", ""1997/7/17"", ""1997/7/17"", ""1997/7/17""]"
Player,managed-gpt-oss-120b,w20,player,109,college,0,1,"[""Indiana University"", ""Indiana University"", ""Indiana University"", ""Indiana University"", ""Indiana University""]"
Player,managed-gpt-oss-120b,w20,player,109,draft_pick,0,1,"[""23"", ""23"", ""23"", ""23"", ""23""]"
Player,managed-gpt-oss-120b,w20,player,109,draft_year,0,1,"[""2017"", ""2017"", ""2017"", ""2017"", ""2017""]"
Player,managed-gpt-oss-120b,w20,player,109,fiba_world_cup,0,1,"["""", """", """", """", """"]"
Player,managed-gpt-oss-120b,w20,player,109,mvp_awards,0,1,"[""0"", ""0"", ""0"", ""0"", ""0""]"
Player,managed-gpt-oss-120b,w20,player,109,name,0,1,"[""Ogugua Anunoby Jr."", ""Ogugua Anunoby Jr."", ""Ogugua Anunoby Jr."", ""Ogugua Anunoby Jr."", ""Ogugua Anunoby Jr.""]"
Player,managed-gpt-oss-120b,w20,player,109,nationality,0,1,"[""British"", ""British"", ""British"", ""British"", ""British""]"
Player,managed-gpt-oss-120b,w20,player,109,nba_championships,0,1,"[""1"", ""1"", ""1"", ""1"", ""1""]"
Player,managed-gpt-oss-120b,w20,player,109,olympic_gold_medals,0,1,"["""", """", """", """", """"]"
Player,managed-gpt-oss-120b,w20,player,109,position,0,1,"[""Frontcourt"", ""Frontcourt"", ""Frontcourt"", ""Frontcourt"", ""Frontcourt""]"
Player,managed-gpt-oss-120b,w20,player,109,team,0,1,"[""New York Knicks"", ""New York Knicks"", ""New York Knicks"", ""New York Knicks"", ""New York Knicks""]"
Player,managed-gpt-oss-120b,w20,player,110,age,0,1,"[""28"", ""28"", ""28"", ""28"", ""28""]"
Player,managed-gpt-oss-120b,w20,player,110,birth_date,0,1,"[""1996/10/24"", ""1996/10/24"", ""1996/10/24"", ""1996/10/24"", ""1996/10/24""]"
Player,managed-gpt-oss-120b,w20,player,110,college,0,1,"[""University of California, Berkeley"", ""University of California, Berkeley"", ""University of California, Berkeley"", ""University of California, Berkeley"", ""University of California, Berkeley""]"
Player,managed-gpt-oss-120b,w20,player,110,draft_pick,0,1,"[""3"", ""3"", ""3"", ""3"", ""3""]"
Player,managed-gpt-oss-120b,w20,player,110,draft_year,0,1,"[""2016"", ""2016"", ""2016"", ""2016"", ""2016""]"
Player,managed-gpt-oss-120b,w20,player,110,fiba_world_cup,0,1,"["""", """", """", """", """"]"
Player,managed-gpt-oss-120b,w20,player,110,mvp_awards,0,1,"[""0"", ""0"", ""0"", ""0"", ""0""]"
Player,managed-gpt-oss-120b,w20,player,110,name,0,1,"[""Jaylen Marselles Brown"", ""Jaylen Marselles Brown"", ""Jaylen Marselles Brown"", ""Jaylen Marselles Brown"", ""Jaylen Marselles Brown""]"
Player,managed-gpt-oss-120b,w20,player,110,nationality,0,1,"[""USA"", ""USA"", ""USA"", ""USA"", ""USA""]"
Player,managed-gpt-oss-120b,w20,player,110,nba_championships,0,1,"[""1"", ""1"", ""1"", ""1"", ""1""]"
Player,managed-gpt-oss-120b,w20,player,110,olympic_gold_medals,0,1,"["""", """", """", """", """"]"
Player,managed-gpt-oss-120b,w20,player,110,position,1,2,"[""Backcourt||Frontcourt"", ""Frontcourt||Backcourt"", ""Frontcourt||Backcourt"", ""Frontcourt||Backcourt"", ""Frontcourt||Backcourt""]"
Player,managed-gpt-oss-120b,w20,player,110,team,0,1,"[""Boston Celtics"", ""Boston Celtics"", ""Boston Celtics"", ""Boston Celtics"", ""Boston Celtics""]"
Player,managed-gpt-oss-120b,w20,player,111,age,0,1,"[""20"", ""20"", ""20"", ""20"", ""20""]"
Player,managed-gpt-oss-120b,w20,player,111,birth_date,0,1,"[""2004/1/4"", ""2004/1/4"", ""2004/1/4"", ""2004/1/4"", ""2004/1/4""]"
Player,managed-gpt-oss-120b,w20,player,111,college,0,1,"["""", """", """", """", """"]"
Player,managed-gpt-oss-120b,w20,player,111,draft_pick,0,1,"[""1"", ""1"", ""1"", ""1"", ""1""]"
Player,managed-gpt-oss-120b,w20,player,111,draft_year,0,1,"[""2023"", ""2023"", ""2023"", ""2023"", ""2023""]"
Player,managed-gpt-oss-120b,w20,player,111,fiba_world_cup,0,1,"["""", """", """", """", """"]"
Player,managed-gpt-oss-120b,w20,player,111,mvp_awards,0,1,"[""0"", ""0"", ""0"", ""0"", ""0""]"
Player,managed-gpt-oss-120b,w20,player,111,name,0,1,"[""Victor Wembanyama"", ""Victor Wembanyama"", ""Victor Wembanyama"", ""Victor Wembanyama"", ""Victor Wembanyama""]"
Player,managed-gpt-oss-120b,w20,player,111,nationality,0,1,"[""France"", ""France"", ""France"", ""France"", ""France""]"
Player,managed-gpt-oss-120b,w20,player,111,nba_championships,0,1,"["""", """", """", """", """"]"
Player,managed-gpt-oss-120b,w20,player,111,olympic_gold_medals,0,1,"["""", """", """", """", """"]"
Player,managed-gpt-oss-120b,w20,player,111,position,0,1,"[""Frontcourt"", ""Frontcourt"", ""Frontcourt"", ""Frontcourt"", ""Frontcourt""]"
Player,managed-gpt-oss-120b,w20,player,111,team,0,1,"[""San Antonio Spurs"", ""San Antonio Spurs"", ""San Antonio Spurs"", ""San Antonio Spurs"", ""San Antonio Spurs""]"
Player,managed-gpt-oss-120b,w20,player,112,age,0,1,"[""34"", ""34"", ""34"", ""34"", ""34""]"
Player,managed-gpt-oss-120b,w20,player,112,birth_date,0,1,"[""1990/6/12"", ""1990/6/12"", ""1990/6/12"", ""1990/6/12"", ""1990/6/12""]"
Player,managed-gpt-oss-120b,w20,player,112,college,1,2,"[""UCLA"", ""UCLA"", ""UCLA (University of California, Los Angeles)"", ""UCLA"", ""UCLA""]"
Player,managed-gpt-oss-120b,w20,player,112,draft_pick,0,1,"[""17"", ""17"", ""17"", ""17"", ""17""]"
Player,managed-gpt-oss-120b,w20,player,112,draft_year,0,1,"[""2009"", ""2009"", ""2009"", ""2009"", ""2009""]"
Player,managed-gpt-oss-120b,w20,player,112,fiba_world_cup,0,1,"["""", """", """", """", """"]"
Player,managed-gpt-oss-120b,w20,player,112,mvp_awards,0,1,"[""0"", ""0"", ""0"", ""0"", ""0""]"
Player,managed-gpt-oss-120b,w20,player,112,name,0,1,"[""Jrue Randall Holiday"", ""Jrue Randall Holiday"", ""Jrue Randall Holiday"", ""Jrue Randall Holiday"", ""Jrue Randall Holiday""]"
Player,managed-gpt-oss-120b,w20,player,112,nationality,0,1,"[""USA"", ""USA"", ""USA"", ""USA"", ""USA""]"
Player,managed-gpt-oss-120b,w20,player,112,nba_championships,0,1,"[""2"", ""2"", ""2"", ""2"", ""2""]"
Player,managed-gpt-oss-120b,w20,player,112,olympic_gold_medals,0,1,"[""2"", ""2"", ""2"", ""2"", ""2""]"
Player,managed-gpt-oss-120b,w20,player,112,position,0,1,"[""Backcourt"", ""Backcourt"", ""Backcourt"", ""Backcourt"", ""Backcourt""]"
Player,managed-gpt-oss-120b,w20,player,112,team,0,1,"[""Boston Celtics"", ""Boston Celtics"", ""Boston Celtics"", ""Boston Celtics"", ""Boston Celtics""]"
Player,managed-gpt-oss-120b,w20,player,113,age,0,1,"[""26"", ""26"", ""26"", ""26"", ""26""]"
Player,managed-gpt-oss-120b,w20,player,113,birth_date,0,1,"[""1998/5/29"", ""1998/5/29"", ""1998/5/29"", ""1998/5/29"", ""1998/5/29""]"
Player,managed-gpt-oss-120b,w20,player,113,college,0,1,"[""Wichita State University||University of Oklahoma"", ""Wichita State University||University of Oklahoma"", ""Wichita State University||University of Oklahoma"", ""Wichita State University||University of Oklahoma"", ""Wichita State University||University of Oklahoma""]"
Player,managed-gpt-oss-120b,w20,player,113,draft_pick,0,1,"["""", """", """", """", """"]"
Player,managed-gpt-oss-120b,w20,player,113,draft_year,0,1,"["""", """", """", """", """"]"
Player,managed-gpt-oss-120b,w20,player,113,fiba_world_cup,0,1,"["""", """", """", """", """"]"
Player,managed-gpt-oss-120b,w20,player,113,mvp_awards,0,1,"[""0"", ""0"", ""0"", ""0"", ""0""]"
Player,managed-gpt-oss-120b,w20,player,113,name,0,1,"[""Austin Tyler Reaves"", ""Austin Tyler Reaves"", ""Austin Tyler Reaves"", ""Austin Tyler Reaves"", ""Austin Tyler Reaves""]"
Player,managed-gpt-oss-120b,w20,player,113,nationality,1,2,"[""USA||Germany"", ""USA||Germany"", ""USA||Germany"", ""USA||Germany"", ""USA""]"
Player,managed-gpt-oss-120b,w20,player,113,nba_championships,0,1,"["""", """", """", """", """"]"
Player,managed-gpt-oss-120b,w20,player,113,olympic_gold_medals,0,1,"["""", """", """", """", """"]"
Player,managed-gpt-oss-120b,w20,player,113,position,0,1,"[""Backcourt"", ""Backcourt"", ""Backcourt"", ""Backcourt"", ""Backcourt""]"
Player,managed-gpt-oss-120b,w20,player,113,team,0,1,"[""Los Angeles Lakers"", ""Los Angeles Lakers"", ""Los Angeles Lakers"", ""Los Angeles Lakers"", ""Los Angeles Lakers""]"
Player,managed-gpt-oss-120b,w20,player,114,age,0,1,"[""36"", ""36"", ""36"", ""36"", ""36""]"
Player,managed-gpt-oss-120b,w20,player,114,birth_date,0,1,"[""1988/9/7"", ""1988/9/7"", ""1988/9/7"", ""1988/9/7"", ""1988/9/7""]"
Player,managed-gpt-oss-120b,w20,player,114,college,1,2,"[""UCLA (University of California, Los Angeles)"", ""UCLA"", ""UCLA (University of California, Los Angeles)"", ""UCLA"", ""UCLA""]"
Player,managed-gpt-oss-120b,w20,player,114,draft_pick,0,1,"[""5"", ""5"", ""5"", ""5"", ""5""]"
Player,managed-gpt-oss-120b,w20,player,114,draft_year,0,1,"[""2008"", ""2008"", ""2008"", ""2008"", ""2008""]"
Player,managed-gpt-oss-120b,w20,player,114,fiba_world_cup,0,1,"[""1"", ""1"", ""1"", ""1"", ""1""]"
Player,managed-gpt-oss-120b,w20,player,114,mvp_awards,0,1,"[""0"", ""0"", ""0"", ""0"", ""0""]"
Player,managed-gpt-oss-120b,w20,player,114,name,0,1,"[""Kevin Wesley Love"", ""Kevin Wesley Love"", ""Kevin Wesley Love"", ""Kevin Wesley Love"", ""Kevin Wesley Love""]"
Player,managed-gpt-oss-120b,w20,player,114,nationality,0,1,"[""USA"", ""USA"", ""USA"", ""USA"", ""USA""]"
Player,managed-gpt-oss-120b,w20,player,114,nba_championships,0,1,"[""1"", ""1"", ""1"", ""1"", ""1""]"
Player,managed-gpt-oss-120b,w20,player,114,olympic_gold_medals,0,1,"[""1"", ""1"", ""1"", ""1"", ""1""]"
Player,managed-gpt-oss-120b,w20,player,114,position,0,1,"[""Frontcourt"", ""Frontcourt"", ""Frontcourt"", ""Frontcourt"", ""Frontcourt""]"
Player,managed-gpt-oss-120b,w20,player,114,team,0,1,"[""Miami Heat"", ""Miami Heat"", ""Miami Heat"", ""Miami Heat"", ""Miami Heat""]"
Player,managed-gpt-oss-120b,w20,player,115,age,0,1,"[""30"", ""30"", ""30"", ""30"", ""30""]"
Player,managed-gpt-oss-120b,w20,player,115,birth_date,0,1,"[""1994/12/6"", ""1994/12/6"", ""1994/12/6"", ""1994/12/6"", ""1994/12/6""]"
Player,managed-gpt-oss-120b,w20,player,115,college,0,1,"["""", """", """", """", """"]"
Player,managed-gpt-oss-120b,w20,player,115,draft_pick,0,1,"[""15"", ""15"", ""15"", ""15"", ""15""]"
Player,managed-gpt-oss-120b,w20,player,115,draft_year,0,1,"[""2013"", ""2013"", ""2013"", ""2013"", ""2013""]"
Player,managed-gpt-oss-120b,w20,player,115,fiba_world_cup,0,1,"["""", """", """", """", """"]"
Player,managed-gpt-oss-120b,w20,player,115,mvp_awards,0,1,"[""2"", ""2"", ""2"", ""2"", ""2""]"
Player,managed-gpt-oss-120b,w20,player,115,name,1,3,"[""Giannis Antetokounmpo||Giannis Sina Ugo Antetokounmpo"", ""Giannis Sina Ugo Antetokounmpo"", ""Giannis Antetokounmpo"", ""Giannis Antetokounmpo||Giannis Sina Ugo Antetokounmpo"", ""Giannis Antetokounmpo||Giannis Sina Ugo Antetokounmpo""]"
Player,managed-gpt-oss-120b,w20,player,115,nationality,0,1,"[""Greece||Nigeria"", ""Greece||Nigeria"", ""Greece||Nigeria"", ""Greece||Nigeria"", ""Greece||Nigeria""]"
Player,managed-gpt-oss-120b,w20,player,115,nba_championships,0,1,"[""1"", ""1"", ""1"", ""1"", ""1""]"
Player,managed-gpt-oss-120b,w20,player,115,olympic_gold_medals,0,1,"["""", """", """", """", """"]"
Player,managed-gpt-oss-120b,w20,player,115,position,0,1,"[""Frontcourt"", ""Frontcourt"", ""Frontcourt"", ""Frontcourt"", ""Frontcourt""]"
Player,managed-gpt-oss-120b,w20,player,115,team,0,1,"[""Milwaukee Bucks"", ""Milwaukee Bucks"", ""Milwaukee Bucks"", ""Milwaukee Bucks"", ""Milwaukee Bucks""]"
Player,managed-gpt-oss-120b,w20,player,116,age,0,1,"[""36"", ""36"", ""36"", ""36"", ""36""]"
Player,managed-gpt-oss-120b,w20,player,116,birth_date,0,1,"[""1988/3/14"", ""1988/3/14"", ""1988/3/14"", ""1988/3/14"", ""1988/3/14""]"
Player,managed-gpt-oss-120b,w20,player,116,college,0,1,"[""Davidson College"", ""Davidson College"", ""Davidson College"", ""Davidson College"", ""Davidson College""]"
Player,managed-gpt-oss-120b,w20,player,116,draft_pick,0,1,"[""7"", ""7"", ""7"", ""7"", ""7""]"
Player,managed-gpt-oss-120b,w20,player,116,draft_year,0,1,"[""2009"", ""2009"", ""2009"", ""2009"", ""2009""]"
Player,managed-gpt-oss-120b,w20,player,116,fiba_world_cup,0,1,"[""2"", ""2"", ""2"", ""2"", ""2""]"
Player,managed-gpt-oss-120b,w20,player,116,mvp_awards,0,1,"[""2"", ""2"", ""2"", ""2"", ""2""]"
Player,managed-gpt-oss-120b,w20,player,116,name,1,2,"[""Wardell Stephen Curry II"", ""Wardell Stephen Curry\u202fII"", ""Wardell Stephen Curry\u202fII"", ""Wardell Stephen Curry II"", ""Wardell Stephen Curry\u202fII""]"
Player,managed-gpt-oss-120b,w20,player,116,nationality,0,1,"[""USA"", ""USA"", ""USA"", ""USA"", ""USA""]"
Player,managed-gpt-oss-120b,w20,player,116,nba_championships,0,1,"[""4"", ""4"", ""4"", ""4"", ""4""]"
Player,managed-gpt-oss-120b,w20,player,116,olympic_gold_medals,0,1,"[""1"", ""1"", ""1"", ""1"", ""1""]"
Player,managed-gpt-oss-120b,w20,player,116,position,0,1,"[""Backcourt"", ""Backcourt"", ""Backcourt"", ""Backcourt"", ""Backcourt""]"
Player,managed-gpt-oss-120b,w20,player,116,team,0,1,"[""Golden State Warriors"", ""Golden State Warriors"", ""Golden State Warriors"", ""Golden State Warriors"", ""Golden State Warriors""]"
Player,managed-gpt-oss-120b,w20,player,117,age,0,1,"[""38"", ""38"", ""38"", ""38"", ""38""]"
Player,managed-gpt-oss-120b,w20,player,117,birth_date,0,1,"[""1986/6/3"", ""1986/6/3"", ""1986/6/3"", ""1986/6/3"", ""1986/6/3""]"
Player,managed-gpt-oss-120b,w20,player,117,college,0,1,"[""University of Florida"", ""University of Florida"", ""University of Florida"", ""University of Florida"", ""University of Florida""]"
Player,managed-gpt-oss-120b,w20,player,117,draft_pick,0,1,"[""3"", ""3"", ""3"", ""3"", ""3""]"
Player,managed-gpt-oss-120b,w20,player,117,draft_year,0,1,"[""2007"", ""2007"", ""2007"", ""2007"", ""2007""]"
Player,managed-gpt-oss-120b,w20,player,117,fiba_world_cup,0,1,"["""", """", """", """", """"]"
Player,managed-gpt-oss-120b,w20,player,117,mvp_awards,0,1,"[""0"", ""0"", ""0"", ""0"", ""0""]"
Player,managed-gpt-oss-120b,w20,player,117,name,0,1,"[""Alfred Joel Horford Reynoso"", ""Alfred Joel Horford Reynoso"", ""Alfred Joel Horford Reynoso"", ""Alfred Joel Horford Reynoso"", ""Alfred Joel Horford Reynoso""]"
Player,managed-gpt-oss-120b,w20,player,117,nationality,1,2,"[""Dominican"", ""Dominican Republic"", ""Dominican"", ""Dominican Republic"", ""Dominican Republic""]"
Player,managed-gpt-oss-120b,w20,player,117,nba_championships,0,1,"[""1"", ""1"", ""1"", ""1"", ""1""]"
Player,managed-gpt-oss-120b,w20,player,117,olympic_gold_medals,0,1,"["""", """", """", """", """"]"
Player,managed-gpt-oss-120b,w20,player,117,position,0,1,"[""Frontcourt"", ""Frontcourt"", ""Frontcourt"", ""Frontcourt"", ""Frontcourt""]"
Player,managed-gpt-oss-120b,w20,player,117,team,0,1,"[""Boston Celtics"", ""Boston Celtics"", ""Boston Celtics"", ""Boston Celtics"", ""Boston Celtics""]"
Player,managed-gpt-oss-120b,w20,player,118,age,0,1,"[""24"", ""24"", ""24"", ""24"", ""24""]"
Player,managed-gpt-oss-120b,w20,player,118,birth_date,0,1,"[""2000/1/20"", ""2000/1/20"", ""2000/1/20"", ""2000/1/20"", ""2000/1/20""]"
Player,managed-gpt-oss-120b,w20,player,118,college,0,1,"[""University of Kentucky"", ""University of Kentucky"", ""University of Kentucky"", ""University of Kentucky"", ""University of Kentucky""]"
Player,managed-gpt-oss-120b,w20,player,118,draft_pick,0,1,"[""13"", ""13"", ""13"", ""13"", ""13""]"
Player,managed-gpt-oss-120b,w20,player,118,draft_year,0,1,"[""2019"", ""2019"", ""2019"", ""2019"", ""2019""]"
Player,managed-gpt-oss-120b,w20,player,118,fiba_world_cup,0,1,"["""", """", """", """", """"]"
Player,managed-gpt-oss-120b,w20,player,118,mvp_awards,0,1,"[""0"", ""0"", ""0"", ""0"", ""0""]"
Player,managed-gpt-oss-120b,w20,player,118,name,0,1,"[""Tyler Christopher Herro"", ""Tyler Christopher Herro"", ""Tyler Christopher Herro"", ""Tyler Christopher Herro"", ""Tyler Christopher Herro""]"
Player,managed-gpt-oss-120b,w20,player,118,nationality,0,1,"[""USA"", ""USA"", ""USA"", ""USA"", ""USA""]"
Player,managed-gpt-oss-120b,w20,player,118,nba_championships,0,1,"["""", """", """", """", """"]"
Player,managed-gpt-oss-120b,w20,player,118,olympic_gold_medals,0,1,"["""", """", """", """", """"]"
Player,managed-gpt-oss-120b,w20,player,118,position,0,1,"[""Backcourt"", ""Backcourt"", ""Backcourt"", ""Backcourt"", ""Backcourt""]"
Player,managed-gpt-oss-120b,w20,player,118,team,0,1,"[""Miami Heat"", ""Miami Heat"", ""Miami Heat"", ""Miami Heat"", ""Miami Heat""]"
Player,managed-gpt-oss-120b,w20,player,119,age,0,1,"[""30"", ""30"", ""30"", ""30"", ""30""]"
Player,managed-gpt-oss-120b,w20,player,119,birth_date,0,1,"[""1994/4/22"", ""1994/4/22"", ""1994/4/22"", ""1994/4/22"", ""1994/4/22""]"
Player,managed-gpt-oss-120b,w20,player,119,college,0,1,"[""Williams College||University of Michigan"", ""Williams College||University of Michigan"", ""Williams College||University of Michigan"", ""Williams College||University of Michigan"", ""Williams College||University of Michigan""]"
Player,managed-gpt-oss-120b,w20,player,119,draft_pick,0,1,"["""", """", """", """", """"]"
Player,managed-gpt-oss-120b,w20,player,119,draft_year,0,1,"["""", """", """", """", """"]"
Player,managed-gpt-oss-120b,w20,player,119,fiba_world_cup,0,1,"["""", """", """", """", """"]"
Player,managed-gpt-oss-120b,w20,player,119,mvp_awards,0,1,"[""0"", ""0"", ""0"", ""0"", ""0""]"
Player,managed-gpt-oss-120b,w20,player,119,name,0,1,"[""Duncan McBryde Robinson"", ""Duncan McBryde Robinson"", ""Duncan McBryde Robinson"", ""Duncan McBryde Robinson"", ""Duncan McBryde Robinson""]"
Player,managed-gpt-oss-120b,w20,player,119,nationality,0,1,"[""USA"", ""USA"", ""USA"", ""USA"", ""USA""]"
Player,managed-gpt-oss-120b,w20,player,119,nba_championships,0,1,"["""", """", """", """", """"]"
Player,managed-gpt-oss-120b,w20,player,119,olympic_gold_medals,0,1,"["""", """", """", """", """"]"
Player,managed-gpt-oss-120b,w20,player,119,position,0,1,"[""Backcourt"", ""Backcourt"", ""Backcourt"", ""Backcourt"", ""Backcourt""]"
Player,managed-gpt-oss-120b,w20,player,119,team,0,1,"[""Miami Heat"", ""Miami Heat"", ""Miami Heat"", ""Miami Heat"", ""Miami Heat""]"
Player,managed-gpt-oss-120b,w20,player,120,age,0,1,"[""31"", ""31"", ""31"", ""31"", ""31""]"
Player,managed-gpt-oss-120b,w20,player,120,birth_date,0,1,"[""1993/9/20"", ""1993/9/20"", ""1993/9/20"", ""1993/9/20"", ""1993/9/20""]"
Player,managed-gpt-oss-120b,w20,player,120,college,0,1,"[""University of California, Los Angeles (UCLA)"", ""University of California, Los Angeles (UCLA)"", ""University of California, Los Angeles (UCLA)"", ""University of California, Los Angeles (UCLA)"", ""University of California, Los Angeles (UCLA)""]"
Player,managed-gpt-oss-120b,w20,player,120,draft_pick,0,1,"[""30"", ""30"", ""30"", ""30"", ""30""]"
Player,managed-gpt-oss-120b,w20,player,120,draft_year,0,1,"[""2014"", ""2014"", ""2014"", ""2014"", ""2014""]"
Player,managed-gpt-oss-120b,w20,player,120,fiba_world_cup,0,1,"["""", """", """", """", """"]"
Player,managed-gpt-oss-120b,w20,player,120,mvp_awards,0,1,"[""0"", ""0"", ""0"", ""0"", ""0""]"
Player,managed-gpt-oss-120b,w20,player,120,name,0,1,"[""Kyle Forman Anderson"", ""Kyle Forman Anderson"", ""Kyle Forman Anderson"", ""Kyle Forman Anderson"", ""Kyle Forman Anderson""]"
Player,managed-gpt-oss-120b,w20,player,120,nationality,0,1,"[""USA||China"", ""USA||China"", ""USA||China"", ""USA||China"", ""USA||China""]"
Player,managed-gpt-oss-120b,w20,player,120,nba_championships,0,1,"["""", """", """", """", """"]"
Player,managed-gpt-oss-120b,w20,player,120,olympic_gold_medals,0,1,"["""", """", """", """", """"]"
Player,managed-gpt-oss-120b,w20,player,120,position,1,2,"[""Frontcourt"", ""Frontcourt"", ""Frontcourt"", ""Frontcourt||Backcourt"", ""Frontcourt""]"
Player,managed-gpt-oss-120b,w20,player,120,team,0,1,"[""Golden State Warriors"", ""Golden State Warriors"", ""Golden State Warriors"", ""Golden State Warriors"", ""Golden State Warriors""]"
Player,managed-gpt-oss-120b,w20,player,121,age,0,1,"[""23"", ""23"", ""23"", ""23"", ""23""]"
Player,managed-gpt-oss-120b,w20,player,121,birth_date,0,1,"[""2001/9/25"", ""2001/9/25"", ""2001/9/25"", ""2001/9/25"", ""2001/9/25""]"
Player,managed-gpt-oss-120b,w20,player,121,college,0,1,"[""Oklahoma State University"", ""Oklahoma State University"", ""Oklahoma State University"", ""Oklahoma State University"", ""Oklahoma State University""]"
Player,managed-gpt-oss-120b,w20,player,121,draft_pick,0,1,"[""1"", ""1"", ""1"", ""1"", ""1""]"
Player,managed-gpt-oss-120b,w20,player,121,draft_year,0,1,"[""2021"", ""2021"", ""2021"", ""2021"", ""2021""]"
Player,managed-gpt-oss-120b,w20,player,121,fiba_world_cup,0,1,"["""", """", """", """", """"]"
Player,managed-gpt-oss-120b,w20,player,121,mvp_awards,0,1,"[""0"", ""0"", ""0"", ""0"", ""0""]"
Player,managed-gpt-oss-120b,w20,player,121,name,0,1,"[""Cade Parker Cunningham"", ""Cade Parker Cunningham"", ""Cade Parker Cunningham"", ""Cade Parker Cunningham"", ""Cade Parker Cunningham""]"
Player,managed-gpt-oss-120b,w20,player,121,nationality,0,1,"[""USA"", ""USA"", ""USA"", ""USA"", ""USA""]"
Player,managed-gpt-oss-120b,w20,player,121,nba_championships,0,1,"["""", """", """", """", """"]"
Player,managed-gpt-oss-120b,w20,player,121,olympic_gold_medals,0,1,"["""", """", """", """", """"]"
Player,managed-gpt-oss-120b,w20,player,121,position,0,1,"[""Backcourt"", ""Backcourt"", ""Backcourt"", ""Backcourt"", ""Backcourt""]"
Player,managed-gpt-oss-120b,w20,player,121,team,0,1,"[""Detroit Pistons"", ""Detroit Pistons"", ""Detroit Pistons"", ""Detroit Pistons"", ""Detroit Pistons""]"
Player,managed-gpt-oss-120b,w20,player,122,age,0,1,"[""40"", ""40"", ""40"", ""40"", ""40""]"
Player,managed-gpt-oss-120b,w20,player,122,birth_date,0,1,"[""1984/12/30"", ""1984/12/30"", ""1984/12/30"", ""1984/12/30"", ""1984/12/30""]"
Player,managed-gpt-oss-120b,w20,player,122,college,0,1,"["""", """", """", """", """"]"
Player,managed-gpt-oss-120b,w20,player,122,draft_pick,0,1,"[""1"", ""1"", ""1"", ""1"", ""1""]"
Player,managed-gpt-oss-120b,w20,player,122,draft_year,0,1,"[""2003"", ""2003"", ""2003"", ""2003"", ""2003""]"
Player,managed-gpt-oss-120b,w20,player,122,fiba_world_cup,1,2,"["""", """", """", ""2"", """"]"
Player,managed-gpt-oss-120b,w20,player,122,mvp_awards,0,1,"[""4"", ""4"", ""4"", ""4"", ""4""]"
Player,managed-gpt-oss-120b,w20,player,122,name,0,1,"[""LeBron Raymone James Sr."", ""LeBron Raymone James Sr."", ""LeBron Raymone James Sr."", ""LeBron Raymone James Sr."", ""LeBron Raymone James Sr.""]"
Player,managed-gpt-oss-120b,w20,player,122,nationality,0,1,"[""USA"", ""USA"", ""USA"", ""USA"", ""USA""]"
Player,managed-gpt-oss-120b,w20,player,122,nba_championships,0,1,"[""4"", ""4"", ""4"", ""4"", ""4""]"
Player,managed-gpt-oss-120b,w20,player,122,olympic_gold_medals,0,1,"[""3"", ""3"", ""3"", ""3"", ""3""]"
Player,managed-gpt-oss-120b,w20,player,122,position,0,1,"[""Frontcourt"", ""Frontcourt"", ""Frontcourt"", ""Frontcourt"", ""Frontcourt""]"
Player,managed-gpt-oss-120b,w20,player,122,team,0,1,"[""Los Angeles Lakers"", ""Los Angeles Lakers"", ""Los Angeles Lakers"", ""Los Angeles Lakers"", ""Los Angeles Lakers""]"
Player,managed-gpt-oss-120b,w20,player,123,age,0,1,"[""35"", ""35"", ""35"", ""35"", ""35""]"
Player,managed-gpt-oss-120b,w20,player,123,birth_date,0,1,"[""1989/9/14"", ""1989/9/14"", ""1989/9/14"", ""1989/9/14"", ""1989/9/14""]"
Player,managed-gpt-oss-120b,w20,player,123,college,0,1,"[""Tyler Junior College||Marquette University"", ""Tyler Junior College||Marquette University"", ""Tyler Junior College||Marquette University"", ""Tyler Junior College||Marquette University"", ""Tyler Junior College||Marquette University""]"
Player,managed-gpt-oss-120b,w20,player,123,draft_pick,0,1,"[""30"", ""30"", ""30"", ""30"", ""30""]"
Player,managed-gpt-oss-120b,w20,player,123,draft_year,0,1,"[""2011"", ""2011"", ""2011"", ""2011"", ""2011""]"
Player,managed-gpt-oss-120b,w20,player,123,fiba_world_cup,0,1,"["""", """", """", """", """"]"
Player,managed-gpt-oss-120b,w20,player,123,mvp_awards,0,1,"[""0"", ""0"", ""0"", ""0"", ""0""]"
Player,managed-gpt-oss-120b,w20,player,123,name,0,1,"[""Jimmy Butler III"", ""Jimmy Butler III"", ""Jimmy Butler III"", ""Jimmy Butler III"", ""Jimmy Butler III""]"
Player,managed-gpt-oss-120b,w20,player,123,nationality,0,1,"[""USA"", ""USA"", ""USA"", ""USA"", ""USA""]"
Player,managed-gpt-oss-120b,w20,player,123,nba_championships,0,1,"["""", """", """", """", """"]"
Player,managed-gpt-oss-120b,w20,player,123,olympic_gold_medals,0,1,"[""1"", ""1"", ""1"", ""1"", ""1""]"
Player,managed-gpt-oss-120b,w20,player,123,position,0,1,"[""Frontcourt"", ""Frontcourt"", ""Frontcourt"", ""Frontcourt"", ""Frontcourt""]"
Player,managed-gpt-oss-120b,w20,player,123,team,0,1,"[""Miami Heat"", ""Miami Heat"", ""Miami Heat"", ""Miami Heat"", ""Miami Heat""]"
Player,managed-gpt-oss-120b,w20,player,124,age,0,1,"[""28"", ""28"", ""28"", ""28"", ""28""]"
Player,managed-gpt-oss-120b,w20,player,124,birth_date,0,1,"[""1996/2/6"", ""1996/2/6"", ""1996/2/6"", ""1996/2/6"", ""1996/2/6""]"
Player,managed-gpt-oss-120b,w20,player,124,college,0,1,"[""University of California, Los Angeles (UCLA)"", ""University of California, Los Angeles (UCLA)"", ""University of California, Los Angeles (UCLA)"", ""University of California, Los Angeles (UCLA)"", ""University of California, Los Angeles (UCLA)""]"
Player,managed-gpt-oss-120b,w20,player,124,draft_pick,0,1,"[""30"", ""30"", ""30"", ""30"", ""30""]"
Player,managed-gpt-oss-120b,w20,player,124,draft_year,0,1,"[""2015"", ""2015"", ""2015"", ""2015"", ""2015""]"
Player,managed-gpt-oss-120b,w20,player,124,fiba_world_cup,0,1,"["""", """", """", """", """"]"
Player,managed-gpt-oss-120b,w20,player,124,mvp_awards,0,1,"[""0"", ""0"", ""0"", ""0"", ""0""]"
Player,managed-gpt-oss-120b,w20,player,124,name,0,1,"[""Kevon Grant Looney"", ""Kevon Grant Looney"", ""Kevon Grant Looney"", ""Kevon Grant Looney"", ""Kevon Grant Looney""]"
Player,managed-gpt-oss-120b,w20,player,124,nationality,0,1,"[""USA"", ""USA"", ""USA"", ""USA"", ""USA""]"
Player,managed-gpt-oss-120b,w20,player,124,nba_championships,0,1,"[""3"", ""3"", ""3"", ""3"", ""3""]"
Player,managed-gpt-oss-120b,w20,player,124,olympic_gold_medals,0,1,"["""", """", """", """", """"]"
Player,managed-gpt-oss-120b,w20,player,124,position,0,1,"[""Frontcourt"", ""Frontcourt"", ""Frontcourt"", ""Frontcourt"", ""Frontcourt""]"
Player,managed-gpt-oss-120b,w20,player,124,team,0,1,"[""Golden State Warriors"", ""Golden State Warriors"", ""Golden State Warriors"", ""Golden State Warriors"", ""Golden State Warriors""]"
Player,managed-gpt-oss-120b,w20,player,125,age,0,1,"[""29"", ""29"", ""29"", ""29"", ""29""]"
Player,managed-gpt-oss-120b,w20,player,125,birth_date,0,1,"[""1995/3/10"", ""1995/3/10"", ""1995/3/10"", ""1995/3/10"", ""1995/3/10""]"
Player,managed-gpt-oss-120b,w20,player,125,college,0,1,"[""University of California, Los Angeles (UCLA)"", ""University of California, Los Angeles (UCLA)"", ""University of California, Los Angeles (UCLA)"", ""University of California, Los Angeles (UCLA)"", ""University of California, Los Angeles (UCLA)""]"
Player,managed-gpt-oss-120b,w20,player,125,draft_pick,0,1,"[""13"", ""13"", ""13"", ""13"", ""13""]"
Player,managed-gpt-oss-120b,w20,player,125,draft_year,0,1,"[""2014"", ""2014"", ""2014"", ""2014"", ""2014""]"
Player,managed-gpt-oss-120b,w20,player,125,fiba_world_cup,0,1,"["""", """", """", """", """"]"
Player,managed-gpt-oss-120b,w20,player,125,mvp_awards,0,1,"[""0"", ""0"", ""0"", ""0"", ""0""]"
Player,managed-gpt-oss-120b,w20,player,125,name,0,1,"[""Zachary Thomas LaVine"", ""Zachary Thomas LaVine"", ""Zachary Thomas LaVine"", ""Zachary Thomas LaVine"", ""Zachary Thomas LaVine""]"
Player,managed-gpt-oss-120b,w20,player,125,nationality,0,1,"[""USA"", ""USA"", ""USA"", ""USA"", ""USA""]"
Player,managed-gpt-oss-120b,w20,player,125,nba_championships,0,1,"["""", """", """", """", """"]"
Player,managed-gpt-oss-120b,w20,player,125,olympic_gold_medals,0,1,"[""1"", ""1"", ""1"", ""1"", ""1""]"
Player,managed-gpt-oss-120b,w20,player,125,position,0,1,"[""Backcourt"", ""Backcourt"", ""Backcourt"", ""Backcourt"", ""Backcourt""]"
Player,managed-gpt-oss-120b,w20,player,125,team,0,1,"[""Chicago Bulls"", ""Chicago Bulls"", ""Chicago Bulls"", ""Chicago Bulls"", ""Chicago Bulls""]"
Player,managed-gpt-oss-120b,w20,player,126,age,0,1,"[""22"", ""22"", ""22"", ""22"", ""22""]"
Player,managed-gpt-oss-120b,w20,player,126,birth_date,0,1,"[""2002/2/13"", ""2002/2/13"", ""2002/2/13"", ""2002/2/13"", ""2002/2/13""]"
Player,managed-gpt-oss-120b,w20,player,126,college,0,1,"[""Purdue University"", ""Purdue University"", ""Purdue University"", ""Purdue University"", ""Purdue University""]"
Player,managed-gpt-oss-120b,w20,player,126,draft_pick,0,1,"[""5"", ""5"", ""5"", ""5"", ""5""]"
Player,managed-gpt-oss-120b,w20,player,126,draft_year,0,1,"[""2022"", ""2022"", ""2022"", ""2022"", ""2022""]"
Player,managed-gpt-oss-120b,w20,player,126,fiba_world_cup,0,1,"["""", """", """", """", """"]"
Player,managed-gpt-oss-120b,w20,player,126,mvp_awards,0,1,"[""0"", ""0"", ""0"", ""0"", ""0""]"
Player,managed-gpt-oss-120b,w20,player,126,name,0,1,"[""Jaden Edward Dhananjay Ivey"", ""Jaden Edward Dhananjay Ivey"", ""Jaden Edward Dhananjay Ivey"", ""Jaden Edward Dhananjay Ivey"", ""Jaden Edward Dhananjay Ivey""]"
Player,managed-gpt-oss-120b,w20,player,126,nationality,0,1,"[""USA"", ""USA"", ""USA"", ""USA"", ""USA""]"
Player,managed-gpt-oss-120b,w20,player,126,nba_championships,0,1,"["""", """", """", """", """"]"
Player,managed-gpt-oss-120b,w20,player,126,olympic_gold_medals,0,1,"["""", """", """", """", """"]"
Player,managed-gpt-oss-120b,w20,player,126,position,0,1,"[""Backcourt"", ""Backcourt"", ""Backcourt"", ""Backcourt"", ""Backcourt""]"
Player,managed-gpt-oss-120b,w20,player,126,team,0,1,"[""Detroit Pistons"", ""Detroit Pistons"", ""Detroit Pistons"", ""Detroit Pistons"", ""Detroit Pistons""]"
Player,managed-gpt-oss-120b,w20,player,127,age,0,1,"[""38"", ""38"", ""38"", ""38"", ""38""]"
Player,managed-gpt-oss-120b,w20,player,127,birth_date,0,1,"[""1986/3/25"", ""1986/3/25"", ""1986/3/25"", ""1986/3/25"", ""1986/3/25""]"
Player,managed-gpt-oss-120b,w20,player,127,college,0,1,"[""Villanova University"", ""Villanova University"", ""Villanova University"", ""Villanova University"", ""Villanova University""]"
Player,managed-gpt-oss-120b,w20,player,127,draft_pick,0,1,"[""24"", ""24"", ""24"", ""24"", ""24""]"
Player,managed-gpt-oss-120b,w20,player,127,draft_year,0,1,"[""2006"", ""2006"", ""2006"", ""2006"", ""2006""]"
Player,managed-gpt-oss-120b,w20,player,127,fiba_world_cup,0,1,"["""", """", """", """", """"]"
Player,managed-gpt-oss-120b,w20,player,127,mvp_awards,0,1,"[""0"", ""0"", ""0"", ""0"", ""0""]"
Player,managed-gpt-oss-120b,w20,player,127,name,0,1,"[""Kyle Terrell Lowry"", ""Kyle Terrell Lowry"", ""Kyle Terrell Lowry"", ""Kyle Terrell Lowry"", ""Kyle Terrell Lowry""]"
Player,managed-gpt-oss-120b,w20,player,127,nationality,0,1,"[""USA"", ""USA"", ""USA"", ""USA"", ""USA""]"
Player,managed-gpt-oss-120b,w20,player,127,nba_championships,0,1,"[""1"", ""1"", ""1"", ""1"", ""1""]"
Player,managed-gpt-oss-120b,w20,player,127,olympic_gold_medals,0,1,"[""1"", ""1"", ""1"", ""1"", ""1""]"
Player,managed-gpt-oss-120b,w20,player,127,position,0,1,"[""Backcourt"", ""Backcourt"", ""Backcourt"", ""Backcourt"", ""Backcourt""]"
Player,managed-gpt-oss-120b,w20,player,127,team,0,1,"[""Philadelphia 76ers"", ""Philadelphia 76ers"", ""Philadelphia 76ers"", ""Philadelphia 76ers"", ""Philadelphia 76ers""]"
Player,managed-gpt-oss-120b,w20,player,128,age,0,1,"[""61"", ""61"", ""61"", ""61"", ""61""]"
Player,managed-gpt-oss-120b,w20,player,128,birth_date,0,1,"[""1963/2/17"", ""1963/2/17"", ""1963/2/17"", ""1963/2/17"", ""1963/2/17""]"
Player,managed-gpt-oss-120b,w20,player,128,college,0,1,"[""University of North Carolina at Chapel Hill"", ""University of North Carolina at Chapel Hill"", ""University of North Carolina at Chapel Hill"", ""University of North Carolina at Chapel Hill"", ""University of North Carolina at Chapel Hill""]"
Player,managed-gpt-oss-120b,w20,player,128,draft_pick,0,1,"[""3"", ""3"", ""3"", ""3"", ""3""]"
Player,managed-gpt-oss-120b,w20,player,128,draft_year,0,1,"[""1984"", ""1984"", ""1984"", ""1984"", ""1984""]"
Player,managed-gpt-oss-120b,w20,player,128,fiba_world_cup,0,1,"["""", """", """", """", """"]"
Player,managed-gpt-oss-120b,w20,player,128,mvp_awards,0,1,"[""5"", ""5"", ""5"", ""5"", ""5""]"
Player,managed-gpt-oss-120b,w20,player,128,name,0,1,"[""Michael Jeffrey Jordan"", ""Michael Jeffrey Jordan"", ""Michael Jeffrey Jordan"", ""Michael Jeffrey Jordan"", ""Michael Jeffrey Jordan""]"
Player,managed-gpt-oss-120b,w20,player,128,nationality,0,1,"[""USA"", ""USA"", ""USA"", ""USA"", ""USA""]"
Player,managed-gpt-oss-120b,w20,player,128,nba_championships,0,1,"[""6"", ""6"", ""6"", ""6"", ""6""]"
Player,managed-gpt-oss-120b,w20,player,128,olympic_gold_medals,0,1,"[""2"", ""2"", ""2"", ""2"", ""2""]"
Player,managed-gpt-oss-120b,w20,player,128,position,0,1,"[""Backcourt"", ""Backcourt"", ""Backcourt"", ""Backcourt"", ""Backcourt""]"
Player,managed-gpt-oss-120b,w20,player,128,team,0,1,"[""Washington Wizards"", ""Washington Wizards"", ""Washington Wizards"", ""Washington Wizards"", ""Washington Wizards""]"
Player,managed-gpt-oss-120b,w20,player,129,age,0,1,"[""28"", ""28"", ""28"", ""28"", ""28""]"
Player,managed-gpt-oss-120b,w20,player,129,birth_date,0,1,"[""1996/10/30"", ""1996/10/30"", ""1996/10/30"", ""1996/10/30"", ""1996/10/30""]"
Player,managed-gpt-oss-120b,w20,player,129,college,0,1,"[""University of Kentucky"", ""University of Kentucky"", ""University of Kentucky"", ""University of Kentucky"", ""University of Kentucky""]"
Player,managed-gpt-oss-120b,w20,player,129,draft_pick,0,1,"[""13"", ""13"", ""13"", ""13"", ""13""]"
Player,managed-gpt-oss-120b,w20,player,129,draft_year,0,1,"[""2015"", ""2015"", ""2015"", ""2015"", ""2015""]"
Player,managed-gpt-oss-120b,w20,player,129,fiba_world_cup,0,1,"["""", """", """", """", """"]"
Player,managed-gpt-oss-120b,w20,player,129,mvp_awards,0,1,"[""0"", ""0"", ""0"", ""0"", ""0""]"
Player,managed-gpt-oss-120b,w20,player,129,name,0,1,"[""Devin Armani Booker"", ""Devin Armani Booker"", ""Devin Armani Booker"", ""Devin Armani Booker"", ""Devin Armani Booker""]"
Player,managed-gpt-oss-120b,w20,player,129,nationality,0,1,"[""USA"", ""USA"", ""USA"", ""USA"", ""USA""]"
Player,managed-gpt-oss-120b,w20,player,129,nba_championships,0,1,"["""", """", """", """", """"]"
Player,managed-gpt-oss-120b,w20,player,129,olympic_gold_medals,0,1,"[""2"", ""2"", ""2"", ""2"", ""2""]"
Player,managed-gpt-oss-120b,w20,player,129,position,0,1,"[""Backcourt"", ""Backcourt"", ""Backcourt"", ""Backcourt"", ""Backcourt""]"
Player,managed-gpt-oss-120b,w20,player,129,team,0,1,"[""Phoenix Suns"", ""Phoenix Suns"", ""Phoenix Suns"", ""Phoenix Suns"", ""Phoenix Suns""]"
Player,managed-gpt-oss-120b,w20,player,130,age,0,1,"[""34"", ""34"", ""34"", ""34"", ""34""]"
Player,managed-gpt-oss-120b,w20,player,130,birth_date,0,1,"[""1990/3/4"", ""1990/3/4"", ""1990/3/4"", ""1990/3/4"", ""1990/3/4""]"
Player,managed-gpt-oss-120b,w20,player,130,college,0,1,"[""Michigan State University"", ""Michigan State University"", ""Michigan State University"", ""Michigan State University"", ""Michigan State University""]"
Player,managed-gpt-oss-120b,w20,player,130,draft_pick,0,1,"[""35"", ""35"", ""35"", ""35"", ""35""]"
Player,managed-gpt-oss-120b,w20,player,130,draft_year,0,1,"[""2012"", ""2012"", ""2012"", ""2012"", ""2012""]"
Player,managed-gpt-oss-120b,w20,player,130,fiba_world_cup,0,1,"["""", """", """", """", """"]"
Player,managed-gpt-oss-120b,w20,player,130,mvp_awards,0,1,"[""0"", ""0"", ""0"", ""0"", ""0""]"
Player,managed-gpt-oss-120b,w20,player,130,name,0,1,"[""Draymond Jamal Green"", ""Draymond Jamal Green"", ""Draymond Jamal Green"", ""Draymond Jamal Green"", ""Draymond Jamal Green""]"
Player,managed-gpt-oss-120b,w20,player,130,nationality,0,1,"[""USA"", ""USA"", ""USA"", ""USA"", ""USA""]"
Player,managed-gpt-oss-120b,w20,player,130,nba_championships,0,1,"[""4"", ""4"", ""4"", ""4"", ""4""]"
Player,managed-gpt-oss-120b,w20,player,130,olympic_gold_medals,0,1,"[""2"", ""2"", ""2"", ""2"", ""2""]"
Player,managed-gpt-oss-120b,w20,player,130,position,0,1,"[""Frontcourt"", ""Frontcourt"", ""Frontcourt"", ""Frontcourt"", ""Frontcourt""]"
Player,managed-gpt-oss-120b,w20,player,130,team,0,1,"[""Golden State Warriors"", ""Golden State Warriors"", ""Golden State Warriors"", ""Golden State Warriors"", ""Golden State Warriors""]"
Player,managed-gpt-oss-120b,w20,player,131,age,0,1,"[""27"", ""27"", ""27"", ""27"", ""27""]"
Player,managed-gpt-oss-120b,w20,player,131,birth_date,0,1,"[""1997/11/19"", ""1997/11/19"", ""1997/11/19"", ""1997/11/19"", ""1997/11/19""]"
Player,managed-gpt-oss-120b,w20,player,131,college,0,1,"[""Gonzaga University"", ""Gonzaga University"", ""Gonzaga University"", ""Gonzaga University"", ""Gonzaga University""]"
Player,managed-gpt-oss-120b,w20,player,131,draft_pick,0,1,"[""10"", ""10"", ""10"", ""10"", ""10""]"
Player,managed-gpt-oss-120b,w20,player,131,draft_year,0,1,"[""2017"", ""2017"", ""2017"", ""2017"", ""2017""]"
Player,managed-gpt-oss-120b,w20,player,131,fiba_world_cup,0,1,"["""", """", """", """", """"]"
Player,managed-gpt-oss-120b,w20,player,131,mvp_awards,0,1,"[""0"", ""0"", ""0"", ""0"", ""0""]"
Player,managed-gpt-oss-120b,w20,player,131,name,0,1,"[""Zach Collins"", ""Zach Collins"", ""Zach Collins"", ""Zach Collins"", ""Zach Collins""]"
Player,managed-gpt-oss-120b,w20,player,131,nationality,0,1,"[""USA"", ""USA"", ""USA"", ""USA"", ""USA""]"
Player,managed-gpt-oss-120b,w20,player,131,nba_championships,0,1,"["""", """", """", """", """"]"
Player,managed-gpt-oss-120b,w20,player,131,olympic_gold_medals,0,1,"["""", """", """", """", """"]"
Player,managed-gpt-oss-120b,w20,player,131,position,0,1,"[""Frontcourt"", ""Frontcourt"", ""Frontcourt"", ""Frontcourt"", ""Frontcourt""]"
Player,managed-gpt-oss-120b,w20,player,131,team,0,1,"[""San Antonio Spurs"", ""San Antonio Spurs"", ""San Antonio Spurs"", ""San Antonio Spurs"", ""San Antonio Spurs""]"
Player,managed-gpt-oss-120b,w20,player,132,age,0,1,"[""22"", ""22"", ""22"", ""22"", ""22""]"
Player,managed-gpt-oss-120b,w20,player,132,birth_date,0,1,"[""2002/10/6"", ""2002/10/6"", ""2002/10/6"", ""2002/10/6"", ""2002/10/6""]"
Player,managed-gpt-oss-120b,w20,player,132,college,0,1,"["""", """", """", """", """"]"
Player,managed-gpt-oss-120b,w20,player,132,draft_pick,0,1,"[""7"", ""7"", ""7"", ""7"", ""7""]"
Player,managed-gpt-oss-120b,w20,player,132,draft_year,0,1,"[""2021"", ""2021"", ""2021"", ""2021"", ""2021""]"
Player,managed-gpt-oss-120b,w20,player,132,fiba_world_cup,0,1,"["""", """", """", """", """"]"
Player,managed-gpt-oss-120b,w20,player,132,mvp_awards,0,1,"[""0"", ""0"", ""0"", ""0"", ""0""]"
Player,managed-gpt-oss-120b,w20,player,132,name,0,1,"[""Jonathan Malangu Kuminga"", ""Jonathan Malangu Kuminga"", ""Jonathan Malangu Kuminga"", ""Jonathan Malangu Kuminga"", ""Jonathan Malangu Kuminga""]"
Player,managed-gpt-oss-120b,w20,player,132,nationality,0,1,"[""DR Congo"", ""DR Congo"", ""DR Congo"", ""DR Congo"", ""DR Congo""]"
Player,managed-gpt-oss-120b,w20,player,132,nba_championships,0,1,"[""1"", ""1"", ""1"", ""1"", ""1""]"
Player,managed-gpt-oss-120b,w20,player,132,olympic_gold_medals,0,1,"["""", """", """", """", """"]"
Player,managed-gpt-oss-120b,w20,player,132,position,0,1,"[""Frontcourt"", ""Frontcourt"", ""Frontcourt"", ""Frontcourt"", ""Frontcourt""]"
Player,managed-gpt-oss-120b,w20,player,132,team,0,1,"[""Golden State Warriors"", ""Golden State Warriors"", ""Golden State Warriors"", ""Golden State Warriors"", ""Golden State Warriors""]"
Player,managed-gpt-oss-120b,w20,player,133,age,0,1,"[""27"", ""27"", ""27"", ""27"", ""27""]"
Player,managed-gpt-oss-120b,w20,player,133,birth_date,0,1,"[""1997/10/27"", ""1997/10/27"", ""1997/10/27"", ""1997/10/27"", ""1997/10/27""]"
Player,managed-gpt-oss-120b,w20,player,133,college,1,2,"[""University of California, Los Angeles (UCLA)"", ""University of California, Los Angeles (UCLA)"", ""University of California, Los Angeles (UCLA)"", ""UCLA (University of California, Los Angeles)"", ""University of California, Los Angeles (UCLA)""]"
Player,managed-gpt-oss-120b,w20,player,133,draft_pick,0,1,"[""2"", ""2"", ""2"", ""2"", ""2""]"
Player,managed-gpt-oss-120b,w20,player,133,draft_year,0,1,"[""2017"", ""2017"", ""2017"", ""2017"", ""2017""]"
Player,managed-gpt-oss-120b,w20,player,133,fiba_world_cup,0,1,"["""", """", """", """", """"]"
Player,managed-gpt-oss-120b,w20,player,133,mvp_awards,0,1,"[""0"", ""0"", ""0"", ""0"", ""0""]"
Player,managed-gpt-oss-120b,w20,player,133,name,0,1,"[""Lonzo Anderson Ball"", ""Lonzo Anderson Ball"", ""Lonzo Anderson Ball"", ""Lonzo Anderson Ball"", ""Lonzo Anderson Ball""]"
Player,managed-gpt-oss-120b,w20,player,133,nationality,0,1,"[""USA"", ""USA"", ""USA"", ""USA"", ""USA""]"
Player,managed-gpt-oss-120b,w20,player,133,nba_championships,0,1,"["""", """", """", """", """"]"
Player,managed-gpt-oss-120b,w20,player,133,olympic_gold_medals,0,1,"["""", """", """", """", """"]"
Player,managed-gpt-oss-120b,w20,player,133,position,0,1,"[""Backcourt"", ""Backcourt"", ""Backcourt"", ""Backcourt"", ""Backcourt""]"
Player,managed-gpt-oss-120b,w20,player,133,team,0,1,"[""Chicago Bulls"", ""Chicago Bulls"", ""Chicago Bulls"", ""Chicago Bulls"", ""Chicago Bulls""]"
Player,managed-gpt-oss-120b,w20,player,134,age,0,1,"[""23"", ""23"", ""23"", ""23"", ""23""]"
Player,managed-gpt-oss-120b,w20,player,134,birth_date,0,1,"[""2001/2/18"", ""2001/2/18"", ""2001/2/18"", ""2001/2/18"", ""2001/2/18""]"
Player,managed-gpt-oss-120b,w20,player,134,college,0,1,"[""University of California, Los Angeles (UCLA)"", ""University of California, Los Angeles (UCLA)"", ""University of California, Los Angeles (UCLA)"", ""University of California, Los Angeles (UCLA)"", ""University of California, Los Angeles (UCLA)""]"
Player,managed-gpt-oss-120b,w20,player,134,draft_pick,0,1,"[""18"", ""18"", ""18"", ""18"", ""18""]"
Player,managed-gpt-oss-120b,w20,player,134,draft_year,0,1,"[""2023"", ""2023"", ""2023"", ""2023"", ""2023""]"
Player,managed-gpt-oss-120b,w20,player,134,fiba_world_cup,0,1,"["""", """", """", """", """"]"
Player,managed-gpt-oss-120b,w20,player,134,mvp_awards,0,1,"[""0"", ""0"", ""0"", ""0"", ""0""]"
Player,managed-gpt-oss-120b,w20,player,134,name,0,1,"[""Jaime Jaquez Jr."", ""Jaime Jaquez Jr."", ""Jaime Jaquez Jr."", ""Jaime Jaquez Jr."", ""Jaime Jaquez Jr.""]"
Player,managed-gpt-oss-120b,w20,player,134,nationality,0,1,"[""USA||Mexico"", ""USA||Mexico"", ""USA||Mexico"", ""USA||Mexico"", ""USA||Mexico""]"
Player,managed-gpt-oss-120b,w20,player,134,nba_championships,0,1,"["""", """", """", """", """"]"
Player,managed-gpt-oss-120b,w20,player,134,olympic_gold_medals,0,1,"["""", """", """", """", """"]"
Player,managed-gpt-oss-120b,w20,player,134,position,0,1,"[""Frontcourt"", ""Frontcourt"", ""Frontcourt"", ""Frontcourt"", ""Frontcourt""]"
Player,managed-gpt-oss-120b,w20,player,134,team,0,1,"[""Miami Heat"", ""Miami Heat"", ""Miami Heat"", ""Miami Heat"", ""Miami Heat""]"
Player,managed-gpt-oss-120b,w20,player,135,age,0,1,"[""21"", ""21"", ""21"", ""21"", ""21""]"
Player,managed-gpt-oss-120b,w20,player,135,birth_date,0,1,"[""2003/1/30"", ""2003/1/30"", ""2003/1/30"", ""2003/1/30"", ""2003/1/30""]"
Player,managed-gpt-oss-120b,w20,player,135,college,0,1,"["""", """", """", """", """"]"
Player,managed-gpt-oss-120b,w20,player,135,draft_pick,0,1,"[""5"", ""5"", ""5"", ""5"", ""5""]"
Player,managed-gpt-oss-120b,w20,player,135,draft_year,0,1,"[""2023"", ""2023"", ""2023"", ""2023"", ""2023""]"
Player,managed-gpt-oss-120b,w20,player,135,fiba_world_cup,0,1,"["""", """", """", """", """"]"
Player,managed-gpt-oss-120b,w20,player,135,mvp_awards,0,1,"[""0"", ""0"", ""0"", ""0"", ""0""]"
Player,managed-gpt-oss-120b,w20,player,135,name,1,2,"[""Ausar XLNC Thompson"", ""Ausar XLNC Thompson"", ""Ausar XLNC Thompson"", ""Ausar XLNC Thompson"", ""Ausar XLNC Thompson||Amen Thompson""]"
Player,managed-gpt-oss-120b,w20,player,135,nationality,0,1,"[""USA"", ""USA"", ""USA"", ""USA"", ""USA""]"
Player,managed-gpt-oss-120b,w20,player,135,nba_championships,0,1,"["""", """", """", """", """"]"
Player,managed-gpt-oss-120b,w20,player,135,olympic_gold_medals,0,1,"["""", """", """", """", """"]"
Player,managed-gpt-oss-120b,w20,player,135,position,0,1,"[""Frontcourt"", ""Frontcourt"", ""Frontcourt"", ""Frontcourt"", ""Frontcourt""]"
Player,managed-gpt-oss-120b,w20,player,135,team,0,1,"[""Detroit Pistons"", ""Detroit Pistons"", ""Detroit Pistons"", ""Detroit Pistons"", ""Detroit Pistons""]"
Player,managed-gpt-oss-120b,w20,player,136,age,0,1,"[""28"", ""28"", ""28"", ""28"", ""28""]"
Player,managed-gpt-oss-120b,w20,player,136,birth_date,0,1,"[""1996/8/31"", ""1996/8/31"", ""1996/8/31"", ""1996/8/31"", ""1996/8/31""]"
Player,managed-gpt-oss-120b,w20,player,136,college,0,1,"[""Villanova University"", ""Villanova University"", ""Villanova University"", ""Villanova University"", ""Villanova University""]"
Player,managed-gpt-oss-120b,w20,player,136,draft_pick,0,1,"[""33"", ""33"", ""33"", ""33"", ""33""]"
Player,managed-gpt-oss-120b,w20,player,136,draft_year,0,1,"[""2018"", ""2018"", ""2018"", ""2018"", ""2018""]"
Player,managed-gpt-oss-120b,w20,player,136,fiba_world_cup,0,1,"["""", """", """", """", """"]"
Player,managed-gpt-oss-120b,w20,player,136,mvp_awards,0,1,"[""0"", ""0"", ""0"", ""0"", ""0""]"
Player,managed-gpt-oss-120b,w20,player,136,name,0,1,"[""Jalen Marquis Brunson"", ""Jalen Marquis Brunson"", ""Jalen Marquis Brunson"", ""Jalen Marquis Brunson"", ""Jalen Marquis Brunson""]"
Player,managed-gpt-oss-120b,w20,player,136,nationality,0,1,"[""USA"", ""USA"", ""USA"", ""USA"", ""USA""]"
Player,managed-gpt-oss-120b,w20,player,136,nba_championships,0,1,"["""", """", """", """", """"]"
Player,managed-gpt-oss-120b,w20,player,136,olympic_gold_medals,0,1,"["""", """", """", """", """"]"
Player,managed-gpt-oss-120b,w20,player,136,position,0,1,"[""Backcourt"", ""Backcourt"", ""Backcourt"", ""Backcourt"", ""Backcourt""]"
Player,managed-gpt-oss-120b,w20,player,136,team,0,1,"[""New York Knicks"", ""New York Knicks"", ""New York Knicks"", ""New York Knicks"", ""New York Knicks""]"
Player,managed-gpt-oss-120b,w20,player,137,age,0,1,"[""52"", ""52"", ""52"", ""52"", ""52""]"
Player,managed-gpt-oss-120b,w20,player,137,birth_date,0,1,"[""1972/3/6"", ""1972/3/6"", ""1972/3/6"", ""1972/3/6"", ""1972/3/6""]"
Player,managed-gpt-oss-120b,w20,player,137,college,0,1,"[""Louisiana State University (LSU)"", ""Louisiana State University (LSU)"", ""Louisiana State University (LSU)"", ""Louisiana State University (LSU)"", ""Louisiana State University (LSU)""]"
Player,managed-gpt-oss-120b,w20,player,137,draft_pick,0,1,"[""1"", ""1"", ""1"", ""1"", ""1""]"
Player,managed-gpt-oss-120b,w20,player,137,draft_year,0,1,"[""1992"", ""1992"", ""1992"", ""1992"", ""1992""]"
Player,managed-gpt-oss-120b,w20,player,137,fiba_world_cup,0,1,"[""1"", ""1"", ""1"", ""1"", ""1""]"
Player,managed-gpt-oss-120b,w20,player,137,mvp_awards,0,1,"[""1"", ""1"", ""1"", ""1"", ""1""]"
Player,managed-gpt-oss-120b,w20,player,137,name,0,1,"[""Shaquille Rashaun O'Neal"", ""Shaquille Rashaun O'Neal"", ""Shaquille Rashaun O'Neal"", ""Shaquille Rashaun O'Neal"", ""Shaquille Rashaun O'Neal""]"
Player,managed-gpt-oss-120b,w20,player,137,nationality,0,1,"[""USA"", ""USA"", ""USA"", ""USA"", ""USA""]"
Player,managed-gpt-oss-120b,w20,player,137,nba_championships,0,1,"[""4"", ""4"", ""4"", ""4"", ""4""]"
Player,managed-gpt-oss-120b,w20,player,137,olympic_gold_medals,0,1,"[""1"", ""1"", ""1"", ""1"", ""1""]"
Player,managed-gpt-oss-120b,w20,player,137,position,0,1,"[""Frontcourt"", ""Frontcourt"", ""Frontcourt"", ""Frontcourt"", ""Frontcourt""]"
Player,managed-gpt-oss-120b,w20,player,137,team,0,1,"[""Boston Celtics"", ""Boston Celtics"", ""Boston Celtics"", ""Boston Celtics"", ""Boston Celtics""]"
Player,managed-gpt-oss-120b,w20,player,138,age,0,1,"[""41"", ""41"", ""41"", ""41"", ""41""]"
Player,managed-gpt-oss-120b,w20,player,138,birth_date,0,1,"[""1978/8/23"", ""1978/8/23"", ""1978/8/23"", ""1978/8/23"", ""1978/8/23""]"
Player,managed-gpt-oss-120b,w20,player,138,college,0,1,"["""", """", """", """", """"]"
Player,managed-gpt-oss-120b,w20,player,138,draft_pick,0,1,"[""13"", ""13"", ""13"", ""13"", ""13""]"
Player,managed-gpt-oss-120b,w20,player,138,draft_year,0,1,"[""1996"", ""1996"", ""1996"", ""1996"", ""1996""]"
Player,managed-gpt-oss-120b,w20,player,138,fiba_world_cup,0,1,"["""", """", """", """", """"]"
Player,managed-gpt-oss-120b,w20,player,138,mvp_awards,0,1,"[""1"", ""1"", ""1"", ""1"", ""1""]"
Player,managed-gpt-oss-120b,w20,player,138,name,1,2,"[""Kobe Bryant"", ""Kobe Bean Bryant"", ""Kobe Bryant"", ""Kobe Bean Bryant"", ""Kobe Bryant""]"
Player,managed-gpt-oss-120b,w20,player,138,nationality,0,1,"[""USA"", ""USA"", ""USA"", ""USA"", ""USA""]"
Player,managed-gpt-oss-120b,w20,player,138,nba_championships,0,1,"[""5"", ""5"", ""5"", ""5"", ""5""]"
Player,managed-gpt-oss-120b,w20,player,138,olympic_gold_medals,0,1,"[""2"", ""2"", ""2"", ""2"", ""2""]"
Player,managed-gpt-oss-120b,w20,player,138,position,0,1,"[""Backcourt"", ""Backcourt"", ""Backcourt"", ""Backcourt"", ""Backcourt""]"
Player,managed-gpt-oss-120b,w20,player,138,team,0,1,"[""Los Angeles Lakers"", ""Los Angeles Lakers"", ""Los Angeles Lakers"", ""Los Angeles Lakers"", ""Los Angeles Lakers""]"
Player,managed-gpt-oss-120b,w20,player,139,age,0,1,"[""39"", ""39"", ""39"", ""39"", ""39""]"
Player,managed-gpt-oss-120b,w20,player,139,birth_date,0,1,"[""1985/5/6"", ""1985/5/6"", ""1985/5/6"", ""1985/5/6"", ""1985/5/6""]"
Player,managed-gpt-oss-120b,w20,player,139,college,0,1,"[""Wake Forest University"", ""Wake Forest University"", ""Wake Forest University"", ""Wake Forest University"", ""Wake Forest University""]"
Player,managed-gpt-oss-120b,w20,player,139,draft_pick,0,1,"[""4"", ""4"", ""4"", ""4"", ""4""]"
Player,managed-gpt-oss-120b,w20,player,139,draft_year,0,1,"[""2005"", ""2005"", ""2005"", ""2005"", ""2005""]"
Player,managed-gpt-oss-120b,w20,player,139,fiba_world_cup,1,2,"[""1"", ""1"", ""1"", """", """"]"
Player,managed-gpt-oss-120b,w20,player,139,mvp_awards,0,1,"[""0"", ""0"", ""0"", ""0"", ""0""]"
Player,managed-gpt-oss-120b,w20,player,139,name,0,1,"[""Christopher Emmanuel Paul"", ""Christopher Emmanuel Paul"", ""Christopher Emmanuel Paul"", ""Christopher Emmanuel Paul"", ""Christopher Emmanuel Paul""]"
Player,managed-gpt-oss-120b,w20,player,139,nationality,0,1,"[""USA"", ""USA"", ""USA"", ""USA"", ""USA""]"
Player,managed-gpt-oss-120b,w20,player,139,nba_championships,1,2,"[""0"", """", """", """", """"]"
Player,managed-gpt-oss-120b,w20,player,139,olympic_gold_medals,0,1,"[""2"", ""2"", ""2"", ""2"", ""2""]"
Player,managed-gpt-oss-120b,w20,player,139,position,0,1,"[""Backcourt"", ""Backcourt"", ""Backcourt"", ""Backcourt"", ""Backcourt""]"
Player,managed-gpt-oss-120b,w20,player,139,team,0,1,"[""San Antonio Spurs"", ""San Antonio Spurs"", ""San Antonio Spurs"", ""San Antonio Spurs"", ""San Antonio Spurs""]"
Player,managed-gpt-oss-120b,w20,player,140,age,0,1,"[""32"", ""32"", ""32"", ""32"", ""32""]"
Player,managed-gpt-oss-120b,w20,player,140,birth_date,0,1,"[""1992/5/30"", ""1992/5/30"", ""1992/5/30"", ""1992/5/30"", ""1992/5/30""]"
Player,managed-gpt-oss-120b,w20,player,140,college,1,3,"[""University of North Carolina (UNC)"", ""University of North Carolina"", ""University of North Carolina (UNC)"", ""University of North Carolina (UNC)"", ""North Carolina""]"
Player,managed-gpt-oss-120b,w20,player,140,draft_pick,0,1,"[""7"", ""7"", ""7"", ""7"", ""7""]"
Player,managed-gpt-oss-120b,w20,player,140,draft_year,0,1,"[""2012"", ""2012"", ""2012"", ""2012"", ""2012""]"
Player,managed-gpt-oss-120b,w20,player,140,fiba_world_cup,0,1,"["""", """", """", """", """"]"
Player,managed-gpt-oss-120b,w20,player,140,mvp_awards,0,1,"[""0"", ""0"", ""0"", ""0"", ""0""]"
Player,managed-gpt-oss-120b,w20,player,140,name,0,1,"[""Harrison Bryce Jordan Barnes"", ""Harrison Bryce Jordan Barnes"", ""Harrison Bryce Jordan Barnes"", ""Harrison Bryce Jordan Barnes"", ""Harrison Bryce Jordan Barnes""]"
Player,managed-gpt-oss-120b,w20,player,140,nationality,0,1,"[""USA"", ""USA"", ""USA"", ""USA"", ""USA""]"
Player,managed-gpt-oss-120b,w20,player,140,nba_championships,0,1,"[""1"", ""1"", ""1"", ""1"", ""1""]"
Player,managed-gpt-oss-120b,w20,player,140,olympic_gold_medals,0,1,"[""1"", ""1"", ""1"", ""1"", ""1""]"
Player,managed-gpt-oss-120b,w20,player,140,position,0,1,"[""Frontcourt"", ""Frontcourt"", ""Frontcourt"", ""Frontcourt"", ""Frontcourt""]"
Player,managed-gpt-oss-120b,w20,player,140,team,0,1,"[""San Antonio Spurs"", ""San Antonio Spurs"", ""San Antonio Spurs"", ""San Antonio Spurs"", ""San Antonio Spurs""]"
Player,managed-gpt-oss-120b,w20,player,141,age,0,1,"[""27"", ""27"", ""27"", ""27"", ""27""]"
Player,managed-gpt-oss-120b,w20,player,141,birth_date,0,1,"[""1997/7/18"", ""1997/7/18"", ""1997/7/18"", ""1997/7/18"", ""1997/7/18""]"
Player,managed-gpt-oss-120b,w20,player,141,college,0,1,"[""University of Kentucky"", ""University of Kentucky"", ""University of Kentucky"", ""University of Kentucky"", ""University of Kentucky""]"
Player,managed-gpt-oss-120b,w20,player,141,draft_pick,0,1,"[""14"", ""14"", ""14"", ""14"", ""14""]"
Player,managed-gpt-oss-120b,w20,player,141,draft_year,0,1,"[""2017"", ""2017"", ""2017"", ""2017"", ""2017""]"
Player,managed-gpt-oss-120b,w20,player,141,fiba_world_cup,0,1,"["""", """", """", """", """"]"
Player,managed-gpt-oss-120b,w20,player,141,mvp_awards,0,1,"[""0"", ""0"", ""0"", ""0"", ""0""]"
Player,managed-gpt-oss-120b,w20,player,141,name,0,1,"[""Edrice Femi Adebayo"", ""Edrice Femi Adebayo"", ""Edrice Femi Adebayo"", ""Edrice Femi Adebayo"", ""Edrice Femi Adebayo""]"
Player,managed-gpt-oss-120b,w20,player,141,nationality,0,1,"[""USA"", ""USA"", ""USA"", ""USA"", ""USA""]"
Player,managed-gpt-oss-120b,w20,player,141,nba_championships,0,1,"["""", """", """", """", """"]"
Player,managed-gpt-oss-120b,w20,player,141,olympic_gold_medals,0,1,"[""2"", ""2"", ""2"", ""2"", ""2""]"
Player,managed-gpt-oss-120b,w20,player,141,position,0,1,"[""Frontcourt"", ""Frontcourt"", ""Frontcourt"", ""Frontcourt"", ""Frontcourt""]"
Player,managed-gpt-oss-120b,w20,player,141,team,0,1,"[""Miami Heat"", ""Miami Heat"", ""Miami Heat"", ""Miami Heat"", ""Miami Heat""]"
Player,managed-gpt-oss-120b,w20,team,1,championship,0,1,"[""1"", ""1"", ""1"", ""1"", ""1""]"
Player,managed-gpt-oss-120b,w20,team,1,founded_year,0,1,"[""1946"", ""1946"", ""1946"", ""1946"", ""1946""]"
Player,managed-gpt-oss-120b,w20,team,1,location,0,1,"[""Atlanta"", ""Atlanta"", ""Atlanta"", ""Atlanta"", ""Atlanta""]"
Player,managed-gpt-oss-120b,w20,team,1,ownership,1,5,"[""Ben Kerner||Leo\u202fFerris||Tom\u202fCousins||Carl\u202fSanders||Ted\u202fTurner||Bruce\u202fLevenson||Tony\u202fRessler||Grant\u202fHill||Steven\u202fPrice||Rick\u202fSchnall||Sara\u202fBlakely||Jesse\u202fItzler||Jami\u202fGertz"", ""Ben Kerner||Leo Ferris||Thomas Cousins||Carl Sanders||Ted Turner||Atlanta Spirit LLC||Bruce Levenson||Tony\u202fRessler||Grant\u202fHill||Steven\u202fPrice||Rick\u202fSchnall||Sara\u202fBlakely||Jesse\u202fItzler||Jami\u202fGertz"", ""Ben Kerner||Leo\u202fFerris||Tom\u202fCousins||Carl\u202fSanders||Ted\u202fTurner||Time\u202fWarner||Bruce\u202fLevenson||Atlanta\u202fSpirit\u202fLLC||Tony\u202fRessler||Grant\u202fHill||Steven\u202fPrice||Rick\u202fSchnall||Sara\u202fBlakely||Jesse\u202fItzler||Jami\u202fGertz"", ""Ben Kerner||Leo Ferris||Tom Cousins||Carl Sanders||Ted Turner||Atlanta Spirit LLC||Bruce Levenson||Tony Ressler||Grant Hill||Steven Price||Rick Schnall||Sara Blakely||Jesse Itzler||Jami Gertz"", ""Tony\u202fRessler || Grant\u202fHill || Steven\u202fPrice || Rick\u202fSchnall || Sara\u202fBlakely || Jesse\u202fItzler || Jami\u202fGertz""]"
Player,managed-gpt-oss-120b,w20,team,1,team_name,1,2,"[""Atlanta Hawks||St. Louis Hawks||Milwaukee Hawks||Tri\u2011Cities Blackhawks||Buffalo Bisons"", ""Atlanta Hawks||St. Louis Hawks||Milwaukee Hawks||Tri\u2011Cities Blackhawks||Buffalo Bisons"", ""Atlanta Hawks||St. Louis Hawks||Milwaukee Hawks||Tri\u2011Cities Blackhawks||Buffalo Bisons"", ""Atlanta Hawks||St. Louis Hawks||Milwaukee Hawks||Tri\u2011Cities Blackhawks||Buffalo Bisons"", ""Atlanta Hawks""]"
Player,managed-gpt-oss-120b,w20,team,2,championship,0,1,"[""18"", ""18"", ""18"", ""18"", ""18""]"
Player,managed-gpt-oss-120b,w20,team,2,founded_year,0,1,"[""1946"", ""1946"", ""1946"", ""1946"", ""1946""]"
Player,managed-gpt-oss-120b,w20,team,2,location,0,1,"[""Boston"", ""Boston"", ""Boston"", ""Boston"", ""Boston""]"
Player,managed-gpt-oss-120b,w20,team,2,ownership,1,3,"[""Walter A.\u202fBrown || Irv\u202fLevin || John\u202fY.\u202fBrown\u202fJr. || Harry\u202fMangurian || Paul\u202fGaston || Boston\u202fBasketball\u202fPartners\u202fL.L.C. (H.\u202fIrving\u202fGrousbeck\u202f||\u202fWycliffe\u202fGrousbeck\u202f||\u202fSteve\u202fPagliuca)"", """", ""Walter A. Brown || Irv Levin || John\u202fY.\u202fBrown\u202fJr. || Harry\u202fMangurian || Paul\u202fGaston || H.\u202fIrving\u202fGrousbeck || Wycliffe\u202fGrousbeck || Steve\u202fPagliuca"", ""Walter A. Brown || Irv Levin || John\u202fY.\u202fBrown\u202fJr. || Harry\u202fMangurian || Paul\u202fGaston || H.\u202fIrving\u202fGrousbeck || Wycliffe\u202fGrousbeck || Steve\u202fPagliuca"", """"]"
Player,managed-gpt-oss-120b,w20,team,2,team_name,0,1,"[""Boston Celtics"", ""Boston Celtics"", ""Boston Celtics"", ""Boston Celtics"", ""Boston Celtics""]"
Player,managed-gpt-oss-120b,w20,team,3,championship,0,1,"[""2"", ""2"", ""2"", ""2"", ""2""]"
Player,managed-gpt-oss-120b,w20,team,3,founded_year,0,1,"[""1967"", ""1967"", ""1967"", ""1967"", ""1967""]"
Player,managed-gpt-oss-120b,w20,team,3,location,0,1,"[""Brooklyn"", ""Brooklyn"", ""Brooklyn"", ""Brooklyn"", ""Brooklyn""]"
Player,managed-gpt-oss-120b,w20,team,3,ownership,1,3,"[""Joseph\u202fTsai"", ""Arthur\u202fJ.\u202fBrown || Roy\u202fBoe || Alan\u202fN.\u202fCohen || Joseph\u202fTaub || Raymond\u202fChambers || Lewis\u202fKatz || Bruce\u202fRatner || Jay\u2011Z || Will\u202fPan || Mikhail\u202fProkhorov || Joseph\u202fTsai"", ""Arthur J. Brown || Roy Boe || Alan N. Cohen || Joseph Taub || Raymond Chambers || Lewis Katz || Bruce Ratner || Mikhail\u202fProkhorov || Joseph\u202fTsai || Jay\u2011Z || Will\u202fPan"", ""Joseph\u202fTsai"", ""Joseph\u202fTsai""]"
Player,managed-gpt-oss-120b,w20,team,3,team_name,1,2,"[""Brooklyn Nets||New Jersey Americans||New York Nets||New Jersey Nets"", ""Brooklyn Nets"", ""Brooklyn Nets||New Jersey Americans||New York Nets||New Jersey Nets"", ""Brooklyn Nets"", ""Brooklyn Nets""]"
Player,managed-gpt-oss-120b,w20,team,4,championship,1,2,"["""", ""0"", """", ""0"", ""0""]"
Player,managed-gpt-oss-120b,w20,team,4,founded_year,0,1,"[""1988"", ""1988"", ""1988"", ""1988"", ""1988""]"
Player,managed-gpt-oss-120b,w20,team,4,location,0,1,"[""Charlotte"", ""Charlotte"", ""Charlotte"", ""Charlotte"", ""Charlotte""]"
Player,managed-gpt-oss-120b,w20,team,4,ownership,1,4,"[""Gabe Plotkin||Rick Schnall||Michael Jordan"", ""George Shinn||Michael Jordan||Gabe Plotkin||Rick Schnall||Robert\u202fL.\u202fJohnson"", ""George Shinn||Robert L. Johnson||Michael Jordan||Gabe Plotkin||Rick Schnall"", ""Gabe Plotkin||Rick Schnall||Michael Jordan||George Shinn||Robert\u202fL.\u202fJohnson"", ""Gabe Plotkin||Rick Schnall||Michael Jordan""]"
Player,managed-gpt-oss-120b,w20,team,4,team_name,1,2,"[""Charlotte Hornets||Charlotte Bobcats"", ""Charlotte Hornets||Charlotte Bobcats"", ""Charlotte Hornets||Charlotte Bobcats||New\u202fOrleans Hornets||New\u202fOrleans Pelicans"", ""Charlotte Hornets||Charlotte Bobcats"", ""Charlotte Hornets||Charlotte Bobcats""]"
Player,managed-gpt-oss-120b,w20,team,5,championship,0,1,"[""6"", ""6"", ""6"", ""6"", ""6""]"
Player,managed-gpt-oss-120b,w20,team,5,founded_year,0,1,"[""1966"", ""1966"", ""1966"", ""1966"", ""1966""]"
Player,managed-gpt-oss-120b,w20,team,5,location,0,1,"[""Chicago"", ""Chicago"", ""Chicago"", ""Chicago"", ""Chicago""]"
Player,managed-gpt-oss-120b,w20,team,5,ownership,1,3,"[""Dick Klein||Wirtz family||Jerry Reinsdorf"", ""Dick Klein||Wirtz family||Jerry Reinsdorf"", ""Dick Klein||Wirtz family||Jerry Reinsdorf"", ""Jerry Reinsdorf"", """"]"
Player,managed-gpt-oss-120b,w20,team,5,team_name,0,1,"[""Chicago Bulls"", ""Chicago Bulls"", ""Chicago Bulls"", ""Chicago Bulls"", ""Chicago Bulls""]"
Player,managed-gpt-oss-120b,w20,team,6,championship,0,1,"[""1"", ""1"", ""1"", ""1"", ""1""]"
Player,managed-gpt-oss-120b,w20,team,6,founded_year,0,1,"[""1970"", ""1970"", ""1970"", ""1970"", ""1970""]"
Player,managed-gpt-oss-120b,w20,team,6,location,0,1,"[""Cleveland"", ""Cleveland"", ""Cleveland"", ""Cleveland"", ""Cleveland""]"
Player,managed-gpt-oss-120b,w20,team,6,ownership,1,3,"[""Ted Stepien||George Gund||Gordon Gund||Dan Gilbert"", ""Ted Stepien || George Gund || Gordon Gund || Dan Gilbert"", ""Ted Stepien||George Gund||Gordon Gund||Dan Gilbert"", ""Ted Stepien||George Gund||Gordon Gund||Dan Gilbert"", ""Dan Gilbert""]"
Player,managed-gpt-oss-120b,w20,team,6,team_name,0,1,"[""Cleveland Cavaliers"", ""Cleveland Cavaliers"", ""Cleveland Cavaliers"", ""Cleveland Cavaliers"", ""Cleveland Cavaliers""]"
Player,managed-gpt-oss-120b,w20,team,7,championship,0,1,"[""1"", ""1"", ""1"", ""1"", ""1""]"
Player,managed-gpt-oss-120b,w20,team,7,founded_year,0,1,"[""1980"", ""1980"", ""1980"", ""1980"", ""1980""]"
Player,managed-gpt-oss-120b,w20,team,7,location,0,1,"[""Dallas"", ""Dallas"", ""Dallas"", ""Dallas"", ""Dallas""]"
Player,managed-gpt-oss-120b,w20,team,7,ownership,1,4,"[""Don Carter||H.\u202fRoss\u202fPerot\u202fJr.||Mark\u202fCuban||Miriam\u202fAdelson||Patrick\u202fDumont"", ""Mark Cuban||Miriam Adelson||Patrick\u202fDumont"", ""Miriam Adelson||Patrick Dumont||Mark Cuban"", ""Miriam Adelson||Patrick\u202fDumont||Mark\u202fCuban"", ""Miriam Adelson||Patrick\u202fDumont||Mark\u202fCuban""]"
Player,managed-gpt-oss-120b,w20,team,7,team_name,0,1,"[""Dallas Mavericks"", ""Dallas Mavericks"", ""Dallas Mavericks"", ""Dallas Mavericks"", ""Dallas Mavericks""]"
Player,managed-gpt-oss-120b,w20,team,8,championship,0,1,"[""1"", ""1"", ""1"", ""1"", ""1""]"
Player,managed-gpt-oss-120b,w20,team,8,founded_year,0,1,"[""1967"", ""1967"", ""1967"", ""1967"", ""1967""]"
Player,managed-gpt-oss-120b,w20,team,8,location,0,1,"[""Denver"", ""Denver"", ""Denver"", ""Denver"", ""Denver""]"
Player,managed-gpt-oss-120b,w20,team,8,ownership,1,4,"[""Bill Ringsby||Frank Goldberg||Bud Fischer||Red\u202fMcCombs||Sidney\u202fShlenker||COMSAT||Bill\u202fLaurie||Nancy\u202fLaurie||Donald\u202fSturm||Stan\u202fKroenke"", ""Bill Ringsby || Frank Goldberg || Bud Fischer || Red\u202fMcCombs || Sidney\u202fShlenker || COMSAT || Bill Laurie || Nancy Laurie || Donald\u202fSturm || Stan\u202fKroenke"", ""Bill Ringsby || Frank Goldberg || Bud Fischer || Red\u202fMcCombs || Sidney\u202fShlenker || COMSAT || Bill Laurie || Nancy\u202fLaurie || Donald\u202fSturm || Stan\u202fKroenke"", ""Bill Ringsby||Frank Goldberg||Bud Fischer||Red\u202fMcCombs||Sidney\u202fShlenker||COMSAT||Bill\u202fLaurie||Nancy\u202fLaurie||Donald\u202fSturm||Stan\u202fKroenke"", ""Bill Ringsby || Frank Goldberg || Bud Fischer || Red\u202fMcCombs || Sidney\u202fShlenker || COMSAT || Bill\u202fLaurie || Nancy\u202fLaurie || Donald\u202fSturm || Stan\u202fKroenke""]"
Player,managed-gpt-oss-120b,w20,team,8,team_name,0,1,"[""Denver Nuggets"", ""Denver Nuggets"", ""Denver Nuggets"", ""Denver Nuggets"", ""Denver Nuggets""]"
Player,managed-gpt-oss-120b,w20,team,9,championship,0,1,"[""3"", ""3"", ""3"", ""3"", ""3""]"
Player,managed-gpt-oss-120b,w20,team,9,founded_year,0,1,"[""1937"", ""1937"", ""1937"", ""1937"", ""1937""]"
Player,managed-gpt-oss-120b,w20,team,9,location,0,1,"[""Detroit"", ""Detroit"", ""Detroit"", ""Detroit"", ""Detroit""]"
Player,managed-gpt-oss-120b,w20,team,9,ownership,1,4,"[""Fred\u202fZollner||Bill\u202fDavidson||Karen\u202fDavidson||Tom\u202fGores"", ""Fred\u202fZollner || Bill\u202fDavidson || Karen\u202fDavidson || Tom\u202fGores"", ""Fred\u202fZollner || Bill\u202fDavidson || Tom\u202fGores"", ""Fred\u202fZollner || Bill\u202fDavidson || Tom\u202fGores"", ""Fred\u202fZollner||Bill\u202fDavidson||Tom\u202fGores""]"
Player,managed-gpt-oss-120b,w20,team,9,team_name,0,1,"[""Detroit Pistons"", ""Detroit Pistons"", ""Detroit Pistons"", ""Detroit Pistons"", ""Detroit Pistons""]"
Player,managed-gpt-oss-120b,w20,team,10,championship,0,1,"[""7"", ""7"", ""7"", ""7"", ""7""]"
Player,managed-gpt-oss-120b,w20,team,10,founded_year,0,1,"[""1946"", ""1946"", ""1946"", ""1946"", ""1946""]"
Player,managed-gpt-oss-120b,w20,team,10,location,0,1,"[""San\u202fFrancisco"", ""San\u202fFrancisco"", ""San\u202fFrancisco"", ""San\u202fFrancisco"", ""San\u202fFrancisco""]"
Player,managed-gpt-oss-120b,w20,team,10,ownership,1,5,"[""Peter Guber||Joe Lacob"", ""Joe\u202fLacob||Peter\u202fGuber"", ""Joe Lacob||Peter Guber||Vivek\u202fRanadiv\u00e9||Erika\u202fGlazer||Fred\u202fHarman||Bob\u202fPiccinini||Larry\u202fBowman||Danny\u202fGerman||Marty\u202fGlick||Chad\u202fHurley||Craig\u202fR.\u202fJohnson||Bruce\u202fKarsh||Jeffrey\u202fA.\u202fMiller||Paul\u202fSchaeffer||David\u202fScially||Nick\u202fSwinmurn||Harry\u202fTsao||John\u202fWalecka||Dennis\u202fWong||Chamath\u202fPalihapitiya"", ""Joe Lacob||Peter Guber"", ""Peter A.\u202fTyrrell||Eddie\u202fGottlieb||Franklin\u202fMieuli||Jim\u202fFitzgerald||Dan\u202fFinane||Chris\u202fCohan||Peter\u202fGuber||Joe\u202fLacob""]"
Player,managed-gpt-oss-120b,w20,team,10,team_name,0,1,"[""Golden State Warriors"", ""Golden State Warriors"", ""Golden State Warriors"", ""Golden State Warriors"", ""Golden State Warriors""]"
Player,managed-gpt-oss-120b,w20,team,11,championship,0,1,"[""2"", ""2"", ""2"", ""2"", ""2""]"
Player,managed-gpt-oss-120b,w20,team,11,founded_year,0,1,"[""1967"", ""1967"", ""1967"", ""1967"", ""1967""]"
Player,managed-gpt-oss-120b,w20,team,11,location,0,1,"[""Houston"", ""Houston"", ""Houston"", ""Houston"", ""Houston""]"
Player,managed-gpt-oss-120b,w20,team,11,ownership,1,3,"[""Robert\u202fBreitbard||Texas\u202fSports\u202fInvestments||Kenneth\u202fSchnitzer||George\u202fMaloof||Gavin\u202fMaloof||Charlie\u202fThomas||Sidney\u202fShlenker||Leslie\u202fAlexander||Tilman\u202fFertitta"", ""Robert\u202fBreitbard||Texas\u202fSports\u202fInvestments||Kenneth\u202fSchnitzer||George\u202fMaloof||Charlie\u202fThomas||Sidney\u202fShlenker||Leslie\u202fAlexander||Tilman\u202fFertitta"", ""Robert\u202fBreitbard || Texas\u202fSports\u202fInvestments || Kenneth\u202fSchnitzer || George\u202fMaloof || Charlie\u202fThomas || Sidney\u202fShlenker || Leslie\u202fAlexander || Tilman\u202fFertitta"", ""Robert\u202fBreitbard || Texas\u202fSports\u202fInvestments || Kenneth\u202fSchnitzer || George\u202fMaloof || Charlie\u202fThomas || Sidney\u202fShlenker || Leslie\u202fAlexander || Tilman\u202fFertitta"", ""Robert\u202fBreitbard || Texas\u202fSports\u202fInvestments || Kenneth\u202fSchnitzer || George\u202fMaloof || Charlie\u202fThomas || Sidney\u202fShlenker || Leslie\u202fAlexander || Tilman\u202fFertitta""]"
Player,managed-gpt-oss-120b,w20,team,11,team_name,0,1,"[""Houston Rockets||San Diego Rockets"", ""Houston Rockets||San Diego Rockets"", ""Houston Rockets||San Diego Rockets"", ""Houston Rockets||San Diego Rockets"", ""Houston Rockets||San Diego Rockets""]"
Player,managed-gpt-oss-120b,w20,team,12,championship,0,1,"[""3"", ""3"", ""3"", ""3"", ""3""]"
Player,managed-gpt-oss-120b,w20,team,12,founded_year,0,1,"[""1967"", ""1967"", ""1967"", ""1967"", ""1967""]"
Player,managed-gpt-oss-120b,w20,team,12,location,0,1,"[""Indianapolis"", ""Indianapolis"", ""Indianapolis"", ""Indianapolis"", ""Indianapolis""]"
Player,managed-gpt-oss-120b,w20,team,12,ownership,1,3,"[""Herb Simon"", ""Herb Simon||Jim\u202fMorris"", """", """", """"]"
Player,managed-gpt-oss-120b,w20,team,12,team_name,0,1,"[""Indiana Pacers"", ""Indiana Pacers"", ""Indiana Pacers"", ""Indiana Pacers"", ""Indiana Pacers""]"
Player,managed-gpt-oss-120b,w20,team,13,championship,0,1,"[""0"", ""0"", ""0"", ""0"", ""0""]"
Player,managed-gpt-oss-120b,w20,team,13,founded_year,0,1,"[""1970"", ""1970"", ""1970"", ""1970"", ""1970""]"
Player,managed-gpt-oss-120b,w20,team,13,location,1,3,"[""Inglewood"", ""Los Angeles||Inglewood"", ""Los Angeles||Inglewood"", ""Los Angeles"", ""Los Angeles||Inglewood""]"
Player,managed-gpt-oss-120b,w20,team,13,ownership,1,3,"[""John\u202fY.\u202fBrown\u202fJr.||Irv\u202fLevin||Donald\u202fSterling||Steve\u202fBallmer"", ""Donald Sterling||Steve\u202fBallmer"", ""Donald Sterling||Steve\u202fBallmer"", ""Donald Sterling||Steve\u202fBallmer"", """"]"
Player,managed-gpt-oss-120b,w20,team,13,team_name,1,2,"[""Los Angeles Clippers"", ""Los Angeles Clippers"", ""Los Angeles Clippers||Buffalo Braves||San Diego Clippers"", ""Los Angeles Clippers"", ""Los Angeles Clippers""]"
Player,managed-gpt-oss-120b,w20,team,14,championship,0,1,"[""17"", ""17"", ""17"", ""17"", ""17""]"
Player,managed-gpt-oss-120b,w20,team,14,founded_year,0,1,"[""1946"", ""1946"", ""1946"", ""1946"", ""1946""]"
Player,managed-gpt-oss-120b,w20,team,14,location,0,1,"[""Los Angeles"", ""Los Angeles"", ""Los Angeles"", ""Los Angeles"", ""Los Angeles""]"
Player,managed-gpt-oss-120b,w20,team,14,ownership,1,5,"[""Jeanie\u202fBuss||Jerry\u202fBuss||Philip\u202fAnschutz||Magic\u202fJohnson||Ben\u202fBerger||Morris\u202fChalfen||Bob\u202fShort||Jack\u202fKent\u202fCooke"", ""Jeanie\u202fBuss||Jerry\u202fBuss||Jack\u202fKent\u202fCooke||Bob\u202fShort||Ben\u202fBerger||Morris\u202fChalfen||Philip\u202fAnschutz||Magic\u202fJohnson"", ""Jeanie Buss||Jerry Buss||Jack\u202fKent\u202fCooke||Bob\u202fShort||Ben\u202fBerger||Morris\u202fChalfen||Philip\u202fAnschutz||Magic\u202fJohnson"", ""Ben Berger||Morris Chalfen||Bob Short||Jack Kent Cooke||Jerry Buss||Jeanie Buss||Philip Anschutz||Magic Johnson"", ""Ben Berger||Morris Chalfen||Bob Short||Jack\u202fKent\u202fCooke||Jerry\u202fBuss||Jeanie\u202fBuss||Philip\u202fAnschutz||Magic\u202fJohnson""]"
Player,managed-gpt-oss-120b,w20,team,14,team_name,0,1,"[""Los Angeles Lakers"", ""Los Angeles Lakers"", ""Los Angeles Lakers"", ""Los Angeles Lakers"", ""Los Angeles Lakers""]"
Player,managed-gpt-oss-120b,w20,team,15,championship,0,1,"["""", """", """", """", """"]"
Player,managed-gpt-oss-120b,w20,team,15,founded_year,0,1,"[""1995"", ""1995"", ""1995"", ""1995"", ""1995""]"
Player,managed-gpt-oss-120b,w20,team,15,location,0,1,"[""Memphis"", ""Memphis"", ""Memphis"", ""Memphis"", ""Memphis""]"
Player,managed-gpt-oss-120b,w20,team,15,ownership,1,3,"[""Robert\u202fPera"", ""Robert Pera"", ""Robert J. Pera"", ""Robert J. Pera"", ""Robert J. Pera""]"
Player,managed-gpt-oss-120b,w20,team,15,team_name,0,1,"[""Memphis Grizzlies||Vancouver Grizzlies"", ""Memphis Grizzlies||Vancouver Grizzlies"", ""Memphis Grizzlies||Vancouver Grizzlies"", ""Memphis Grizzlies||Vancouver Grizzlies"", ""Memphis Grizzlies||Vancouver Grizzlies""]"
Player,managed-gpt-oss-120b,w20,team,16,championship,0,1,"[""3"", ""3"", ""3"", ""3"", ""3""]"
Player,managed-gpt-oss-120b,w20,team,16,founded_year,0,1,"[""1988"", ""1988"", ""1988"", ""1988"", ""1988""]"
Player,managed-gpt-oss-120b,w20,team,16,location,0,1,"[""Miami"", ""Miami"", ""Miami"", ""Miami"", ""Miami""]"
Player,managed-gpt-oss-120b,w20,team,16,ownership,0,1,"[""Micky Arison"", ""Micky Arison"", ""Micky Arison"", ""Micky Arison"", ""Micky Arison""]"
Player,managed-gpt-oss-120b,w20,team,16,team_name,0,1,"[""Miami Heat"", ""Miami Heat"", ""Miami Heat"", ""Miami Heat"", ""Miami Heat""]"
Player,managed-gpt-oss-120b,w20,team,17,championship,0,1,"[""2"", ""2"", ""2"", ""2"", ""2""]"
Player,managed-gpt-oss-120b,w20,team,17,founded_year,0,1,"[""1968"", ""1968"", ""1968"", ""1968"", ""1968""]"
Player,managed-gpt-oss-120b,w20,team,17,location,0,1,"[""Milwaukee"", ""Milwaukee"", ""Milwaukee"", ""Milwaukee"", ""Milwaukee""]"
Player,managed-gpt-oss-120b,w20,team,17,ownership,1,3,"[""Herb\u202fKohl || Wes\u202fEdens || Marc\u202fLasry || Jamie\u202fDinan"", ""Wes\u202fEdens||Marc\u202fLasry||Herb\u202fKohl||Jamie\u202fDinan"", ""Herb Kohl||Wes Edens||Marc\u202fLasry||Jamie\u202fDinan||Jim\u202fFitzgerald"", ""Herb Kohl||Wes Edens||Marc\u202fLasry||Jamie\u202fDinan||Jim\u202fFitzgerald"", ""Herb\u202fKohl || Wes\u202fEdens || Marc\u202fLasry || Jamie\u202fDinan""]"
Player,managed-gpt-oss-120b,w20,team,17,team_name,0,1,"[""Milwaukee Bucks"", ""Milwaukee Bucks"", ""Milwaukee Bucks"", ""Milwaukee Bucks"", ""Milwaukee Bucks""]"
Player,managed-gpt-oss-120b,w20,team,18,championship,1,2,"["""", """", ""0"", """", """"]"
Player,managed-gpt-oss-120b,w20,team,18,founded_year,0,1,"[""1989"", ""1989"", ""1989"", ""1989"", ""1989""]"
Player,managed-gpt-oss-120b,w20,team,18,location,0,1,"[""Minneapolis"", ""Minneapolis"", ""Minneapolis"", ""Minneapolis"", ""Minneapolis""]"
Player,managed-gpt-oss-120b,w20,team,18,ownership,0,1,"[""Glen Taylor"", ""Glen Taylor"", ""Glen Taylor"", ""Glen Taylor"", ""Glen Taylor""]"
Player,managed-gpt-oss-120b,w20,team,18,team_name,0,1,"[""Minnesota Timberwolves"", ""Minnesota Timberwolves"", ""Minnesota Timberwolves"", ""Minnesota Timberwolves"", ""Minnesota Timberwolves""]"
Player,managed-gpt-oss-120b,w20,team,19,championship,0,1,"[""0"", ""0"", ""0"", ""0"", ""0""]"
Player,managed-gpt-oss-120b,w20,team,19,founded_year,0,1,"[""2002"", ""2002"", ""2002"", ""2002"", ""2002""]"
Player,managed-gpt-oss-120b,w20,team,19,location,0,1,"[""New Orleans"", ""New Orleans"", ""New Orleans"", ""New Orleans"", ""New Orleans""]"
Player,managed-gpt-oss-120b,w20,team,19,ownership,1,3,"[""George Shinn||NBA||Tom Benson||Gayle Benson"", ""George Shinn||NBA||Tom Benson||Gayle Benson"", ""George Shinn || NBA || Tom Benson || Gayle Benson"", ""George Shinn || NBA || Tom Benson || Gayle Benson"", ""Gayle Benson""]"
Player,managed-gpt-oss-120b,w20,team,19,team_name,1,2,"[""New Orleans Pelicans||New Orleans Hornets"", ""New Orleans Pelicans||New Orleans Hornets"", ""New Orleans Pelicans"", ""New Orleans Pelicans"", ""New Orleans Pelicans||New Orleans Hornets""]"
Player,managed-gpt-oss-120b,w20,team,20,championship,0,1,"[""2"", ""2"", ""2"", ""2"", ""2""]"
Player,managed-gpt-oss-120b,w20,team,20,founded_year,0,1,"[""1946"", ""1946"", ""1946"", ""1946"", ""1946""]"
Player,managed-gpt-oss-120b,w20,team,20,location,1,4,"[""New York City (Manhattan)"", ""New\u202fYork\u202fCity (Manhattan)"", ""New\u202fYork\u202fCity||Manhattan"", ""New York City||Manhattan"", ""New\u202fYork\u202fCity (Manhattan)""]"
Player,managed-gpt-oss-120b,w20,team,20,ownership,1,2,"[""James Dolan"", ""James\u202fDolan"", ""James Dolan"", ""James Dolan"", ""James\u202fDolan""]"
Player,managed-gpt-oss-120b,w20,team,20,team_name,0,1,"[""New York Knicks"", ""New York Knicks"", ""New York Knicks"", ""New York Knicks"", ""New York Knicks""]"
Player,managed-gpt-oss-120b,w20,team,21,championship,0,1,"[""1"", ""1"", ""1"", ""1"", ""1""]"
Player,managed-gpt-oss-120b,w20,team,21,founded_year,0,1,"[""1967"", ""1967"", ""1967"", ""1967"", ""1967""]"
Player,managed-gpt-oss-120b,w20,team,21,location,0,1,"[""Oklahoma City"", ""Oklahoma City"", ""Oklahoma City"", ""Oklahoma City"", ""Oklahoma City""]"
Player,managed-gpt-oss-120b,w20,team,21,ownership,1,2,"[""Clay Bennett"", ""Clay Bennett"", ""Clay Bennett"", ""Clay Bennett"", ""Professional Basketball Club LLC||Clay Bennett""]"
Player,managed-gpt-oss-120b,w20,team,21,team_name,1,2,"[""Oklahoma City Thunder||Seattle SuperSonics"", ""Oklahoma City Thunder||Seattle SuperSonics"", ""Oklahoma City Thunder"", ""Oklahoma City Thunder||Seattle SuperSonics"", ""Oklahoma City Thunder||Seattle SuperSonics""]"
Player,managed-gpt-oss-120b,w20,team,22,championship,0,1,"[""0"", ""0"", ""0"", ""0"", ""0""]"
Player,managed-gpt-oss-120b,w20,team,22,founded_year,0,1,"[""1989"", ""1989"", ""1989"", ""1989"", ""1989""]"
Player,managed-gpt-oss-120b,w20,team,22,location,0,1,"[""Orlando"", ""Orlando"", ""Orlando"", ""Orlando"", ""Orlando""]"
Player,managed-gpt-oss-120b,w20,team,22,ownership,1,3,"[""Richard DeVos || Bob\u202fVander\u202fWeide"", ""Richard\u202fDeVos || Bob\u202fVander\u202fWeide"", ""Richard\u202fDeVos || Bob\u202fVander\u202fWeide"", ""Richard\u202fDeVos||Bob\u202fVander\u202fWeide"", ""Richard\u202fDeVos || Bob\u202fVander\u202fWeide""]"
Player,managed-gpt-oss-120b,w20,team,22,team_name,0,1,"[""Orlando Magic"", ""Orlando Magic"", ""Orlando Magic"", ""Orlando Magic"", ""Orlando Magic""]"
Player,managed-gpt-oss-120b,w20,team,23,championship,0,1,"[""3"", ""3"", ""3"", ""3"", ""3""]"
Player,managed-gpt-oss-120b,w20,team,23,founded_year,0,1,"[""1946"", ""1946"", ""1946"", ""1946"", ""1946""]"
Player,managed-gpt-oss-120b,w20,team,23,location,0,1,"[""Philadelphia"", ""Philadelphia"", ""Philadelphia"", ""Philadelphia"", ""Philadelphia""]"
Player,managed-gpt-oss-120b,w20,team,23,ownership,1,3,"["""", """", ""Harris\u202fBlitzer\u202fSports\u202f&\u202fEntertainment\u202f(HBSE)||Josh\u202fHarris||David\u202fBlitzer"", """", ""Harris Blitzer Sports & Entertainment (HBSE)||Josh Harris||David\u202fBlitzer""]"
Player,managed-gpt-oss-120b,w20,team,23,team_name,1,2,"[""Philadelphia 76ers"", ""Philadelphia 76ers"", ""Philadelphia 76ers||Syracuse Nationals"", ""Philadelphia 76ers"", ""Philadelphia 76ers""]"
Player,managed-gpt-oss-120b,w20,team,24,championship,0,1,"[""0"", ""0"", ""0"", ""0"", ""0""]"
Player,managed-gpt-oss-120b,w20,team,24,founded_year,0,1,"[""1968"", ""1968"", ""1968"", ""1968"", ""1968""]"
Player,managed-gpt-oss-120b,w20,team,24,location,1,2,"[""Phoenix, Arizona"", ""Phoenix"", ""Phoenix"", ""Phoenix"", ""Phoenix""]"
Player,managed-gpt-oss-120b,w20,team,24,ownership,1,2,"[""Mat Ishbia||Justin Ishbia"", ""Mat Ishbia||Justin Ishbia"", ""Mat Ishbia||Justin Ishbia"", ""Mat Ishbia||Justin Ishbia"", ""Mat\u202fIshbia\u202f||\u202fJustin\u202fIshbia""]"
Player,managed-gpt-oss-120b,w20,team,24,team_name,0,1,"[""Phoenix Suns"", ""Phoenix Suns"", ""Phoenix Suns"", ""Phoenix Suns"", ""Phoenix Suns""]"
Player,managed-gpt-oss-120b,w20,team,25,championship,0,1,"[""1"", ""1"", ""1"", ""1"", ""1""]"
Player,managed-gpt-oss-120b,w20,team,25,founded_year,0,1,"[""1970"", ""1970"", ""1970"", ""1970"", ""1970""]"
Player,managed-gpt-oss-120b,w20,team,25,location,0,1,"[""Portland"", ""Portland"", ""Portland"", ""Portland"", ""Portland""]"
Player,managed-gpt-oss-120b,w20,team,25,ownership,1,5,"[""Larry\u202fWeinberg || Paul\u202fAllen || Jody\u202fAllen"", ""Paul Allen || Jody Allen"", ""Larry\u202fWeinberg\u202f||\u202fPaul\u202fAllen\u202f||\u202fJody\u202fAllen"", ""Larry\u202fWeinberg || Paul\u202fAllen || Jody\u202fAllen (via\u202fVulcan\u202fInc.)"", ""Paul Allen||Jody Allen""]"
Player,managed-gpt-oss-120b,w20,team,25,team_name,0,1,"[""Portland Trail Blazers"", ""Portland Trail Blazers"", ""Portland Trail Blazers"", ""Portland Trail Blazers"", ""Portland Trail Blazers""]"
Player,managed-gpt-oss-120b,w20,team,26,championship,1,2,"[""1"", ""1"", ""1"", ""1"", ""2""]"
Player,managed-gpt-oss-120b,w20,team,26,founded_year,0,1,"[""1923"", ""1923"", ""1923"", ""1923"", ""1923""]"
Player,managed-gpt-oss-120b,w20,team,26,location,0,1,"[""Sacramento"", ""Sacramento"", ""Sacramento"", ""Sacramento"", ""Sacramento""]"
Player,managed-gpt-oss-120b,w20,team,26,ownership,1,5,"[""Vivek\u202fRanadiv\u00e9\u202f||\u202fMaloof\u202ffamily\u202f||\u202fJoseph\u202fBenvenuti\u202f||\u202fGregg\u202fLukenbill\u202f||\u202fShaquille\u202fO'Neal\u202f||\u202fLester\u202fHarrison\u202f||\u202fJack\u202fHarrison\u202f||\u202fLouis\u202fJacobs"", ""Lester Harrison || Jack Harrison || Louis\u202fJacobs || Maloof\u202ffamily || Vivek\u202fRanadiv\u00e9 || Shaquille\u202fO'Neal"", ""Vivek\u202fRanadiv\u00e9 || Shaquille\u202fO'Neal"", ""Joseph Benvenuti||Gregg\u202fLukenbill||Vivek\u202fRanadiv\u00e9||Shaquille\u202fO'Neal||Raj\u202fBhathal||Maloof\u202ffamily"", ""Maloof family||Vivek\u202fRanadiv\u00e9||Joseph\u202fBenvenuti||Gregg\u202fLukenbill||Shaquille\u202fO'Neal""]"
Player,managed-gpt-oss-120b,w20,team,26,team_name,1,3,"[""Sacramento Kings||Kansas City\u2013Omaha Kings||Kansas City Kings||Cincinnati Royals||Rochester Royals||Rochester Seagrams"", ""Sacramento Kings"", ""Sacramento Kings"", ""Sacramento Kings"", ""Sacramento Kings||Rochester Seagrams||Rochester Royals||Cincinnati Royals||Kansas City\u2013Omaha Kings||Kansas City Kings||Los Angeles Lakers||Golden State Warriors||Los Angeles Clippers||Boston Celtics||New York Knicks||Milwaukee Bucks||Philadelphia 76ers||Detroit Pistons||Chicago Bulls||San Antonio Spurs||Portland Trail Blazers||Minnesota Timberwolves||Dallas Mavericks||Phoenix Suns||Miami Heat||New Orleans Pelicans||Indiana Pacers||Toronto Raptors||Denver Nuggets||Washington Bullets||Cleveland Cavaliers||St. Louis Hawks||Atlanta Hawks||San Diego Clippers||Houston Rockets||Utah Jazz""]"
Player,managed-gpt-oss-120b,w20,team,27,championship,0,1,"[""5"", ""5"", ""5"", ""5"", ""5""]"
Player,managed-gpt-oss-120b,w20,team,27,founded_year,0,1,"[""1967"", ""1967"", ""1967"", ""1967"", ""1967""]"
Player,managed-gpt-oss-120b,w20,team,27,location,0,1,"[""San Antonio"", ""San Antonio"", ""San Antonio"", ""San Antonio"", ""San Antonio""]"
Player,managed-gpt-oss-120b,w20,team,27,ownership,1,3,"[""Angelo\u202fDrossos || John\u202fSchaefer || Red\u202fMcCombs || Peter\u202fM.\u202fHolt"", ""Angelo\u202fDrossos || John\u202fSchaefer || Red\u202fMcCombs || Peter\u202fM.\u202fHolt"", ""Angelo\u202fDrossos||John\u202fSchaefer||Red\u202fMcCombs||Peter\u202fM.\u202fHolt"", ""Angelo\u202fDrossos||John\u202fSchaefer||Red\u202fMcCombs||Peter\u202fM.\u202fHolt"", ""Angelo Drossos||John Schaefer||Red\u202fMcCombs||Peter\u202fM.\u202fHolt""]"
Player,managed-gpt-oss-120b,w20,team,27,team_name,0,1,"[""San Antonio Spurs"", ""San Antonio Spurs"", ""San Antonio Spurs"", ""San Antonio Spurs"", ""San Antonio Spurs""]"
Player,managed-gpt-oss-120b,w20,team,28,championship,0,1,"[""1"", ""1"", ""1"", ""1"", ""1""]"
Player,managed-gpt-oss-120b,w20,team,28,founded_year,0,1,"[""1995"", ""1995"", ""1995"", ""1995"", ""1995""]"
Player,managed-gpt-oss-120b,w20,team,28,location,0,1,"[""Toronto"", ""Toronto"", ""Toronto"", ""Toronto"", ""Toronto""]"
Player,managed-gpt-oss-120b,w20,team,28,ownership,1,5,"[""John Bitove||Allan Slaight||Maple Leaf Sports & Entertainment (MLSE)"", ""Maple\u202fLeaf\u202fSports\u202f&\u202fEntertainment (MLSE)"", ""John\u202fBitove||Allan\u202fSlaight||Maple\u202fLeaf\u202fSports\u202f&\u202fEntertainment (MLSE)"", ""John\u202fBitove || Allan\u202fSlaight || Maple\u202fLeaf\u202fSports\u202f&\u202fEntertainment (MLSE)"", ""John\u202fBitove\u202f(1993\u20131996) || Allan\u202fSlaight\u202f(1996\u20131998) || Bank\u202fof\u202fNova\u202fScotia\u202f(1996\u20131998) || Maple\u202fLeaf\u202fSports\u202f&\u202fEntertainment\u202f(MLSE) (1998\u2013present)""]"
Player,managed-gpt-oss-120b,w20,team,28,team_name,0,1,"[""Toronto Raptors"", ""Toronto Raptors"", ""Toronto Raptors"", ""Toronto Raptors"", ""Toronto Raptors""]"
Player,managed-gpt-oss-120b,w20,team,29,championship,1,2,"["""", ""0"", """", ""0"", ""0""]"
Player,managed-gpt-oss-120b,w20,team,29,founded_year,0,1,"[""1974"", ""1974"", ""1974"", ""1974"", ""1974""]"
Player,managed-gpt-oss-120b,w20,team,29,location,0,1,"[""Salt Lake City"", ""Salt Lake City"", ""Salt Lake City"", ""Salt Lake City"", ""Salt Lake City""]"
Player,managed-gpt-oss-120b,w20,team,29,ownership,1,5,"[""Ryan Smith||Dwyane Wade"", ""Ryan Smith || Dwyane Wade"", ""Ryan\u202fSmith || Dwyane\u202fWade"", ""Larry H. Miller || Ryan\u202fSmith"", ""Larry H.\u202fMiller||Ryan Smith||Dwyane Wade""]"
Player,managed-gpt-oss-120b,w20,team,29,team_name,1,2,"[""Utah Jazz||New Orleans Jazz"", ""Utah Jazz||New Orleans Jazz"", ""Utah Jazz"", ""Utah Jazz||New Orleans Jazz"", ""Utah Jazz||New Orleans Jazz""]"
Player,managed-gpt-oss-120b,w20,team,30,championship,0,1,"[""1"", ""1"", ""1"", ""1"", ""1""]"
Player,managed-gpt-oss-120b,w20,team,30,founded_year,0,1,"[""1961"", ""1961"", ""1961"", ""1961"", ""1961""]"
Player,managed-gpt-oss-120b,w20,team,30,location,0,1,"[""Washington, D.C."", ""Washington, D.C."", ""Washington, D.C."", ""Washington, D.C."", ""Washington, D.C.""]"
Player,managed-gpt-oss-120b,w20,team,30,ownership,1,3,"["""", ""Ted\u202fLeonsis||Abe\u202fPollin"", """", ""Ted\u202fLeonsis || Abe\u202fPollin || Irene\u202fPollin"", """"]"
Player,managed-gpt-oss-120b,w20,team,30,team_name,1,5,"[""Washington Wizards||Washington Bullets||Baltimore Bullets||Chicago Packers||Chicago Zephyrs||Capital Bullets"", ""Washington Wizards||Washington Bullets||Capital Bullets||Baltimore Bullets||Chicago Zephyrs||Chicago Packers"", ""Washington Wizards || Washington Bullets"", ""Washington Wizards"", ""Washington Wizards||Washington Bullets (former name)""]"
Player,managed-llama-3-3-70b-instruct,w20,city,1,area,0,1,"[""400.739"", ""400.739"", ""400.739"", ""400.739"", ""400.739""]"
Player,managed-llama-3-3-70b-instruct,w20,city,1,city_name,0,1,"[""Denver"", ""Denver"", ""Denver"", ""Denver"", ""Denver""]"
Player,managed-llama-3-3-70b-instruct,w20,city,1,gdp,1,2,"[""157.6"", ""$157.6 billion"", ""$157.6 billion"", ""$157.6 billion"", ""$157.6 billion""]"
Player,managed-llama-3-3-70b-instruct,w20,city,1,population,0,1,"[""715,522"", ""715,522"", ""715,522"", ""715,522"", ""715,522""]"
Player,managed-llama-3-3-70b-instruct,w20,city,1,state_name,0,1,"[""Colorado"", ""Colorado"", ""Colorado"", ""Colorado"", ""Colorado""]"
Player,managed-llama-3-3-70b-instruct,w20,city,2,area,0,1,"[""125"", ""125"", ""125"", ""125"", ""125""]"
Player,managed-llama-3-3-70b-instruct,w20,city,2,city_name,0,1,"[""Boston"", ""Boston"", ""Boston"", ""Boston"", ""Boston""]"
Player,managed-llama-3-3-70b-instruct,w20,city,2,gdp,0,1,"[""363"", ""363"", ""363"", ""363"", ""363""]"
Player,managed-llama-3-3-70b-instruct,w20,city,2,population,1,2,"[""675,647 || 4,919,179"", ""675,647"", ""675,647 || 4,919,179"", ""675,647 || 4,919,179"", ""675,647 || 4,919,179""]"
Player,managed-llama-3-3-70b-instruct,w20,city,2,state_name,0,1,"[""Massachusetts"", ""Massachusetts"", ""Massachusetts"", ""Massachusetts"", ""Massachusetts""]"
Player,managed-llama-3-3-70b-instruct,w20,city,3,area,0,1,"[""950"", ""950"", ""950"", ""950"", ""950""]"
Player,managed-llama-3-3-70b-instruct,w20,city,3,city_name,0,1,"[""Indianapolis"", ""Indianapolis"", ""Indianapolis"", ""Indianapolis"", ""Indianapolis""]"
Player,managed-llama-3-3-70b-instruct,w20,city,3,gdp,0,1,"[""$184.4 billion"", ""$184.4 billion"", ""$184.4 billion"", ""$184.4 billion"", ""$184.4 billion""]"
Player,managed-llama-3-3-70b-instruct,w20,city,3,population,0,1,"[""887,642"", ""887,642"", ""887,642"", ""887,642"", ""887,642""]"
Player,managed-llama-3-3-70b-instruct,w20,city,3,state_name,0,1,"[""Indiana"", ""Indiana"", ""Indiana"", ""Indiana"", ""Indiana""]"
Player,managed-llama-3-3-70b-instruct,w20,city,4,area,0,1,"[""999.3"", ""999.3"", ""999.3"", ""999.3"", ""999.3""]"
Player,managed-llama-3-3-70b-instruct,w20,city,4,city_name,0,1,"[""Dallas"", ""Dallas"", ""Dallas"", ""Dallas"", ""Dallas""]"
Player,managed-llama-3-3-70b-instruct,w20,city,4,gdp,0,1,"[""Not applicable"", ""Not applicable"", ""Not applicable"", ""Not applicable"", ""Not applicable""]"
Player,managed-llama-3-3-70b-instruct,w20,city,4,population,1,2,"[""1,304,379"", ""1,304,379"", ""1,304,379"", ""1,304,379"", ""1,304,379 || 7.5 million || 1,299,544""]"
Player,managed-llama-3-3-70b-instruct,w20,city,4,state_name,0,1,"[""Texas"", ""Texas"", ""Texas"", ""Texas"", ""Texas""]"
Player,managed-llama-3-3-70b-instruct,w20,city,5,area,0,1,"[""1205.4"", ""1205.4"", ""1205.4"", ""1205.4"", ""1205.4""]"
Player,managed-llama-3-3-70b-instruct,w20,city,5,city_name,0,1,"[""San Antonio"", ""San Antonio"", ""San Antonio"", ""San Antonio"", ""San Antonio""]"
Player,managed-llama-3-3-70b-instruct,w20,city,5,gdp,0,1,"[""$121 billion"", ""$121 billion"", ""$121 billion"", ""$121 billion"", ""$121 billion""]"
Player,managed-llama-3-3-70b-instruct,w20,city,5,population,0,1,"[""1,434,625 || 1,327,407 || 1,144,646 || 1,592,383 || 2,194,927 || 2,473,974"", ""1,434,625 || 1,327,407 || 1,144,646 || 1,592,383 || 2,194,927 || 2,473,974"", ""1,434,625 || 1,327,407 || 1,144,646 || 1,592,383 || 2,194,927 || 2,473,974"", ""1,434,625 || 1,327,407 || 1,144,646 || 1,592,383 || 2,194,927 || 2,473,974"", ""1,434,625 || 1,327,407 || 1,144,646 || 1,592,383 || 2,194,927 || 2,473,974""]"
Player,managed-llama-3-3-70b-instruct,w20,city,5,state_name,0,1,"[""Texas"", ""Texas"", ""Texas"", ""Texas"", ""Texas""]"
Player,managed-llama-3-3-70b-instruct,w20,city,6,area,0,1,"[""1210"", ""1210"", ""1210"", ""1210"", ""1210""]"
Player,managed-llama-3-3-70b-instruct,w20,city,6,city_name,0,1,"[""Los Angeles"", ""Los Angeles"", ""Los Angeles"", ""Los Angeles"", ""Los Angeles""]"
Player,managed-llama-3-3-70b-instruct,w20,city,6,gdp,0,1,"[""$1.0 trillion"", ""$1.0 trillion"", ""$1.0 trillion"", ""$1.0 trillion"", ""$1.0 trillion""]"
Player,managed-llama-3-3-70b-instruct,w20,city,6,population,1,2,"[""3,820,914 || 12.8 million || 18.3 million || 9.86 million"", ""3,820,914 || 12.8 million || 18.3 million || 9.86 million"", ""3,820,914 || 12.8 million || 18.3 million || 9.86 million"", ""3,820,914 || 12.8 million || 18.3 million || 9.86 million"", ""3,820,914 || 12.8 million || 18.3 million""]"
Player,managed-llama-3-3-70b-instruct,w20,city,6,state_name,0,1,"[""California"", ""California"", ""California"", ""California"", ""California""]"
Player,managed-llama-3-3-70b-instruct,w20,city,7,area,0,1,"[""152.8"", ""152.8"", ""152.8"", ""152.8"", ""152.8""]"
Player,managed-llama-3-3-70b-instruct,w20,city,7,city_name,0,1,"[""Minneapolis"", ""Minneapolis"", ""Minneapolis"", ""Minneapolis"", ""Minneapolis""]"
Player,managed-llama-3-3-70b-instruct,w20,city,7,gdp,0,1,"[""$323.9 billion || $337 billion"", ""$323.9 billion || $337 billion"", ""$323.9 billion || $337 billion"", ""$323.9 billion || $337 billion"", ""$323.9 billion || $337 billion""]"
Player,managed-llama-3-3-70b-instruct,w20,city,7,population,0,1,"[""429,954"", ""429,954"", ""429,954"", ""429,954"", ""429,954""]"
Player,managed-llama-3-3-70b-instruct,w20,city,7,state_name,0,1,"[""Minnesota"", ""Minnesota"", ""Minnesota"", ""Minnesota"", ""Minnesota""]"
Player,managed-llama-3-3-70b-instruct,w20,city,8,area,0,1,"["""", """", """", """", """"]"
Player,managed-llama-3-3-70b-instruct,w20,city,8,city_name,0,1,"[""Miami"", ""Miami"", ""Miami"", ""Miami"", ""Miami""]"
Player,managed-llama-3-3-70b-instruct,w20,city,8,gdp,1,3,"[""$257 || $344.9 billion"", ""$257 || $344.9"", ""$257 billion || $344.9 billion"", ""$257 billion || $344.9 billion"", ""$257 || $344.9""]"
Player,managed-llama-3-3-70b-instruct,w20,city,8,population,1,2,"[""442,241 || 6.14 million || 4 million"", ""6.14 million || 442,241"", ""6.14 million || 442,241"", ""6.14 million || 442,241"", ""6.14 million || 442,241""]"
Player,managed-llama-3-3-70b-instruct,w20,city,8,state_name,0,1,"[""Florida"", ""Florida"", ""Florida"", ""Florida"", ""Florida""]"
Player,managed-llama-3-3-70b-instruct,w20,city,9,area,0,1,"[""24"", ""24"", ""24"", ""24"", ""24""]"
Player,managed-llama-3-3-70b-instruct,w20,city,9,city_name,0,1,"[""Inglewood"", ""Inglewood"", ""Inglewood"", ""Inglewood"", ""Inglewood""]"
Player,managed-llama-3-3-70b-instruct,w20,city,9,gdp,1,2,"[""$43,394"", ""Not applicable"", ""Not applicable"", ""Not applicable"", ""Not applicable""]"
Player,managed-llama-3-3-70b-instruct,w20,city,9,population,0,1,"[""107,762"", ""107,762"", ""107,762"", ""107,762"", ""107,762""]"
Player,managed-llama-3-3-70b-instruct,w20,city,9,state_name,0,1,"[""California"", ""California"", ""California"", ""California"", ""California""]"
Player,managed-llama-3-3-70b-instruct,w20,city,10,area,0,1,"[""375.78"", ""375.78"", ""375.78"", ""375.78"", ""375.78""]"
Player,managed-llama-3-3-70b-instruct,w20,city,10,city_name,0,1,"[""Portland"", ""Portland"", ""Portland"", ""Portland"", ""Portland""]"
Player,managed-llama-3-3-70b-instruct,w20,city,10,gdp,1,2,"[""$50,271 || $40,146 || $22,643"", ""$50,271 || $40,146 || $22,643"", ""$50,271 || $40,146 || $22,643"", ""$50,271 || $40,146 || $22,643 || $10 billion"", ""$50,271 || $40,146 || $22,643""]"
Player,managed-llama-3-3-70b-instruct,w20,city,10,population,1,3,"[""652,503"", ""652,503"", ""652,503 || 2.5 million"", ""652,503 || 2.5 million || 100,000 || 301,815 || 17,500 || 46,385"", ""652,503""]"
Player,managed-llama-3-3-70b-instruct,w20,city,10,state_name,0,1,"[""Oregon"", ""Oregon"", ""Oregon"", ""Oregon"", ""Oregon""]"
Player,managed-llama-3-3-70b-instruct,w20,city,11,area,0,1,"[""121"", ""121"", ""121"", ""121"", ""121""]"
Player,managed-llama-3-3-70b-instruct,w20,city,11,city_name,0,1,"[""San Francisco"", ""San Francisco"", ""San Francisco"", ""San Francisco"", ""San Francisco""]"
Player,managed-llama-3-3-70b-instruct,w20,city,11,gdp,0,1,"[""$874 billion || $729 billion || $1.32 trillion || $252.2 billion"", ""$874 billion || $729 billion || $1.32 trillion || $252.2 billion"", ""$874 billion || $729 billion || $1.32 trillion || $252.2 billion"", ""$874 billion || $729 billion || $1.32 trillion || $252.2 billion"", ""$874 billion || $729 billion || $1.32 trillion || $252.2 billion""]"
Player,managed-llama-3-3-70b-instruct,w20,city,11,population,1,3,"[""808988 || 9001024"", ""808988 || 9001024"", ""808,988"", ""808988 || 873965 || 9001024 || 9472000 || 4670000 || 136761 || 296505 || 46625 || 86233 || 6475 || 3476 || 73169"", ""808988 || 9001024""]"
Player,managed-llama-3-3-70b-instruct,w20,city,11,state_name,0,1,"[""California"", ""California"", ""California"", ""California"", ""California""]"
Player,managed-llama-3-3-70b-instruct,w20,city,12,area,0,1,"[""369.62"", ""369.62"", ""369.62"", ""369.62"", ""369.62""]"
Player,managed-llama-3-3-70b-instruct,w20,city,12,city_name,0,1,"[""Philadelphia"", ""Philadelphia"", ""Philadelphia"", ""Philadelphia"", ""Philadelphia""]"
Player,managed-llama-3-3-70b-instruct,w20,city,12,gdp,0,1,"[""$518.5 billion || $479 billion"", ""$518.5 billion || $479 billion"", ""$518.5 billion || $479 billion"", ""$518.5 billion || $479 billion"", ""$518.5 billion || $479 billion""]"
Player,managed-llama-3-3-70b-instruct,w20,city,12,population,0,1,"[""1,603,797"", ""1,603,797"", ""1,603,797"", ""1,603,797"", ""1,603,797""]"
Player,managed-llama-3-3-70b-instruct,w20,city,12,state_name,0,1,"[""Pennsylvania"", ""Pennsylvania"", ""Pennsylvania"", ""Pennsylvania"", ""Pennsylvania""]"
Player,managed-llama-3-3-70b-instruct,w20,city,13,area,0,1,"[""910"", ""910"", ""910"", ""910"", ""910""]"
Player,managed-llama-3-3-70b-instruct,w20,city,13,city_name,0,1,"[""New Orleans"", ""New Orleans"", ""New Orleans"", ""New Orleans"", ""New Orleans""]"
Player,managed-llama-3-3-70b-instruct,w20,city,13,gdp,1,4,"[""$7.2"", ""$143 billion || $76,190"", ""$7.2||$183 billion (Metro)"", ""$5.5 billion"", ""$143 billion || $76,190""]"
Player,managed-llama-3-3-70b-instruct,w20,city,13,population,0,1,"[""383,997"", ""383,997"", ""383,997"", ""383,997"", ""383,997""]"
Player,managed-llama-3-3-70b-instruct,w20,city,13,state_name,0,1,"[""Louisiana"", ""Louisiana"", ""Louisiana"", ""Louisiana"", ""Louisiana""]"
Player,managed-llama-3-3-70b-instruct,w20,city,14,area,0,1,"[""606.1"", ""606.1"", ""606.1"", ""606.1"", ""606.1""]"
Player,managed-llama-3-3-70b-instruct,w20,city,14,city_name,0,1,"[""Chicago"", ""Chicago"", ""Chicago"", ""Chicago"", ""Chicago""]"
Player,managed-llama-3-3-70b-instruct,w20,city,14,gdp,1,2,"[""689"", ""689"", ""689"", ""689 billion"", ""689 billion""]"
Player,managed-llama-3-3-70b-instruct,w20,city,14,population,0,1,"[""2,746,388 || 9.6 million"", ""2,746,388 || 9.6 million"", ""2,746,388 || 9.6 million"", ""2,746,388 || 9.6 million"", ""2,746,388 || 9.6 million""]"
Player,managed-llama-3-3-70b-instruct,w20,city,14,state_name,0,1,"[""Illinois"", ""Illinois"", ""Illinois"", ""Illinois"", ""Illinois""]"
Player,managed-llama-3-3-70b-instruct,w20,city,15,area,0,1,"["""", """", """", """", """"]"
Player,managed-llama-3-3-70b-instruct,w20,city,15,city_name,0,1,"[""Orlando"", ""Orlando"", ""Orlando"", ""Orlando"", ""Orlando""]"
Player,managed-llama-3-3-70b-instruct,w20,city,15,gdp,1,2,"[""13.4"", ""$13.4 billion"", ""$13.4 billion"", ""13.4"", ""$13.4 billion""]"
Player,managed-llama-3-3-70b-instruct,w20,city,15,population,0,1,"[""307,573"", ""307,573"", ""307,573"", ""307,573"", ""307,573""]"
Player,managed-llama-3-3-70b-instruct,w20,city,15,state_name,0,1,"[""Florida"", ""Florida"", ""Florida"", ""Florida"", ""Florida""]"
Player,managed-llama-3-3-70b-instruct,w20,city,16,area,0,1,"[""286"", ""286"", ""286"", ""286"", ""286""]"
Player,managed-llama-3-3-70b-instruct,w20,city,16,city_name,0,1,"[""Salt Lake City"", ""Salt Lake City"", ""Salt Lake City"", ""Salt Lake City"", ""Salt Lake City""]"
Player,managed-llama-3-3-70b-instruct,w20,city,16,gdp,0,1,"[""Not applicable"", ""Not applicable"", ""Not applicable"", ""Not applicable"", ""Not applicable""]"
Player,managed-llama-3-3-70b-instruct,w20,city,16,population,0,1,"[""200,133 || 1,257,936 || 2,746,164"", ""200,133 || 1,257,936 || 2,746,164"", ""200,133 || 1,257,936 || 2,746,164"", ""200,133 || 1,257,936 || 2,746,164"", ""200,133 || 1,257,936 || 2,746,164""]"
Player,managed-llama-3-3-70b-instruct,w20,city,16,state_name,0,1,"[""Utah"", ""Utah"", ""Utah"", ""Utah"", ""Utah""]"
Player,managed-llama-3-3-70b-instruct,w20,city,17,area,0,1,"[""630.2"", ""630.2"", ""630.2"", ""630.2"", ""630.2""]"
Player,managed-llama-3-3-70b-instruct,w20,city,17,city_name,0,1,"[""Toronto"", ""Toronto"", ""Toronto"", ""Toronto"", ""Toronto""]"
Player,managed-llama-3-3-70b-instruct,w20,city,17,gdp,0,1,"[""$277.6 billion"", ""$277.6 billion"", ""$277.6 billion"", ""$277.6 billion"", ""$277.6 billion""]"
Player,managed-llama-3-3-70b-instruct,w20,city,17,population,0,1,"[""2,794,356 || 6,712,341"", ""2,794,356 || 6,712,341"", ""2,794,356 || 6,712,341"", ""2,794,356 || 6,712,341"", ""2,794,356 || 6,712,341""]"
Player,managed-llama-3-3-70b-instruct,w20,city,17,state_name,0,1,"[""Ontario"", ""Ontario"", ""Ontario"", ""Ontario"", ""Ontario""]"
Player,managed-llama-3-3-70b-instruct,w20,city,18,area,0,1,"[""1341"", ""1341"", ""1341"", ""1341"", ""1341""]"
Player,managed-llama-3-3-70b-instruct,w20,city,18,city_name,0,1,"[""Phoenix"", ""Phoenix"", ""Phoenix"", ""Phoenix"", ""Phoenix""]"
Player,managed-llama-3-3-70b-instruct,w20,city,18,gdp,1,3,"[""$362 billion|| $243 billion"", ""$362 billion || $243 billion"", ""$362 billion||$243 billion"", ""$362 billion|| $243 billion"", ""$362 billion||$243 billion""]"
Player,managed-llama-3-3-70b-instruct,w20,city,18,population,1,4,"[""1,662,607 || 4,857,962 || 1,608,139 || 1,445,632 || 1,509,000"", ""1,662,607 || 4,857,962 || 1,608,139"", ""1,662,607 || 4,857,962 || 1,509,000"", ""1,662,607 || 4,857,962 || 1,608,139 || 1,445,632 || 1,509,000 || 1,567,872"", ""1,662,607 || 4,857,962 || 1,608,139 || 1,445,632 || 1,509,000 || 1,567,872""]"
Player,managed-llama-3-3-70b-instruct,w20,city,18,state_name,0,1,"[""Arizona"", ""Arizona"", ""Arizona"", ""Arizona"", ""Arizona""]"
Player,managed-llama-3-3-70b-instruct,w20,city,19,area,0,1,"[""177"", ""177"", ""177"", ""177"", ""177""]"
Player,managed-llama-3-3-70b-instruct,w20,city,19,city_name,0,1,"[""Washington, D.C."", ""Washington, D.C."", ""Washington, D.C."", ""Washington, D.C."", ""Washington, D.C.""]"
Player,managed-llama-3-3-70b-instruct,w20,city,19,gdp,0,1,"[""$160,472"", ""$160,472"", ""$160,472"", ""$160,472"", ""$160,472""]"
Player,managed-llama-3-3-70b-instruct,w20,city,19,population,1,2,"[""689545 || 705749 || 802178 || 689545"", ""689545 || 705749 || 802178 || 9200000"", ""689545 || 705749 || 802178 || 9200000"", ""689545 || 705749 || 802178 || 9200000"", ""689545 || 705749 || 802178 || 689545""]"
Player,managed-llama-3-3-70b-instruct,w20,city,19,state_name,0,1,"[""None"", ""None"", ""None"", ""None"", ""None""]"
Player,managed-llama-3-3-70b-instruct,w20,city,20,area,0,1,"[""213.6"", ""213.6"", ""213.6"", ""213.6"", ""213.6""]"
Player,managed-llama-3-3-70b-instruct,w20,city,20,city_name,0,1,"[""Cleveland"", ""Cleveland"", ""Cleveland"", ""Cleveland"", ""Cleveland""]"
Player,managed-llama-3-3-70b-instruct,w20,city,20,gdp,0,1,"[""$138.3 billion || $176 billion"", ""$138.3 billion || $176 billion"", ""$138.3 billion || $176 billion"", ""$138.3 billion || $176 billion"", ""$138.3 billion || $176 billion""]"
Player,managed-llama-3-3-70b-instruct,w20,city,20,population,0,1,"[""372,624"", ""372,624"", ""372,624"", ""372,624"", ""372,624""]"
Player,managed-llama-3-3-70b-instruct,w20,city,20,state_name,0,1,"[""Ohio"", ""Ohio"", ""Ohio"", ""Ohio"", ""Ohio""]"
Player,managed-llama-3-3-70b-instruct,w20,city,21,area,0,1,"[""1659"", ""1659"", ""1659"", ""1659"", ""1659""]"
Player,managed-llama-3-3-70b-instruct,w20,city,21,city_name,0,1,"[""Houston"", ""Houston"", ""Houston"", ""Houston"", ""Houston""]"
Player,managed-llama-3-3-70b-instruct,w20,city,21,gdp,0,1,"[""633"", ""633"", ""633"", ""633"", ""633""]"
Player,managed-llama-3-3-70b-instruct,w20,city,21,population,1,3,"[""2,314,157 || 2,325,502"", ""2,314,157 || 2,325,502"", ""2,314,157 || 2,325,502"", ""2,314,157 || 2,100,263 || 2,312,717 || 2,325,502"", ""2,314,157 || 2,312,717 || 2,325,502""]"
Player,managed-llama-3-3-70b-instruct,w20,city,21,state_name,0,1,"[""Texas"", ""Texas"", ""Texas"", ""Texas"", ""Texas""]"
Player,managed-llama-3-3-70b-instruct,w20,city,22,area,0,1,"[""259"", ""259"", ""259"", ""259"", ""259""]"
Player,managed-llama-3-3-70b-instruct,w20,city,22,city_name,0,1,"[""Sacramento"", ""Sacramento"", ""Sacramento"", ""Sacramento"", ""Sacramento""]"
Player,managed-llama-3-3-70b-instruct,w20,city,22,gdp,0,1,"[""Not applicable"", ""Not applicable"", ""Not applicable"", ""Not applicable"", ""Not applicable""]"
Player,managed-llama-3-3-70b-instruct,w20,city,22,population,0,1,"[""524,943 || 2,680,831"", ""524,943 || 2,680,831"", ""524,943 || 2,680,831"", ""524,943 || 2,680,831"", ""524,943 || 2,680,831""]"
Player,managed-llama-3-3-70b-instruct,w20,city,22,state_name,0,1,"[""California"", ""California"", ""California"", ""California"", ""California""]"
Player,managed-llama-3-3-70b-instruct,w20,city,23,area,0,1,"[""370.03"", ""370.03"", ""370.03"", ""370.03"", ""370.03""]"
Player,managed-llama-3-3-70b-instruct,w20,city,23,city_name,0,1,"[""Detroit"", ""Detroit"", ""Detroit"", ""Detroit"", ""Detroit""]"
Player,managed-llama-3-3-70b-instruct,w20,city,23,gdp,1,2,"[""$46,782 million (~$51.8 billion in 2023)"", ""$14 billion"", ""$14 billion"", ""$14 billion"", ""$14 billion""]"
Player,managed-llama-3-3-70b-instruct,w20,city,23,population,0,1,"[""639,111"", ""639,111"", ""639,111"", ""639,111"", ""639,111""]"
Player,managed-llama-3-3-70b-instruct,w20,city,23,state_name,0,1,"[""Michigan"", ""Michigan"", ""Michigan"", ""Michigan"", ""Michigan""]"
Player,managed-llama-3-3-70b-instruct,w20,city,24,area,0,1,"[""839.2"", ""839.2"", ""839.2"", ""839.2"", ""839.2""]"
Player,managed-llama-3-3-70b-instruct,w20,city,24,city_name,0,1,"[""Memphis"", ""Memphis"", ""Memphis"", ""Memphis"", ""Memphis""]"
Player,managed-llama-3-3-70b-instruct,w20,city,24,gdp,0,1,"[""Not applicable"", ""Not applicable"", ""Not applicable"", ""Not applicable"", ""Not applicable""]"
Player,managed-llama-3-3-70b-instruct,w20,city,24,population,0,1,"[""633,104"", ""633,104"", ""633,104"", ""633,104"", ""633,104""]"
Player,managed-llama-3-3-70b-instruct,w20,city,24,state_name,0,1,"[""Tennessee"", ""Tennessee"", ""Tennessee"", ""Tennessee"", ""Tennessee""]"
Player,managed-llama-3-3-70b-instruct,w20,city,25,area,0,1,"[""808.1"", ""808.1"", ""808.1"", ""808.1"", ""808.1""]"
Player,managed-llama-3-3-70b-instruct,w20,city,25,city_name,0,1,"[""Charlotte"", ""Charlotte"", ""Charlotte"", ""Charlotte"", ""Charlotte""]"
Player,managed-llama-3-3-70b-instruct,w20,city,25,gdp,0,1,"[""2.5 || 115"", ""2.5 || 115"", ""2.5 || 115"", ""2.5 || 115"", ""2.5 || 115""]"
Player,managed-llama-3-3-70b-instruct,w20,city,25,population,0,1,"[""874,579"", ""874,579"", ""874,579"", ""874,579"", ""874,579""]"
Player,managed-llama-3-3-70b-instruct,w20,city,25,state_name,0,1,"[""North Carolina"", ""North Carolina"", ""North Carolina"", ""North Carolina"", ""North Carolina""]"
Player,managed-llama-3-3-70b-instruct,w20,city,26,area,0,1,"[""778.2"", ""778.2"", ""778.2"", ""778.2"", ""778.2""]"
Player,managed-llama-3-3-70b-instruct,w20,city,26,city_name,0,1,"[""New York City"", ""New York City"", ""New York City"", ""New York City"", ""New York City""]"
Player,managed-llama-3-3-70b-instruct,w20,city,26,gdp,0,1,"[""2.16 trillion"", ""2.16 trillion"", ""2.16 trillion"", ""2.16 trillion"", ""2.16 trillion""]"
Player,managed-llama-3-3-70b-instruct,w20,city,26,population,0,1,"[""8,804,190 || 8,258,035"", ""8,804,190 || 8,258,035"", ""8,804,190 || 8,258,035"", ""8,804,190 || 8,258,035"", ""8,804,190 || 8,258,035""]"
Player,managed-llama-3-3-70b-instruct,w20,city,26,state_name,0,1,"[""New York"", ""New York"", ""New York"", ""New York"", ""New York""]"
Player,managed-llama-3-3-70b-instruct,w20,city,27,area,0,1,"[""1606.7"", ""1606.7"", ""1606.7"", ""1606.7"", ""1606.7""]"
Player,managed-llama-3-3-70b-instruct,w20,city,27,city_name,0,1,"[""Oklahoma City"", ""Oklahoma City"", ""Oklahoma City"", ""Oklahoma City"", ""Oklahoma City""]"
Player,managed-llama-3-3-70b-instruct,w20,city,27,gdp,0,1,"[""$61.1 || $73.8"", ""$61.1 || $73.8"", ""$61.1 || $73.8"", ""$61.1 || $73.8"", ""$61.1 || $73.8""]"
Player,managed-llama-3-3-70b-instruct,w20,city,27,population,0,1,"[""681,054 || 1,396,445 || 1,469,124"", ""681,054 || 1,396,445 || 1,469,124"", ""681,054 || 1,396,445 || 1,469,124"", ""681,054 || 1,396,445 || 1,469,124"", ""681,054 || 1,396,445 || 1,469,124""]"
Player,managed-llama-3-3-70b-instruct,w20,city,27,state_name,0,1,"[""Oklahoma"", ""Oklahoma"", ""Oklahoma"", ""Oklahoma"", ""Oklahoma""]"
Player,managed-llama-3-3-70b-instruct,w20,city,28,area,0,1,"[""250.71"", ""250.71"", ""250.71"", ""250.71"", ""250.71""]"
Player,managed-llama-3-3-70b-instruct,w20,city,28,city_name,0,1,"[""Milwaukee"", ""Milwaukee"", ""Milwaukee"", ""Milwaukee"", ""Milwaukee""]"
Player,managed-llama-3-3-70b-instruct,w20,city,28,gdp,0,1,"[""$102 billion"", ""$102 billion"", ""$102 billion"", ""$102 billion"", ""$102 billion""]"
Player,managed-llama-3-3-70b-instruct,w20,city,28,population,0,1,"[""577,222"", ""577,222"", ""577,222"", ""577,222"", ""577,222""]"
Player,managed-llama-3-3-70b-instruct,w20,city,28,state_name,0,1,"[""Wisconsin"", ""Wisconsin"", ""Wisconsin"", ""Wisconsin"", ""Wisconsin""]"
Player,managed-llama-3-3-70b-instruct,w20,city,29,area,0,1,"[""347.1"", ""347.1"", ""347.1"", ""347.1"", ""347.1""]"
Player,managed-llama-3-3-70b-instruct,w20,city,29,city_name,0,1,"[""Atlanta"", ""Atlanta"", ""Atlanta"", ""Atlanta"", ""Atlanta""]"
Player,managed-llama-3-3-70b-instruct,w20,city,29,gdp,1,2,"[""473 billion"", ""$473 billion"", ""$473 billion"", ""$473 billion"", ""$473 billion""]"
Player,managed-llama-3-3-70b-instruct,w20,city,29,population,1,2,"[""510,823 || 6.3 million"", ""510,823 || 6.3 million"", ""510,823 || 6.3 million || 498,715"", ""510,823 || 6.3 million"", ""510,823 || 6.3 million || 498,715""]"
Player,managed-llama-3-3-70b-instruct,w20,city,29,state_name,0,1,"[""Georgia"", ""Georgia"", ""Georgia"", ""Georgia"", ""Georgia""]"
Player,managed-llama-3-3-70b-instruct,w20,manager,1,age,0,1,"[""60"", ""60"", ""60"", ""60"", ""60""]"
Player,managed-llama-3-3-70b-instruct,w20,manager,1,name,0,1,"[""Tom Gores"", ""Tom Gores"", ""Tom Gores"", ""Tom Gores"", ""Tom Gores""]"
Player,managed-llama-3-3-70b-instruct,w20,manager,1,nationality,1,2,"[""American || Greek || Lebanese"", ""American || Greek || Lebanese || Israeli"", ""American || Greek || Lebanese"", ""American || Greek || Lebanese"", ""American || Greek || Lebanese""]"
Player,managed-llama-3-3-70b-instruct,w20,manager,1,nba_team,0,1,"[""Detroit Pistons"", ""Detroit Pistons"", ""Detroit Pistons"", ""Detroit Pistons"", ""Detroit Pistons""]"
Player,managed-llama-3-3-70b-instruct,w20,manager,1,own_year,0,1,"[""2011"", ""2011"", ""2011"", ""2011"", ""2011""]"
Player,managed-llama-3-3-70b-instruct,w20,manager,2,age,0,1,"[""62"", ""62"", ""62"", ""62"", ""62""]"
Player,managed-llama-3-3-70b-instruct,w20,manager,2,name,0,1,"[""Dan Gilbert"", ""Dan Gilbert"", ""Dan Gilbert"", ""Dan Gilbert"", ""Dan Gilbert""]"
Player,managed-llama-3-3-70b-instruct,w20,manager,2,nationality,0,1,"[""American"", ""American"", ""American"", ""American"", ""American""]"
Player,managed-llama-3-3-70b-instruct,w20,manager,2,nba_team,0,1,"[""Cleveland Cavaliers"", ""Cleveland Cavaliers"", ""Cleveland Cavaliers"", ""Cleveland Cavaliers"", ""Cleveland Cavaliers""]"
Player,managed-llama-3-3-70b-instruct,w20,manager,2,own_year,0,1,"[""2005"", ""2005"", ""2005"", ""2005"", ""2005""]"
Player,managed-llama-3-3-70b-instruct,w20,manager,3,age,0,1,"[""68"", ""68"", ""68"", ""68"", ""68""]"
Player,managed-llama-3-3-70b-instruct,w20,manager,3,name,0,1,"[""Steve Ballmer"", ""Steve Ballmer"", ""Steve Ballmer"", ""Steve Ballmer"", ""Steve Ballmer""]"
Player,managed-llama-3-3-70b-instruct,w20,manager,3,nationality,1,2,"[""American || Jewish"", ""American || Jewish"", ""American || Jewish || Russian || Swiss"", ""American || Jewish || Russian || Swiss"", ""American || Jewish || Russian || Swiss""]"
Player,managed-llama-3-3-70b-instruct,w20,manager,3,nba_team,0,1,"[""Los Angeles Clippers"", ""Los Angeles Clippers"", ""Los Angeles Clippers"", ""Los Angeles Clippers"", ""Los Angeles Clippers""]"
Player,managed-llama-3-3-70b-instruct,w20,manager,3,own_year,0,1,"[""2014"", ""2014"", ""2014"", ""2014"", ""2014""]"
Player,managed-llama-3-3-70b-instruct,w20,manager,4,age,0,1,"[""59"", ""59"", ""59"", ""59"", ""59""]"
Player,managed-llama-3-3-70b-instruct,w20,manager,4,name,0,1,"[""Daniel G. DeVos"", ""Daniel G. DeVos"", ""Daniel G. DeVos"", ""Daniel G. DeVos"", ""Daniel G. DeVos""]"
Player,managed-llama-3-3-70b-instruct,w20,manager,4,nationality,0,1,"[""American"", ""American"", ""American"", ""American"", ""American""]"
Player,managed-llama-3-3-70b-instruct,w20,manager,4,nba_team,0,1,"[""Orlando Magic"", ""Orlando Magic"", ""Orlando Magic"", ""Orlando Magic"", ""Orlando Magic""]"
Player,managed-llama-3-3-70b-instruct,w20,manager,4,own_year,0,1,"[""1991"", ""1991"", ""1991"", ""1991"", ""1991""]"
Player,managed-llama-3-3-70b-instruct,w20,manager,5,age,0,1,"[""45"", ""45"", ""45"", ""45"", ""45""]"
Player,managed-llama-3-3-70b-instruct,w20,manager,5,name,0,1,"[""Mark Cuban"", ""Mark Cuban"", ""Mark Cuban"", ""Mark Cuban"", ""Mark Cuban""]"
Player,managed-llama-3-3-70b-instruct,w20,manager,5,nationality,1,2,"[""American || Jewish"", ""American"", ""American"", ""American"", ""American""]"
Player,managed-llama-3-3-70b-instruct,w20,manager,5,nba_team,0,1,"[""Dallas Mavericks"", ""Dallas Mavericks"", ""Dallas Mavericks"", ""Dallas Mavericks"", ""Dallas Mavericks""]"
Player,managed-llama-3-3-70b-instruct,w20,manager,5,own_year,0,1,"[""2000"", ""2000"", ""2000"", ""2000"", ""2000""]"
Player,managed-llama-3-3-70b-instruct,w20,manager,6,age,0,1,"[""66"", ""66"", ""66"", ""66"", ""66""]"
Player,managed-llama-3-3-70b-instruct,w20,manager,6,name,0,1,"[""Tilman Joseph Fertitta"", ""Tilman Joseph Fertitta"", ""Tilman Joseph Fertitta"", ""Tilman Joseph Fertitta"", ""Tilman Joseph Fertitta""]"
Player,managed-llama-3-3-70b-instruct,w20,manager,6,nationality,0,1,"[""American"", ""American"", ""American"", ""American"", ""American""]"
Player,managed-llama-3-3-70b-instruct,w20,manager,6,nba_team,0,1,"[""Houston Rockets"", ""Houston Rockets"", ""Houston Rockets"", ""Houston Rockets"", ""Houston Rockets""]"
Player,managed-llama-3-3-70b-instruct,w20,manager,6,own_year,0,1,"[""2017"", ""2017"", ""2017"", ""2017"", ""2017""]"
Player,managed-llama-3-3-70b-instruct,w20,manager,7,age,0,1,"[""1964"", ""1964"", ""1964"", ""1964"", ""1964""]"
Player,managed-llama-3-3-70b-instruct,w20,manager,7,name,0,1,"[""Joseph Chung-Hsin Tsai || Clara Wu Tsai"", ""Joseph Chung-Hsin Tsai || Clara Wu Tsai"", ""Joseph Chung-Hsin Tsai || Clara Wu Tsai"", ""Joseph Chung-Hsin Tsai || Clara Wu Tsai"", ""Joseph Chung-Hsin Tsai || Clara Wu Tsai""]"
Player,managed-llama-3-3-70b-instruct,w20,manager,7,nationality,0,1,"[""Taiwanese-Canadian || Chinese"", ""Taiwanese-Canadian || Chinese"", ""Taiwanese-Canadian || Chinese"", ""Taiwanese-Canadian || Chinese"", ""Taiwanese-Canadian || Chinese""]"
Player,managed-llama-3-3-70b-instruct,w20,manager,7,nba_team,0,1,"[""Brooklyn Nets"", ""Brooklyn Nets"", ""Brooklyn Nets"", ""Brooklyn Nets"", ""Brooklyn Nets""]"
Player,managed-llama-3-3-70b-instruct,w20,manager,7,own_year,0,1,"[""2019"", ""2019"", ""2019"", ""2019"", ""2019""]"
Player,managed-llama-3-3-70b-instruct,w20,manager,8,age,0,1,"[""63"", ""63"", ""63"", ""63"", ""63""]"
Player,managed-llama-3-3-70b-instruct,w20,manager,8,name,0,1,"[""Clayton Ike Bennett"", ""Clayton Ike Bennett"", ""Clayton Ike Bennett"", ""Clayton Ike Bennett"", ""Clayton Ike Bennett""]"
Player,managed-llama-3-3-70b-instruct,w20,manager,8,nationality,0,1,"[""American"", ""American"", ""American"", ""American"", ""American""]"
Player,managed-llama-3-3-70b-instruct,w20,manager,8,nba_team,0,1,"[""Oklahoma City Thunder || San Antonio Spurs || Seattle SuperSonics || New Orleans Hornets || Sacramento Kings"", ""Oklahoma City Thunder || San Antonio Spurs || Seattle SuperSonics || New Orleans Hornets || Sacramento Kings"", ""Oklahoma City Thunder || San Antonio Spurs || Seattle SuperSonics || New Orleans Hornets || Sacramento Kings"", ""Oklahoma City Thunder || San Antonio Spurs || Seattle SuperSonics || New Orleans Hornets || Sacramento Kings"", ""Oklahoma City Thunder || San Antonio Spurs || Seattle SuperSonics || New Orleans Hornets || Sacramento Kings""]"
Player,managed-llama-3-3-70b-instruct,w20,manager,8,own_year,1,2,"[""2008"", ""2008"", ""2006"", ""2008"", ""2008""]"
Player,managed-llama-3-3-70b-instruct,w20,manager,9,age,0,1,"[""89"", ""89"", ""89"", ""89"", ""89""]"
Player,managed-llama-3-3-70b-instruct,w20,manager,9,name,0,1,"[""Herbert Simon"", ""Herbert Simon"", ""Herbert Simon"", ""Herbert Simon"", ""Herbert Simon""]"
Player,managed-llama-3-3-70b-instruct,w20,manager,9,nationality,0,1,"[""American || Thai"", ""American || Thai"", ""American || Thai"", ""American || Thai"", ""American || Thai""]"
Player,managed-llama-3-3-70b-instruct,w20,manager,9,nba_team,0,1,"[""Indiana Pacers"", ""Indiana Pacers"", ""Indiana Pacers"", ""Indiana Pacers"", ""Indiana Pacers""]"
Player,managed-llama-3-3-70b-instruct,w20,manager,9,own_year,0,1,"[""1983"", ""1983"", ""1983"", ""1983"", ""1983""]"
Player,managed-llama-3-3-70b-instruct,w20,manager,10,age,0,1,"[""88"", ""88"", ""88"", ""88"", ""88""]"
Player,managed-llama-3-3-70b-instruct,w20,manager,10,name,0,1,"[""Jerry Michael Reinsdorf"", ""Jerry Michael Reinsdorf"", ""Jerry Michael Reinsdorf"", ""Jerry Michael Reinsdorf"", ""Jerry Michael Reinsdorf""]"
Player,managed-llama-3-3-70b-instruct,w20,manager,10,nationality,1,2,"[""American"", ""American"", ""American || Jewish"", ""American"", ""American""]"
Player,managed-llama-3-3-70b-instruct,w20,manager,10,nba_team,0,1,"[""Chicago Bulls"", ""Chicago Bulls"", ""Chicago Bulls"", ""Chicago Bulls"", ""Chicago Bulls""]"
Player,managed-llama-3-3-70b-instruct,w20,manager,10,own_year,0,1,"[""1985"", ""1985"", ""1985"", ""1985"", ""1985""]"
Player,managed-llama-3-3-70b-instruct,w20,manager,11,age,0,1,"[""77"", ""77"", ""77"", ""77"", ""77""]"
Player,managed-llama-3-3-70b-instruct,w20,manager,11,name,0,1,"[""Gayle Marie LaJaunie Bird Benson"", ""Gayle Marie LaJaunie Bird Benson"", ""Gayle Marie LaJaunie Bird Benson"", ""Gayle Marie LaJaunie Bird Benson"", ""Gayle Marie LaJaunie Bird Benson""]"
Player,managed-llama-3-3-70b-instruct,w20,manager,11,nationality,0,1,"[""American"", ""American"", ""American"", ""American"", ""American""]"
Player,managed-llama-3-3-70b-instruct,w20,manager,11,nba_team,0,1,"[""New Orleans Pelicans"", ""New Orleans Pelicans"", ""New Orleans Pelicans"", ""New Orleans Pelicans"", ""New Orleans Pelicans""]"
Player,managed-llama-3-3-70b-instruct,w20,manager,11,own_year,0,1,"[""2018"", ""2018"", ""2018"", ""2018"", ""2018""]"
Player,managed-llama-3-3-70b-instruct,w20,manager,12,age,0,1,"[""74"", ""74"", ""74"", ""74"", ""74""]"
Player,managed-llama-3-3-70b-instruct,w20,manager,12,name,0,1,"[""Enos Stanley Kroenke || Ann Walton Kroenke"", ""Enos Stanley Kroenke || Ann Walton Kroenke"", ""Enos Stanley Kroenke || Ann Walton Kroenke"", ""Enos Stanley Kroenke || Ann Walton Kroenke"", ""Enos Stanley Kroenke || Ann Walton Kroenke""]"
Player,managed-llama-3-3-70b-instruct,w20,manager,12,nationality,0,1,"[""American || German"", ""American || German"", ""American || German"", ""American || German"", ""American || German""]"
Player,managed-llama-3-3-70b-instruct,w20,manager,12,nba_team,0,1,"[""Denver Nuggets"", ""Denver Nuggets"", ""Denver Nuggets"", ""Denver Nuggets"", ""Denver Nuggets""]"
Player,managed-llama-3-3-70b-instruct,w20,manager,12,own_year,0,1,"[""2000"", ""2000"", ""2000"", ""2000"", ""2000""]"
Player,managed-llama-3-3-70b-instruct,w20,manager,13,age,0,1,"[""59"", ""59"", ""59"", ""59"", ""59""]"
Player,managed-llama-3-3-70b-instruct,w20,manager,13,name,0,1,"[""Joshua Jordan Harris"", ""Joshua Jordan Harris"", ""Joshua Jordan Harris"", ""Joshua Jordan Harris"", ""Joshua Jordan Harris""]"
Player,managed-llama-3-3-70b-instruct,w20,manager,13,nationality,0,1,"[""American"", ""American"", ""American"", ""American"", ""American""]"
Player,managed-llama-3-3-70b-instruct,w20,manager,13,nba_team,0,1,"[""Philadelphia 76ers"", ""Philadelphia 76ers"", ""Philadelphia 76ers"", ""Philadelphia 76ers"", ""Philadelphia 76ers""]"
Player,managed-llama-3-3-70b-instruct,w20,manager,13,own_year,0,1,"[""2011"", ""2011"", ""2011"", ""2011"", ""2011""]"
Player,managed-llama-3-3-70b-instruct,w20,manager,14,age,0,1,"[""68"", ""68"", ""68"", ""68"", ""68""]"
Player,managed-llama-3-3-70b-instruct,w20,manager,14,name,0,1,"[""James Lawrence Dolan"", ""James Lawrence Dolan"", ""James Lawrence Dolan"", ""James Lawrence Dolan"", ""James Lawrence Dolan""]"
Player,managed-llama-3-3-70b-instruct,w20,manager,14,nationality,0,1,"[""Irish || American"", ""Irish || American"", ""Irish || American"", ""Irish || American"", ""Irish || American""]"
Player,managed-llama-3-3-70b-instruct,w20,manager,14,nba_team,0,1,"[""New York Knicks"", ""New York Knicks"", ""New York Knicks"", ""New York Knicks"", ""New York Knicks""]"
Player,managed-llama-3-3-70b-instruct,w20,manager,14,own_year,0,1,"[""1999"", ""1999"", ""1999"", ""1999"", ""1999""]"
Player,managed-llama-3-3-70b-instruct,w20,manager,15,age,0,1,"[""64"", ""64"", ""64"", ""64"", ""64""]"
Player,managed-llama-3-3-70b-instruct,w20,manager,15,name,0,1,"[""Micky Arison"", ""Micky Arison"", ""Micky Arison"", ""Micky Arison"", ""Micky Arison""]"
Player,managed-llama-3-3-70b-instruct,w20,manager,15,nationality,0,1,"[""Israeli-American"", ""Israeli-American"", ""Israeli-American"", ""Israeli-American"", ""Israeli-American""]"
Player,managed-llama-3-3-70b-instruct,w20,manager,15,nba_team,0,1,"[""Miami Heat"", ""Miami Heat"", ""Miami Heat"", ""Miami Heat"", ""Miami Heat""]"
Player,managed-llama-3-3-70b-instruct,w20,manager,15,own_year,0,1,"[""1995"", ""1995"", ""1995"", ""1995"", ""1995""]"
Player,managed-llama-3-3-70b-instruct,w20,manager,16,age,0,1,"[""65"", ""65"", ""65"", ""65"", ""65""]"
Player,managed-llama-3-3-70b-instruct,w20,manager,16,name,0,1,"[""Joseph Steven Lacob"", ""Joseph Steven Lacob"", ""Joseph Steven Lacob"", ""Joseph Steven Lacob"", ""Joseph Steven Lacob""]"
Player,managed-llama-3-3-70b-instruct,w20,manager,16,nationality,0,1,"[""American"", ""American"", ""American"", ""American"", ""American""]"
Player,managed-llama-3-3-70b-instruct,w20,manager,16,nba_team,1,2,"[""Golden State Warriors"", ""Golden State Warriors"", ""Golden State Warriors || Boston Celtics"", ""Golden State Warriors || Boston Celtics"", ""Golden State Warriors || Boston Celtics""]"
Player,managed-llama-3-3-70b-instruct,w20,manager,16,own_year,0,1,"[""2010"", ""2010"", ""2010"", ""2010"", ""2010""]"
Player,managed-llama-3-3-70b-instruct,w20,player,1,age,0,1,"[""31"", ""31"", ""31"", ""31"", ""31""]"
Player,managed-llama-3-3-70b-instruct,w20,player,1,birth_date,0,1,"[""1994/2/2"", ""1994/2/2"", ""1994/2/2"", ""1994/2/2"", ""1994/2/2""]"
Player,managed-llama-3-3-70b-instruct,w20,player,1,college,0,1,"[""Southeast Missouri State University"", ""Southeast Missouri State University"", ""Southeast Missouri State University"", ""Southeast Missouri State University"", ""Southeast Missouri State University""]"
Player,managed-llama-3-3-70b-instruct,w20,player,1,draft_pick,0,1,"["""", """", """", """", """"]"
Player,managed-llama-3-3-70b-instruct,w20,player,1,draft_year,0,1,"[""2017"", ""2017"", ""2017"", ""2017"", ""2017""]"
Player,managed-llama-3-3-70b-instruct,w20,player,1,fiba_world_cup,0,1,"["""", """", """", """", """"]"
Player,managed-llama-3-3-70b-instruct,w20,player,1,mvp_awards,0,1,"[""0"", ""0"", ""0"", ""0"", ""0""]"
Player,managed-llama-3-3-70b-instruct,w20,player,1,name,0,1,"[""Antonius Cleveland"", ""Antonius Cleveland"", ""Antonius Cleveland"", ""Antonius Cleveland"", ""Antonius Cleveland""]"
Player,managed-llama-3-3-70b-instruct,w20,player,1,nationality,0,1,"[""USA"", ""USA"", ""USA"", ""USA"", ""USA""]"
Player,managed-llama-3-3-70b-instruct,w20,player,1,nba_championships,0,1,"[""0"", ""0"", ""0"", ""0"", ""0""]"
Player,managed-llama-3-3-70b-instruct,w20,player,1,olympic_gold_medals,0,1,"["""", """", """", """", """"]"
Player,managed-llama-3-3-70b-instruct,w20,player,1,position,0,1,"[""Frontcourt"", ""Frontcourt"", ""Frontcourt"", ""Frontcourt"", ""Frontcourt""]"
Player,managed-llama-3-3-70b-instruct,w20,player,1,team,0,1,"[""Dallas Mavericks||Atlanta Hawks||Chicago Bulls"", ""Dallas Mavericks||Atlanta Hawks||Chicago Bulls"", ""Dallas Mavericks||Atlanta Hawks||Chicago Bulls"", ""Dallas Mavericks||Atlanta Hawks||Chicago Bulls"", ""Dallas Mavericks||Atlanta Hawks||Chicago Bulls""]"
Player,managed-llama-3-3-70b-instruct,w20,player,2,age,0,1,"[""65"", ""65"", ""65"", ""65"", ""65""]"
Player,managed-llama-3-3-70b-instruct,w20,player,2,birth_date,0,1,"[""1959/6/10"", ""1959/6/10"", ""1959/6/10"", ""1959/6/10"", ""1959/6/10""]"
Player,managed-llama-3-3-70b-instruct,w20,player,2,college,0,1,"[""Michigan State University"", ""Michigan State University"", ""Michigan State University"", ""Michigan State University"", ""Michigan State University""]"
Player,managed-llama-3-3-70b-instruct,w20,player,2,draft_pick,0,1,"[""54"", ""54"", ""54"", ""54"", ""54""]"
Player,managed-llama-3-3-70b-instruct,w20,player,2,draft_year,0,1,"[""1981"", ""1981"", ""1981"", ""1981"", ""1981""]"
Player,managed-llama-3-3-70b-instruct,w20,player,2,fiba_world_cup,0,1,"["""", """", """", """", """"]"
Player,managed-llama-3-3-70b-instruct,w20,player,2,mvp_awards,0,1,"[""0"", ""0"", ""0"", ""0"", ""0""]"
Player,managed-llama-3-3-70b-instruct,w20,player,2,name,1,3,"[""Jay Fletcher Vincent || Sam Vincent"", ""Jay Fletcher Vincent || Sam Vincent || Magic Johnson || Greg Kelser"", ""Jay Fletcher Vincent || Sam Vincent || Magic Johnson || Greg Kelser"", ""Jay Fletcher Vincent || Sam Vincent || Magic Johnson"", ""Jay Fletcher Vincent || Sam Vincent || Magic Johnson""]"
Player,managed-llama-3-3-70b-instruct,w20,player,2,nationality,0,1,"[""USA"", ""USA"", ""USA"", ""USA"", ""USA""]"
Player,managed-llama-3-3-70b-instruct,w20,player,2,nba_championships,0,1,"[""0"", ""0"", ""0"", ""0"", ""0""]"
Player,managed-llama-3-3-70b-instruct,w20,player,2,olympic_gold_medals,0,1,"["""", """", """", """", """"]"
Player,managed-llama-3-3-70b-instruct,w20,player,2,position,0,1,"[""Frontcourt"", ""Frontcourt"", ""Frontcourt"", ""Frontcourt"", ""Frontcourt""]"
Player,managed-llama-3-3-70b-instruct,w20,player,2,team,0,1,"[""Dallas Mavericks||Washington Bullets||Denver Nuggets||San Antonio Spurs||Philadelphia 76ers||Los Angeles Lakers"", ""Dallas Mavericks||Washington Bullets||Denver Nuggets||San Antonio Spurs||Philadelphia 76ers||Los Angeles Lakers"", ""Dallas Mavericks||Washington Bullets||Denver Nuggets||San Antonio Spurs||Philadelphia 76ers||Los Angeles Lakers"", ""Dallas Mavericks||Washington Bullets||Denver Nuggets||San Antonio Spurs||Philadelphia 76ers||Los Angeles Lakers"", ""Dallas Mavericks||Washington Bullets||Denver Nuggets||San Antonio Spurs||Philadelphia 76ers||Los Angeles Lakers""]"
Player,managed-llama-3-3-70b-instruct,w20,player,3,age,0,1,"[""31"", ""31"", ""31"", ""31"", ""31""]"
Player,managed-llama-3-3-70b-instruct,w20,player,3,birth_date,0,1,"[""1994/4/25"", ""1994/4/25"", ""1994/4/25"", ""1994/4/25"", ""1994/4/25""]"
Player,managed-llama-3-3-70b-instruct,w20,player,3,college,0,1,"[""None"", ""None"", ""None"", ""None"", ""None""]"
Player,managed-llama-3-3-70b-instruct,w20,player,3,draft_pick,0,1,"[""57"", ""57"", ""57"", ""57"", ""57""]"
Player,managed-llama-3-3-70b-instruct,w20,player,3,draft_year,0,1,"[""2015"", ""2015"", ""2015"", ""2015"", ""2015""]"
Player,managed-llama-3-3-70b-instruct,w20,player,3,fiba_world_cup,0,1,"["""", """", """", """", """"]"
Player,managed-llama-3-3-70b-instruct,w20,player,3,mvp_awards,0,1,"[""0"", ""0"", ""0"", ""0"", ""0""]"
Player,managed-llama-3-3-70b-instruct,w20,player,3,name,0,1,"[""Nikola Radi\u010devi\u0107"", ""Nikola Radi\u010devi\u0107"", ""Nikola Radi\u010devi\u0107"", ""Nikola Radi\u010devi\u0107"", ""Nikola Radi\u010devi\u0107""]"
Player,managed-llama-3-3-70b-instruct,w20,player,3,nationality,0,1,"[""Serbian"", ""Serbian"", ""Serbian"", ""Serbian"", ""Serbian""]"
Player,managed-llama-3-3-70b-instruct,w20,player,3,nba_championships,0,1,"["""", """", """", """", """"]"
Player,managed-llama-3-3-70b-instruct,w20,player,3,olympic_gold_medals,0,1,"["""", """", """", """", """"]"
Player,managed-llama-3-3-70b-instruct,w20,player,3,position,0,1,"[""Backcourt"", ""Backcourt"", ""Backcourt"", ""Backcourt"", ""Backcourt""]"
Player,managed-llama-3-3-70b-instruct,w20,player,3,team,0,1,"[""Denver Nuggets||Detroit Pistons||New York Knicks"", ""Denver Nuggets||Detroit Pistons||New York Knicks"", ""Denver Nuggets||Detroit Pistons||New York Knicks"", ""Denver Nuggets||Detroit Pistons||New York Knicks"", ""Denver Nuggets||Detroit Pistons||New York Knicks""]"
Player,managed-llama-3-3-70b-instruct,w20,player,4,age,0,1,"[""82"", ""82"", ""82"", ""82"", ""82""]"
Player,managed-llama-3-3-70b-instruct,w20,player,4,birth_date,0,1,"[""1922/9/9"", ""1922/9/9"", ""1922/9/9"", ""1922/9/9"", ""1922/9/9""]"
Player,managed-llama-3-3-70b-instruct,w20,player,4,college,0,1,"[""University of Notre Dame"", ""University of Notre Dame"", ""University of Notre Dame"", ""University of Notre Dame"", ""University of Notre Dame""]"
Player,managed-llama-3-3-70b-instruct,w20,player,4,draft_pick,0,1,"["""", """", """", """", """"]"
Player,managed-llama-3-3-70b-instruct,w20,player,4,draft_year,0,1,"["""", """", """", """", """"]"
Player,managed-llama-3-3-70b-instruct,w20,player,4,fiba_world_cup,0,1,"["""", """", """", """", """"]"
Player,managed-llama-3-3-70b-instruct,w20,player,4,mvp_awards,0,1,"[""0"", ""0"", ""0"", ""0"", ""0""]"
Player,managed-llama-3-3-70b-instruct,w20,player,4,name,0,1,"[""Francis Hugh Curran Sr."", ""Francis Hugh Curran Sr."", ""Francis Hugh Curran Sr."", ""Francis Hugh Curran Sr."", ""Francis Hugh Curran Sr.""]"
Player,managed-llama-3-3-70b-instruct,w20,player,4,nationality,0,1,"[""USA"", ""USA"", ""USA"", ""USA"", ""USA""]"
Player,managed-llama-3-3-70b-instruct,w20,player,4,nba_championships,0,1,"[""0"", ""0"", ""0"", ""0"", ""0""]"
Player,managed-llama-3-3-70b-instruct,w20,player,4,olympic_gold_medals,0,1,"["""", """", """", """", """"]"
Player,managed-llama-3-3-70b-instruct,w20,player,4,position,0,1,"["""", """", """", """", """"]"
Player,managed-llama-3-3-70b-instruct,w20,player,4,team,0,1,"[""Rochester Royals"", ""Rochester Royals"", ""Rochester Royals"", ""Rochester Royals"", ""Rochester Royals""]"
Player,managed-llama-3-3-70b-instruct,w20,player,5,age,0,1,"[""61"", ""61"", ""61"", ""61"", ""61""]"
Player,managed-llama-3-3-70b-instruct,w20,player,5,birth_date,0,1,"[""1964/2/15"", ""1964/2/15"", ""1964/2/15"", ""1964/2/15"", ""1964/2/15""]"
Player,managed-llama-3-3-70b-instruct,w20,player,5,college,0,1,"[""Georgia Tech"", ""Georgia Tech"", ""Georgia Tech"", ""Georgia Tech"", ""Georgia Tech""]"
Player,managed-llama-3-3-70b-instruct,w20,player,5,draft_pick,0,1,"[""25"", ""25"", ""25"", ""25"", ""25""]"
Player,managed-llama-3-3-70b-instruct,w20,player,5,draft_year,0,1,"[""1986"", ""1986"", ""1986"", ""1986"", ""1986""]"
Player,managed-llama-3-3-70b-instruct,w20,player,5,fiba_world_cup,0,1,"[""1"", ""1"", ""1"", ""1"", ""1""]"
Player,managed-llama-3-3-70b-instruct,w20,player,5,mvp_awards,0,1,"[""0"", ""0"", ""0"", ""0"", ""0""]"
Player,managed-llama-3-3-70b-instruct,w20,player,5,name,1,2,"[""William Mark Price || LeBron James || Josh Smith || Rajon Rondo || Larry Bird || Steve Kerr || Brian Shaw || David Vaughn III || Brent Price || Josh Price"", ""William Mark Price || LeBron James || Josh Smith || Rajon Rondo || Larry Bird || Steve Kerr || Brian Shaw || David Vaughn III || Brent Price || Josh Price"", ""William Mark Price || LeBron James || Josh Smith || Rajon Rondo || Larry Bird || Steve Kerr || Brian Shaw || David Vaughn III || Brent Price || Josh Price"", ""William Mark Price || LeBron James || Josh Smith || Rajon Rondo || Larry Bird || Steve Kerr || Brian Shaw || David Vaughn III || Brent Price || Josh Price"", ""William Mark Price || LeBron James || Josh Smith || Rajon Rondo || Brent Price || Brian Shaw || David Vaughn III || Shane Heal || Joe Ingles || Steve Kerr || Larry Bird""]"
Player,managed-llama-3-3-70b-instruct,w20,player,5,nationality,0,1,"[""USA"", ""USA"", ""USA"", ""USA"", ""USA""]"
Player,managed-llama-3-3-70b-instruct,w20,player,5,nba_championships,0,1,"[""0"", ""0"", ""0"", ""0"", ""0""]"
Player,managed-llama-3-3-70b-instruct,w20,player,5,olympic_gold_medals,0,1,"[""2"", ""2"", ""2"", ""2"", ""2""]"
Player,managed-llama-3-3-70b-instruct,w20,player,5,position,0,1,"[""Backcourt"", ""Backcourt"", ""Backcourt"", ""Backcourt"", ""Backcourt""]"
Player,managed-llama-3-3-70b-instruct,w20,player,5,team,0,1,"[""Cleveland Cavaliers||Washington Bullets||Golden State Warriors||Orlando Magic"", ""Cleveland Cavaliers||Washington Bullets||Golden State Warriors||Orlando Magic"", ""Cleveland Cavaliers||Washington Bullets||Golden State Warriors||Orlando Magic"", ""Cleveland Cavaliers||Washington Bullets||Golden State Warriors||Orlando Magic"", ""Cleveland Cavaliers||Washington Bullets||Golden State Warriors||Orlando Magic""]"
Player,managed-llama-3-3-70b-instruct,w20,player,6,age,0,1,"[""30"", ""30"", ""30"", ""30"", ""30""]"
Player,managed-llama-3-3-70b-instruct,w20,player,6,birth_date,0,1,"[""1994/6/6"", ""1994/6/6"", ""1994/6/6"", ""1994/6/6"", ""1994/6/6""]"
Player,managed-llama-3-3-70b-instruct,w20,player,6,college,0,1,"[""None"", ""None"", ""None"", ""None"", ""None""]"
Player,managed-llama-3-3-70b-instruct,w20,player,6,draft_pick,0,1,"[""39"", ""39"", ""39"", ""39"", ""39""]"
Player,managed-llama-3-3-70b-instruct,w20,player,6,draft_year,0,1,"[""2016"", ""2016"", ""2016"", ""2016"", ""2016""]"
Player,managed-llama-3-3-70b-instruct,w20,player,6,fiba_world_cup,0,1,"["""", """", """", """", """"]"
Player,managed-llama-3-3-70b-instruct,w20,player,6,mvp_awards,0,1,"[""0"", ""0"", ""0"", ""0"", ""0""]"
Player,managed-llama-3-3-70b-instruct,w20,player,6,name,0,1,"[""David Michineau"", ""David Michineau"", ""David Michineau"", ""David Michineau"", ""David Michineau""]"
Player,managed-llama-3-3-70b-instruct,w20,player,6,nationality,0,1,"[""French"", ""French"", ""French"", ""French"", ""French""]"
Player,managed-llama-3-3-70b-instruct,w20,player,6,nba_championships,0,1,"["""", """", """", """", """"]"
Player,managed-llama-3-3-70b-instruct,w20,player,6,olympic_gold_medals,0,1,"["""", """", """", """", """"]"
Player,managed-llama-3-3-70b-instruct,w20,player,6,position,0,1,"[""Backcourt"", ""Backcourt"", ""Backcourt"", ""Backcourt"", ""Backcourt""]"
Player,managed-llama-3-3-70b-instruct,w20,player,6,team,0,1,"[""New Orleans Pelicans||Los Angeles Clippers||Sacramento Kings||Brooklyn Nets"", ""New Orleans Pelicans||Los Angeles Clippers||Sacramento Kings||Brooklyn Nets"", ""New Orleans Pelicans||Los Angeles Clippers||Sacramento Kings||Brooklyn Nets"", ""New Orleans Pelicans||Los Angeles Clippers||Sacramento Kings||Brooklyn Nets"", ""New Orleans Pelicans||Los Angeles Clippers||Sacramento Kings||Brooklyn Nets""]"
Player,managed-llama-3-3-70b-instruct,w20,player,7,age,0,1,"[""27"", ""27"", ""27"", ""27"", ""27""]"
Player,managed-llama-3-3-70b-instruct,w20,player,7,birth_date,0,1,"[""1997/8/7"", ""1997/8/7"", ""1997/8/7"", ""1997/8/7"", ""1997/8/7""]"
Player,managed-llama-3-3-70b-instruct,w20,player,7,college,0,1,"[""Alabama"", ""Alabama"", ""Alabama"", ""Alabama"", ""Alabama""]"
Player,managed-llama-3-3-70b-instruct,w20,player,7,draft_pick,0,1,"["""", """", """", """", """"]"
Player,managed-llama-3-3-70b-instruct,w20,player,7,draft_year,0,1,"[""2019"", ""2019"", ""2019"", ""2019"", ""2019""]"
Player,managed-llama-3-3-70b-instruct,w20,player,7,fiba_world_cup,0,1,"["""", """", """", """", """"]"
Player,managed-llama-3-3-70b-instruct,w20,player,7,mvp_awards,0,1,"[""0"", ""0"", ""0"", ""0"", ""0""]"
Player,managed-llama-3-3-70b-instruct,w20,player,7,name,0,1,"[""Donta Hall"", ""Donta Hall"", ""Donta Hall"", ""Donta Hall"", ""Donta Hall""]"
Player,managed-llama-3-3-70b-instruct,w20,player,7,nationality,1,2,"[""USA || Azerbaijan"", ""USA || Azerbaijan"", ""USA || Azerbaijan"", ""USA || Azerbaijani"", ""USA || Azerbaijani""]"
Player,managed-llama-3-3-70b-instruct,w20,player,7,nba_championships,0,1,"["""", """", """", """", """"]"
Player,managed-llama-3-3-70b-instruct,w20,player,7,olympic_gold_medals,0,1,"["""", """", """", """", """"]"
Player,managed-llama-3-3-70b-instruct,w20,player,7,position,0,1,"[""Frontcourt"", ""Frontcourt"", ""Frontcourt"", ""Frontcourt"", ""Frontcourt""]"
Player,managed-llama-3-3-70b-instruct,w20,player,7,team,0,1,"[""Detroit Pistons||Brooklyn Nets||Toronto Raptors||Orlando Magic"", ""Detroit Pistons||Brooklyn Nets||Toronto Raptors||Orlando Magic"", ""Detroit Pistons||Brooklyn Nets||Toronto Raptors||Orlando Magic"", ""Detroit Pistons||Brooklyn Nets||Toronto Raptors||Orlando Magic"", ""Detroit Pistons||Brooklyn Nets||Toronto Raptors||Orlando Magic""]"
Player,managed-llama-3-3-70b-instruct,w20,player,8,age,0,1,"[""51"", ""51"", ""51"", ""51"", ""51""]"
Player,managed-llama-3-3-70b-instruct,w20,player,8,birth_date,0,1,"[""1973/11/25"", ""1973/11/25"", ""1973/11/25"", ""1973/11/25"", ""1973/11/25""]"
Player,managed-llama-3-3-70b-instruct,w20,player,8,college,0,1,"[""University of Nebraska"", ""University of Nebraska"", ""University of Nebraska"", ""University of Nebraska"", ""University of Nebraska""]"
Player,managed-llama-3-3-70b-instruct,w20,player,8,draft_pick,0,1,"["""", """", """", """", """"]"
Player,managed-llama-3-3-70b-instruct,w20,player,8,draft_year,0,1,"[""1996"", ""1996"", ""1996"", ""1996"", ""1996""]"
Player,managed-llama-3-3-70b-instruct,w20,player,8,fiba_world_cup,0,1,"["""", """", """", """", """"]"
Player,managed-llama-3-3-70b-instruct,w20,player,8,mvp_awards,0,1,"[""0"", ""0"", ""0"", ""0"", ""0""]"
Player,managed-llama-3-3-70b-instruct,w20,player,8,name,0,1,"[""Demerick Montae \""Erick\"" Strickland"", ""Demerick Montae \""Erick\"" Strickland"", ""Demerick Montae \""Erick\"" Strickland"", ""Demerick Montae \""Erick\"" Strickland"", ""Demerick Montae \""Erick\"" Strickland""]"
Player,managed-llama-3-3-70b-instruct,w20,player,8,nationality,0,1,"[""USA"", ""USA"", ""USA"", ""USA"", ""USA""]"
Player,managed-llama-3-3-70b-instruct,w20,player,8,nba_championships,0,1,"["""", """", """", """", """"]"
Player,managed-llama-3-3-70b-instruct,w20,player,8,olympic_gold_medals,0,1,"["""", """", """", """", """"]"
Player,managed-llama-3-3-70b-instruct,w20,player,8,position,0,1,"[""Backcourt"", ""Backcourt"", ""Backcourt"", ""Backcourt"", ""Backcourt""]"
Player,managed-llama-3-3-70b-instruct,w20,player,8,team,0,1,"[""Dallas Mavericks||New York Knicks||Vancouver Grizzlies||Boston Celtics||Indiana Pacers||Milwaukee Bucks"", ""Dallas Mavericks||New York Knicks||Vancouver Grizzlies||Boston Celtics||Indiana Pacers||Milwaukee Bucks"", ""Dallas Mavericks||New York Knicks||Vancouver Grizzlies||Boston Celtics||Indiana Pacers||Milwaukee Bucks"", ""Dallas Mavericks||New York Knicks||Vancouver Grizzlies||Boston Celtics||Indiana Pacers||Milwaukee Bucks"", ""Dallas Mavericks||New York Knicks||Vancouver Grizzlies||Boston Celtics||Indiana Pacers||Milwaukee Bucks""]"
Player,managed-llama-3-3-70b-instruct,w20,player,9,age,0,1,"[""81"", ""81"", ""81"", ""81"", ""81""]"
Player,managed-llama-3-3-70b-instruct,w20,player,9,birth_date,0,1,"[""1943/12/23"", ""1943/12/23"", ""1943/12/23"", ""1943/12/23"", ""1943/12/23""]"
Player,managed-llama-3-3-70b-instruct,w20,player,9,college,0,1,"[""Texas Western College || Tennessee State"", ""Texas Western College || Tennessee State"", ""Texas Western College || Tennessee State"", ""Texas Western College || Tennessee State"", ""Texas Western College || Tennessee State""]"
Player,managed-llama-3-3-70b-instruct,w20,player,9,draft_pick,0,1,"[""10"", ""10"", ""10"", ""10"", ""10""]"
Player,managed-llama-3-3-70b-instruct,w20,player,9,draft_year,0,1,"[""1967"", ""1967"", ""1967"", ""1967"", ""1967""]"
Player,managed-llama-3-3-70b-instruct,w20,player,9,fiba_world_cup,0,1,"["""", """", """", """", """"]"
Player,managed-llama-3-3-70b-instruct,w20,player,9,mvp_awards,0,1,"[""0"", ""0"", ""0"", ""0"", ""0""]"
Player,managed-llama-3-3-70b-instruct,w20,player,9,name,0,1,"[""David Lattin"", ""David Lattin"", ""David Lattin"", ""David Lattin"", ""David Lattin""]"
Player,managed-llama-3-3-70b-instruct,w20,player,9,nationality,0,1,"[""USA"", ""USA"", ""USA"", ""USA"", ""USA""]"
Player,managed-llama-3-3-70b-instruct,w20,player,9,nba_championships,0,1,"["""", """", """", """", """"]"
Player,managed-llama-3-3-70b-instruct,w20,player,9,olympic_gold_medals,0,1,"["""", """", """", """", """"]"
Player,managed-llama-3-3-70b-instruct,w20,player,9,position,0,1,"[""Frontcourt"", ""Frontcourt"", ""Frontcourt"", ""Frontcourt"", ""Frontcourt""]"
Player,managed-llama-3-3-70b-instruct,w20,player,9,team,0,1,"[""San Francisco Warriors||Phoenix Suns"", ""San Francisco Warriors||Phoenix Suns"", ""San Francisco Warriors||Phoenix Suns"", ""San Francisco Warriors||Phoenix Suns"", ""San Francisco Warriors||Phoenix Suns""]"
Player,managed-llama-3-3-70b-instruct,w20,player,10,age,0,1,"[""74"", ""74"", ""74"", ""74"", ""74""]"
Player,managed-llama-3-3-70b-instruct,w20,player,10,birth_date,0,1,"[""1942/9/7"", ""1942/9/7"", ""1942/9/7"", ""1942/9/7"", ""1942/9/7""]"
Player,managed-llama-3-3-70b-instruct,w20,player,10,college,0,1,"[""University of Connecticut"", ""University of Connecticut"", ""University of Connecticut"", ""University of Connecticut"", ""University of Connecticut""]"
Player,managed-llama-3-3-70b-instruct,w20,player,10,draft_pick,0,1,"["""", """", """", """", """"]"
Player,managed-llama-3-3-70b-instruct,w20,player,10,draft_year,0,1,"["""", """", """", """", """"]"
Player,managed-llama-3-3-70b-instruct,w20,player,10,fiba_world_cup,0,1,"["""", """", """", """", """"]"
Player,managed-llama-3-3-70b-instruct,w20,player,10,mvp_awards,0,1,"[""0"", ""0"", ""0"", ""0"", ""0""]"
Player,managed-llama-3-3-70b-instruct,w20,player,10,name,0,1,"[""Thomas Kimball || Toby Kimball"", ""Thomas Kimball || Toby Kimball"", ""Thomas Kimball || Toby Kimball"", ""Thomas Kimball || Toby Kimball"", ""Thomas Kimball || Toby Kimball""]"
Player,managed-llama-3-3-70b-instruct,w20,player,10,nationality,0,1,"[""USA"", ""USA"", ""USA"", ""USA"", ""USA""]"
Player,managed-llama-3-3-70b-instruct,w20,player,10,nba_championships,0,1,"[""0"", ""0"", ""0"", ""0"", ""0""]"
Player,managed-llama-3-3-70b-instruct,w20,player,10,olympic_gold_medals,0,1,"["""", """", """", """", """"]"
Player,managed-llama-3-3-70b-instruct,w20,player,10,position,0,1,"[""Frontcourt"", ""Frontcourt"", ""Frontcourt"", ""Frontcourt"", ""Frontcourt""]"
Player,managed-llama-3-3-70b-instruct,w20,player,10,team,0,1,"[""Boston Celtics||San Diego Rockets||Milwaukee Bucks||Kansas City Kings||Philadelphia 76ers||New Orleans Jazz"", ""Boston Celtics||San Diego Rockets||Milwaukee Bucks||Kansas City Kings||Philadelphia 76ers||New Orleans Jazz"", ""Boston Celtics||San Diego Rockets||Milwaukee Bucks||Kansas City Kings||Philadelphia 76ers||New Orleans Jazz"", ""Boston Celtics||San Diego Rockets||Milwaukee Bucks||Kansas City Kings||Philadelphia 76ers||New Orleans Jazz"", ""Boston Celtics||San Diego Rockets||Milwaukee Bucks||Kansas City Kings||Philadelphia 76ers||New Orleans Jazz""]"
Player,managed-llama-3-3-70b-instruct,w20,player,11,age,0,1,"[""50"", ""50"", ""50"", ""50"", ""50""]"
Player,managed-llama-3-3-70b-instruct,w20,player,11,birth_date,0,1,"[""1974/8/3"", ""1974/8/3"", ""1974/8/3"", ""1974/8/3"", ""1974/8/3""]"
Player,managed-llama-3-3-70b-instruct,w20,player,11,college,0,1,"[""University of Missouri"", ""University of Missouri"", ""University of Missouri"", ""University of Missouri"", ""University of Missouri""]"
Player,managed-llama-3-3-70b-instruct,w20,player,11,draft_pick,0,1,"[""50"", ""50"", ""50"", ""50"", ""50""]"
Player,managed-llama-3-3-70b-instruct,w20,player,11,draft_year,0,1,"["""", """", """", """", """"]"
Player,managed-llama-3-3-70b-instruct,w20,player,11,fiba_world_cup,0,1,"["""", """", """", """", """"]"
Player,managed-llama-3-3-70b-instruct,w20,player,11,mvp_awards,0,1,"[""0"", ""0"", ""0"", ""0"", ""0""]"
Player,managed-llama-3-3-70b-instruct,w20,player,11,name,0,1,"[""William Derek Grimm"", ""William Derek Grimm"", ""William Derek Grimm"", ""William Derek Grimm"", ""William Derek Grimm""]"
Player,managed-llama-3-3-70b-instruct,w20,player,11,nationality,0,1,"[""USA"", ""USA"", ""USA"", ""USA"", ""USA""]"
Player,managed-llama-3-3-70b-instruct,w20,player,11,nba_championships,0,1,"["""", """", """", """", """"]"
Player,managed-llama-3-3-70b-instruct,w20,player,11,olympic_gold_medals,0,1,"["""", """", """", """", """"]"
Player,managed-llama-3-3-70b-instruct,w20,player,11,position,0,1,"[""Frontcourt"", ""Frontcourt"", ""Frontcourt"", ""Frontcourt"", ""Frontcourt""]"
Player,managed-llama-3-3-70b-instruct,w20,player,11,team,0,1,"[""Sacramento Kings"", ""Sacramento Kings"", ""Sacramento Kings"", ""Sacramento Kings"", ""Sacramento Kings""]"
Player,managed-llama-3-3-70b-instruct,w20,player,12,age,0,1,"[""30"", ""30"", ""30"", ""30"", ""30""]"
Player,managed-llama-3-3-70b-instruct,w20,player,12,birth_date,0,1,"[""1993/3/11"", ""1993/3/11"", ""1993/3/11"", ""1993/3/11"", ""1993/3/11""]"
Player,managed-llama-3-3-70b-instruct,w20,player,12,college,0,1,"[""Kentucky"", ""Kentucky"", ""Kentucky"", ""Kentucky"", ""Kentucky""]"
Player,managed-llama-3-3-70b-instruct,w20,player,12,draft_pick,0,1,"[""1"", ""1"", ""1"", ""1"", ""1""]"
Player,managed-llama-3-3-70b-instruct,w20,player,12,draft_year,0,1,"[""2012"", ""2012"", ""2012"", ""2012"", ""2012""]"
Player,managed-llama-3-3-70b-instruct,w20,player,12,fiba_world_cup,0,1,"[""1"", ""1"", ""1"", ""1"", ""1""]"
Player,managed-llama-3-3-70b-instruct,w20,player,12,mvp_awards,0,1,"[""0"", ""0"", ""0"", ""0"", ""0""]"
Player,managed-llama-3-3-70b-instruct,w20,player,12,name,0,1,"[""Anthony Marshon Davis Jr."", ""Anthony Marshon Davis Jr."", ""Anthony Marshon Davis Jr."", ""Anthony Marshon Davis Jr."", ""Anthony Marshon Davis Jr.""]"
Player,managed-llama-3-3-70b-instruct,w20,player,12,nationality,0,1,"[""USA"", ""USA"", ""USA"", ""USA"", ""USA""]"
Player,managed-llama-3-3-70b-instruct,w20,player,12,nba_championships,0,1,"[""1"", ""1"", ""1"", ""1"", ""1""]"
Player,managed-llama-3-3-70b-instruct,w20,player,12,olympic_gold_medals,0,1,"[""3"", ""3"", ""3"", ""3"", ""3""]"
Player,managed-llama-3-3-70b-instruct,w20,player,12,position,0,1,"[""Frontcourt"", ""Frontcourt"", ""Frontcourt"", ""Frontcourt"", ""Frontcourt""]"
Player,managed-llama-3-3-70b-instruct,w20,player,12,team,0,1,"[""Los Angeles Lakers"", ""Los Angeles Lakers"", ""Los Angeles Lakers"", ""Los Angeles Lakers"", ""Los Angeles Lakers""]"
Player,managed-llama-3-3-70b-instruct,w20,player,13,age,0,1,"[""37"", ""37"", ""37"", ""37"", ""37""]"
Player,managed-llama-3-3-70b-instruct,w20,player,13,birth_date,0,1,"[""1987/10/5"", ""1987/10/5"", ""1987/10/5"", ""1987/10/5"", ""1987/10/5""]"
Player,managed-llama-3-3-70b-instruct,w20,player,13,college,0,1,"[""University of North Carolina at Chapel Hill"", ""University of North Carolina at Chapel Hill"", ""University of North Carolina at Chapel Hill"", ""University of North Carolina at Chapel Hill"", ""University of North Carolina at Chapel Hill""]"
Player,managed-llama-3-3-70b-instruct,w20,player,13,draft_pick,0,1,"[""8"", ""8"", ""8"", ""8"", ""8""]"
Player,managed-llama-3-3-70b-instruct,w20,player,13,draft_year,0,1,"[""2007"", ""2007"", ""2007"", ""2007"", ""2007""]"
Player,managed-llama-3-3-70b-instruct,w20,player,13,fiba_world_cup,0,1,"["""", """", """", """", """"]"
Player,managed-llama-3-3-70b-instruct,w20,player,13,mvp_awards,0,1,"[""0"", ""0"", ""0"", ""0"", ""0""]"
Player,managed-llama-3-3-70b-instruct,w20,player,13,name,0,1,"[""Brandan Keith Wright"", ""Brandan Keith Wright"", ""Brandan Keith Wright"", ""Brandan Keith Wright"", ""Brandan Keith Wright""]"
Player,managed-llama-3-3-70b-instruct,w20,player,13,nationality,0,1,"[""USA"", ""USA"", ""USA"", ""USA"", ""USA""]"
Player,managed-llama-3-3-70b-instruct,w20,player,13,nba_championships,0,1,"[""1"", ""1"", ""1"", ""1"", ""1""]"
Player,managed-llama-3-3-70b-instruct,w20,player,13,olympic_gold_medals,0,1,"["""", """", """", """", """"]"
Player,managed-llama-3-3-70b-instruct,w20,player,13,position,0,1,"[""Frontcourt"", ""Frontcourt"", ""Frontcourt"", ""Frontcourt"", ""Frontcourt""]"
Player,managed-llama-3-3-70b-instruct,w20,player,13,team,0,1,"[""Golden State Warriors||New Jersey Nets||Dallas Mavericks||Boston Celtics||Phoenix Suns||Memphis Grizzlies||Houston Rockets"", ""Golden State Warriors||New Jersey Nets||Dallas Mavericks||Boston Celtics||Phoenix Suns||Memphis Grizzlies||Houston Rockets"", ""Golden State Warriors||New Jersey Nets||Dallas Mavericks||Boston Celtics||Phoenix Suns||Memphis Grizzlies||Houston Rockets"", ""Golden State Warriors||New Jersey Nets||Dallas Mavericks||Boston Celtics||Phoenix Suns||Memphis Grizzlies||Houston Rockets"", ""Golden State Warriors||New Jersey Nets||Dallas Mavericks||Boston Celtics||Phoenix Suns||Memphis Grizzlies||Houston Rockets""]"
Player,managed-llama-3-3-70b-instruct,w20,player,14,age,0,1,"[""53"", ""53"", ""53"", ""53"", ""53""]"
Player,managed-llama-3-3-70b-instruct,w20,player,14,birth_date,0,1,"[""1971/12/3"", ""1971/12/3"", ""1971/12/3"", ""1971/12/3"", ""1971/12/3""]"
Player,managed-llama-3-3-70b-instruct,w20,player,14,college,0,1,"[""Kansas State University"", ""Kansas State University"", ""Kansas State University"", ""Kansas State University"", ""Kansas State University""]"
Player,managed-llama-3-3-70b-instruct,w20,player,14,draft_pick,0,1,"["""", """", """", """", """"]"
Player,managed-llama-3-3-70b-instruct,w20,player,14,draft_year,0,1,"[""1994"", ""1994"", ""1994"", ""1994"", ""1994""]"
Player,managed-llama-3-3-70b-instruct,w20,player,14,fiba_world_cup,0,1,"["""", """", """", """", """"]"
Player,managed-llama-3-3-70b-instruct,w20,player,14,mvp_awards,0,1,"[""0"", ""0"", ""0"", ""0"", ""0""]"
Player,managed-llama-3-3-70b-instruct,w20,player,14,name,0,1,"[""Askia Rahman Jones"", ""Askia Rahman Jones"", ""Askia Rahman Jones"", ""Askia Rahman Jones"", ""Askia Rahman Jones""]"
Player,managed-llama-3-3-70b-instruct,w20,player,14,nationality,0,1,"[""USA || Venezuela"", ""USA || Venezuela"", ""USA || Venezuela"", ""USA || Venezuela"", ""USA || Venezuela""]"
Player,managed-llama-3-3-70b-instruct,w20,player,14,nba_championships,0,1,"["""", """", """", """", """"]"
Player,managed-llama-3-3-70b-instruct,w20,player,14,olympic_gold_medals,0,1,"["""", """", """", """", """"]"
Player,managed-llama-3-3-70b-instruct,w20,player,14,position,0,1,"[""Backcourt"", ""Backcourt"", ""Backcourt"", ""Backcourt"", ""Backcourt""]"
Player,managed-llama-3-3-70b-instruct,w20,player,14,team,0,1,"[""Minnesota Timberwolves"", ""Minnesota Timberwolves"", ""Minnesota Timberwolves"", ""Minnesota Timberwolves"", ""Minnesota Timberwolves""]"
Player,managed-llama-3-3-70b-instruct,w20,player,15,age,0,1,"[""34"", ""34"", ""34"", ""34"", ""34""]"
Player,managed-llama-3-3-70b-instruct,w20,player,15,birth_date,0,1,"[""1990/8/17"", ""1990/8/17"", ""1990/8/17"", ""1990/8/17"", ""1990/8/17""]"
Player,managed-llama-3-3-70b-instruct,w20,player,15,college,0,1,"[""Arizona State || College of Southern Idaho"", ""Arizona State || College of Southern Idaho"", ""Arizona State || College of Southern Idaho"", ""Arizona State || College of Southern Idaho"", ""Arizona State || College of Southern Idaho""]"
Player,managed-llama-3-3-70b-instruct,w20,player,15,draft_pick,0,1,"[""33"", ""33"", ""33"", ""33"", ""33""]"
Player,managed-llama-3-3-70b-instruct,w20,player,15,draft_year,0,1,"[""2013"", ""2013"", ""2013"", ""2013"", ""2013""]"
Player,managed-llama-3-3-70b-instruct,w20,player,15,fiba_world_cup,0,1,"["""", """", """", """", """"]"
Player,managed-llama-3-3-70b-instruct,w20,player,15,mvp_awards,0,1,"[""0"", ""0"", ""0"", ""0"", ""0""]"
Player,managed-llama-3-3-70b-instruct,w20,player,15,name,0,1,"[""Carrick Felix"", ""Carrick Felix"", ""Carrick Felix"", ""Carrick Felix"", ""Carrick Felix""]"
Player,managed-llama-3-3-70b-instruct,w20,player,15,nationality,0,1,"[""USA"", ""USA"", ""USA"", ""USA"", ""USA""]"
Player,managed-llama-3-3-70b-instruct,w20,player,15,nba_championships,0,1,"[""0"", ""0"", ""0"", ""0"", ""0""]"
Player,managed-llama-3-3-70b-instruct,w20,player,15,olympic_gold_medals,0,1,"["""", """", """", """", """"]"
Player,managed-llama-3-3-70b-instruct,w20,player,15,position,0,1,"[""Backcourt"", ""Backcourt"", ""Backcourt"", ""Backcourt"", ""Backcourt""]"
Player,managed-llama-3-3-70b-instruct,w20,player,15,team,0,1,"[""Cleveland Cavaliers||Utah Jazz||Washington Wizards"", ""Cleveland Cavaliers||Utah Jazz||Washington Wizards"", ""Cleveland Cavaliers||Utah Jazz||Washington Wizards"", ""Cleveland Cavaliers||Utah Jazz||Washington Wizards"", ""Cleveland Cavaliers||Utah Jazz||Washington Wizards""]"
Player,managed-llama-3-3-70b-instruct,w20,player,16,age,0,1,"[""36"", ""36"", ""36"", ""36"", ""36""]"
Player,managed-llama-3-3-70b-instruct,w20,player,16,birth_date,0,1,"[""1988/6/1"", ""1988/6/1"", ""1988/6/1"", ""1988/6/1"", ""1988/6/1""]"
Player,managed-llama-3-3-70b-instruct,w20,player,16,college,0,1,"[""Pepperdine University || Washington State University"", ""Pepperdine University || Washington State University"", ""Pepperdine University || Washington State University"", ""Pepperdine University || Washington State University"", ""Pepperdine University || Washington State University""]"
Player,managed-llama-3-3-70b-instruct,w20,player,16,draft_pick,0,1,"["""", """", """", """", """"]"
Player,managed-llama-3-3-70b-instruct,w20,player,16,draft_year,0,1,"[""1978"", ""1978"", ""1978"", ""1978"", ""1978""]"
Player,managed-llama-3-3-70b-instruct,w20,player,16,fiba_world_cup,0,1,"["""", """", """", """", """"]"
Player,managed-llama-3-3-70b-instruct,w20,player,16,mvp_awards,0,1,"[""0"", ""0"", ""0"", ""0"", ""0""]"
Player,managed-llama-3-3-70b-instruct,w20,player,16,name,0,1,"[""Mychel Thompson || Mychal Thompson || Klay Thompson"", ""Mychel Thompson || Mychal Thompson || Klay Thompson"", ""Mychel Thompson || Mychal Thompson || Klay Thompson"", ""Mychel Thompson || Mychal Thompson || Klay Thompson"", ""Mychel Thompson || Mychal Thompson || Klay Thompson""]"
Player,managed-llama-3-3-70b-instruct,w20,player,16,nationality,0,1,"[""USA || Bahamas"", ""USA || Bahamas"", ""USA || Bahamas"", ""USA || Bahamas"", ""USA || Bahamas""]"
Player,managed-llama-3-3-70b-instruct,w20,player,16,nba_championships,0,1,"[""0"", ""0"", ""0"", ""0"", ""0""]"
Player,managed-llama-3-3-70b-instruct,w20,player,16,olympic_gold_medals,0,1,"["""", """", """", """", """"]"
Player,managed-llama-3-3-70b-instruct,w20,player,16,position,0,1,"[""Backcourt"", ""Backcourt"", ""Backcourt"", ""Backcourt"", ""Backcourt""]"
Player,managed-llama-3-3-70b-instruct,w20,player,16,team,0,1,"[""Cleveland Cavaliers"", ""Cleveland Cavaliers"", ""Cleveland Cavaliers"", ""Cleveland Cavaliers"", ""Cleveland Cavaliers""]"
Player,managed-llama-3-3-70b-instruct,w20,player,17,age,0,1,"[""75"", ""75"", ""75"", ""75"", ""75""]"
Player,managed-llama-3-3-70b-instruct,w20,player,17,birth_date,0,1,"[""1950/1/29"", ""1950/1/29"", ""1950/1/29"", ""1950/1/29"", ""1950/1/29""]"
Player,managed-llama-3-3-70b-instruct,w20,player,17,college,0,1,"[""Utah State University || California State University, Los Angeles"", ""Utah State University || California State University, Los Angeles"", ""Utah State University || California State University, Los Angeles"", ""Utah State University || California State University, Los Angeles"", ""Utah State University || California State University, Los Angeles""]"
Player,managed-llama-3-3-70b-instruct,w20,player,17,draft_pick,0,1,"["""", """", """", """", """"]"
Player,managed-llama-3-3-70b-instruct,w20,player,17,draft_year,0,1,"[""1971"", ""1971"", ""1971"", ""1971"", ""1971""]"
Player,managed-llama-3-3-70b-instruct,w20,player,17,fiba_world_cup,0,1,"["""", """", """", """", """"]"
Player,managed-llama-3-3-70b-instruct,w20,player,17,mvp_awards,0,1,"[""0"", ""0"", ""0"", ""0"", ""0""]"
Player,managed-llama-3-3-70b-instruct,w20,player,17,name,0,1,"[""Marvin Roberts"", ""Marvin Roberts"", ""Marvin Roberts"", ""Marvin Roberts"", ""Marvin Roberts""]"
Player,managed-llama-3-3-70b-instruct,w20,player,17,nationality,0,1,"[""USA"", ""USA"", ""USA"", ""USA"", ""USA""]"
Player,managed-llama-3-3-70b-instruct,w20,player,17,nba_championships,0,1,"[""0"", ""0"", ""0"", ""0"", ""0""]"
Player,managed-llama-3-3-70b-instruct,w20,player,17,olympic_gold_medals,0,1,"["""", """", """", """", """"]"
Player,managed-llama-3-3-70b-instruct,w20,player,17,position,0,1,"[""Frontcourt"", ""Frontcourt"", ""Frontcourt"", ""Frontcourt"", ""Frontcourt""]"
Player,managed-llama-3-3-70b-instruct,w20,player,17,team,0,1,"[""Detroit Pistons||Denver Rockets||Carolina Cougars||Kentucky Colonels||Virginia Squires||Los Angeles Lakers"", ""Detroit Pistons||Denver Rockets||Carolina Cougars||Kentucky Colonels||Virginia Squires||Los Angeles Lakers"", ""Detroit Pistons||Denver Rockets||Carolina Cougars||Kentucky Colonels||Virginia Squires||Los Angeles Lakers"", ""Detroit Pistons||Denver Rockets||Carolina Cougars||Kentucky Colonels||Virginia Squires||Los Angeles Lakers"", ""Detroit Pistons||Denver Rockets||Carolina Cougars||Kentucky Colonels||Virginia Squires||Los Angeles Lakers""]"
Player,managed-llama-3-3-70b-instruct,w20,player,18,age,0,1,"[""65"", ""65"", ""65"", ""65"", ""65""]"
Player,managed-llama-3-3-70b-instruct,w20,player,18,birth_date,0,1,"[""1959/9/19"", ""1959/9/19"", ""1959/9/19"", ""1959/9/19"", ""1959/9/19""]"
Player,managed-llama-3-3-70b-instruct,w20,player,18,college,0,1,"[""Pan American University"", ""Pan American University"", ""Pan American University"", ""Pan American University"", ""Pan American University""]"
Player,managed-llama-3-3-70b-instruct,w20,player,18,draft_pick,0,1,"[""41"", ""41"", ""41"", ""41"", ""41""]"
Player,managed-llama-3-3-70b-instruct,w20,player,18,draft_year,0,1,"[""1981"", ""1981"", ""1981"", ""1981"", ""1981""]"
Player,managed-llama-3-3-70b-instruct,w20,player,18,fiba_world_cup,0,1,"["""", """", """", """", """"]"
Player,managed-llama-3-3-70b-instruct,w20,player,18,mvp_awards,0,1,"[""0"", ""0"", ""0"", ""0"", ""0""]"
Player,managed-llama-3-3-70b-instruct,w20,player,18,name,0,1,"[""Kenneth \""Apple\"" Green"", ""Kenneth \""Apple\"" Green"", ""Kenneth \""Apple\"" Green"", ""Kenneth \""Apple\"" Green"", ""Kenneth \""Apple\"" Green""]"
Player,managed-llama-3-3-70b-instruct,w20,player,18,nationality,0,1,"[""USA"", ""USA"", ""USA"", ""USA"", ""USA""]"
Player,managed-llama-3-3-70b-instruct,w20,player,18,nba_championships,0,1,"["""", """", """", """", """"]"
Player,managed-llama-3-3-70b-instruct,w20,player,18,olympic_gold_medals,0,1,"["""", """", """", """", """"]"
Player,managed-llama-3-3-70b-instruct,w20,player,18,position,0,1,"[""Frontcourt"", ""Frontcourt"", ""Frontcourt"", ""Frontcourt"", ""Frontcourt""]"
Player,managed-llama-3-3-70b-instruct,w20,player,18,team,0,1,"[""New York Knicks||Denver Nuggets||Portland Trail Blazers"", ""New York Knicks||Denver Nuggets||Portland Trail Blazers"", ""New York Knicks||Denver Nuggets||Portland Trail Blazers"", ""New York Knicks||Denver Nuggets||Portland Trail Blazers"", ""New York Knicks||Denver Nuggets||Portland Trail Blazers""]"
Player,managed-llama-3-3-70b-instruct,w20,player,19,age,0,1,"[""55"", ""55"", ""55"", ""55"", ""55""]"
Player,managed-llama-3-3-70b-instruct,w20,player,19,birth_date,0,1,"[""1969/4/18"", ""1969/4/18"", ""1969/4/18"", ""1969/4/18"", ""1969/4/18""]"
Player,managed-llama-3-3-70b-instruct,w20,player,19,college,0,1,"[""University of California, Los Angeles (UCLA) || California State University, Stanislaus"", ""University of California, Los Angeles (UCLA) || California State University, Stanislaus"", ""University of California, Los Angeles (UCLA) || California State University, Stanislaus"", ""University of California, Los Angeles (UCLA) || California State University, Stanislaus"", ""University of California, Los Angeles (UCLA) || California State University, Stanislaus""]"
Player,managed-llama-3-3-70b-instruct,w20,player,19,draft_pick,0,1,"["""", """", """", """", """"]"
Player,managed-llama-3-3-70b-instruct,w20,player,19,draft_year,0,1,"["""", """", """", """", """"]"
Player,managed-llama-3-3-70b-instruct,w20,player,19,fiba_world_cup,0,1,"["""", """", """", """", """"]"
Player,managed-llama-3-3-70b-instruct,w20,player,19,mvp_awards,0,1,"[""0"", ""0"", ""0"", ""0"", ""0""]"
Player,managed-llama-3-3-70b-instruct,w20,player,19,name,0,1,"[""Gerald Madkins Jr."", ""Gerald Madkins Jr."", ""Gerald Madkins Jr."", ""Gerald Madkins Jr."", ""Gerald Madkins Jr.""]"
Player,managed-llama-3-3-70b-instruct,w20,player,19,nationality,0,1,"[""USA"", ""USA"", ""USA"", ""USA"", ""USA""]"
Player,managed-llama-3-3-70b-instruct,w20,player,19,nba_championships,0,1,"["""", """", """", """", """"]"
Player,managed-llama-3-3-70b-instruct,w20,player,19,olympic_gold_medals,0,1,"["""", """", """", """", """"]"
Player,managed-llama-3-3-70b-instruct,w20,player,19,position,0,1,"[""Backcourt"", ""Backcourt"", ""Backcourt"", ""Backcourt"", ""Backcourt""]"
Player,managed-llama-3-3-70b-instruct,w20,player,19,team,0,1,"[""Cleveland Cavaliers||Miami Heat||Golden State Warriors"", ""Cleveland Cavaliers||Miami Heat||Golden State Warriors"", ""Cleveland Cavaliers||Miami Heat||Golden State Warriors"", ""Cleveland Cavaliers||Miami Heat||Golden State Warriors"", ""Cleveland Cavaliers||Miami Heat||Golden State Warriors""]"
Player,managed-llama-3-3-70b-instruct,w20,player,20,age,0,1,"[""65"", ""65"", ""65"", ""65"", ""65""]"
Player,managed-llama-3-3-70b-instruct,w20,player,20,birth_date,0,1,"[""1930/11/1"", ""1930/11/1"", ""1930/11/1"", ""1930/11/1"", ""1930/11/1""]"
Player,managed-llama-3-3-70b-instruct,w20,player,20,college,0,1,"[""Moberly Junior College || Southwest Missouri State University || Bradley"", ""Moberly Junior College || Southwest Missouri State University || Bradley"", ""Moberly Junior College || Southwest Missouri State University || Bradley"", ""Moberly Junior College || Southwest Missouri State University || Bradley"", ""Moberly Junior College || Southwest Missouri State University || Bradley""]"
Player,managed-llama-3-3-70b-instruct,w20,player,20,draft_pick,0,1,"[""26"", ""26"", ""26"", ""26"", ""26""]"
Player,managed-llama-3-3-70b-instruct,w20,player,20,draft_year,0,1,"[""1954"", ""1954"", ""1954"", ""1954"", ""1954""]"
Player,managed-llama-3-3-70b-instruct,w20,player,20,fiba_world_cup,0,1,"["""", """", """", """", """"]"
Player,managed-llama-3-3-70b-instruct,w20,player,20,mvp_awards,0,1,"[""0"", ""0"", ""0"", ""0"", ""0""]"
Player,managed-llama-3-3-70b-instruct,w20,player,20,name,0,1,"[""Donald Robert Anielak"", ""Donald Robert Anielak"", ""Donald Robert Anielak"", ""Donald Robert Anielak"", ""Donald Robert Anielak""]"
Player,managed-llama-3-3-70b-instruct,w20,player,20,nationality,0,1,"[""USA"", ""USA"", ""USA"", ""USA"", ""USA""]"
Player,managed-llama-3-3-70b-instruct,w20,player,20,nba_championships,0,1,"["""", """", """", """", """"]"
Player,managed-llama-3-3-70b-instruct,w20,player,20,olympic_gold_medals,0,1,"["""", """", """", """", """"]"
Player,managed-llama-3-3-70b-instruct,w20,player,20,position,0,1,"[""Frontcourt"", ""Frontcourt"", ""Frontcourt"", ""Frontcourt"", ""Frontcourt""]"
Player,managed-llama-3-3-70b-instruct,w20,player,20,team,0,1,"[""New York Knicks"", ""New York Knicks"", ""New York Knicks"", ""New York Knicks"", ""New York Knicks""]"
Player,managed-llama-3-3-70b-instruct,w20,player,21,age,0,1,"[""79"", ""79"", ""79"", ""79"", ""79""]"
Player,managed-llama-3-3-70b-instruct,w20,player,21,birth_date,0,1,"[""1945/9/17"", ""1945/9/17"", ""1945/9/17"", ""1945/9/17"", ""1945/9/17""]"
Player,managed-llama-3-3-70b-instruct,w20,player,21,college,0,1,"[""University of North Dakota"", ""University of North Dakota"", ""University of North Dakota"", ""University of North Dakota"", ""University of North Dakota""]"
Player,managed-llama-3-3-70b-instruct,w20,player,21,draft_pick,0,1,"[""31"", ""31"", ""31"", ""31"", ""31""]"
Player,managed-llama-3-3-70b-instruct,w20,player,21,draft_year,0,1,"[""1967"", ""1967"", ""1967"", ""1967"", ""1967""]"
Player,managed-llama-3-3-70b-instruct,w20,player,21,fiba_world_cup,0,1,"[""0"", ""0"", ""0"", ""0"", ""0""]"
Player,managed-llama-3-3-70b-instruct,w20,player,21,mvp_awards,0,1,"[""1"", ""1"", ""1"", ""1"", ""1""]"
Player,managed-llama-3-3-70b-instruct,w20,player,21,name,0,1,"[""Philip Douglas Jackson"", ""Philip Douglas Jackson"", ""Philip Douglas Jackson"", ""Philip Douglas Jackson"", ""Philip Douglas Jackson""]"
Player,managed-llama-3-3-70b-instruct,w20,player,21,nationality,0,1,"[""USA"", ""USA"", ""USA"", ""USA"", ""USA""]"
Player,managed-llama-3-3-70b-instruct,w20,player,21,nba_championships,0,1,"[""11"", ""11"", ""11"", ""11"", ""11""]"
Player,managed-llama-3-3-70b-instruct,w20,player,21,olympic_gold_medals,0,1,"[""4"", ""4"", ""4"", ""4"", ""4""]"
Player,managed-llama-3-3-70b-instruct,w20,player,21,position,0,1,"[""Frontcourt"", ""Frontcourt"", ""Frontcourt"", ""Frontcourt"", ""Frontcourt""]"
Player,managed-llama-3-3-70b-instruct,w20,player,21,team,0,1,"[""New York Knicks||New Jersey Nets||Chicago Bulls||Los Angeles Lakers"", ""New York Knicks||New Jersey Nets||Chicago Bulls||Los Angeles Lakers"", ""New York Knicks||New Jersey Nets||Chicago Bulls||Los Angeles Lakers"", ""New York Knicks||New Jersey Nets||Chicago Bulls||Los Angeles Lakers"", ""New York Knicks||New Jersey Nets||Chicago Bulls||Los Angeles Lakers""]"
Player,managed-llama-3-3-70b-instruct,w20,player,22,age,0,1,"[""55"", ""55"", ""55"", ""55"", ""55""]"
Player,managed-llama-3-3-70b-instruct,w20,player,22,birth_date,0,1,"[""1969/10/18"", ""1969/10/18"", ""1969/10/18"", ""1969/10/18"", ""1969/10/18""]"
Player,managed-llama-3-3-70b-instruct,w20,player,22,college,0,1,"[""Seton Hall University"", ""Seton Hall University"", ""Seton Hall University"", ""Seton Hall University"", ""Seton Hall University""]"
Player,managed-llama-3-3-70b-instruct,w20,player,22,draft_pick,0,1,"[""15"", ""15"", ""15"", ""15"", ""15""]"
Player,managed-llama-3-3-70b-instruct,w20,player,22,draft_year,0,1,"[""1991"", ""1991"", ""1991"", ""1991"", ""1991""]"
Player,managed-llama-3-3-70b-instruct,w20,player,22,fiba_world_cup,0,1,"["""", """", """", """", """"]"
Player,managed-llama-3-3-70b-instruct,w20,player,22,mvp_awards,0,1,"[""0"", ""0"", ""0"", ""0"", ""0""]"
Player,managed-llama-3-3-70b-instruct,w20,player,22,name,0,1,"[""Anthony Avent"", ""Anthony Avent"", ""Anthony Avent"", ""Anthony Avent"", ""Anthony Avent""]"
Player,managed-llama-3-3-70b-instruct,w20,player,22,nationality,0,1,"[""USA"", ""USA"", ""USA"", ""USA"", ""USA""]"
Player,managed-llama-3-3-70b-instruct,w20,player,22,nba_championships,0,1,"["""", """", """", """", """"]"
Player,managed-llama-3-3-70b-instruct,w20,player,22,olympic_gold_medals,0,1,"["""", """", """", """", """"]"
Player,managed-llama-3-3-70b-instruct,w20,player,22,position,0,1,"[""Frontcourt"", ""Frontcourt"", ""Frontcourt"", ""Frontcourt"", ""Frontcourt""]"
Player,managed-llama-3-3-70b-instruct,w20,player,22,team,0,1,"[""Milwaukee Bucks||Orlando Magic||Vancouver Grizzlies||Utah Jazz||Los Angeles Clippers"", ""Milwaukee Bucks||Orlando Magic||Vancouver Grizzlies||Utah Jazz||Los Angeles Clippers"", ""Milwaukee Bucks||Orlando Magic||Vancouver Grizzlies||Utah Jazz||Los Angeles Clippers"", ""Milwaukee Bucks||Orlando Magic||Vancouver Grizzlies||Utah Jazz||Los Angeles Clippers"", ""Milwaukee Bucks||Orlando Magic||Vancouver Grizzlies||Utah Jazz||Los Angeles Clippers""]"
Player,managed-llama-3-3-70b-instruct,w20,player,23,age,0,1,"[""33"", ""33"", ""33"", ""33"", ""33""]"
Player,managed-llama-3-3-70b-instruct,w20,player,23,birth_date,0,1,"[""1990/7/12"", ""1990/7/12"", ""1990/7/12"", ""1990/7/12"", ""1990/7/12""]"
Player,managed-llama-3-3-70b-instruct,w20,player,23,college,0,1,"[""UCLA || New Mexico"", ""UCLA || New Mexico"", ""UCLA || New Mexico"", ""UCLA || New Mexico"", ""UCLA || New Mexico""]"
Player,managed-llama-3-3-70b-instruct,w20,player,23,draft_pick,0,1,"["""", """", """", """", """"]"
Player,managed-llama-3-3-70b-instruct,w20,player,23,draft_year,0,1,"[""2012"", ""2012"", ""2012"", ""2012"", ""2012""]"
Player,managed-llama-3-3-70b-instruct,w20,player,23,fiba_world_cup,0,1,"["""", """", """", """", """"]"
Player,managed-llama-3-3-70b-instruct,w20,player,23,mvp_awards,0,1,"[""0"", ""0"", ""0"", ""0"", ""0""]"
Player,managed-llama-3-3-70b-instruct,w20,player,23,name,1,2,"[""Drew Edward Gordon || Aaron Gordon || Drew Gooden || LeBron James"", ""Drew Edward Gordon || Aaron Gordon || Drew Gooden"", ""Drew Edward Gordon || Aaron Gordon || Drew Gooden"", ""Drew Edward Gordon || Aaron Gordon || Drew Gooden"", ""Drew Edward Gordon || Aaron Gordon || Drew Gooden""]"
Player,managed-llama-3-3-70b-instruct,w20,player,23,nationality,0,1,"[""USA"", ""USA"", ""USA"", ""USA"", ""USA""]"
Player,managed-llama-3-3-70b-instruct,w20,player,23,nba_championships,0,1,"["""", """", """", """", """"]"
Player,managed-llama-3-3-70b-instruct,w20,player,23,olympic_gold_medals,0,1,"["""", """", """", """", """"]"
Player,managed-llama-3-3-70b-instruct,w20,player,23,position,0,1,"[""Frontcourt"", ""Frontcourt"", ""Frontcourt"", ""Frontcourt"", ""Frontcourt""]"
Player,managed-llama-3-3-70b-instruct,w20,player,23,team,1,2,"[""Philadelphia 76ers||Dallas Mavericks||Brooklyn Nets"", ""Philadelphia 76ers||Dallas Mavericks"", ""Philadelphia 76ers||Dallas Mavericks"", ""Philadelphia 76ers||Dallas Mavericks||Brooklyn Nets"", ""Philadelphia 76ers||Dallas Mavericks||Brooklyn Nets""]"
Player,managed-llama-3-3-70b-instruct,w20,player,24,age,0,1,"[""41"", ""41"", ""41"", ""41"", ""41""]"
Player,managed-llama-3-3-70b-instruct,w20,player,24,birth_date,0,1,"[""1983/10/28"", ""1983/10/28"", ""1983/10/28"", ""1983/10/28"", ""1983/10/28""]"
Player,managed-llama-3-3-70b-instruct,w20,player,24,college,0,1,"[""Georgia Tech"", ""Georgia Tech"", ""Georgia Tech"", ""Georgia Tech"", ""Georgia Tech""]"
Player,managed-llama-3-3-70b-instruct,w20,player,24,draft_pick,0,1,"[""22"", ""22"", ""22"", ""22"", ""22""]"
Player,managed-llama-3-3-70b-instruct,w20,player,24,draft_year,0,1,"[""2005"", ""2005"", ""2005"", ""2005"", ""2005""]"
Player,managed-llama-3-3-70b-instruct,w20,player,24,fiba_world_cup,0,1,"["""", """", """", """", """"]"
Player,managed-llama-3-3-70b-instruct,w20,player,24,mvp_awards,0,1,"[""0"", ""0"", ""0"", ""0"", ""0""]"
Player,managed-llama-3-3-70b-instruct,w20,player,24,name,0,1,"[""Jarrett Matthew Jack"", ""Jarrett Matthew Jack"", ""Jarrett Matthew Jack"", ""Jarrett Matthew Jack"", ""Jarrett Matthew Jack""]"
Player,managed-llama-3-3-70b-instruct,w20,player,24,nationality,0,1,"[""USA"", ""USA"", ""USA"", ""USA"", ""USA""]"
Player,managed-llama-3-3-70b-instruct,w20,player,24,nba_championships,0,1,"[""0"", ""0"", ""0"", ""0"", ""0""]"
Player,managed-llama-3-3-70b-instruct,w20,player,24,olympic_gold_medals,0,1,"["""", """", """", """", """"]"
Player,managed-llama-3-3-70b-instruct,w20,player,24,position,0,1,"[""Backcourt"", ""Backcourt"", ""Backcourt"", ""Backcourt"", ""Backcourt""]"
Player,managed-llama-3-3-70b-instruct,w20,player,24,team,0,1,"[""Detroit Pistons"", ""Detroit Pistons"", ""Detroit Pistons"", ""Detroit Pistons"", ""Detroit Pistons""]"
Player,managed-llama-3-3-70b-instruct,w20,player,25,age,0,1,"[""51"", ""51"", ""51"", ""51"", ""51""]"
Player,managed-llama-3-3-70b-instruct,w20,player,25,birth_date,0,1,"[""1973/8/22"", ""1973/8/22"", ""1973/8/22"", ""1973/8/22"", ""1973/8/22""]"
Player,managed-llama-3-3-70b-instruct,w20,player,25,college,0,1,"[""Thomas More College"", ""Thomas More College"", ""Thomas More College"", ""Thomas More College"", ""Thomas More College""]"
Player,managed-llama-3-3-70b-instruct,w20,player,25,draft_pick,0,1,"["""", """", """", """", """"]"
Player,managed-llama-3-3-70b-instruct,w20,player,25,draft_year,0,1,"["""", """", """", """", """"]"
Player,managed-llama-3-3-70b-instruct,w20,player,25,fiba_world_cup,0,1,"["""", """", """", """", """"]"
Player,managed-llama-3-3-70b-instruct,w20,player,25,mvp_awards,0,1,"[""0"", ""0"", ""0"", ""0"", ""0""]"
Player,managed-llama-3-3-70b-instruct,w20,player,25,name,0,1,"[""Rick Hughes"", ""Rick Hughes"", ""Rick Hughes"", ""Rick Hughes"", ""Rick Hughes""]"
Player,managed-llama-3-3-70b-instruct,w20,player,25,nationality,0,1,"[""USA"", ""USA"", ""USA"", ""USA"", ""USA""]"
Player,managed-llama-3-3-70b-instruct,w20,player,25,nba_championships,0,1,"["""", """", """", """", """"]"
Player,managed-llama-3-3-70b-instruct,w20,player,25,olympic_gold_medals,0,1,"["""", """", """", """", """"]"
Player,managed-llama-3-3-70b-instruct,w20,player,25,position,0,1,"[""Frontcourt"", ""Frontcourt"", ""Frontcourt"", ""Frontcourt"", ""Frontcourt""]"
Player,managed-llama-3-3-70b-instruct,w20,player,25,team,0,1,"[""Phoenix Suns||Atlanta Hawks||Dallas Mavericks"", ""Phoenix Suns||Atlanta Hawks||Dallas Mavericks"", ""Phoenix Suns||Atlanta Hawks||Dallas Mavericks"", ""Phoenix Suns||Atlanta Hawks||Dallas Mavericks"", ""Phoenix Suns||Atlanta Hawks||Dallas Mavericks""]"
Player,managed-llama-3-3-70b-instruct,w20,player,26,age,0,1,"[""34"", ""34"", ""34"", ""34"", ""34""]"
Player,managed-llama-3-3-70b-instruct,w20,player,26,birth_date,0,1,"[""1989/2/4"", ""1989/2/4"", ""1989/2/4"", ""1989/2/4"", ""1989/2/4""]"
Player,managed-llama-3-3-70b-instruct,w20,player,26,college,0,1,"[""Temple University"", ""Temple University"", ""Temple University"", ""Temple University"", ""Temple University""]"
Player,managed-llama-3-3-70b-instruct,w20,player,26,draft_pick,0,1,"[""50"", ""50"", ""50"", ""50"", ""50""]"
Player,managed-llama-3-3-70b-instruct,w20,player,26,draft_year,0,1,"[""2011"", ""2011"", ""2011"", ""2011"", ""2011""]"
Player,managed-llama-3-3-70b-instruct,w20,player,26,fiba_world_cup,0,1,"["""", """", """", """", """"]"
Player,managed-llama-3-3-70b-instruct,w20,player,26,mvp_awards,0,1,"[""0"", ""0"", ""0"", ""0"", ""0""]"
Player,managed-llama-3-3-70b-instruct,w20,player,26,name,0,1,"[""Lavoy Allen"", ""Lavoy Allen"", ""Lavoy Allen"", ""Lavoy Allen"", ""Lavoy Allen""]"
Player,managed-llama-3-3-70b-instruct,w20,player,26,nationality,0,1,"[""USA"", ""USA"", ""USA"", ""USA"", ""USA""]"
Player,managed-llama-3-3-70b-instruct,w20,player,26,nba_championships,0,1,"[""0"", ""0"", ""0"", ""0"", ""0""]"
Player,managed-llama-3-3-70b-instruct,w20,player,26,olympic_gold_medals,0,1,"["""", """", """", """", """"]"
Player,managed-llama-3-3-70b-instruct,w20,player,26,position,0,1,"[""Frontcourt"", ""Frontcourt"", ""Frontcourt"", ""Frontcourt"", ""Frontcourt""]"
Player,managed-llama-3-3-70b-instruct,w20,player,26,team,0,1,"[""Philadelphia 76ers||Indiana Pacers"", ""Philadelphia 76ers||Indiana Pacers"", ""Philadelphia 76ers||Indiana Pacers"", ""Philadelphia 76ers||Indiana Pacers"", ""Philadelphia 76ers||Indiana Pacers""]"
Player,managed-llama-3-3-70b-instruct,w20,player,27,age,0,1,"[""86"", ""86"", ""86"", ""86"", ""86""]"
Player,managed-llama-3-3-70b-instruct,w20,player,27,birth_date,0,1,"[""1926/1/31"", ""1926/1/31"", ""1926/1/31"", ""1926/1/31"", ""1926/1/31""]"
Player,managed-llama-3-3-70b-instruct,w20,player,27,college,0,1,"[""Duquesne"", ""Duquesne"", ""Duquesne"", ""Duquesne"", ""Duquesne""]"
Player,managed-llama-3-3-70b-instruct,w20,player,27,draft_pick,0,1,"[""44"", ""44"", ""44"", ""44"", ""44""]"
Player,managed-llama-3-3-70b-instruct,w20,player,27,draft_year,0,1,"[""1950"", ""1950"", ""1950"", ""1950"", ""1950""]"
Player,managed-llama-3-3-70b-instruct,w20,player,27,fiba_world_cup,0,1,"["""", """", """", """", """"]"
Player,managed-llama-3-3-70b-instruct,w20,player,27,mvp_awards,0,1,"[""0"", ""0"", ""0"", ""0"", ""0""]"
Player,managed-llama-3-3-70b-instruct,w20,player,27,name,0,1,"[""Edward Dahler Jr."", ""Edward Dahler Jr."", ""Edward Dahler Jr."", ""Edward Dahler Jr."", ""Edward Dahler Jr.""]"
Player,managed-llama-3-3-70b-instruct,w20,player,27,nationality,0,1,"[""USA"", ""USA"", ""USA"", ""USA"", ""USA""]"
Player,managed-llama-3-3-70b-instruct,w20,player,27,nba_championships,0,1,"["""", """", """", """", """"]"
Player,managed-llama-3-3-70b-instruct,w20,player,27,olympic_gold_medals,0,1,"["""", """", """", """", """"]"
Player,managed-llama-3-3-70b-instruct,w20,player,27,position,0,1,"[""Backcourt"", ""Backcourt"", ""Backcourt"", ""Backcourt"", ""Backcourt""]"
Player,managed-llama-3-3-70b-instruct,w20,player,27,team,0,1,"[""Philadelphia Warriors"", ""Philadelphia Warriors"", ""Philadelphia Warriors"", ""Philadelphia Warriors"", ""Philadelphia Warriors""]"
Player,managed-llama-3-3-70b-instruct,w20,player,28,age,0,1,"[""69"", ""69"", ""69"", ""69"", ""69""]"
Player,managed-llama-3-3-70b-instruct,w20,player,28,birth_date,0,1,"[""1959/6/10"", ""1959/6/10"", ""1959/6/10"", ""1959/6/10"", ""1959/6/10""]"
Player,managed-llama-3-3-70b-instruct,w20,player,28,college,0,1,"[""Michigan State University"", ""Michigan State University"", ""Michigan State University"", ""Michigan State University"", ""Michigan State University""]"
Player,managed-llama-3-3-70b-instruct,w20,player,28,draft_pick,0,1,"[""1"", ""1"", ""1"", ""1"", ""1""]"
Player,managed-llama-3-3-70b-instruct,w20,player,28,draft_year,0,1,"[""1979"", ""1979"", ""1979"", ""1979"", ""1979""]"
Player,managed-llama-3-3-70b-instruct,w20,player,28,fiba_world_cup,0,1,"[""1"", ""1"", ""1"", ""1"", ""1""]"
Player,managed-llama-3-3-70b-instruct,w20,player,28,mvp_awards,0,1,"[""3"", ""3"", ""3"", ""3"", ""3""]"
Player,managed-llama-3-3-70b-instruct,w20,player,28,name,1,2,"[""Earvin \""Magic\"" Johnson"", ""Earvin \""Magic\"" Johnson Jr."", ""Earvin \""Magic\"" Johnson Jr."", ""Earvin \""Magic\"" Johnson Jr."", ""Earvin \""Magic\"" Johnson Jr.""]"
Player,managed-llama-3-3-70b-instruct,w20,player,28,nationality,0,1,"[""USA"", ""USA"", ""USA"", ""USA"", ""USA""]"
Player,managed-llama-3-3-70b-instruct,w20,player,28,nba_championships,0,1,"[""5"", ""5"", ""5"", ""5"", ""5""]"
Player,managed-llama-3-3-70b-instruct,w20,player,28,olympic_gold_medals,0,1,"[""3"", ""3"", ""3"", ""3"", ""3""]"
Player,managed-llama-3-3-70b-instruct,w20,player,28,position,0,1,"[""Backcourt"", ""Backcourt"", ""Backcourt"", ""Backcourt"", ""Backcourt""]"
Player,managed-llama-3-3-70b-instruct,w20,player,28,team,0,1,"[""Los Angeles Lakers"", ""Los Angeles Lakers"", ""Los Angeles Lakers"", ""Los Angeles Lakers"", ""Los Angeles Lakers""]"
Player,managed-llama-3-3-70b-instruct,w20,player,29,age,0,1,"[""71"", ""71"", ""71"", ""71"", ""71""]"
Player,managed-llama-3-3-70b-instruct,w20,player,29,birth_date,0,1,"[""1920/9/19"", ""1920/9/19"", ""1920/9/19"", ""1920/9/19"", ""1920/9/19""]"
Player,managed-llama-3-3-70b-instruct,w20,player,29,college,1,2,"[""Duquesne University"", ""Duquesne University"", ""Duquesne University"", ""Duquesne University"", ""None""]"
Player,managed-llama-3-3-70b-instruct,w20,player,29,draft_pick,0,1,"["""", """", """", """", """"]"
Player,managed-llama-3-3-70b-instruct,w20,player,29,draft_year,0,1,"["""", """", """", """", """"]"
Player,managed-llama-3-3-70b-instruct,w20,player,29,fiba_world_cup,0,1,"["""", """", """", """", """"]"
Player,managed-llama-3-3-70b-instruct,w20,player,29,mvp_awards,0,1,"[""0"", ""0"", ""0"", ""0"", ""0""]"
Player,managed-llama-3-3-70b-instruct,w20,player,29,name,0,1,"[""Stanley M. Noszka"", ""Stanley M. Noszka"", ""Stanley M. Noszka"", ""Stanley M. Noszka"", ""Stanley M. Noszka""]"
Player,managed-llama-3-3-70b-instruct,w20,player,29,nationality,0,1,"[""USA"", ""USA"", ""USA"", ""USA"", ""USA""]"
Player,managed-llama-3-3-70b-instruct,w20,player,29,nba_championships,1,2,"[""0"", ""0"", ""0"", """", ""0""]"
Player,managed-llama-3-3-70b-instruct,w20,player,29,olympic_gold_medals,0,1,"["""", """", """", """", """"]"
Player,managed-llama-3-3-70b-instruct,w20,player,29,position,1,2,"[""Backcourt || Frontcourt"", ""Backcourt || Frontcourt"", ""Backcourt || Frontcourt"", """", ""Backcourt || Frontcourt""]"
Player,managed-llama-3-3-70b-instruct,w20,player,29,team,1,2,"[""Boston Celtics"", ""Boston Celtics"", ""Boston Celtics"", ""Boston Celtics"", ""Youngstown Bears||Pittsburgh Ironmen||Boston Celtics""]"
Player,managed-llama-3-3-70b-instruct,w20,player,30,age,0,1,"[""63"", ""63"", ""63"", ""63"", ""63""]"
Player,managed-llama-3-3-70b-instruct,w20,player,30,birth_date,0,1,"[""1961/4/30"", ""1961/4/30"", ""1961/4/30"", ""1961/4/30"", ""1961/4/30""]"
Player,managed-llama-3-3-70b-instruct,w20,player,30,college,0,1,"[""Indiana University"", ""Indiana University"", ""Indiana University"", ""Indiana University"", ""Indiana University""]"
Player,managed-llama-3-3-70b-instruct,w20,player,30,draft_pick,0,1,"[""2"", ""2"", ""2"", ""2"", ""2""]"
Player,managed-llama-3-3-70b-instruct,w20,player,30,draft_year,0,1,"[""1981"", ""1981"", ""1981"", ""1981"", ""1981""]"
Player,managed-llama-3-3-70b-instruct,w20,player,30,fiba_world_cup,0,1,"[""1"", ""1"", ""1"", ""1"", ""1""]"
Player,managed-llama-3-3-70b-instruct,w20,player,30,mvp_awards,0,1,"[""1"", ""1"", ""1"", ""1"", ""1""]"
Player,managed-llama-3-3-70b-instruct,w20,player,30,name,0,1,"[""Isiah Lord Thomas III"", ""Isiah Lord Thomas III"", ""Isiah Lord Thomas III"", ""Isiah Lord Thomas III"", ""Isiah Lord Thomas III""]"
Player,managed-llama-3-3-70b-instruct,w20,player,30,nationality,0,1,"[""USA"", ""USA"", ""USA"", ""USA"", ""USA""]"
Player,managed-llama-3-3-70b-instruct,w20,player,30,nba_championships,0,1,"[""2"", ""2"", ""2"", ""2"", ""2""]"
Player,managed-llama-3-3-70b-instruct,w20,player,30,olympic_gold_medals,0,1,"[""0"", ""0"", ""0"", ""0"", ""0""]"
Player,managed-llama-3-3-70b-instruct,w20,player,30,position,0,1,"[""Backcourt"", ""Backcourt"", ""Backcourt"", ""Backcourt"", ""Backcourt""]"
Player,managed-llama-3-3-70b-instruct,w20,player,30,team,0,1,"[""Detroit Pistons"", ""Detroit Pistons"", ""Detroit Pistons"", ""Detroit Pistons"", ""Detroit Pistons""]"
Player,managed-llama-3-3-70b-instruct,w20,player,31,age,0,1,"[""74"", ""74"", ""74"", ""74"", ""74""]"
Player,managed-llama-3-3-70b-instruct,w20,player,31,birth_date,0,1,"[""1951/1/1 || 1943"", ""1951/1/1 || 1943"", ""1951/1/1 || 1943"", ""1951/1/1 || 1943"", ""1951/1/1 || 1943""]"
Player,managed-llama-3-3-70b-instruct,w20,player,31,college,0,1,"[""None"", ""None"", ""None"", ""None"", ""None""]"
Player,managed-llama-3-3-70b-instruct,w20,player,31,draft_pick,0,1,"[""2"", ""2"", ""2"", ""2"", ""2""]"
Player,managed-llama-3-3-70b-instruct,w20,player,31,draft_year,0,1,"[""1974"", ""1974"", ""1974"", ""1974"", ""1974""]"
Player,managed-llama-3-3-70b-instruct,w20,player,31,fiba_world_cup,0,1,"["""", """", """", """", """"]"
Player,managed-llama-3-3-70b-instruct,w20,player,31,mvp_awards,0,1,"[""0"", ""0"", ""0"", ""0"", ""0""]"
Player,managed-llama-3-3-70b-instruct,w20,player,31,name,0,1,"[""Daniel Edward Anderson"", ""Daniel Edward Anderson"", ""Daniel Edward Anderson"", ""Daniel Edward Anderson"", ""Daniel Edward Anderson""]"
Player,managed-llama-3-3-70b-instruct,w20,player,31,nationality,0,1,"[""USA"", ""USA"", ""USA"", ""USA"", ""USA""]"
Player,managed-llama-3-3-70b-instruct,w20,player,31,nba_championships,0,1,"["""", """", """", """", """"]"
Player,managed-llama-3-3-70b-instruct,w20,player,31,olympic_gold_medals,0,1,"["""", """", """", """", """"]"
Player,managed-llama-3-3-70b-instruct,w20,player,31,position,0,1,"["""", """", """", """", """"]"
Player,managed-llama-3-3-70b-instruct,w20,player,31,team,0,1,"[""Portland Trail Blazers"", ""Portland Trail Blazers"", ""Portland Trail Blazers"", ""Portland Trail Blazers"", ""Portland Trail Blazers""]"
Player,managed-llama-3-3-70b-instruct,w20,player,32,age,0,1,"[""29"", ""29"", ""29"", ""29"", ""29""]"
Player,managed-llama-3-3-70b-instruct,w20,player,32,birth_date,0,1,"[""1995/12/15"", ""1995/12/15"", ""1995/12/15"", ""1995/12/15"", ""1995/12/15""]"
Player,managed-llama-3-3-70b-instruct,w20,player,32,college,0,1,"[""Duke University"", ""Duke University"", ""Duke University"", ""Duke University"", ""Duke University""]"
Player,managed-llama-3-3-70b-instruct,w20,player,32,draft_pick,0,1,"[""3"", ""3"", ""3"", ""3"", ""3""]"
Player,managed-llama-3-3-70b-instruct,w20,player,32,draft_year,0,1,"[""2015"", ""2015"", ""2015"", ""2015"", ""2015""]"
Player,managed-llama-3-3-70b-instruct,w20,player,32,fiba_world_cup,0,1,"[""0"", ""0"", ""0"", ""0"", ""0""]"
Player,managed-llama-3-3-70b-instruct,w20,player,32,mvp_awards,0,1,"[""0"", ""0"", ""0"", ""0"", ""0""]"
Player,managed-llama-3-3-70b-instruct,w20,player,32,name,0,1,"[""Jahlil Obika Okafor"", ""Jahlil Obika Okafor"", ""Jahlil Obika Okafor"", ""Jahlil Obika Okafor"", ""Jahlil Obika Okafor""]"
Player,managed-llama-3-3-70b-instruct,w20,player,32,nationality,0,1,"[""Nigerian||American"", ""Nigerian||American"", ""Nigerian||American"", ""Nigerian||American"", ""Nigerian||American""]"
Player,managed-llama-3-3-70b-instruct,w20,player,32,nba_championships,0,1,"[""0"", ""0"", ""0"", ""0"", ""0""]"
Player,managed-llama-3-3-70b-instruct,w20,player,32,olympic_gold_medals,1,2,"[""2020"", ""2020"", """", """", """"]"
Player,managed-llama-3-3-70b-instruct,w20,player,32,position,0,1,"[""Frontcourt"", ""Frontcourt"", ""Frontcourt"", ""Frontcourt"", ""Frontcourt""]"
Player,managed-llama-3-3-70b-instruct,w20,player,32,team,0,1,"[""Philadelphia 76ers||Brooklyn Nets||New Orleans Pelicans||Detroit Pistons||Atlanta Hawks"", ""Philadelphia 76ers||Brooklyn Nets||New Orleans Pelicans||Detroit Pistons||Atlanta Hawks"", ""Philadelphia 76ers||Brooklyn Nets||New Orleans Pelicans||Detroit Pistons||Atlanta Hawks"", ""Philadelphia 76ers||Brooklyn Nets||New Orleans Pelicans||Detroit Pistons||Atlanta Hawks"", ""Philadelphia 76ers||Brooklyn Nets||New Orleans Pelicans||Detroit Pistons||Atlanta Hawks""]"
Player,managed-llama-3-3-70b-instruct,w20,player,33,age,0,1,"[""65"", ""65"", ""65"", ""65"", ""65""]"
Player,managed-llama-3-3-70b-instruct,w20,player,33,birth_date,0,1,"[""1959/12/20"", ""1959/12/20"", ""1959/12/20"", ""1959/12/20"", ""1959/12/20""]"
Player,managed-llama-3-3-70b-instruct,w20,player,33,college,0,1,"[""University of Minnesota"", ""University of Minnesota"", ""University of Minnesota"", ""University of Minnesota"", ""University of Minnesota""]"
Player,managed-llama-3-3-70b-instruct,w20,player,33,draft_pick,0,1,"[""6"", ""6"", ""6"", ""6"", ""6""]"
Player,managed-llama-3-3-70b-instruct,w20,player,33,draft_year,0,1,"[""1982"", ""1982"", ""1982"", ""1982"", ""1982""]"
Player,managed-llama-3-3-70b-instruct,w20,player,33,fiba_world_cup,0,1,"["""", """", """", """", """"]"
Player,managed-llama-3-3-70b-instruct,w20,player,33,mvp_awards,0,1,"[""0"", ""0"", ""0"", ""0"", ""0""]"
Player,managed-llama-3-3-70b-instruct,w20,player,33,name,0,1,"[""Kelvin Trent Tucker"", ""Kelvin Trent Tucker"", ""Kelvin Trent Tucker"", ""Kelvin Trent Tucker"", ""Kelvin Trent Tucker""]"
Player,managed-llama-3-3-70b-instruct,w20,player,33,nationality,0,1,"[""USA"", ""USA"", ""USA"", ""USA"", ""USA""]"
Player,managed-llama-3-3-70b-instruct,w20,player,33,nba_championships,0,1,"[""1"", ""1"", ""1"", ""1"", ""1""]"
Player,managed-llama-3-3-70b-instruct,w20,player,33,olympic_gold_medals,0,1,"["""", """", """", """", """"]"
Player,managed-llama-3-3-70b-instruct,w20,player,33,position,0,1,"[""Backcourt"", ""Backcourt"", ""Backcourt"", ""Backcourt"", ""Backcourt""]"
Player,managed-llama-3-3-70b-instruct,w20,player,33,team,0,1,"[""New York Knicks||San Antonio Spurs||Chicago Bulls"", ""New York Knicks||San Antonio Spurs||Chicago Bulls"", ""New York Knicks||San Antonio Spurs||Chicago Bulls"", ""New York Knicks||San Antonio Spurs||Chicago Bulls"", ""New York Knicks||San Antonio Spurs||Chicago Bulls""]"
Player,managed-llama-3-3-70b-instruct,w20,player,34,age,0,1,"[""43"", ""43"", ""43"", ""43"", ""43""]"
Player,managed-llama-3-3-70b-instruct,w20,player,34,birth_date,0,1,"[""1968/10/14"", ""1968/10/14"", ""1968/10/14"", ""1968/10/14"", ""1968/10/14""]"
Player,managed-llama-3-3-70b-instruct,w20,player,34,college,0,1,"[""University of Florida"", ""University of Florida"", ""University of Florida"", ""University of Florida"", ""University of Florida""]"
Player,managed-llama-3-3-70b-instruct,w20,player,34,draft_pick,0,1,"[""24"", ""24"", ""24"", ""24"", ""24""]"
Player,managed-llama-3-3-70b-instruct,w20,player,34,draft_year,0,1,"[""1990"", ""1990"", ""1990"", ""1990"", ""1990""]"
Player,managed-llama-3-3-70b-instruct,w20,player,34,fiba_world_cup,0,1,"["""", """", """", """", """"]"
Player,managed-llama-3-3-70b-instruct,w20,player,34,mvp_awards,0,1,"[""0"", ""0"", ""0"", ""0"", ""0""]"
Player,managed-llama-3-3-70b-instruct,w20,player,34,name,0,1,"[""Dwayne Kenneth Schintzius"", ""Dwayne Kenneth Schintzius"", ""Dwayne Kenneth Schintzius"", ""Dwayne Kenneth Schintzius"", ""Dwayne Kenneth Schintzius""]"
Player,managed-llama-3-3-70b-instruct,w20,player,34,nationality,0,1,"[""USA"", ""USA"", ""USA"", ""USA"", ""USA""]"
Player,managed-llama-3-3-70b-instruct,w20,player,34,nba_championships,0,1,"[""0"", ""0"", ""0"", ""0"", ""0""]"
Player,managed-llama-3-3-70b-instruct,w20,player,34,olympic_gold_medals,0,1,"["""", """", """", """", """"]"
Player,managed-llama-3-3-70b-instruct,w20,player,34,position,0,1,"[""Frontcourt"", ""Frontcourt"", ""Frontcourt"", ""Frontcourt"", ""Frontcourt""]"
Player,managed-llama-3-3-70b-instruct,w20,player,34,team,0,1,"[""San Antonio Spurs||Sacramento Kings||New Jersey Nets||Indiana Pacers||Los Angeles Clippers||Boston Celtics"", ""San Antonio Spurs||Sacramento Kings||New Jersey Nets||Indiana Pacers||Los Angeles Clippers||Boston Celtics"", ""San Antonio Spurs||Sacramento Kings||New Jersey Nets||Indiana Pacers||Los Angeles Clippers||Boston Celtics"", ""San Antonio Spurs||Sacramento Kings||New Jersey Nets||Indiana Pacers||Los Angeles Clippers||Boston Celtics"", ""San Antonio Spurs||Sacramento Kings||New Jersey Nets||Indiana Pacers||Los Angeles Clippers||Boston Celtics""]"
Player,managed-llama-3-3-70b-instruct,w20,player,35,age,0,1,"[""49"", ""49"", ""49"", ""49"", ""49""]"
Player,managed-llama-3-3-70b-instruct,w20,player,35,birth_date,0,1,"[""1975/11/21"", ""1975/11/21"", ""1975/11/21"", ""1975/11/21"", ""1975/11/21""]"
Player,managed-llama-3-3-70b-instruct,w20,player,35,college,0,1,"[""University of Arizona"", ""University of Arizona"", ""University of Arizona"", ""University of Arizona"", ""University of Arizona""]"
Player,managed-llama-3-3-70b-instruct,w20,player,35,draft_pick,0,1,"["""", """", """", """", """"]"
Player,managed-llama-3-3-70b-instruct,w20,player,35,draft_year,0,1,"[""1998"", ""1998"", ""1998"", ""1998"", ""1998""]"
Player,managed-llama-3-3-70b-instruct,w20,player,35,fiba_world_cup,0,1,"["""", """", """", """", """"]"
Player,managed-llama-3-3-70b-instruct,w20,player,35,mvp_awards,0,1,"[""0"", ""0"", ""0"", ""0"", ""0""]"
Player,managed-llama-3-3-70b-instruct,w20,player,35,name,0,1,"[""Miles Julian Simon || Mike Bibby"", ""Miles Julian Simon || Mike Bibby"", ""Miles Julian Simon || Mike Bibby"", ""Miles Julian Simon || Mike Bibby"", ""Miles Julian Simon || Mike Bibby""]"
Player,managed-llama-3-3-70b-instruct,w20,player,35,nationality,0,1,"[""American || Norwegian"", ""American || Norwegian"", ""American || Norwegian"", ""American || Norwegian"", ""American || Norwegian""]"
Player,managed-llama-3-3-70b-instruct,w20,player,35,nba_championships,0,1,"[""0"", ""0"", ""0"", ""0"", ""0""]"
Player,managed-llama-3-3-70b-instruct,w20,player,35,olympic_gold_medals,0,1,"["""", """", """", """", """"]"
Player,managed-llama-3-3-70b-instruct,w20,player,35,position,0,1,"[""Backcourt"", ""Backcourt"", ""Backcourt"", ""Backcourt"", ""Backcourt""]"
Player,managed-llama-3-3-70b-instruct,w20,player,35,team,0,1,"[""Orlando Magic||Phoenix Suns||Los Angeles Lakers"", ""Orlando Magic||Phoenix Suns||Los Angeles Lakers"", ""Orlando Magic||Phoenix Suns||Los Angeles Lakers"", ""Orlando Magic||Phoenix Suns||Los Angeles Lakers"", ""Orlando Magic||Phoenix Suns||Los Angeles Lakers""]"
Player,managed-llama-3-3-70b-instruct,w20,player,36,age,0,1,"[""65"", ""65"", ""65"", ""65"", ""65""]"
Player,managed-llama-3-3-70b-instruct,w20,player,36,birth_date,0,1,"[""1935/9/1"", ""1935/9/1"", ""1935/9/1"", ""1935/9/1"", ""1935/9/1""]"
Player,managed-llama-3-3-70b-instruct,w20,player,36,college,0,1,"[""Temple University"", ""Temple University"", ""Temple University"", ""Temple University"", ""Temple University""]"
Player,managed-llama-3-3-70b-instruct,w20,player,36,draft_pick,0,1,"["""", """", """", """", """"]"
Player,managed-llama-3-3-70b-instruct,w20,player,36,draft_year,0,1,"[""1958"", ""1958"", ""1958"", ""1958"", ""1958""]"
Player,managed-llama-3-3-70b-instruct,w20,player,36,fiba_world_cup,0,1,"["""", """", """", """", """"]"
Player,managed-llama-3-3-70b-instruct,w20,player,36,mvp_awards,0,1,"[""0"", ""0"", ""0"", ""0"", ""0""]"
Player,managed-llama-3-3-70b-instruct,w20,player,36,name,0,1,"[""Guy William Rodgers"", ""Guy William Rodgers"", ""Guy William Rodgers"", ""Guy William Rodgers"", ""Guy William Rodgers""]"
Player,managed-llama-3-3-70b-instruct,w20,player,36,nationality,0,1,"[""USA"", ""USA"", ""USA"", ""USA"", ""USA""]"
Player,managed-llama-3-3-70b-instruct,w20,player,36,nba_championships,0,1,"[""0"", ""0"", ""0"", ""0"", ""0""]"
Player,managed-llama-3-3-70b-instruct,w20,player,36,olympic_gold_medals,0,1,"["""", """", """", """", """"]"
Player,managed-llama-3-3-70b-instruct,w20,player,36,position,0,1,"[""Backcourt"", ""Backcourt"", ""Backcourt"", ""Backcourt"", ""Backcourt""]"
Player,managed-llama-3-3-70b-instruct,w20,player,36,team,0,1,"[""Warriors||Bulls||Royals||Bucks"", ""Warriors||Bulls||Royals||Bucks"", ""Warriors||Bulls||Royals||Bucks"", ""Warriors||Bulls||Royals||Bucks"", ""Warriors||Bulls||Royals||Bucks""]"
Player,managed-llama-3-3-70b-instruct,w20,player,37,age,0,1,"[""59"", ""59"", ""59"", ""59"", ""59""]"
Player,managed-llama-3-3-70b-instruct,w20,player,37,birth_date,0,1,"[""1965/9/12"", ""1965/9/12"", ""1965/9/12"", ""1965/9/12"", ""1965/9/12""]"
Player,managed-llama-3-3-70b-instruct,w20,player,37,college,0,1,"[""University of Florida"", ""University of Florida"", ""University of Florida"", ""University of Florida"", ""University of Florida""]"
Player,managed-llama-3-3-70b-instruct,w20,player,37,draft_pick,0,1,"[""51"", ""51"", ""51"", ""51"", ""51""]"
Player,managed-llama-3-3-70b-instruct,w20,player,37,draft_year,0,1,"[""1988"", ""1988"", ""1988"", ""1988"", ""1988""]"
Player,managed-llama-3-3-70b-instruct,w20,player,37,fiba_world_cup,0,1,"["""", """", """", """", """"]"
Player,managed-llama-3-3-70b-instruct,w20,player,37,mvp_awards,0,1,"[""0"", ""0"", ""0"", ""0"", ""0""]"
Player,managed-llama-3-3-70b-instruct,w20,player,37,name,1,2,"[""Vernon Maxwell || Cedric Maxwell"", ""Vernon Maxwell || Cedric Maxwell"", ""Vernon Maxwell || Cedric Maxwell"", ""Vernon Maxwell || Cedric Maxwell"", ""Vernon Maxwell || Cedric Maxwell || Gary Payton || Pete Maravich || Clyde Drexler""]"
Player,managed-llama-3-3-70b-instruct,w20,player,37,nationality,0,1,"[""USA"", ""USA"", ""USA"", ""USA"", ""USA""]"
Player,managed-llama-3-3-70b-instruct,w20,player,37,nba_championships,0,1,"[""2"", ""2"", ""2"", ""2"", ""2""]"
Player,managed-llama-3-3-70b-instruct,w20,player,37,olympic_gold_medals,0,1,"["""", """", """", """", """"]"
Player,managed-llama-3-3-70b-instruct,w20,player,37,position,0,1,"[""Backcourt"", ""Backcourt"", ""Backcourt"", ""Backcourt"", ""Backcourt""]"
Player,managed-llama-3-3-70b-instruct,w20,player,37,team,0,1,"[""Denver Nuggets||San Antonio Spurs||Houston Rockets||Seattle SuperSonics"", ""Denver Nuggets||San Antonio Spurs||Houston Rockets||Seattle SuperSonics"", ""Denver Nuggets||San Antonio Spurs||Houston Rockets||Seattle SuperSonics"", ""Denver Nuggets||San Antonio Spurs||Houston Rockets||Seattle SuperSonics"", ""Denver Nuggets||San Antonio Spurs||Houston Rockets||Seattle SuperSonics""]"
Player,managed-llama-3-3-70b-instruct,w20,player,38,age,0,1,"[""31"", ""31"", ""31"", ""31"", ""31""]"
Player,managed-llama-3-3-70b-instruct,w20,player,38,birth_date,0,1,"[""1976/4/25"", ""1976/4/25"", ""1976/4/25"", ""1976/4/25"", ""1976/4/25""]"
Player,managed-llama-3-3-70b-instruct,w20,player,38,college,0,1,"[""Wake Forest University"", ""Wake Forest University"", ""Wake Forest University"", ""Wake Forest University"", ""Wake Forest University""]"
Player,managed-llama-3-3-70b-instruct,w20,player,38,draft_pick,0,1,"[""1"", ""1"", ""1"", ""1"", ""1""]"
Player,managed-llama-3-3-70b-instruct,w20,player,38,draft_year,0,1,"[""1997"", ""1997"", ""1997"", ""1997"", ""1997""]"
Player,managed-llama-3-3-70b-instruct,w20,player,38,fiba_world_cup,0,1,"[""1"", ""1"", ""1"", ""1"", ""1""]"
Player,managed-llama-3-3-70b-instruct,w20,player,38,mvp_awards,0,1,"[""2"", ""2"", ""2"", ""2"", ""2""]"
Player,managed-llama-3-3-70b-instruct,w20,player,38,name,0,1,"[""Tim Duncan"", ""Tim Duncan"", ""Tim Duncan"", ""Tim Duncan"", ""Tim Duncan""]"
Player,managed-llama-3-3-70b-instruct,w20,player,38,nationality,0,1,"[""American"", ""American"", ""American"", ""American"", ""American""]"
Player,managed-llama-3-3-70b-instruct,w20,player,38,nba_championships,0,1,"[""5"", ""5"", ""5"", ""5"", ""5""]"
Player,managed-llama-3-3-70b-instruct,w20,player,38,olympic_gold_medals,0,1,"[""4"", ""4"", ""4"", ""4"", ""4""]"
Player,managed-llama-3-3-70b-instruct,w20,player,38,position,0,1,"[""Frontcourt"", ""Frontcourt"", ""Frontcourt"", ""Frontcourt"", ""Frontcourt""]"
Player,managed-llama-3-3-70b-instruct,w20,player,38,team,0,1,"[""San Antonio Spurs"", ""San Antonio Spurs"", ""San Antonio Spurs"", ""San Antonio Spurs"", ""San Antonio Spurs""]"
Player,managed-llama-3-3-70b-instruct,w20,player,39,age,0,1,"[""60"", ""60"", ""60"", ""60"", ""60""]"
Player,managed-llama-3-3-70b-instruct,w20,player,39,birth_date,0,1,"[""1964/5/14"", ""1964/5/14"", ""1964/5/14"", ""1964/5/14"", ""1964/5/14""]"
Player,managed-llama-3-3-70b-instruct,w20,player,39,college,0,1,"[""St. John's University"", ""St. John's University"", ""St. John's University"", ""St. John's University"", ""St. John's University""]"
Player,managed-llama-3-3-70b-instruct,w20,player,39,draft_pick,0,1,"[""14"", ""14"", ""14"", ""14"", ""14""]"
Player,managed-llama-3-3-70b-instruct,w20,player,39,draft_year,0,1,"[""1986"", ""1986"", ""1986"", ""1986"", ""1986""]"
Player,managed-llama-3-3-70b-instruct,w20,player,39,fiba_world_cup,0,1,"["""", """", """", """", """"]"
Player,managed-llama-3-3-70b-instruct,w20,player,39,mvp_awards,0,1,"[""0"", ""0"", ""0"", ""0"", ""0""]"
Player,managed-llama-3-3-70b-instruct,w20,player,39,name,0,1,"[""Walter Berry"", ""Walter Berry"", ""Walter Berry"", ""Walter Berry"", ""Walter Berry""]"
Player,managed-llama-3-3-70b-instruct,w20,player,39,nationality,0,1,"[""USA"", ""USA"", ""USA"", ""USA"", ""USA""]"
Player,managed-llama-3-3-70b-instruct,w20,player,39,nba_championships,0,1,"["""", """", """", """", """"]"
Player,managed-llama-3-3-70b-instruct,w20,player,39,olympic_gold_medals,0,1,"["""", """", """", """", """"]"
Player,managed-llama-3-3-70b-instruct,w20,player,39,position,0,1,"[""Frontcourt"", ""Frontcourt"", ""Frontcourt"", ""Frontcourt"", ""Frontcourt""]"
Player,managed-llama-3-3-70b-instruct,w20,player,39,team,0,1,"[""Portland Trail Blazers||San Antonio Spurs||New Jersey Nets||Houston Rockets"", ""Portland Trail Blazers||San Antonio Spurs||New Jersey Nets||Houston Rockets"", ""Portland Trail Blazers||San Antonio Spurs||New Jersey Nets||Houston Rockets"", ""Portland Trail Blazers||San Antonio Spurs||New Jersey Nets||Houston Rockets"", ""Portland Trail Blazers||San Antonio Spurs||New Jersey Nets||Houston Rockets""]"
Player,managed-llama-3-3-70b-instruct,w20,player,40,age,0,1,"[""45"", ""45"", ""45"", ""45"", ""45""]"
Player,managed-llama-3-3-70b-instruct,w20,player,40,birth_date,0,1,"[""1930/8/29"", ""1930/8/29"", ""1930/8/29"", ""1930/8/29"", ""1930/8/29""]"
Player,managed-llama-3-3-70b-instruct,w20,player,40,college,0,1,"[""Stanford University"", ""Stanford University"", ""Stanford University"", ""Stanford University"", ""Stanford University""]"
Player,managed-llama-3-3-70b-instruct,w20,player,40,draft_pick,0,1,"["""", """", """", """", """"]"
Player,managed-llama-3-3-70b-instruct,w20,player,40,draft_year,0,1,"[""1957"", ""1957"", ""1957"", ""1957"", ""1957""]"
Player,managed-llama-3-3-70b-instruct,w20,player,40,fiba_world_cup,0,1,"["""", """", """", """", """"]"
Player,managed-llama-3-3-70b-instruct,w20,player,40,mvp_awards,0,1,"[""0"", ""0"", ""0"", ""0"", ""0""]"
Player,managed-llama-3-3-70b-instruct,w20,player,40,name,0,1,"[""James Patrick Walsh"", ""James Patrick Walsh"", ""James Patrick Walsh"", ""James Patrick Walsh"", ""James Patrick Walsh""]"
Player,managed-llama-3-3-70b-instruct,w20,player,40,nationality,0,1,"[""USA"", ""USA"", ""USA"", ""USA"", ""USA""]"
Player,managed-llama-3-3-70b-instruct,w20,player,40,nba_championships,0,1,"[""0"", ""0"", ""0"", ""0"", ""0""]"
Player,managed-llama-3-3-70b-instruct,w20,player,40,olympic_gold_medals,0,1,"[""1"", ""1"", ""1"", ""1"", ""1""]"
Player,managed-llama-3-3-70b-instruct,w20,player,40,position,0,1,"[""Frontcourt"", ""Frontcourt"", ""Frontcourt"", ""Frontcourt"", ""Frontcourt""]"
Player,managed-llama-3-3-70b-instruct,w20,player,40,team,0,1,"[""Philadelphia Warriors"", ""Philadelphia Warriors"", ""Philadelphia Warriors"", ""Philadelphia Warriors"", ""Philadelphia Warriors""]"
Player,managed-llama-3-3-70b-instruct,w20,player,41,age,0,1,"[""51"", ""51"", ""51"", ""51"", ""51""]"
Player,managed-llama-3-3-70b-instruct,w20,player,41,birth_date,0,1,"[""1974/1/28"", ""1974/1/28"", ""1974/1/28"", ""1974/1/28"", ""1974/1/28""]"
Player,managed-llama-3-3-70b-instruct,w20,player,41,college,0,1,"[""University of Kentucky"", ""University of Kentucky"", ""University of Kentucky"", ""University of Kentucky"", ""University of Kentucky""]"
Player,managed-llama-3-3-70b-instruct,w20,player,41,draft_pick,0,1,"[""16"", ""16"", ""16"", ""16"", ""16""]"
Player,managed-llama-3-3-70b-instruct,w20,player,41,draft_year,0,1,"[""1996"", ""1996"", ""1996"", ""1996"", ""1996""]"
Player,managed-llama-3-3-70b-instruct,w20,player,41,fiba_world_cup,0,1,"["""", """", """", """", """"]"
Player,managed-llama-3-3-70b-instruct,w20,player,41,mvp_awards,0,1,"[""0"", ""0"", ""0"", ""0"", ""0""]"
Player,managed-llama-3-3-70b-instruct,w20,player,41,name,0,1,"[""Tony Lorenzo Delk"", ""Tony Lorenzo Delk"", ""Tony Lorenzo Delk"", ""Tony Lorenzo Delk"", ""Tony Lorenzo Delk""]"
Player,managed-llama-3-3-70b-instruct,w20,player,41,nationality,0,1,"[""USA"", ""USA"", ""USA"", ""USA"", ""USA""]"
Player,managed-llama-3-3-70b-instruct,w20,player,41,nba_championships,0,1,"[""0"", ""0"", ""0"", ""0"", ""0""]"
Player,managed-llama-3-3-70b-instruct,w20,player,41,olympic_gold_medals,0,1,"["""", """", """", """", """"]"
Player,managed-llama-3-3-70b-instruct,w20,player,41,position,0,1,"[""Backcourt"", ""Backcourt"", ""Backcourt"", ""Backcourt"", ""Backcourt""]"
Player,managed-llama-3-3-70b-instruct,w20,player,41,team,0,1,"[""Charlotte Hornets||Golden State Warriors||Sacramento Kings||Phoenix Suns||Boston Celtics||Dallas Mavericks||Atlanta Hawks||Detroit Pistons"", ""Charlotte Hornets||Golden State Warriors||Sacramento Kings||Phoenix Suns||Boston Celtics||Dallas Mavericks||Atlanta Hawks||Detroit Pistons"", ""Charlotte Hornets||Golden State Warriors||Sacramento Kings||Phoenix Suns||Boston Celtics||Dallas Mavericks||Atlanta Hawks||Detroit Pistons"", ""Charlotte Hornets||Golden State Warriors||Sacramento Kings||Phoenix Suns||Boston Celtics||Dallas Mavericks||Atlanta Hawks||Detroit Pistons"", ""Charlotte Hornets||Golden State Warriors||Sacramento Kings||Phoenix Suns||Boston Celtics||Dallas Mavericks||Atlanta Hawks||Detroit Pistons""]"
Player,managed-llama-3-3-70b-instruct,w20,player,42,age,0,1,"[""81"", ""81"", ""81"", ""81"", ""81""]"
Player,managed-llama-3-3-70b-instruct,w20,player,42,birth_date,0,1,"[""1937/7/13"", ""1937/7/13"", ""1937/7/13"", ""1937/7/13"", ""1937/7/13""]"
Player,managed-llama-3-3-70b-instruct,w20,player,42,college,0,1,"[""NYU"", ""NYU"", ""NYU"", ""NYU"", ""NYU""]"
Player,managed-llama-3-3-70b-instruct,w20,player,42,draft_pick,0,1,"[""13"", ""13"", ""13"", ""13"", ""13""]"
Player,managed-llama-3-3-70b-instruct,w20,player,42,draft_year,0,1,"[""1959"", ""1959"", ""1959"", ""1959"", ""1959""]"
Player,managed-llama-3-3-70b-instruct,w20,player,42,fiba_world_cup,0,1,"["""", """", """", """", """"]"
Player,managed-llama-3-3-70b-instruct,w20,player,42,mvp_awards,0,1,"[""0"", ""0"", ""0"", ""0"", ""0""]"
Player,managed-llama-3-3-70b-instruct,w20,player,42,name,0,1,"[""Calvin Ramsey"", ""Calvin Ramsey"", ""Calvin Ramsey"", ""Calvin Ramsey"", ""Calvin Ramsey""]"
Player,managed-llama-3-3-70b-instruct,w20,player,42,nationality,0,1,"[""USA"", ""USA"", ""USA"", ""USA"", ""USA""]"
Player,managed-llama-3-3-70b-instruct,w20,player,42,nba_championships,0,1,"[""0"", ""0"", ""0"", ""0"", ""0""]"
Player,managed-llama-3-3-70b-instruct,w20,player,42,olympic_gold_medals,0,1,"["""", """", """", """", """"]"
Player,managed-llama-3-3-70b-instruct,w20,player,42,position,0,1,"[""Frontcourt"", ""Frontcourt"", ""Frontcourt"", ""Frontcourt"", ""Frontcourt""]"
Player,managed-llama-3-3-70b-instruct,w20,player,42,team,0,1,"[""St. Louis Hawks||New York Knicks||Syracuse Nationals"", ""St. Louis Hawks||New York Knicks||Syracuse Nationals"", ""St. Louis Hawks||New York Knicks||Syracuse Nationals"", ""St. Louis Hawks||New York Knicks||Syracuse Nationals"", ""St. Louis Hawks||New York Knicks||Syracuse Nationals""]"
Player,managed-llama-3-3-70b-instruct,w20,player,43,age,0,1,"[""35"", ""35"", ""35"", ""35"", ""35""]"
Player,managed-llama-3-3-70b-instruct,w20,player,43,birth_date,0,1,"[""1930/2/17"", ""1930/2/17"", ""1930/2/17"", ""1930/2/17"", ""1930/2/17""]"
Player,managed-llama-3-3-70b-instruct,w20,player,43,college,0,1,"[""None"", ""None"", ""None"", ""None"", ""None""]"
Player,managed-llama-3-3-70b-instruct,w20,player,43,draft_pick,0,1,"["""", """", """", """", """"]"
Player,managed-llama-3-3-70b-instruct,w20,player,43,draft_year,0,1,"[""1953"", ""1953"", ""1953"", ""1953"", ""1953""]"
Player,managed-llama-3-3-70b-instruct,w20,player,43,fiba_world_cup,0,1,"["""", """", """", """", """"]"
Player,managed-llama-3-3-70b-instruct,w20,player,43,mvp_awards,0,1,"[""0"", ""0"", ""0"", ""0"", ""0""]"
Player,managed-llama-3-3-70b-instruct,w20,player,43,name,0,1,"[""Eugene Walter Dyker"", ""Eugene Walter Dyker"", ""Eugene Walter Dyker"", ""Eugene Walter Dyker"", ""Eugene Walter Dyker""]"
Player,managed-llama-3-3-70b-instruct,w20,player,43,nationality,0,1,"[""USA"", ""USA"", ""USA"", ""USA"", ""USA""]"
Player,managed-llama-3-3-70b-instruct,w20,player,43,nba_championships,0,1,"["""", """", """", """", """"]"
Player,managed-llama-3-3-70b-instruct,w20,player,43,olympic_gold_medals,0,1,"["""", """", """", """", """"]"
Player,managed-llama-3-3-70b-instruct,w20,player,43,position,0,1,"[""Frontcourt"", ""Frontcourt"", ""Frontcourt"", ""Frontcourt"", ""Frontcourt""]"
Player,managed-llama-3-3-70b-instruct,w20,player,43,team,0,1,"[""Milwaukee Hawks"", ""Milwaukee Hawks"", ""Milwaukee Hawks"", ""Milwaukee Hawks"", ""Milwaukee Hawks""]"
Player,managed-llama-3-3-70b-instruct,w20,player,44,age,0,1,"[""57"", ""57"", ""57"", ""57"", ""57""]"
Player,managed-llama-3-3-70b-instruct,w20,player,44,birth_date,0,1,"[""1967/7/3 || 1992"", ""1967/7/3 || 1992"", ""1967/7/3 || 1992"", ""1967/7/3 || 1992"", ""1967/7/3 || 1992""]"
Player,managed-llama-3-3-70b-instruct,w20,player,44,college,0,1,"[""University of Missouri"", ""University of Missouri"", ""University of Missouri"", ""University of Missouri"", ""University of Missouri""]"
Player,managed-llama-3-3-70b-instruct,w20,player,44,draft_pick,0,1,"[""16"", ""16"", ""16"", ""16"", ""16""]"
Player,managed-llama-3-3-70b-instruct,w20,player,44,draft_year,0,1,"[""1988"", ""1988"", ""1988"", ""1988"", ""1988""]"
Player,managed-llama-3-3-70b-instruct,w20,player,44,fiba_world_cup,0,1,"["""", """", """", """", """"]"
Player,managed-llama-3-3-70b-instruct,w20,player,44,mvp_awards,0,1,"[""0"", ""0"", ""0"", ""0"", ""0""]"
Player,managed-llama-3-3-70b-instruct,w20,player,44,name,0,1,"[""Derrick Joseph Chievous"", ""Derrick Joseph Chievous"", ""Derrick Joseph Chievous"", ""Derrick Joseph Chievous"", ""Derrick Joseph Chievous""]"
Player,managed-llama-3-3-70b-instruct,w20,player,44,nationality,0,1,"[""USA"", ""USA"", ""USA"", ""USA"", ""USA""]"
Player,managed-llama-3-3-70b-instruct,w20,player,44,nba_championships,0,1,"["""", """", """", """", """"]"
Player,managed-llama-3-3-70b-instruct,w20,player,44,olympic_gold_medals,0,1,"["""", """", """", """", """"]"
Player,managed-llama-3-3-70b-instruct,w20,player,44,position,0,1,"[""Frontcourt"", ""Frontcourt"", ""Frontcourt"", ""Frontcourt"", ""Frontcourt""]"
Player,managed-llama-3-3-70b-instruct,w20,player,44,team,0,1,"[""Houston Rockets||Cleveland Cavaliers"", ""Houston Rockets||Cleveland Cavaliers"", ""Houston Rockets||Cleveland Cavaliers"", ""Houston Rockets||Cleveland Cavaliers"", ""Houston Rockets||Cleveland Cavaliers""]"
Player,managed-llama-3-3-70b-instruct,w20,player,45,age,0,1,"[""58"", ""58"", ""58"", ""58"", ""58""]"
Player,managed-llama-3-3-70b-instruct,w20,player,45,birth_date,0,1,"[""1966/8/23"", ""1966/8/23"", ""1966/8/23"", ""1966/8/23"", ""1966/8/23""]"
Player,managed-llama-3-3-70b-instruct,w20,player,45,college,0,1,"[""Marist College || Valparaiso University || Butler University"", ""Marist College || Valparaiso University || Butler University"", ""Marist College || Valparaiso University || Butler University"", ""Marist College || Valparaiso University || Butler University"", ""Marist College || Valparaiso University || Butler University""]"
Player,managed-llama-3-3-70b-instruct,w20,player,45,draft_pick,0,1,"[""2"", ""2"", ""2"", ""2"", ""2""]"
Player,managed-llama-3-3-70b-instruct,w20,player,45,draft_year,0,1,"[""1988"", ""1988"", ""1988"", ""1988"", ""1988""]"
Player,managed-llama-3-3-70b-instruct,w20,player,45,fiba_world_cup,0,1,"[""0"", ""0"", ""0"", ""0"", ""0""]"
Player,managed-llama-3-3-70b-instruct,w20,player,45,mvp_awards,0,1,"[""0"", ""0"", ""0"", ""0"", ""0""]"
Player,managed-llama-3-3-70b-instruct,w20,player,45,name,0,1,"[""Rik Smits"", ""Rik Smits"", ""Rik Smits"", ""Rik Smits"", ""Rik Smits""]"
Player,managed-llama-3-3-70b-instruct,w20,player,45,nationality,0,1,"[""Dutch"", ""Dutch"", ""Dutch"", ""Dutch"", ""Dutch""]"
Player,managed-llama-3-3-70b-instruct,w20,player,45,nba_championships,0,1,"[""0"", ""0"", ""0"", ""0"", ""0""]"
Player,managed-llama-3-3-70b-instruct,w20,player,45,olympic_gold_medals,0,1,"["""", """", """", """", """"]"
Player,managed-llama-3-3-70b-instruct,w20,player,45,position,0,1,"[""Frontcourt"", ""Frontcourt"", ""Frontcourt"", ""Frontcourt"", ""Frontcourt""]"
Player,managed-llama-3-3-70b-instruct,w20,player,45,team,0,1,"[""Indiana Pacers"", ""Indiana Pacers"", ""Indiana Pacers"", ""Indiana Pacers"", ""Indiana Pacers""]"
Player,managed-llama-3-3-70b-instruct,w20,player,46,age,0,1,"[""23"", ""23"", ""23"", ""23"", ""23""]"
Player,managed-llama-3-3-70b-instruct,w20,player,46,birth_date,0,1,"[""2001/8/5"", ""2001/8/5"", ""2001/8/5"", ""2001/8/5"", ""2001/8/5""]"
Player,managed-llama-3-3-70b-instruct,w20,player,46,college,0,1,"[""University of Georgia"", ""University of Georgia"", ""University of Georgia"", ""University of Georgia"", ""University of Georgia""]"
Player,managed-llama-3-3-70b-instruct,w20,player,46,draft_pick,0,1,"[""1"", ""1"", ""1"", ""1"", ""1""]"
Player,managed-llama-3-3-70b-instruct,w20,player,46,draft_year,0,1,"[""2020"", ""2020"", ""2020"", ""2020"", ""2020""]"
Player,managed-llama-3-3-70b-instruct,w20,player,46,fiba_world_cup,0,1,"[""1"", ""1"", ""1"", ""1"", ""1""]"
Player,managed-llama-3-3-70b-instruct,w20,player,46,mvp_awards,0,1,"[""0"", ""0"", ""0"", ""0"", ""0""]"
Player,managed-llama-3-3-70b-instruct,w20,player,46,name,0,1,"[""Anthony Edwards"", ""Anthony Edwards"", ""Anthony Edwards"", ""Anthony Edwards"", ""Anthony Edwards""]"
Player,managed-llama-3-3-70b-instruct,w20,player,46,nationality,0,1,"[""USA"", ""USA"", ""USA"", ""USA"", ""USA""]"
Player,managed-llama-3-3-70b-instruct,w20,player,46,nba_championships,0,1,"[""0"", ""0"", ""0"", ""0"", ""0""]"
Player,managed-llama-3-3-70b-instruct,w20,player,46,olympic_gold_medals,0,1,"[""1"", ""1"", ""1"", ""1"", ""1""]"
Player,managed-llama-3-3-70b-instruct,w20,player,46,position,0,1,"[""Backcourt"", ""Backcourt"", ""Backcourt"", ""Backcourt"", ""Backcourt""]"
Player,managed-llama-3-3-70b-instruct,w20,player,46,team,0,1,"[""Minnesota Timberwolves"", ""Minnesota Timberwolves"", ""Minnesota Timberwolves"", ""Minnesota Timberwolves"", ""Minnesota Timberwolves""]"
Player,managed-llama-3-3-70b-instruct,w20,player,47,age,0,1,"[""88"", ""88"", ""88"", ""88"", ""88""]"
Player,managed-llama-3-3-70b-instruct,w20,player,47,birth_date,0,1,"[""1927/4/26"", ""1927/4/26"", ""1927/4/26"", ""1927/4/26"", ""1927/4/26""]"
Player,managed-llama-3-3-70b-instruct,w20,player,47,college,0,1,"[""Northeast Missouri State Teachers' College (now Truman State University) || University of Iowa"", ""Northeast Missouri State Teachers' College (now Truman State University) || University of Iowa"", ""Northeast Missouri State Teachers' College (now Truman State University) || University of Iowa"", ""Northeast Missouri State Teachers' College (now Truman State University) || University of Iowa"", ""Northeast Missouri State Teachers' College (now Truman State University) || University of Iowa""]"
Player,managed-llama-3-3-70b-instruct,w20,player,47,draft_pick,0,1,"[""20"", ""20"", ""20"", ""20"", ""20""]"
Player,managed-llama-3-3-70b-instruct,w20,player,47,draft_year,0,1,"[""1947"", ""1947"", ""1947"", ""1947"", ""1947""]"
Player,managed-llama-3-3-70b-instruct,w20,player,47,fiba_world_cup,0,1,"["""", """", """", """", """"]"
Player,managed-llama-3-3-70b-instruct,w20,player,47,mvp_awards,0,1,"[""0"", ""0"", ""0"", ""0"", ""0""]"
Player,managed-llama-3-3-70b-instruct,w20,player,47,name,0,1,"[""Harry Junior Gallatin"", ""Harry Junior Gallatin"", ""Harry Junior Gallatin"", ""Harry Junior Gallatin"", ""Harry Junior Gallatin""]"
Player,managed-llama-3-3-70b-instruct,w20,player,47,nationality,0,1,"[""USA"", ""USA"", ""USA"", ""USA"", ""USA""]"
Player,managed-llama-3-3-70b-instruct,w20,player,47,nba_championships,0,1,"[""0"", ""0"", ""0"", ""0"", ""0""]"
Player,managed-llama-3-3-70b-instruct,w20,player,47,olympic_gold_medals,0,1,"["""", """", """", """", """"]"
Player,managed-llama-3-3-70b-instruct,w20,player,47,position,0,1,"[""Frontcourt"", ""Frontcourt"", ""Frontcourt"", ""Frontcourt"", ""Frontcourt""]"
Player,managed-llama-3-3-70b-instruct,w20,player,47,team,0,1,"[""New York Knicks||Detroit Pistons"", ""New York Knicks||Detroit Pistons"", ""New York Knicks||Detroit Pistons"", ""New York Knicks||Detroit Pistons"", ""New York Knicks||Detroit Pistons""]"
Player,managed-llama-3-3-70b-instruct,w20,player,48,age,0,1,"[""83"", ""83"", ""83"", ""83"", ""83""]"
Player,managed-llama-3-3-70b-instruct,w20,player,48,birth_date,0,1,"[""1931/2/3"", ""1931/2/3"", ""1931/2/3"", ""1931/2/3"", ""1931/2/3""]"
Player,managed-llama-3-3-70b-instruct,w20,player,48,college,0,1,"[""New York University"", ""New York University"", ""New York University"", ""New York University"", ""New York University""]"
Player,managed-llama-3-3-70b-instruct,w20,player,48,draft_pick,0,1,"["""", """", """", """", """"]"
Player,managed-llama-3-3-70b-instruct,w20,player,48,draft_year,0,1,"[""1952"", ""1952"", ""1952"", ""1952"", ""1952""]"
Player,managed-llama-3-3-70b-instruct,w20,player,48,fiba_world_cup,0,1,"["""", """", """", """", """"]"
Player,managed-llama-3-3-70b-instruct,w20,player,48,mvp_awards,0,1,"[""0"", ""0"", ""0"", ""0"", ""0""]"
Player,managed-llama-3-3-70b-instruct,w20,player,48,name,0,1,"[""James J. Brasco"", ""James J. Brasco"", ""James J. Brasco"", ""James J. Brasco"", ""James J. Brasco""]"
Player,managed-llama-3-3-70b-instruct,w20,player,48,nationality,0,1,"[""USA"", ""USA"", ""USA"", ""USA"", ""USA""]"
Player,managed-llama-3-3-70b-instruct,w20,player,48,nba_championships,0,1,"["""", """", """", """", """"]"
Player,managed-llama-3-3-70b-instruct,w20,player,48,olympic_gold_medals,0,1,"["""", """", """", """", """"]"
Player,managed-llama-3-3-70b-instruct,w20,player,48,position,0,1,"["""", """", """", """", """"]"
Player,managed-llama-3-3-70b-instruct,w20,player,48,team,0,1,"[""Syracuse Nationals||Milwaukee Hawks"", ""Syracuse Nationals||Milwaukee Hawks"", ""Syracuse Nationals||Milwaukee Hawks"", ""Syracuse Nationals||Milwaukee Hawks"", ""Syracuse Nationals||Milwaukee Hawks""]"
Player,managed-llama-3-3-70b-instruct,w20,player,49,age,0,1,"[""75"", ""75"", ""75"", ""75"", ""75""]"
Player,managed-llama-3-3-70b-instruct,w20,player,49,birth_date,0,1,"[""1949/8/29"", ""1949/8/29"", ""1949/8/29"", ""1949/8/29"", ""1949/8/29""]"
Player,managed-llama-3-3-70b-instruct,w20,player,49,college,0,1,"[""San Jose State University"", ""San Jose State University"", ""San Jose State University"", ""San Jose State University"", ""San Jose State University""]"
Player,managed-llama-3-3-70b-instruct,w20,player,49,draft_pick,0,1,"[""8"", ""8"", ""8"", ""8"", ""8""]"
Player,managed-llama-3-3-70b-instruct,w20,player,49,draft_year,0,1,"[""1971"", ""1971"", ""1971"", ""1971"", ""1971""]"
Player,managed-llama-3-3-70b-instruct,w20,player,49,fiba_world_cup,0,1,"[""0"", ""0"", ""0"", ""0"", ""0""]"
Player,managed-llama-3-3-70b-instruct,w20,player,49,mvp_awards,0,1,"[""0"", ""0"", ""0"", ""0"", ""0""]"
Player,managed-llama-3-3-70b-instruct,w20,player,49,name,0,1,"[""Darnell Hillman"", ""Darnell Hillman"", ""Darnell Hillman"", ""Darnell Hillman"", ""Darnell Hillman""]"
Player,managed-llama-3-3-70b-instruct,w20,player,49,nationality,0,1,"[""USA"", ""USA"", ""USA"", ""USA"", ""USA""]"
Player,managed-llama-3-3-70b-instruct,w20,player,49,nba_championships,0,1,"[""0"", ""0"", ""0"", ""0"", ""0""]"
Player,managed-llama-3-3-70b-instruct,w20,player,49,olympic_gold_medals,0,1,"["""", """", """", """", """"]"
Player,managed-llama-3-3-70b-instruct,w20,player,49,position,0,1,"[""Frontcourt"", ""Frontcourt"", ""Frontcourt"", ""Frontcourt"", ""Frontcourt""]"
Player,managed-llama-3-3-70b-instruct,w20,player,49,team,0,1,"[""Indiana Pacers||New York Nets||New Jersey Nets||Denver Nuggets||Kansas City Kings||Golden State Warriors"", ""Indiana Pacers||New York Nets||New Jersey Nets||Denver Nuggets||Kansas City Kings||Golden State Warriors"", ""Indiana Pacers||New York Nets||New Jersey Nets||Denver Nuggets||Kansas City Kings||Golden State Warriors"", ""Indiana Pacers||New York Nets||New Jersey Nets||Denver Nuggets||Kansas City Kings||Golden State Warriors"", ""Indiana Pacers||New York Nets||New Jersey Nets||Denver Nuggets||Kansas City Kings||Golden State Warriors""]"
Player,managed-llama-3-3-70b-instruct,w20,player,50,age,0,1,"[""73"", ""73"", ""73"", ""73"", ""73""]"
Player,managed-llama-3-3-70b-instruct,w20,player,50,birth_date,0,1,"[""1951/6/2"", ""1951/6/2"", ""1951/6/2"", ""1951/6/2"", ""1951/6/2""]"
Player,managed-llama-3-3-70b-instruct,w20,player,50,college,0,1,"[""None"", ""None"", ""None"", ""None"", ""None""]"
Player,managed-llama-3-3-70b-instruct,w20,player,50,draft_pick,0,1,"["""", """", """", """", """"]"
Player,managed-llama-3-3-70b-instruct,w20,player,50,draft_year,0,1,"["""", """", """", """", """"]"
Player,managed-llama-3-3-70b-instruct,w20,player,50,fiba_world_cup,0,1,"["""", """", """", """", """"]"
Player,managed-llama-3-3-70b-instruct,w20,player,50,mvp_awards,0,1,"[""0"", ""0"", ""0"", ""0"", ""0""]"
Player,managed-llama-3-3-70b-instruct,w20,player,50,name,0,1,"[""There is no NBA player mentioned in the context. The context is about a hockey player, Larry Clark Robinson."", ""There is no NBA player mentioned in the context. The context is about a hockey player, Larry Clark Robinson."", ""There is no NBA player mentioned in the context. The context is about a hockey player, Larry Clark Robinson."", ""There is no NBA player mentioned in the context. The context is about a hockey player, Larry Clark Robinson."", ""There is no NBA player mentioned in the context. The context is about a hockey player, Larry Clark Robinson.""]"
Player,managed-llama-3-3-70b-instruct,w20,player,50,nationality,0,1,"[""Canadian"", ""Canadian"", ""Canadian"", ""Canadian"", ""Canadian""]"
Player,managed-llama-3-3-70b-instruct,w20,player,50,nba_championships,0,1,"["""", """", """", """", """"]"
Player,managed-llama-3-3-70b-instruct,w20,player,50,olympic_gold_medals,0,1,"["""", """", """", """", """"]"
Player,managed-llama-3-3-70b-instruct,w20,player,50,position,1,3,"[""Neither, as the context refers to ice hockey, not basketball. However, based on the information provided, Larry Robinson played as a defenceman, which can be roughly equivalent to 'Backcourt' in basketball, but since the sport is different, it's more accurate to say that the options provided don't apply directly."", ""Neither, as the context refers to ice hockey, not basketball. However, based on the position mentioned (defenceman), it's closest to 'Backcourt' in terms of defensive role, but since it's a different sport, it's not directly applicable."", ""Neither, as the context refers to ice hockey, not basketball. However, based on the information provided, Larry Robinson played as a defenceman, which can be loosely translated to a position similar to 'Backcourt' in basketball, but since the sport is different, it's more accurate to say that the options provided don't apply directly."", ""Neither, as the context refers to ice hockey, not basketball. However, based on the information provided, Larry Robinson played as a defenceman, which can be loosely translated to a position similar to 'Backcourt' in basketball, but since the sport is different, it's more accurate to say that the options provided don't apply directly."", ""Neither, as the context refers to ice hockey, not basketball. However, based on the information provided, Larry Robinson played as a defenceman, which can be loosely translated to a position similar to 'Backcourt' in basketball, but since the sport is different, it's more accurate to say that the options provided don't apply directly.""]"
Player,managed-llama-3-3-70b-instruct,w20,player,50,team,0,1,"[""None"", ""None"", ""None"", ""None"", ""None""]"
Player,managed-llama-3-3-70b-instruct,w20,player,51,age,0,1,"[""36"", ""36"", ""36"", ""36"", ""36""]"
Player,managed-llama-3-3-70b-instruct,w20,player,51,birth_date,0,1,"[""1989/2/7"", ""1989/2/7"", ""1989/2/7"", ""1989/2/7"", ""1989/2/7""]"
Player,managed-llama-3-3-70b-instruct,w20,player,51,college,0,1,"[""University of Florida"", ""University of Florida"", ""University of Florida"", ""University of Florida"", ""University of Florida""]"
Player,managed-llama-3-3-70b-instruct,w20,player,51,draft_pick,0,1,"[""45"", ""45"", ""45"", ""45"", ""45""]"
Player,managed-llama-3-3-70b-instruct,w20,player,51,draft_year,0,1,"[""2009"", ""2009"", ""2009"", ""2009"", ""2009""]"
Player,managed-llama-3-3-70b-instruct,w20,player,51,fiba_world_cup,0,1,"[""0"", ""0"", ""0"", ""0"", ""0""]"
Player,managed-llama-3-3-70b-instruct,w20,player,51,mvp_awards,0,1,"[""0"", ""0"", ""0"", ""0"", ""0""]"
Player,managed-llama-3-3-70b-instruct,w20,player,51,name,0,1,"[""Nicholas William Calathes"", ""Nicholas William Calathes"", ""Nicholas William Calathes"", ""Nicholas William Calathes"", ""Nicholas William Calathes""]"
Player,managed-llama-3-3-70b-instruct,w20,player,51,nationality,0,1,"[""Greek || USA"", ""Greek || USA"", ""Greek || USA"", ""Greek || USA"", ""Greek || USA""]"
Player,managed-llama-3-3-70b-instruct,w20,player,51,nba_championships,0,1,"[""0"", ""0"", ""0"", ""0"", ""0""]"
Player,managed-llama-3-3-70b-instruct,w20,player,51,olympic_gold_medals,0,1,"["""", """", """", """", """"]"
Player,managed-llama-3-3-70b-instruct,w20,player,51,position,0,1,"[""Backcourt"", ""Backcourt"", ""Backcourt"", ""Backcourt"", ""Backcourt""]"
Player,managed-llama-3-3-70b-instruct,w20,player,51,team,1,2,"[""Memphis Grizzlies"", ""Memphis Grizzlies"", ""Memphis Grizzlies"", ""Memphis Grizzlies||Dallas Mavericks"", ""Memphis Grizzlies""]"
Player,managed-llama-3-3-70b-instruct,w20,player,52,age,0,1,"[""73"", ""73"", ""73"", ""73"", ""73""]"
Player,managed-llama-3-3-70b-instruct,w20,player,52,birth_date,0,1,"[""1952/3/11"", ""1952/3/11"", ""1952/3/11"", ""1952/3/11"", ""1952/3/11""]"
Player,managed-llama-3-3-70b-instruct,w20,player,52,college,0,1,"[""Seattle University"", ""Seattle University"", ""Seattle University"", ""Seattle University"", ""Seattle University""]"
Player,managed-llama-3-3-70b-instruct,w20,player,52,draft_pick,0,1,"[""169"", ""169"", ""169"", ""169"", ""169""]"
Player,managed-llama-3-3-70b-instruct,w20,player,52,draft_year,0,1,"[""1974"", ""1974"", ""1974"", ""1974"", ""1974""]"
Player,managed-llama-3-3-70b-instruct,w20,player,52,fiba_world_cup,0,1,"["""", """", """", """", """"]"
Player,managed-llama-3-3-70b-instruct,w20,player,52,mvp_awards,0,1,"[""0"", ""0"", ""0"", ""0"", ""0""]"
Player,managed-llama-3-3-70b-instruct,w20,player,52,name,0,1,"[""Rod Derline"", ""Rod Derline"", ""Rod Derline"", ""Rod Derline"", ""Rod Derline""]"
Player,managed-llama-3-3-70b-instruct,w20,player,52,nationality,0,1,"[""USA"", ""USA"", ""USA"", ""USA"", ""USA""]"
Player,managed-llama-3-3-70b-instruct,w20,player,52,nba_championships,0,1,"["""", """", """", """", """"]"
Player,managed-llama-3-3-70b-instruct,w20,player,52,olympic_gold_medals,0,1,"["""", """", """", """", """"]"
Player,managed-llama-3-3-70b-instruct,w20,player,52,position,0,1,"[""Backcourt"", ""Backcourt"", ""Backcourt"", ""Backcourt"", ""Backcourt""]"
Player,managed-llama-3-3-70b-instruct,w20,player,52,team,0,1,"[""Seattle SuperSonics"", ""Seattle SuperSonics"", ""Seattle SuperSonics"", ""Seattle SuperSonics"", ""Seattle SuperSonics""]"
Player,managed-llama-3-3-70b-instruct,w20,player,53,age,0,1,"[""52"", ""52"", ""52"", ""52"", ""52""]"
Player,managed-llama-3-3-70b-instruct,w20,player,53,birth_date,0,1,"[""1972/10/4"", ""1972/10/4"", ""1972/10/4"", ""1972/10/4"", ""1972/10/4""]"
Player,managed-llama-3-3-70b-instruct,w20,player,53,college,0,1,"[""Texas Christian University"", ""Texas Christian University"", ""Texas Christian University"", ""Texas Christian University"", ""Texas Christian University""]"
Player,managed-llama-3-3-70b-instruct,w20,player,53,draft_pick,0,1,"[""10"", ""10"", ""10"", ""10"", ""10""]"
Player,managed-llama-3-3-70b-instruct,w20,player,53,draft_year,0,1,"[""1995"", ""1995"", ""1995"", ""1995"", ""1995""]"
Player,managed-llama-3-3-70b-instruct,w20,player,53,fiba_world_cup,0,1,"["""", """", """", """", """"]"
Player,managed-llama-3-3-70b-instruct,w20,player,53,mvp_awards,0,1,"[""0"", ""0"", ""0"", ""0"", ""0""]"
Player,managed-llama-3-3-70b-instruct,w20,player,53,name,0,1,"[""Kurt Vincent Thomas"", ""Kurt Vincent Thomas"", ""Kurt Vincent Thomas"", ""Kurt Vincent Thomas"", ""Kurt Vincent Thomas""]"
Player,managed-llama-3-3-70b-instruct,w20,player,53,nationality,0,1,"[""USA"", ""USA"", ""USA"", ""USA"", ""USA""]"
Player,managed-llama-3-3-70b-instruct,w20,player,53,nba_championships,0,1,"[""0"", ""0"", ""0"", ""0"", ""0""]"
Player,managed-llama-3-3-70b-instruct,w20,player,53,olympic_gold_medals,0,1,"["""", """", """", """", """"]"
Player,managed-llama-3-3-70b-instruct,w20,player,53,position,0,1,"[""Frontcourt"", ""Frontcourt"", ""Frontcourt"", ""Frontcourt"", ""Frontcourt""]"
Player,managed-llama-3-3-70b-instruct,w20,player,53,team,0,1,"[""Miami Heat||Dallas Mavericks||New York Knicks||Phoenix Suns||Seattle SuperSonics||San Antonio Spurs||Milwaukee Bucks||Chicago Bulls||Portland Trail Blazers||New York Knicks"", ""Miami Heat||Dallas Mavericks||New York Knicks||Phoenix Suns||Seattle SuperSonics||San Antonio Spurs||Milwaukee Bucks||Chicago Bulls||Portland Trail Blazers||New York Knicks"", ""Miami Heat||Dallas Mavericks||New York Knicks||Phoenix Suns||Seattle SuperSonics||San Antonio Spurs||Milwaukee Bucks||Chicago Bulls||Portland Trail Blazers||New York Knicks"", ""Miami Heat||Dallas Mavericks||New York Knicks||Phoenix Suns||Seattle SuperSonics||San Antonio Spurs||Milwaukee Bucks||Chicago Bulls||Portland Trail Blazers||New York Knicks"", ""Miami Heat||Dallas Mavericks||New York Knicks||Phoenix Suns||Seattle SuperSonics||San Antonio Spurs||Milwaukee Bucks||Chicago Bulls||Portland Trail Blazers||New York Knicks""]"
Player,managed-llama-3-3-70b-instruct,w20,player,54,age,0,1,"[""35"", ""35"", ""35"", ""35"", ""35""]"
Player,managed-llama-3-3-70b-instruct,w20,player,54,birth_date,0,1,"[""1988/9/29"", ""1988/9/29"", ""1988/9/29"", ""1988/9/29"", ""1988/9/29""]"
Player,managed-llama-3-3-70b-instruct,w20,player,54,college,1,2,"[""University of Texas"", ""University of Texas at Austin"", ""University of Texas at Austin"", ""University of Texas at Austin"", ""University of Texas at Austin""]"
Player,managed-llama-3-3-70b-instruct,w20,player,54,draft_pick,0,1,"[""2"", ""2"", ""2"", ""2"", ""2""]"
Player,managed-llama-3-3-70b-instruct,w20,player,54,draft_year,0,1,"[""2007"", ""2007"", ""2007"", ""2007"", ""2007""]"
Player,managed-llama-3-3-70b-instruct,w20,player,54,fiba_world_cup,0,1,"[""1"", ""1"", ""1"", ""1"", ""1""]"
Player,managed-llama-3-3-70b-instruct,w20,player,54,mvp_awards,0,1,"[""1"", ""1"", ""1"", ""1"", ""1""]"
Player,managed-llama-3-3-70b-instruct,w20,player,54,name,0,1,"[""Kevin Durant"", ""Kevin Durant"", ""Kevin Durant"", ""Kevin Durant"", ""Kevin Durant""]"
Player,managed-llama-3-3-70b-instruct,w20,player,54,nationality,0,1,"[""USA"", ""USA"", ""USA"", ""USA"", ""USA""]"
Player,managed-llama-3-3-70b-instruct,w20,player,54,nba_championships,0,1,"[""2"", ""2"", ""2"", ""2"", ""2""]"
Player,managed-llama-3-3-70b-instruct,w20,player,54,olympic_gold_medals,0,1,"[""4"", ""4"", ""4"", ""4"", ""4""]"
Player,managed-llama-3-3-70b-instruct,w20,player,54,position,0,1,"[""Frontcourt"", ""Frontcourt"", ""Frontcourt"", ""Frontcourt"", ""Frontcourt""]"
Player,managed-llama-3-3-70b-instruct,w20,player,54,team,0,1,"[""Phoenix Suns"", ""Phoenix Suns"", ""Phoenix Suns"", ""Phoenix Suns"", ""Phoenix Suns""]"
Player,managed-llama-3-3-70b-instruct,w20,player,55,age,0,1,"[""53"", ""53"", ""53"", ""53"", ""53""]"
Player,managed-llama-3-3-70b-instruct,w20,player,55,birth_date,0,1,"[""1971/10/2"", ""1971/10/2"", ""1971/10/2"", ""1971/10/2"", ""1971/10/2""]"
Player,managed-llama-3-3-70b-instruct,w20,player,55,college,0,1,"[""Xavier University"", ""Xavier University"", ""Xavier University"", ""Xavier University"", ""Xavier University""]"
Player,managed-llama-3-3-70b-instruct,w20,player,55,draft_pick,0,1,"["""", """", """", """", """"]"
Player,managed-llama-3-3-70b-instruct,w20,player,55,draft_year,0,1,"["""", """", """", """", """"]"
Player,managed-llama-3-3-70b-instruct,w20,player,55,fiba_world_cup,0,1,"["""", """", """", """", """"]"
Player,managed-llama-3-3-70b-instruct,w20,player,55,mvp_awards,0,1,"[""0"", ""0"", ""0"", ""0"", ""0""]"
Player,managed-llama-3-3-70b-instruct,w20,player,55,name,0,1,"[""Aaron Williams"", ""Aaron Williams"", ""Aaron Williams"", ""Aaron Williams"", ""Aaron Williams""]"
Player,managed-llama-3-3-70b-instruct,w20,player,55,nationality,0,1,"[""USA"", ""USA"", ""USA"", ""USA"", ""USA""]"
Player,managed-llama-3-3-70b-instruct,w20,player,55,nba_championships,0,1,"["""", """", """", """", """"]"
Player,managed-llama-3-3-70b-instruct,w20,player,55,olympic_gold_medals,0,1,"["""", """", """", """", """"]"
Player,managed-llama-3-3-70b-instruct,w20,player,55,position,0,1,"[""Frontcourt"", ""Frontcourt"", ""Frontcourt"", ""Frontcourt"", ""Frontcourt""]"
Player,managed-llama-3-3-70b-instruct,w20,player,55,team,0,1,"[""Utah Jazz||Milwaukee Bucks||Denver Nuggets||Vancouver Grizzlies||Seattle SuperSonics||Washington Wizards||New Jersey Nets||Toronto Raptors||New Orleans/Oklahoma City Hornets||Los Angeles Clippers"", ""Utah Jazz||Milwaukee Bucks||Denver Nuggets||Vancouver Grizzlies||Seattle SuperSonics||Washington Wizards||New Jersey Nets||Toronto Raptors||New Orleans/Oklahoma City Hornets||Los Angeles Clippers"", ""Utah Jazz||Milwaukee Bucks||Denver Nuggets||Vancouver Grizzlies||Seattle SuperSonics||Washington Wizards||New Jersey Nets||Toronto Raptors||New Orleans/Oklahoma City Hornets||Los Angeles Clippers"", ""Utah Jazz||Milwaukee Bucks||Denver Nuggets||Vancouver Grizzlies||Seattle SuperSonics||Washington Wizards||New Jersey Nets||Toronto Raptors||New Orleans/Oklahoma City Hornets||Los Angeles Clippers"", ""Utah Jazz||Milwaukee Bucks||Denver Nuggets||Vancouver Grizzlies||Seattle SuperSonics||Washington Wizards||New Jersey Nets||Toronto Raptors||New Orleans/Oklahoma City Hornets||Los Angeles Clippers""]"
Player,managed-llama-3-3-70b-instruct,w20,player,56,age,0,1,"[""40"", ""40"", ""40"", ""40"", ""40""]"
Player,managed-llama-3-3-70b-instruct,w20,player,56,birth_date,0,1,"[""1975/4/2"", ""1975/4/2"", ""1975/4/2"", ""1975/4/2"", ""1975/4/2""]"
Player,managed-llama-3-3-70b-instruct,w20,player,56,college,0,1,"[""Lansing Community College || Central Michigan University"", ""Lansing Community College || Central Michigan University"", ""Lansing Community College || Central Michigan University"", ""Lansing Community College || Central Michigan University"", ""Lansing Community College || Central Michigan University""]"
Player,managed-llama-3-3-70b-instruct,w20,player,56,draft_pick,0,1,"["""", """", """", """", """"]"
Player,managed-llama-3-3-70b-instruct,w20,player,56,draft_year,0,1,"["""", """", """", """", """"]"
Player,managed-llama-3-3-70b-instruct,w20,player,56,fiba_world_cup,0,1,"["""", """", """", """", """"]"
Player,managed-llama-3-3-70b-instruct,w20,player,56,mvp_awards,0,1,"[""0"", ""0"", ""0"", ""0"", ""0""]"
Player,managed-llama-3-3-70b-instruct,w20,player,56,name,0,1,"[""Nathaniel Thomas Huffman"", ""Nathaniel Thomas Huffman"", ""Nathaniel Thomas Huffman"", ""Nathaniel Thomas Huffman"", ""Nathaniel Thomas Huffman""]"
Player,managed-llama-3-3-70b-instruct,w20,player,56,nationality,0,1,"[""USA || Israeli"", ""USA || Israeli"", ""USA || Israeli"", ""USA || Israeli"", ""USA || Israeli""]"
Player,managed-llama-3-3-70b-instruct,w20,player,56,nba_championships,0,1,"["""", """", """", """", """"]"
Player,managed-llama-3-3-70b-instruct,w20,player,56,olympic_gold_medals,0,1,"["""", """", """", """", """"]"
Player,managed-llama-3-3-70b-instruct,w20,player,56,position,0,1,"[""Frontcourt"", ""Frontcourt"", ""Frontcourt"", ""Frontcourt"", ""Frontcourt""]"
Player,managed-llama-3-3-70b-instruct,w20,player,56,team,0,1,"[""Los Angeles Clippers||Toronto Raptors"", ""Los Angeles Clippers||Toronto Raptors"", ""Los Angeles Clippers||Toronto Raptors"", ""Los Angeles Clippers||Toronto Raptors"", ""Los Angeles Clippers||Toronto Raptors""]"
Player,managed-llama-3-3-70b-instruct,w20,player,57,age,0,1,"[""73"", ""73"", ""73"", ""73"", ""73""]"
Player,managed-llama-3-3-70b-instruct,w20,player,57,birth_date,0,1,"[""1950/6/13"", ""1950/6/13"", ""1950/6/13"", ""1950/6/13"", ""1950/6/13""]"
Player,managed-llama-3-3-70b-instruct,w20,player,57,college,0,1,"[""Oregon State University"", ""Oregon State University"", ""Oregon State University"", ""Oregon State University"", ""Oregon State University""]"
Player,managed-llama-3-3-70b-instruct,w20,player,57,draft_pick,0,1,"[""5"", ""5"", ""5"", ""5"", ""5""]"
Player,managed-llama-3-3-70b-instruct,w20,player,57,draft_year,0,1,"[""1972"", ""1972"", ""1972"", ""1972"", ""1972""]"
Player,managed-llama-3-3-70b-instruct,w20,player,57,fiba_world_cup,0,1,"["""", """", """", """", """"]"
Player,managed-llama-3-3-70b-instruct,w20,player,57,mvp_awards,0,1,"[""0"", ""0"", ""0"", ""0"", ""0""]"
Player,managed-llama-3-3-70b-instruct,w20,player,57,name,0,1,"[""Freddie L. Boyd"", ""Freddie L. Boyd"", ""Freddie L. Boyd"", ""Freddie L. Boyd"", ""Freddie L. Boyd""]"
Player,managed-llama-3-3-70b-instruct,w20,player,57,nationality,0,1,"[""USA"", ""USA"", ""USA"", ""USA"", ""USA""]"
Player,managed-llama-3-3-70b-instruct,w20,player,57,nba_championships,0,1,"["""", """", """", """", """"]"
Player,managed-llama-3-3-70b-instruct,w20,player,57,olympic_gold_medals,0,1,"["""", """", """", """", """"]"
Player,managed-llama-3-3-70b-instruct,w20,player,57,position,0,1,"[""Backcourt"", ""Backcourt"", ""Backcourt"", ""Backcourt"", ""Backcourt""]"
Player,managed-llama-3-3-70b-instruct,w20,player,57,team,0,1,"[""Philadelphia 76ers||New Orleans Jazz"", ""Philadelphia 76ers||New Orleans Jazz"", ""Philadelphia 76ers||New Orleans Jazz"", ""Philadelphia 76ers||New Orleans Jazz"", ""Philadelphia 76ers||New Orleans Jazz""]"
Player,managed-llama-3-3-70b-instruct,w20,player,58,age,0,1,"[""61"", ""61"", ""61"", ""61"", ""61""]"
Player,managed-llama-3-3-70b-instruct,w20,player,58,birth_date,0,1,"[""1963/12/14"", ""1963/12/14"", ""1963/12/14"", ""1963/12/14"", ""1963/12/14""]"
Player,managed-llama-3-3-70b-instruct,w20,player,58,college,0,1,"[""Memphis State University || University of Memphis"", ""Memphis State University || University of Memphis"", ""Memphis State University || University of Memphis"", ""Memphis State University || University of Memphis"", ""Memphis State University || University of Memphis""]"
Player,managed-llama-3-3-70b-instruct,w20,player,58,draft_pick,0,1,"[""6"", ""6"", ""6"", ""6"", ""6""]"
Player,managed-llama-3-3-70b-instruct,w20,player,58,draft_year,0,1,"[""1986"", ""1986"", ""1986"", ""1986"", ""1986""]"
Player,managed-llama-3-3-70b-instruct,w20,player,58,fiba_world_cup,0,1,"["""", """", """", """", """"]"
Player,managed-llama-3-3-70b-instruct,w20,player,58,mvp_awards,0,1,"[""0"", ""0"", ""0"", ""0"", ""0""]"
Player,managed-llama-3-3-70b-instruct,w20,player,58,name,0,1,"[""William Bedford"", ""William Bedford"", ""William Bedford"", ""William Bedford"", ""William Bedford""]"
Player,managed-llama-3-3-70b-instruct,w20,player,58,nationality,0,1,"[""USA"", ""USA"", ""USA"", ""USA"", ""USA""]"
Player,managed-llama-3-3-70b-instruct,w20,player,58,nba_championships,0,1,"[""2"", ""2"", ""2"", ""2"", ""2""]"
Player,managed-llama-3-3-70b-instruct,w20,player,58,olympic_gold_medals,0,1,"["""", """", """", """", """"]"
Player,managed-llama-3-3-70b-instruct,w20,player,58,position,0,1,"[""Frontcourt"", ""Frontcourt"", ""Frontcourt"", ""Frontcourt"", ""Frontcourt""]"
Player,managed-llama-3-3-70b-instruct,w20,player,58,team,0,1,"[""Phoenix Suns||Detroit Pistons||San Antonio Spurs"", ""Phoenix Suns||Detroit Pistons||San Antonio Spurs"", ""Phoenix Suns||Detroit Pistons||San Antonio Spurs"", ""Phoenix Suns||Detroit Pistons||San Antonio Spurs"", ""Phoenix Suns||Detroit Pistons||San Antonio Spurs""]"
Player,managed-llama-3-3-70b-instruct,w20,player,59,age,0,1,"[""55"", ""55"", ""55"", ""55"", ""55""]"
Player,managed-llama-3-3-70b-instruct,w20,player,59,birth_date,0,1,"[""1969/3/31"", ""1969/3/31"", ""1969/3/31"", ""1969/3/31"", ""1969/3/31""]"
Player,managed-llama-3-3-70b-instruct,w20,player,59,college,0,1,"[""Michigan State University"", ""Michigan State University"", ""Michigan State University"", ""Michigan State University"", ""Michigan State University""]"
Player,managed-llama-3-3-70b-instruct,w20,player,59,draft_pick,0,1,"[""5"", ""5"", ""5"", ""5"", ""5""]"
Player,managed-llama-3-3-70b-instruct,w20,player,59,draft_year,0,1,"[""1991"", ""1991"", ""1991"", ""1991"", ""1991""]"
Player,managed-llama-3-3-70b-instruct,w20,player,59,fiba_world_cup,0,1,"[""1"", ""1"", ""1"", ""1"", ""1""]"
Player,managed-llama-3-3-70b-instruct,w20,player,59,mvp_awards,0,1,"[""0"", ""0"", ""0"", ""0"", ""0""]"
Player,managed-llama-3-3-70b-instruct,w20,player,59,name,0,1,"[""Steven Delano Smith"", ""Steven Delano Smith"", ""Steven Delano Smith"", ""Steven Delano Smith"", ""Steven Delano Smith""]"
Player,managed-llama-3-3-70b-instruct,w20,player,59,nationality,0,1,"[""USA"", ""USA"", ""USA"", ""USA"", ""USA""]"
Player,managed-llama-3-3-70b-instruct,w20,player,59,nba_championships,0,1,"[""1"", ""1"", ""1"", ""1"", ""1""]"
Player,managed-llama-3-3-70b-instruct,w20,player,59,olympic_gold_medals,0,1,"[""1"", ""1"", ""1"", ""1"", ""1""]"
Player,managed-llama-3-3-70b-instruct,w20,player,59,position,0,1,"[""Backcourt"", ""Backcourt"", ""Backcourt"", ""Backcourt"", ""Backcourt""]"
Player,managed-llama-3-3-70b-instruct,w20,player,59,team,0,1,"[""Miami Heat||Atlanta Hawks||Portland Trail Blazers||San Antonio Spurs||New Orleans Hornets||Charlotte Bobcats||Miami Heat"", ""Miami Heat||Atlanta Hawks||Portland Trail Blazers||San Antonio Spurs||New Orleans Hornets||Charlotte Bobcats||Miami Heat"", ""Miami Heat||Atlanta Hawks||Portland Trail Blazers||San Antonio Spurs||New Orleans Hornets||Charlotte Bobcats||Miami Heat"", ""Miami Heat||Atlanta Hawks||Portland Trail Blazers||San Antonio Spurs||New Orleans Hornets||Charlotte Bobcats||Miami Heat"", ""Miami Heat||Atlanta Hawks||Portland Trail Blazers||San Antonio Spurs||New Orleans Hornets||Charlotte Bobcats||Miami Heat""]"
Player,managed-llama-3-3-70b-instruct,w20,player,60,age,0,1,"[""53"", ""53"", ""53"", ""53"", ""53""]"
Player,managed-llama-3-3-70b-instruct,w20,player,60,birth_date,0,1,"[""1972/2/6"", ""1972/2/6"", ""1972/2/6"", ""1972/2/6"", ""1972/2/6""]"
Player,managed-llama-3-3-70b-instruct,w20,player,60,college,0,1,"[""Michigan State University"", ""Michigan State University"", ""Michigan State University"", ""Michigan State University"", ""Michigan State University""]"
Player,managed-llama-3-3-70b-instruct,w20,player,60,draft_pick,0,1,"[""8"", ""8"", ""8"", ""8"", ""8""]"
Player,managed-llama-3-3-70b-instruct,w20,player,60,draft_year,0,1,"[""1995"", ""1995"", ""1995"", ""1995"", ""1995""]"
Player,managed-llama-3-3-70b-instruct,w20,player,60,fiba_world_cup,0,1,"["""", """", """", """", """"]"
Player,managed-llama-3-3-70b-instruct,w20,player,60,mvp_awards,0,1,"[""0"", ""0"", ""0"", ""0"", ""0""]"
Player,managed-llama-3-3-70b-instruct,w20,player,60,name,0,1,"[""Shawn Christopher Respert"", ""Shawn Christopher Respert"", ""Shawn Christopher Respert"", ""Shawn Christopher Respert"", ""Shawn Christopher Respert""]"
Player,managed-llama-3-3-70b-instruct,w20,player,60,nationality,0,1,"[""USA"", ""USA"", ""USA"", ""USA"", ""USA""]"
Player,managed-llama-3-3-70b-instruct,w20,player,60,nba_championships,0,1,"["""", """", """", """", """"]"
Player,managed-llama-3-3-70b-instruct,w20,player,60,olympic_gold_medals,0,1,"["""", """", """", """", """"]"
Player,managed-llama-3-3-70b-instruct,w20,player,60,position,0,1,"[""Backcourt"", ""Backcourt"", ""Backcourt"", ""Backcourt"", ""Backcourt""]"
Player,managed-llama-3-3-70b-instruct,w20,player,60,team,1,2,"[""Portland Trail Blazers||Milwaukee Bucks||Toronto||Dallas||Phoenix||Los Angeles Lakers"", ""Portland Trail Blazers||Milwaukee Bucks||Toronto||Dallas||Phoenix||Los Angeles Lakers"", ""Portland Trail Blazers||Milwaukee Bucks||Toronto||Dallas||Phoenix||Los Angeles Lakers"", ""Portland Trail Blazers||Milwaukee Bucks||Toronto||Dallas||Phoenix||Los Angeles Lakers"", ""Portland Trail Blazers||Milwaukee Bucks||Toronto Raptors||Dallas Mavericks||Phoenix Suns||Los Angeles Lakers""]"
Player,managed-llama-3-3-70b-instruct,w20,player,61,age,0,1,"[""58"", ""58"", ""58"", ""58"", ""58""]"
Player,managed-llama-3-3-70b-instruct,w20,player,61,birth_date,0,1,"[""1966/7/11"", ""1966/7/11"", ""1966/7/11"", ""1966/7/11"", ""1966/7/11""]"
Player,managed-llama-3-3-70b-instruct,w20,player,61,college,0,1,"[""DePaul University"", ""DePaul University"", ""DePaul University"", ""DePaul University"", ""DePaul University""]"
Player,managed-llama-3-3-70b-instruct,w20,player,61,draft_pick,0,1,"[""19"", ""19"", ""19"", ""19"", ""19""]"
Player,managed-llama-3-3-70b-instruct,w20,player,61,draft_year,0,1,"[""1988"", ""1988"", ""1988"", ""1988"", ""1988""]"
Player,managed-llama-3-3-70b-instruct,w20,player,61,fiba_world_cup,0,1,"["""", """", """", """", """"]"
Player,managed-llama-3-3-70b-instruct,w20,player,61,mvp_awards,0,1,"[""0"", ""0"", ""0"", ""0"", ""0""]"
Player,managed-llama-3-3-70b-instruct,w20,player,61,name,0,1,"[""Rodney Strickland"", ""Rodney Strickland"", ""Rodney Strickland"", ""Rodney Strickland"", ""Rodney Strickland""]"
Player,managed-llama-3-3-70b-instruct,w20,player,61,nationality,0,1,"[""USA"", ""USA"", ""USA"", ""USA"", ""USA""]"
Player,managed-llama-3-3-70b-instruct,w20,player,61,nba_championships,0,1,"[""0"", ""0"", ""0"", ""0"", ""0""]"
Player,managed-llama-3-3-70b-instruct,w20,player,61,olympic_gold_medals,0,1,"["""", """", """", """", """"]"
Player,managed-llama-3-3-70b-instruct,w20,player,61,position,0,1,"[""Backcourt"", ""Backcourt"", ""Backcourt"", ""Backcourt"", ""Backcourt""]"
Player,managed-llama-3-3-70b-instruct,w20,player,61,team,0,1,"[""New York Knicks||San Antonio Spurs||Portland Trail Blazers||Washington Bullets/Wizards||Miami Heat||Minnesota Timberwolves||Orlando Magic||Toronto Raptors||Houston Rockets"", ""New York Knicks||San Antonio Spurs||Portland Trail Blazers||Washington Bullets/Wizards||Miami Heat||Minnesota Timberwolves||Orlando Magic||Toronto Raptors||Houston Rockets"", ""New York Knicks||San Antonio Spurs||Portland Trail Blazers||Washington Bullets/Wizards||Miami Heat||Minnesota Timberwolves||Orlando Magic||Toronto Raptors||Houston Rockets"", ""New York Knicks||San Antonio Spurs||Portland Trail Blazers||Washington Bullets/Wizards||Miami Heat||Minnesota Timberwolves||Orlando Magic||Toronto Raptors||Houston Rockets"", ""New York Knicks||San Antonio Spurs||Portland Trail Blazers||Washington Bullets/Wizards||Miami Heat||Minnesota Timberwolves||Orlando Magic||Toronto Raptors||Houston Rockets""]"
Player,managed-llama-3-3-70b-instruct,w20,player,62,age,0,1,"[""89"", ""89"", ""89"", ""89"", ""89""]"
Player,managed-llama-3-3-70b-instruct,w20,player,62,birth_date,0,1,"[""1929/2/3"", ""1929/2/3"", ""1929/2/3"", ""1929/2/3"", ""1929/2/3""]"
Player,managed-llama-3-3-70b-instruct,w20,player,62,college,0,1,"[""Bradley University"", ""Bradley University"", ""Bradley University"", ""Bradley University"", ""Bradley University""]"
Player,managed-llama-3-3-70b-instruct,w20,player,62,draft_pick,0,1,"[""35"", ""35"", ""35"", ""35"", ""35""]"
Player,managed-llama-3-3-70b-instruct,w20,player,62,draft_year,0,1,"[""1951"", ""1951"", ""1951"", ""1951"", ""1951""]"
Player,managed-llama-3-3-70b-instruct,w20,player,62,fiba_world_cup,0,1,"["""", """", """", """", """"]"
Player,managed-llama-3-3-70b-instruct,w20,player,62,mvp_awards,0,1,"[""0"", ""0"", ""0"", ""0"", ""0""]"
Player,managed-llama-3-3-70b-instruct,w20,player,62,name,0,1,"[""Elmer H. Behnke"", ""Elmer H. Behnke"", ""Elmer H. Behnke"", ""Elmer H. Behnke"", ""Elmer H. Behnke""]"
Player,managed-llama-3-3-70b-instruct,w20,player,62,nationality,0,1,"[""USA"", ""USA"", ""USA"", ""USA"", ""USA""]"
Player,managed-llama-3-3-70b-instruct,w20,player,62,nba_championships,0,1,"["""", """", """", """", """"]"
Player,managed-llama-3-3-70b-instruct,w20,player,62,olympic_gold_medals,0,1,"["""", """", """", """", """"]"
Player,managed-llama-3-3-70b-instruct,w20,player,62,position,0,1,"["""", """", """", """", """"]"
Player,managed-llama-3-3-70b-instruct,w20,player,62,team,0,1,"[""Milwaukee Hawks"", ""Milwaukee Hawks"", ""Milwaukee Hawks"", ""Milwaukee Hawks"", ""Milwaukee Hawks""]"
Player,managed-llama-3-3-70b-instruct,w20,player,63,age,0,1,"[""27"", ""27"", ""27"", ""27"", ""27""]"
Player,managed-llama-3-3-70b-instruct,w20,player,63,birth_date,0,1,"[""1997/7/9"", ""1997/7/9"", ""1997/7/9"", ""1997/7/9"", ""1997/7/9""]"
Player,managed-llama-3-3-70b-instruct,w20,player,63,college,0,1,"[""Penn State University"", ""Penn State University"", ""Penn State University"", ""Penn State University"", ""Penn State University""]"
Player,managed-llama-3-3-70b-instruct,w20,player,63,draft_pick,0,1,"["""", """", """", """", """"]"
Player,managed-llama-3-3-70b-instruct,w20,player,63,draft_year,0,1,"[""2020"", ""2020"", ""2020"", ""2020"", ""2020""]"
Player,managed-llama-3-3-70b-instruct,w20,player,63,fiba_world_cup,0,1,"["""", """", """", """", """"]"
Player,managed-llama-3-3-70b-instruct,w20,player,63,mvp_awards,0,1,"[""0"", ""0"", ""0"", ""0"", ""0""]"
Player,managed-llama-3-3-70b-instruct,w20,player,63,name,0,1,"[""Lamar Brandon Stevens"", ""Lamar Brandon Stevens"", ""Lamar Brandon Stevens"", ""Lamar Brandon Stevens"", ""Lamar Brandon Stevens""]"
Player,managed-llama-3-3-70b-instruct,w20,player,63,nationality,0,1,"[""USA"", ""USA"", ""USA"", ""USA"", ""USA""]"
Player,managed-llama-3-3-70b-instruct,w20,player,63,nba_championships,0,1,"["""", """", """", """", """"]"
Player,managed-llama-3-3-70b-instruct,w20,player,63,olympic_gold_medals,0,1,"["""", """", """", """", """"]"
Player,managed-llama-3-3-70b-instruct,w20,player,63,position,0,1,"[""Frontcourt"", ""Frontcourt"", ""Frontcourt"", ""Frontcourt"", ""Frontcourt""]"
Player,managed-llama-3-3-70b-instruct,w20,player,63,team,0,1,"[""Cleveland Cavaliers||San Antonio Spurs||Boston Celtics||Memphis Grizzlies"", ""Cleveland Cavaliers||San Antonio Spurs||Boston Celtics||Memphis Grizzlies"", ""Cleveland Cavaliers||San Antonio Spurs||Boston Celtics||Memphis Grizzlies"", ""Cleveland Cavaliers||San Antonio Spurs||Boston Celtics||Memphis Grizzlies"", ""Cleveland Cavaliers||San Antonio Spurs||Boston Celtics||Memphis Grizzlies""]"
Player,managed-llama-3-3-70b-instruct,w20,player,64,age,0,1,"[""36"", ""36"", ""36"", ""36"", ""36""]"
Player,managed-llama-3-3-70b-instruct,w20,player,64,birth_date,0,1,"[""1988/7/14"", ""1988/7/14"", ""1988/7/14"", ""1988/7/14"", ""1988/7/14""]"
Player,managed-llama-3-3-70b-instruct,w20,player,64,college,0,1,"[""Siena"", ""Siena"", ""Siena"", ""Siena"", ""Siena""]"
Player,managed-llama-3-3-70b-instruct,w20,player,64,draft_pick,0,1,"["""", """", """", """", """"]"
Player,managed-llama-3-3-70b-instruct,w20,player,64,draft_year,0,1,"[""2010"", ""2010"", ""2010"", ""2010"", ""2010""]"
Player,managed-llama-3-3-70b-instruct,w20,player,64,fiba_world_cup,0,1,"["""", """", """", """", """"]"
Player,managed-llama-3-3-70b-instruct,w20,player,64,mvp_awards,0,1,"[""0"", ""0"", ""0"", ""0"", ""0""]"
Player,managed-llama-3-3-70b-instruct,w20,player,64,name,1,3,"[""Ronald Moore || John Salmons"", ""Ronald Moore"", ""Ronald Moore || John Salmons"", ""Ronald Moore || John Salmons || Jimmie Baker || Chuck Moore"", ""Ronald Moore || John Salmons""]"
Player,managed-llama-3-3-70b-instruct,w20,player,64,nationality,0,1,"[""USA"", ""USA"", ""USA"", ""USA"", ""USA""]"
Player,managed-llama-3-3-70b-instruct,w20,player,64,nba_championships,0,1,"["""", """", """", """", """"]"
Player,managed-llama-3-3-70b-instruct,w20,player,64,olympic_gold_medals,0,1,"["""", """", """", """", """"]"
Player,managed-llama-3-3-70b-instruct,w20,player,64,position,0,1,"[""Backcourt"", ""Backcourt"", ""Backcourt"", ""Backcourt"", ""Backcourt""]"
Player,managed-llama-3-3-70b-instruct,w20,player,64,team,0,1,"[""None"", ""None"", ""None"", ""None"", ""None""]"
Player,managed-llama-3-3-70b-instruct,w20,player,65,age,0,1,"[""41"", ""41"", ""41"", ""41"", ""41""]"
Player,managed-llama-3-3-70b-instruct,w20,player,65,birth_date,0,1,"[""1984/2/21"", ""1984/2/21"", ""1984/2/21"", ""1984/2/21"", ""1984/2/21""]"
Player,managed-llama-3-3-70b-instruct,w20,player,65,college,0,1,"[""Michigan State University"", ""Michigan State University"", ""Michigan State University"", ""Michigan State University"", ""Michigan State University""]"
Player,managed-llama-3-3-70b-instruct,w20,player,65,draft_pick,0,1,"[""46"", ""46"", ""46"", ""46"", ""46""]"
Player,managed-llama-3-3-70b-instruct,w20,player,65,draft_year,0,1,"[""2005"", ""2005"", ""2005"", ""2005"", ""2005""]"
Player,managed-llama-3-3-70b-instruct,w20,player,65,fiba_world_cup,0,1,"["""", """", """", """", """"]"
Player,managed-llama-3-3-70b-instruct,w20,player,65,mvp_awards,0,1,"[""0"", ""0"", ""0"", ""0"", ""0""]"
Player,managed-llama-3-3-70b-instruct,w20,player,65,name,0,1,"[""Erazem Lorbek"", ""Erazem Lorbek"", ""Erazem Lorbek"", ""Erazem Lorbek"", ""Erazem Lorbek""]"
Player,managed-llama-3-3-70b-instruct,w20,player,65,nationality,0,1,"[""Slovenian"", ""Slovenian"", ""Slovenian"", ""Slovenian"", ""Slovenian""]"
Player,managed-llama-3-3-70b-instruct,w20,player,65,nba_championships,0,1,"["""", """", """", """", """"]"
Player,managed-llama-3-3-70b-instruct,w20,player,65,olympic_gold_medals,0,1,"["""", """", """", """", """"]"
Player,managed-llama-3-3-70b-instruct,w20,player,65,position,0,1,"[""Frontcourt"", ""Frontcourt"", ""Frontcourt"", ""Frontcourt"", ""Frontcourt""]"
Player,managed-llama-3-3-70b-instruct,w20,player,65,team,0,1,"[""San Antonio Spurs"", ""San Antonio Spurs"", ""San Antonio Spurs"", ""San Antonio Spurs"", ""San Antonio Spurs""]"
Player,managed-llama-3-3-70b-instruct,w20,player,66,age,0,1,"[""92"", ""92"", ""92"", ""92"", ""92""]"
Player,managed-llama-3-3-70b-instruct,w20,player,66,birth_date,0,1,"[""1919/3/23"", ""1919/3/23"", ""1919/3/23"", ""1919/3/23"", ""1919/3/23""]"
Player,managed-llama-3-3-70b-instruct,w20,player,66,college,0,1,"[""Loyola University"", ""Loyola University"", ""Loyola University"", ""Loyola University"", ""Loyola University""]"
Player,managed-llama-3-3-70b-instruct,w20,player,66,draft_pick,0,1,"["""", """", """", """", """"]"
Player,managed-llama-3-3-70b-instruct,w20,player,66,draft_year,0,1,"["""", """", """", """", """"]"
Player,managed-llama-3-3-70b-instruct,w20,player,66,fiba_world_cup,0,1,"["""", """", """", """", """"]"
Player,managed-llama-3-3-70b-instruct,w20,player,66,mvp_awards,0,1,"[""0"", ""0"", ""0"", ""0"", ""0""]"
Player,managed-llama-3-3-70b-instruct,w20,player,66,name,0,1,"[""Marvin \""Mickey\"" Rottner"", ""Marvin \""Mickey\"" Rottner"", ""Marvin \""Mickey\"" Rottner"", ""Marvin \""Mickey\"" Rottner"", ""Marvin \""Mickey\"" Rottner""]"
Player,managed-llama-3-3-70b-instruct,w20,player,66,nationality,0,1,"[""USA"", ""USA"", ""USA"", ""USA"", ""USA""]"
Player,managed-llama-3-3-70b-instruct,w20,player,66,nba_championships,0,1,"["""", """", """", """", """"]"
Player,managed-llama-3-3-70b-instruct,w20,player,66,olympic_gold_medals,0,1,"["""", """", """", """", """"]"
Player,managed-llama-3-3-70b-instruct,w20,player,66,position,0,1,"[""Backcourt"", ""Backcourt"", ""Backcourt"", ""Backcourt"", ""Backcourt""]"
Player,managed-llama-3-3-70b-instruct,w20,player,66,team,0,1,"[""Sheboygan Red Skins||Chicago Stags"", ""Sheboygan Red Skins||Chicago Stags"", ""Sheboygan Red Skins||Chicago Stags"", ""Sheboygan Red Skins||Chicago Stags"", ""Sheboygan Red Skins||Chicago Stags""]"
Player,managed-llama-3-3-70b-instruct,w20,player,67,age,0,1,"[""26"", ""26"", ""26"", ""26"", ""26""]"
Player,managed-llama-3-3-70b-instruct,w20,player,67,birth_date,0,1,"[""1998/7/31"", ""1998/7/31"", ""1998/7/31"", ""1998/7/31"", ""1998/7/31""]"
Player,managed-llama-3-3-70b-instruct,w20,player,67,college,0,1,"[""University of Kentucky"", ""University of Kentucky"", ""University of Kentucky"", ""University of Kentucky"", ""University of Kentucky""]"
Player,managed-llama-3-3-70b-instruct,w20,player,67,draft_pick,0,1,"[""45"", ""45"", ""45"", ""45"", ""45""]"
Player,managed-llama-3-3-70b-instruct,w20,player,67,draft_year,0,1,"[""2018"", ""2018"", ""2018"", ""2018"", ""2018""]"
Player,managed-llama-3-3-70b-instruct,w20,player,67,fiba_world_cup,0,1,"[""0"", ""0"", ""0"", ""0"", ""0""]"
Player,managed-llama-3-3-70b-instruct,w20,player,67,mvp_awards,0,1,"[""0"", ""0"", ""0"", ""0"", ""0""]"
Player,managed-llama-3-3-70b-instruct,w20,player,67,name,0,1,"[""Hamidou Diallo"", ""Hamidou Diallo"", ""Hamidou Diallo"", ""Hamidou Diallo"", ""Hamidou Diallo""]"
Player,managed-llama-3-3-70b-instruct,w20,player,67,nationality,0,1,"[""USA || Guinea"", ""USA || Guinea"", ""USA || Guinea"", ""USA || Guinea"", ""USA || Guinea""]"
Player,managed-llama-3-3-70b-instruct,w20,player,67,nba_championships,0,1,"[""0"", ""0"", ""0"", ""0"", ""0""]"
Player,managed-llama-3-3-70b-instruct,w20,player,67,olympic_gold_medals,0,1,"["""", """", """", """", """"]"
Player,managed-llama-3-3-70b-instruct,w20,player,67,position,0,1,"[""Backcourt"", ""Backcourt"", ""Backcourt"", ""Backcourt"", ""Backcourt""]"
Player,managed-llama-3-3-70b-instruct,w20,player,67,team,0,1,"[""Oklahoma City Thunder||Detroit Pistons||Washington Wizards"", ""Oklahoma City Thunder||Detroit Pistons||Washington Wizards"", ""Oklahoma City Thunder||Detroit Pistons||Washington Wizards"", ""Oklahoma City Thunder||Detroit Pistons||Washington Wizards"", ""Oklahoma City Thunder||Detroit Pistons||Washington Wizards""]"
Player,managed-llama-3-3-70b-instruct,w20,player,68,age,0,1,"[""38"", ""38"", ""38"", ""38"", ""38""]"
Player,managed-llama-3-3-70b-instruct,w20,player,68,birth_date,0,1,"[""1986/8/31"", ""1986/8/31"", ""1986/8/31"", ""1986/8/31"", ""1986/8/31""]"
Player,managed-llama-3-3-70b-instruct,w20,player,68,college,0,1,"[""Indiana University"", ""Indiana University"", ""Indiana University"", ""Indiana University"", ""Indiana University""]"
Player,managed-llama-3-3-70b-instruct,w20,player,68,draft_pick,0,1,"[""29"", ""29"", ""29"", ""29"", ""29""]"
Player,managed-llama-3-3-70b-instruct,w20,player,68,draft_year,0,1,"[""2008"", ""2008"", ""2008"", ""2008"", ""2008""]"
Player,managed-llama-3-3-70b-instruct,w20,player,68,fiba_world_cup,0,1,"["""", """", """", """", """"]"
Player,managed-llama-3-3-70b-instruct,w20,player,68,mvp_awards,0,1,"[""0"", ""0"", ""0"", ""0"", ""0""]"
Player,managed-llama-3-3-70b-instruct,w20,player,68,name,0,1,"[""Dewayne \""D. J.\"" White, Jr."", ""Dewayne \""D. J.\"" White, Jr."", ""Dewayne \""D. J.\"" White, Jr."", ""Dewayne \""D. J.\"" White, Jr."", ""Dewayne \""D. J.\"" White, Jr.""]"
Player,managed-llama-3-3-70b-instruct,w20,player,68,nationality,0,1,"[""USA"", ""USA"", ""USA"", ""USA"", ""USA""]"
Player,managed-llama-3-3-70b-instruct,w20,player,68,nba_championships,0,1,"[""0"", ""0"", ""0"", ""0"", ""0""]"
Player,managed-llama-3-3-70b-instruct,w20,player,68,olympic_gold_medals,0,1,"["""", """", """", """", """"]"
Player,managed-llama-3-3-70b-instruct,w20,player,68,position,0,1,"[""Frontcourt"", ""Frontcourt"", ""Frontcourt"", ""Frontcourt"", ""Frontcourt""]"
Player,managed-llama-3-3-70b-instruct,w20,player,68,team,1,2,"[""Oklahoma City Thunder||Charlotte Bobcats||Boston Celtics||Brooklyn Nets||Chicago Bulls"", ""Oklahoma City Thunder||Charlotte Bobcats||Boston Celtics||Brooklyn Nets||Chicago Bulls"", ""Oklahoma City Thunder||Charlotte Bobcats||Boston Celtics||Brooklyn Nets||Chicago Bulls||Cleveland Cavaliers"", ""Oklahoma City Thunder||Charlotte Bobcats||Boston Celtics||Brooklyn Nets||Chicago Bulls||Cleveland Cavaliers"", ""Oklahoma City Thunder||Charlotte Bobcats||Boston Celtics||Brooklyn Nets||Chicago Bulls""]"
Player,managed-llama-3-3-70b-instruct,w20,player,69,age,0,1,"[""59"", ""59"", ""59"", ""59"", ""59""]"
Player,managed-llama-3-3-70b-instruct,w20,player,69,birth_date,0,1,"[""1965/9/27"", ""1965/9/27"", ""1965/9/27"", ""1965/9/27"", ""1965/9/27""]"
Player,managed-llama-3-3-70b-instruct,w20,player,69,college,0,1,"[""University of Arizona"", ""University of Arizona"", ""University of Arizona"", ""University of Arizona"", ""University of Arizona""]"
Player,managed-llama-3-3-70b-instruct,w20,player,69,draft_pick,0,1,"[""50"", ""50"", ""50"", ""50"", ""50""]"
Player,managed-llama-3-3-70b-instruct,w20,player,69,draft_year,0,1,"[""1988"", ""1988"", ""1988"", ""1988"", ""1988""]"
Player,managed-llama-3-3-70b-instruct,w20,player,69,fiba_world_cup,0,1,"[""1"", ""1"", ""1"", ""1"", ""1""]"
Player,managed-llama-3-3-70b-instruct,w20,player,69,mvp_awards,0,1,"[""1"", ""1"", ""1"", ""1"", ""1""]"
Player,managed-llama-3-3-70b-instruct,w20,player,69,name,0,1,"[""Stephen Douglas Kerr"", ""Stephen Douglas Kerr"", ""Stephen Douglas Kerr"", ""Stephen Douglas Kerr"", ""Stephen Douglas Kerr""]"
Player,managed-llama-3-3-70b-instruct,w20,player,69,nationality,1,2,"[""USA"", ""USA || Lebanese (by birth)"", ""USA || Lebanese (by birth)"", ""USA || Lebanese (by birth)"", ""USA""]"
Player,managed-llama-3-3-70b-instruct,w20,player,69,nba_championships,0,1,"[""5"", ""5"", ""5"", ""5"", ""5""]"
Player,managed-llama-3-3-70b-instruct,w20,player,69,olympic_gold_medals,0,1,"[""5"", ""5"", ""5"", ""5"", ""5""]"
Player,managed-llama-3-3-70b-instruct,w20,player,69,position,0,1,"[""Backcourt"", ""Backcourt"", ""Backcourt"", ""Backcourt"", ""Backcourt""]"
Player,managed-llama-3-3-70b-instruct,w20,player,69,team,0,1,"[""Phoenix Suns||Cleveland Cavaliers||Orlando Magic||Chicago Bulls||San Antonio Spurs||Portland Trail Blazers||Golden State Warriors"", ""Phoenix Suns||Cleveland Cavaliers||Orlando Magic||Chicago Bulls||San Antonio Spurs||Portland Trail Blazers||Golden State Warriors"", ""Phoenix Suns||Cleveland Cavaliers||Orlando Magic||Chicago Bulls||San Antonio Spurs||Portland Trail Blazers||Golden State Warriors"", ""Phoenix Suns||Cleveland Cavaliers||Orlando Magic||Chicago Bulls||San Antonio Spurs||Portland Trail Blazers||Golden State Warriors"", ""Phoenix Suns||Cleveland Cavaliers||Orlando Magic||Chicago Bulls||San Antonio Spurs||Portland Trail Blazers||Golden State Warriors""]"
Player,managed-llama-3-3-70b-instruct,w20,player,70,age,0,1,"[""56"", ""56"", ""56"", ""56"", ""56""]"
Player,managed-llama-3-3-70b-instruct,w20,player,70,birth_date,0,1,"[""1968/10/3"", ""1968/10/3"", ""1968/10/3"", ""1968/10/3"", ""1968/10/3""]"
Player,managed-llama-3-3-70b-instruct,w20,player,70,college,0,1,"[""UCLA || UTEP"", ""UCLA || UTEP"", ""UCLA || UTEP"", ""UCLA || UTEP"", ""UCLA || UTEP""]"
Player,managed-llama-3-3-70b-instruct,w20,player,70,draft_pick,0,1,"[""35"", ""35"", ""35"", ""35"", ""35""]"
Player,managed-llama-3-3-70b-instruct,w20,player,70,draft_year,0,1,"[""1990"", ""1990"", ""1990"", ""1990"", ""1990""]"
Player,managed-llama-3-3-70b-instruct,w20,player,70,fiba_world_cup,0,1,"["""", """", """", """", """"]"
Player,managed-llama-3-3-70b-instruct,w20,player,70,mvp_awards,0,1,"[""0"", ""0"", ""0"", ""0"", ""0""]"
Player,managed-llama-3-3-70b-instruct,w20,player,70,name,0,1,"[""Gregory Clinton Foster || Gary Payton || Tim Hardaway || Antonio Davis || Sam Bowie || Goga Bitadze"", ""Gregory Clinton Foster || Gary Payton || Tim Hardaway || Antonio Davis || Sam Bowie || Goga Bitadze"", ""Gregory Clinton Foster || Gary Payton || Tim Hardaway || Antonio Davis || Sam Bowie || Goga Bitadze"", ""Gregory Clinton Foster || Gary Payton || Tim Hardaway || Antonio Davis || Sam Bowie || Goga Bitadze"", ""Gregory Clinton Foster || Gary Payton || Tim Hardaway || Antonio Davis || Sam Bowie || Goga Bitadze""]"
Player,managed-llama-3-3-70b-instruct,w20,player,70,nationality,0,1,"[""USA"", ""USA"", ""USA"", ""USA"", ""USA""]"
Player,managed-llama-3-3-70b-instruct,w20,player,70,nba_championships,0,1,"[""1"", ""1"", ""1"", ""1"", ""1""]"
Player,managed-llama-3-3-70b-instruct,w20,player,70,olympic_gold_medals,0,1,"["""", """", """", """", """"]"
Player,managed-llama-3-3-70b-instruct,w20,player,70,position,0,1,"[""Frontcourt"", ""Frontcourt"", ""Frontcourt"", ""Frontcourt"", ""Frontcourt""]"
Player,managed-llama-3-3-70b-instruct,w20,player,70,team,1,2,"[""Washington Bullets||Atlanta Hawks||Milwaukee Bucks||Chicago Bulls||Minnesota Timberwolves||Utah Jazz||Seattle SuperSonics||Los Angeles Lakers||Toronto Raptors||Philadelphia 76ers||Indiana Pacers"", ""Washington Bullets||Atlanta Hawks||Milwaukee Bucks||Chicago Bulls||Minnesota Timberwolves||Utah Jazz||Seattle SuperSonics||Los Angeles Lakers||Toronto Raptors||Philadelphia 76ers||Indiana Pacers"", ""Washington Bullets||Atlanta Hawks||Milwaukee Bucks||Chicago Bulls||Minnesota Timberwolves||Utah Jazz||Seattle SuperSonics||Los Angeles Lakers||Toronto Raptors||Philadelphia 76ers||Indiana Pacers"", ""Washington Bullets||Atlanta Hawks||Milwaukee Bucks||Chicago Bulls||Minnesota Timberwolves||Utah Jazz||Seattle SuperSonics||Los Angeles Lakers||Toronto Raptors||Philadelphia 76ers||Indiana Pacers"", ""Washington Bullets||Atlanta Hawks||Milwaukee Bucks||Chicago Bulls||Minnesota Timberwolves||Utah Jazz||Seattle SuperSonics||Los Angeles Lakers||Toronto Raptors||Philadelphia 76ers||Indiana Pacers||Atlanta Hawks""]"
Player,managed-llama-3-3-70b-instruct,w20,player,71,age,0,1,"[""80"", ""80"", ""80"", ""80"", ""80""]"
Player,managed-llama-3-3-70b-instruct,w20,player,71,birth_date,0,1,"[""1944/8/8"", ""1944/8/8"", ""1944/8/8"", ""1944/8/8"", ""1944/8/8""]"
Player,managed-llama-3-3-70b-instruct,w20,player,71,college,0,1,"[""University of Southern California"", ""University of Southern California"", ""University of Southern California"", ""University of Southern California"", ""University of Southern California""]"
Player,managed-llama-3-3-70b-instruct,w20,player,71,draft_pick,0,1,"["""", """", """", """", """"]"
Player,managed-llama-3-3-70b-instruct,w20,player,71,draft_year,0,1,"[""1968"", ""1968"", ""1968"", ""1968"", ""1968""]"
Player,managed-llama-3-3-70b-instruct,w20,player,71,fiba_world_cup,0,1,"["""", """", """", """", """"]"
Player,managed-llama-3-3-70b-instruct,w20,player,71,mvp_awards,0,1,"[""0"", ""0"", ""0"", ""0"", ""0""]"
Player,managed-llama-3-3-70b-instruct,w20,player,71,name,0,1,"[""William Severlyn Hewitt"", ""William Severlyn Hewitt"", ""William Severlyn Hewitt"", ""William Severlyn Hewitt"", ""William Severlyn Hewitt""]"
Player,managed-llama-3-3-70b-instruct,w20,player,71,nationality,0,1,"[""USA"", ""USA"", ""USA"", ""USA"", ""USA""]"
Player,managed-llama-3-3-70b-instruct,w20,player,71,nba_championships,0,1,"["""", """", """", """", """"]"
Player,managed-llama-3-3-70b-instruct,w20,player,71,olympic_gold_medals,0,1,"["""", """", """", """", """"]"
Player,managed-llama-3-3-70b-instruct,w20,player,71,position,0,1,"[""Frontcourt"", ""Frontcourt"", ""Frontcourt"", ""Frontcourt"", ""Frontcourt""]"
Player,managed-llama-3-3-70b-instruct,w20,player,71,team,0,1,"[""Los Angeles Lakers||Detroit Pistons||Buffalo Braves||Chicago Bulls"", ""Los Angeles Lakers||Detroit Pistons||Buffalo Braves||Chicago Bulls"", ""Los Angeles Lakers||Detroit Pistons||Buffalo Braves||Chicago Bulls"", ""Los Angeles Lakers||Detroit Pistons||Buffalo Braves||Chicago Bulls"", ""Los Angeles Lakers||Detroit Pistons||Buffalo Braves||Chicago Bulls""]"
Player,managed-llama-3-3-70b-instruct,w20,player,72,age,0,1,"[""43"", ""43"", ""43"", ""43"", ""43""]"
Player,managed-llama-3-3-70b-instruct,w20,player,72,birth_date,0,1,"[""1981/3/23"", ""1981/3/23"", ""1981/3/23"", ""1981/3/23"", ""1981/3/23""]"
Player,managed-llama-3-3-70b-instruct,w20,player,72,college,0,1,"[""University of North Carolina at Chapel Hill || Brown University"", ""University of North Carolina at Chapel Hill || Brown University"", ""University of North Carolina at Chapel Hill || Brown University"", ""University of North Carolina at Chapel Hill || Brown University"", ""University of North Carolina at Chapel Hill || Brown University""]"
Player,managed-llama-3-3-70b-instruct,w20,player,72,draft_pick,0,1,"[""21"", ""21"", ""21"", ""21"", ""21""]"
Player,managed-llama-3-3-70b-instruct,w20,player,72,draft_year,0,1,"[""2001"", ""2001"", ""2001"", ""2001"", ""2001""]"
Player,managed-llama-3-3-70b-instruct,w20,player,72,fiba_world_cup,0,1,"["""", """", """", """", """"]"
Player,managed-llama-3-3-70b-instruct,w20,player,72,mvp_awards,0,1,"[""0"", ""0"", ""0"", ""0"", ""0""]"
Player,managed-llama-3-3-70b-instruct,w20,player,72,name,0,1,"[""Joseph Xavier Forte"", ""Joseph Xavier Forte"", ""Joseph Xavier Forte"", ""Joseph Xavier Forte"", ""Joseph Xavier Forte""]"
Player,managed-llama-3-3-70b-instruct,w20,player,72,nationality,0,1,"[""USA"", ""USA"", ""USA"", ""USA"", ""USA""]"
Player,managed-llama-3-3-70b-instruct,w20,player,72,nba_championships,0,1,"[""0"", ""0"", ""0"", ""0"", ""0""]"
Player,managed-llama-3-3-70b-instruct,w20,player,72,olympic_gold_medals,0,1,"["""", """", """", """", """"]"
Player,managed-llama-3-3-70b-instruct,w20,player,72,position,0,1,"[""Backcourt"", ""Backcourt"", ""Backcourt"", ""Backcourt"", ""Backcourt""]"
Player,managed-llama-3-3-70b-instruct,w20,player,72,team,0,1,"[""Boston Celtics||Seattle SuperSonics"", ""Boston Celtics||Seattle SuperSonics"", ""Boston Celtics||Seattle SuperSonics"", ""Boston Celtics||Seattle SuperSonics"", ""Boston Celtics||Seattle SuperSonics""]"
Player,managed-llama-3-3-70b-instruct,w20,player,73,age,0,1,"[""58"", ""58"", ""58"", ""58"", ""58""]"
Player,managed-llama-3-3-70b-instruct,w20,player,73,birth_date,0,1,"[""1967/4/24"", ""1967/4/24"", ""1967/4/24"", ""1967/4/24"", ""1967/4/24""]"
Player,managed-llama-3-3-70b-instruct,w20,player,73,college,0,1,"[""None"", ""None"", ""None"", ""None"", ""None""]"
Player,managed-llama-3-3-70b-instruct,w20,player,73,draft_pick,0,1,"[""40"", ""40"", ""40"", ""40"", ""40""]"
Player,managed-llama-3-3-70b-instruct,w20,player,73,draft_year,0,1,"[""1989"", ""1989"", ""1989"", ""1989"", ""1989""]"
Player,managed-llama-3-3-70b-instruct,w20,player,73,fiba_world_cup,0,1,"[""1"", ""1"", ""1"", ""1"", ""1""]"
Player,managed-llama-3-3-70b-instruct,w20,player,73,mvp_awards,0,1,"[""0"", ""0"", ""0"", ""0"", ""0""]"
Player,managed-llama-3-3-70b-instruct,w20,player,73,name,0,1,"[""Dino Ra\u0111a"", ""Dino Ra\u0111a"", ""Dino Ra\u0111a"", ""Dino Ra\u0111a"", ""Dino Ra\u0111a""]"
Player,managed-llama-3-3-70b-instruct,w20,player,73,nationality,0,1,"[""Croatian || Yugoslavian"", ""Croatian || Yugoslavian"", ""Croatian || Yugoslavian"", ""Croatian || Yugoslavian"", ""Croatian || Yugoslavian""]"
Player,managed-llama-3-3-70b-instruct,w20,player,73,nba_championships,0,1,"[""0"", ""0"", ""0"", ""0"", ""0""]"
Player,managed-llama-3-3-70b-instruct,w20,player,73,olympic_gold_medals,0,1,"[""0"", ""0"", ""0"", ""0"", ""0""]"
Player,managed-llama-3-3-70b-instruct,w20,player,73,position,0,1,"[""Frontcourt"", ""Frontcourt"", ""Frontcourt"", ""Frontcourt"", ""Frontcourt""]"
Player,managed-llama-3-3-70b-instruct,w20,player,73,team,0,1,"[""Boston Celtics"", ""Boston Celtics"", ""Boston Celtics"", ""Boston Celtics"", ""Boston Celtics""]"
Player,managed-llama-3-3-70b-instruct,w20,player,74,age,0,1,"[""65"", ""65"", ""65"", ""65"", ""65""]"
Player,managed-llama-3-3-70b-instruct,w20,player,74,birth_date,0,1,"[""1959/7/5"", ""1959/7/5"", ""1959/7/5"", ""1959/7/5"", ""1959/7/5""]"
Player,managed-llama-3-3-70b-instruct,w20,player,74,college,0,1,"[""Oregon State University || Northern Arizona University"", ""Oregon State University || Northern Arizona University"", ""Oregon State University || Northern Arizona University"", ""Oregon State University || Northern Arizona University"", ""Oregon State University || Northern Arizona University""]"
Player,managed-llama-3-3-70b-instruct,w20,player,74,draft_pick,0,1,"[""53"", ""53"", ""53"", ""53"", ""53""]"
Player,managed-llama-3-3-70b-instruct,w20,player,74,draft_year,0,1,"[""1981"", ""1981"", ""1981"", ""1981"", ""1981""]"
Player,managed-llama-3-3-70b-instruct,w20,player,74,fiba_world_cup,0,1,"["""", """", """", """", """"]"
Player,managed-llama-3-3-70b-instruct,w20,player,74,mvp_awards,0,1,"[""0"", ""0"", ""0"", ""0"", ""0""]"
Player,managed-llama-3-3-70b-instruct,w20,player,74,name,0,1,"[""Mark Jeffrey Radford"", ""Mark Jeffrey Radford"", ""Mark Jeffrey Radford"", ""Mark Jeffrey Radford"", ""Mark Jeffrey Radford""]"
Player,managed-llama-3-3-70b-instruct,w20,player,74,nationality,0,1,"[""USA"", ""USA"", ""USA"", ""USA"", ""USA""]"
Player,managed-llama-3-3-70b-instruct,w20,player,74,nba_championships,0,1,"["""", """", """", """", """"]"
Player,managed-llama-3-3-70b-instruct,w20,player,74,olympic_gold_medals,0,1,"["""", """", """", """", """"]"
Player,managed-llama-3-3-70b-instruct,w20,player,74,position,0,1,"[""Backcourt"", ""Backcourt"", ""Backcourt"", ""Backcourt"", ""Backcourt""]"
Player,managed-llama-3-3-70b-instruct,w20,player,74,team,0,1,"[""Seattle SuperSonics"", ""Seattle SuperSonics"", ""Seattle SuperSonics"", ""Seattle SuperSonics"", ""Seattle SuperSonics""]"
Player,managed-llama-3-3-70b-instruct,w20,player,75,age,0,1,"[""34"", ""34"", ""34"", ""34"", ""34""]"
Player,managed-llama-3-3-70b-instruct,w20,player,75,birth_date,0,1,"[""1990/7/31"", ""1990/7/31"", ""1990/7/31"", ""1990/7/31"", ""1990/7/31""]"
Player,managed-llama-3-3-70b-instruct,w20,player,75,college,0,1,"[""None"", ""None"", ""None"", ""None"", ""None""]"
Player,managed-llama-3-3-70b-instruct,w20,player,75,draft_pick,0,1,"[""48"", ""48"", ""48"", ""48"", ""48""]"
Player,managed-llama-3-3-70b-instruct,w20,player,75,draft_year,0,1,"[""2012"", ""2012"", ""2012"", ""2012"", ""2012""]"
Player,managed-llama-3-3-70b-instruct,w20,player,75,fiba_world_cup,0,1,"[""0"", ""0"", ""0"", ""0"", ""0""]"
Player,managed-llama-3-3-70b-instruct,w20,player,75,mvp_awards,0,1,"[""0"", ""0"", ""0"", ""0"", ""0""]"
Player,managed-llama-3-3-70b-instruct,w20,player,75,name,0,1,"[""Konstantinos \""Kostas\"" Papanikolaou"", ""Konstantinos \""Kostas\"" Papanikolaou"", ""Konstantinos \""Kostas\"" Papanikolaou"", ""Konstantinos \""Kostas\"" Papanikolaou"", ""Konstantinos \""Kostas\"" Papanikolaou""]"
Player,managed-llama-3-3-70b-instruct,w20,player,75,nationality,0,1,"[""Greek"", ""Greek"", ""Greek"", ""Greek"", ""Greek""]"
Player,managed-llama-3-3-70b-instruct,w20,player,75,nba_championships,0,1,"[""0"", ""0"", ""0"", ""0"", ""0""]"
Player,managed-llama-3-3-70b-instruct,w20,player,75,olympic_gold_medals,0,1,"["""", """", """", """", """"]"
Player,managed-llama-3-3-70b-instruct,w20,player,75,position,1,2,"[""Frontcourt || Backcourt"", ""Frontcourt || Backcourt"", ""Frontcourt || Backcourt"", ""Frontcourt"", ""Frontcourt || Backcourt""]"
Player,managed-llama-3-3-70b-instruct,w20,player,75,team,0,1,"[""Denver Nuggets||Houston Rockets"", ""Denver Nuggets||Houston Rockets"", ""Denver Nuggets||Houston Rockets"", ""Denver Nuggets||Houston Rockets"", ""Denver Nuggets||Houston Rockets""]"
Player,managed-llama-3-3-70b-instruct,w20,player,76,age,0,1,"[""65"", ""65"", ""65"", ""65"", ""65""]"
Player,managed-llama-3-3-70b-instruct,w20,player,76,birth_date,0,1,"[""1959/7/3"", ""1959/7/3"", ""1959/7/3"", ""1959/7/3"", ""1959/7/3""]"
Player,managed-llama-3-3-70b-instruct,w20,player,76,college,0,1,"["""", """", """", """", """"]"
Player,managed-llama-3-3-70b-instruct,w20,player,76,draft_pick,0,1,"["""", """", """", """", """"]"
Player,managed-llama-3-3-70b-instruct,w20,player,76,draft_year,0,1,"[""1981"", ""1981"", ""1981"", ""1981"", ""1981""]"
Player,managed-llama-3-3-70b-instruct,w20,player,76,fiba_world_cup,0,1,"["""", """", """", """", """"]"
Player,managed-llama-3-3-70b-instruct,w20,player,76,mvp_awards,0,1,"[""0"", ""0"", ""0"", ""0"", ""0""]"
Player,managed-llama-3-3-70b-instruct,w20,player,76,name,0,1,"[""Garrett David Witts"", ""Garrett David Witts"", ""Garrett David Witts"", ""Garrett David Witts"", ""Garrett David Witts""]"
Player,managed-llama-3-3-70b-instruct,w20,player,76,nationality,0,1,"[""USA"", ""USA"", ""USA"", ""USA"", ""USA""]"
Player,managed-llama-3-3-70b-instruct,w20,player,76,nba_championships,0,1,"["""", """", """", """", """"]"
Player,managed-llama-3-3-70b-instruct,w20,player,76,olympic_gold_medals,0,1,"["""", """", """", """", """"]"
Player,managed-llama-3-3-70b-instruct,w20,player,76,position,0,1,"["""", """", """", """", """"]"
Player,managed-llama-3-3-70b-instruct,w20,player,76,team,0,1,"[""Washington Bullets"", ""Washington Bullets"", ""Washington Bullets"", ""Washington Bullets"", ""Washington Bullets""]"
Player,managed-llama-3-3-70b-instruct,w20,player,77,age,0,1,"[""22"", ""22"", ""22"", ""22"", ""22""]"
Player,managed-llama-3-3-70b-instruct,w20,player,77,birth_date,0,1,"[""2002/7/30"", ""2002/7/30"", ""2002/7/30"", ""2002/7/30"", ""2002/7/30""]"
Player,managed-llama-3-3-70b-instruct,w20,player,77,college,0,1,"[""Colorado"", ""Colorado"", ""Colorado"", ""Colorado"", ""Colorado""]"
Player,managed-llama-3-3-70b-instruct,w20,player,77,draft_pick,0,1,"[""57"", ""57"", ""57"", ""57"", ""57""]"
Player,managed-llama-3-3-70b-instruct,w20,player,77,draft_year,0,1,"[""2022"", ""2022"", ""2022"", ""2022"", ""2022""]"
Player,managed-llama-3-3-70b-instruct,w20,player,77,fiba_world_cup,0,1,"["""", """", """", """", """"]"
Player,managed-llama-3-3-70b-instruct,w20,player,77,mvp_awards,0,1,"[""0"", ""0"", ""0"", ""0"", ""0""]"
Player,managed-llama-3-3-70b-instruct,w20,player,77,name,0,1,"[""Jabari Dominic Walker || Samaki Walker || Dibaji Walker"", ""Jabari Dominic Walker || Samaki Walker || Dibaji Walker"", ""Jabari Dominic Walker || Samaki Walker || Dibaji Walker"", ""Jabari Dominic Walker || Samaki Walker || Dibaji Walker"", ""Jabari Dominic Walker || Samaki Walker || Dibaji Walker""]"
Player,managed-llama-3-3-70b-instruct,w20,player,77,nationality,0,1,"[""USA"", ""USA"", ""USA"", ""USA"", ""USA""]"
Player,managed-llama-3-3-70b-instruct,w20,player,77,nba_championships,0,1,"["""", """", """", """", """"]"
Player,managed-llama-3-3-70b-instruct,w20,player,77,olympic_gold_medals,0,1,"["""", """", """", """", """"]"
Player,managed-llama-3-3-70b-instruct,w20,player,77,position,0,1,"[""Frontcourt"", ""Frontcourt"", ""Frontcourt"", ""Frontcourt"", ""Frontcourt""]"
Player,managed-llama-3-3-70b-instruct,w20,player,77,team,0,1,"[""Portland Trail Blazers"", ""Portland Trail Blazers"", ""Portland Trail Blazers"", ""Portland Trail Blazers"", ""Portland Trail Blazers""]"
Player,managed-llama-3-3-70b-instruct,w20,player,78,age,0,1,"[""27"", ""27"", ""27"", ""27"", ""27""]"
Player,managed-llama-3-3-70b-instruct,w20,player,78,birth_date,0,1,"[""1996/10/8"", ""1996/10/8"", ""1996/10/8"", ""1996/10/8"", ""1996/10/8""]"
Player,managed-llama-3-3-70b-instruct,w20,player,78,college,0,1,"[""UNC Wilmington"", ""UNC Wilmington"", ""UNC Wilmington"", ""UNC Wilmington"", ""UNC Wilmington""]"
Player,managed-llama-3-3-70b-instruct,w20,player,78,draft_pick,0,1,"["""", """", """", """", """"]"
Player,managed-llama-3-3-70b-instruct,w20,player,78,draft_year,0,1,"[""2019"", ""2019"", ""2019"", ""2019"", ""2019""]"
Player,managed-llama-3-3-70b-instruct,w20,player,78,fiba_world_cup,0,1,"["""", """", """", """", """"]"
Player,managed-llama-3-3-70b-instruct,w20,player,78,mvp_awards,0,1,"[""0"", ""0"", ""0"", ""0"", ""0""]"
Player,managed-llama-3-3-70b-instruct,w20,player,78,name,0,1,"[""Devontae Calvin Cacok"", ""Devontae Calvin Cacok"", ""Devontae Calvin Cacok"", ""Devontae Calvin Cacok"", ""Devontae Calvin Cacok""]"
Player,managed-llama-3-3-70b-instruct,w20,player,78,nationality,1,2,"[""American || Haitian"", ""American || Haitian"", ""American || Haitian"", ""American || Haitian"", ""American||Haitian""]"
Player,managed-llama-3-3-70b-instruct,w20,player,78,nba_championships,0,1,"[""0"", ""0"", ""0"", ""0"", ""0""]"
Player,managed-llama-3-3-70b-instruct,w20,player,78,olympic_gold_medals,0,1,"["""", """", """", """", """"]"
Player,managed-llama-3-3-70b-instruct,w20,player,78,position,0,1,"[""Frontcourt"", ""Frontcourt"", ""Frontcourt"", ""Frontcourt"", ""Frontcourt""]"
Player,managed-llama-3-3-70b-instruct,w20,player,78,team,0,1,"[""Los Angeles Lakers||Brooklyn Nets||San Antonio Spurs"", ""Los Angeles Lakers||Brooklyn Nets||San Antonio Spurs"", ""Los Angeles Lakers||Brooklyn Nets||San Antonio Spurs"", ""Los Angeles Lakers||Brooklyn Nets||San Antonio Spurs"", ""Los Angeles Lakers||Brooklyn Nets||San Antonio Spurs""]"
Player,managed-llama-3-3-70b-instruct,w20,player,79,age,0,1,"[""29"", ""29"", ""29"", ""29"", ""29""]"
Player,managed-llama-3-3-70b-instruct,w20,player,79,birth_date,0,1,"[""1995/10/2"", ""1995/10/2"", ""1995/10/2"", ""1995/10/2"", ""1995/10/2""]"
Player,managed-llama-3-3-70b-instruct,w20,player,79,college,0,1,"[""UCF Knights || Florida Gulf Coast Eagles"", ""UCF Knights || Florida Gulf Coast Eagles"", ""UCF Knights || Florida Gulf Coast Eagles"", ""UCF Knights || Florida Gulf Coast Eagles"", ""UCF Knights || Florida Gulf Coast Eagles""]"
Player,managed-llama-3-3-70b-instruct,w20,player,79,draft_pick,1,2,"["""", """", ""2018"", """", """"]"
Player,managed-llama-3-3-70b-instruct,w20,player,79,draft_year,0,1,"[""2017"", ""2017"", ""2017"", ""2017"", ""2017""]"
Player,managed-llama-3-3-70b-instruct,w20,player,79,fiba_world_cup,0,1,"["""", """", """", """", """"]"
Player,managed-llama-3-3-70b-instruct,w20,player,79,mvp_awards,0,1,"[""0"", ""0"", ""0"", ""0"", ""0""]"
Player,managed-llama-3-3-70b-instruct,w20,player,79,name,0,1,"[""Brandon Goodwin"", ""Brandon Goodwin"", ""Brandon Goodwin"", ""Brandon Goodwin"", ""Brandon Goodwin""]"
Player,managed-llama-3-3-70b-instruct,w20,player,79,nationality,0,1,"[""USA"", ""USA"", ""USA"", ""USA"", ""USA""]"
Player,managed-llama-3-3-70b-instruct,w20,player,79,nba_championships,0,1,"[""0"", ""0"", ""0"", ""0"", ""0""]"
Player,managed-llama-3-3-70b-instruct,w20,player,79,olympic_gold_medals,0,1,"["""", """", """", """", """"]"
Player,managed-llama-3-3-70b-instruct,w20,player,79,position,0,1,"[""Backcourt"", ""Backcourt"", ""Backcourt"", ""Backcourt"", ""Backcourt""]"
Player,managed-llama-3-3-70b-instruct,w20,player,79,team,0,1,"[""Memphis Grizzlies||Denver Nuggets||Atlanta Hawks||Cleveland Cavaliers"", ""Memphis Grizzlies||Denver Nuggets||Atlanta Hawks||Cleveland Cavaliers"", ""Memphis Grizzlies||Denver Nuggets||Atlanta Hawks||Cleveland Cavaliers"", ""Memphis Grizzlies||Denver Nuggets||Atlanta Hawks||Cleveland Cavaliers"", ""Memphis Grizzlies||Denver Nuggets||Atlanta Hawks||Cleveland Cavaliers""]"
Player,managed-llama-3-3-70b-instruct,w20,player,80,age,0,1,"[""91"", ""91"", ""91"", ""91"", ""91""]"
Player,managed-llama-3-3-70b-instruct,w20,player,80,birth_date,0,1,"[""1933/1/20"", ""1933/1/20"", ""1933/1/20"", ""1933/1/20"", ""1933/1/20""]"
Player,managed-llama-3-3-70b-instruct,w20,player,80,college,0,1,"[""Notre Dame"", ""Notre Dame"", ""Notre Dame"", ""Notre Dame"", ""Notre Dame""]"
Player,managed-llama-3-3-70b-instruct,w20,player,80,draft_pick,0,1,"["""", """", """", """", """"]"
Player,managed-llama-3-3-70b-instruct,w20,player,80,draft_year,0,1,"[""1954"", ""1954"", ""1954"", ""1954"", ""1954""]"
Player,managed-llama-3-3-70b-instruct,w20,player,80,fiba_world_cup,0,1,"["""", """", """", """", """"]"
Player,managed-llama-3-3-70b-instruct,w20,player,80,mvp_awards,0,1,"[""0"", ""0"", ""0"", ""0"", ""0""]"
Player,managed-llama-3-3-70b-instruct,w20,player,80,name,0,1,"[""Richard Anthony Rosenthal"", ""Richard Anthony Rosenthal"", ""Richard Anthony Rosenthal"", ""Richard Anthony Rosenthal"", ""Richard Anthony Rosenthal""]"
Player,managed-llama-3-3-70b-instruct,w20,player,80,nationality,0,1,"[""USA"", ""USA"", ""USA"", ""USA"", ""USA""]"
Player,managed-llama-3-3-70b-instruct,w20,player,80,nba_championships,0,1,"["""", """", """", """", """"]"
Player,managed-llama-3-3-70b-instruct,w20,player,80,olympic_gold_medals,0,1,"["""", """", """", """", """"]"
Player,managed-llama-3-3-70b-instruct,w20,player,80,position,0,1,"[""Frontcourt"", ""Frontcourt"", ""Frontcourt"", ""Frontcourt"", ""Frontcourt""]"
Player,managed-llama-3-3-70b-instruct,w20,player,80,team,0,1,"[""Fort Wayne Pistons"", ""Fort Wayne Pistons"", ""Fort Wayne Pistons"", ""Fort Wayne Pistons"", ""Fort Wayne Pistons""]"
Player,managed-llama-3-3-70b-instruct,w20,player,81,age,0,1,"[""43"", ""43"", ""43"", ""43"", ""43""]"
Player,managed-llama-3-3-70b-instruct,w20,player,81,birth_date,0,1,"[""1980/3/20"", ""1980/3/20"", ""1980/3/20"", ""1980/3/20"", ""1980/3/20""]"
Player,managed-llama-3-3-70b-instruct,w20,player,81,college,0,1,"[""University of Michigan"", ""University of Michigan"", ""University of Michigan"", ""University of Michigan"", ""University of Michigan""]"
Player,managed-llama-3-3-70b-instruct,w20,player,81,draft_pick,0,1,"[""8"", ""8"", ""8"", ""8"", ""8""]"
Player,managed-llama-3-3-70b-instruct,w20,player,81,draft_year,0,1,"[""2000"", ""2000"", ""2000"", ""2000"", ""2000""]"
Player,managed-llama-3-3-70b-instruct,w20,player,81,fiba_world_cup,0,1,"["""", """", """", """", """"]"
Player,managed-llama-3-3-70b-instruct,w20,player,81,mvp_awards,0,1,"[""0"", ""0"", ""0"", ""0"", ""0""]"
Player,managed-llama-3-3-70b-instruct,w20,player,81,name,0,1,"[""Aaron Jamal Crawford"", ""Aaron Jamal Crawford"", ""Aaron Jamal Crawford"", ""Aaron Jamal Crawford"", ""Aaron Jamal Crawford""]"
Player,managed-llama-3-3-70b-instruct,w20,player,81,nationality,0,1,"[""USA"", ""USA"", ""USA"", ""USA"", ""USA""]"
Player,managed-llama-3-3-70b-instruct,w20,player,81,nba_championships,0,1,"[""0"", ""0"", ""0"", ""0"", ""0""]"
Player,managed-llama-3-3-70b-instruct,w20,player,81,olympic_gold_medals,0,1,"["""", """", """", """", """"]"
Player,managed-llama-3-3-70b-instruct,w20,player,81,position,0,1,"[""Backcourt"", ""Backcourt"", ""Backcourt"", ""Backcourt"", ""Backcourt""]"
Player,managed-llama-3-3-70b-instruct,w20,player,81,team,0,1,"[""Chicago Bulls||New York Knicks||Golden State Warriors||Atlanta Hawks||Portland Trail Blazers||Los Angeles Clippers||Minnesota Timberwolves||Phoenix Suns||Brooklyn Nets"", ""Chicago Bulls||New York Knicks||Golden State Warriors||Atlanta Hawks||Portland Trail Blazers||Los Angeles Clippers||Minnesota Timberwolves||Phoenix Suns||Brooklyn Nets"", ""Chicago Bulls||New York Knicks||Golden State Warriors||Atlanta Hawks||Portland Trail Blazers||Los Angeles Clippers||Minnesota Timberwolves||Phoenix Suns||Brooklyn Nets"", ""Chicago Bulls||New York Knicks||Golden State Warriors||Atlanta Hawks||Portland Trail Blazers||Los Angeles Clippers||Minnesota Timberwolves||Phoenix Suns||Brooklyn Nets"", ""Chicago Bulls||New York Knicks||Golden State Warriors||Atlanta Hawks||Portland Trail Blazers||Los Angeles Clippers||Minnesota Timberwolves||Phoenix Suns||Brooklyn Nets""]"
Player,managed-llama-3-3-70b-instruct,w20,player,82,age,0,1,"[""36"", ""36"", ""36"", ""36"", ""36""]"
Player,managed-llama-3-3-70b-instruct,w20,player,82,birth_date,0,1,"[""1988/10/23"", ""1988/10/23"", ""1988/10/23"", ""1988/10/23"", ""1988/10/23""]"
Player,managed-llama-3-3-70b-instruct,w20,player,82,college,0,1,"[""Indiana University || Xavier University"", ""Indiana University || Xavier University"", ""Indiana University || Xavier University"", ""Indiana University || Xavier University"", ""Indiana University || Xavier University""]"
Player,managed-llama-3-3-70b-instruct,w20,player,82,draft_pick,0,1,"[""27"", ""27"", ""27"", ""27"", ""27""]"
Player,managed-llama-3-3-70b-instruct,w20,player,82,draft_year,0,1,"[""2010"", ""2010"", ""2010"", ""2010"", ""2010""]"
Player,managed-llama-3-3-70b-instruct,w20,player,82,fiba_world_cup,0,1,"["""", """", """", """", """"]"
Player,managed-llama-3-3-70b-instruct,w20,player,82,mvp_awards,0,1,"[""0"", ""0"", ""0"", ""0"", ""0""]"
Player,managed-llama-3-3-70b-instruct,w20,player,82,name,0,1,"[""Jordan Lee Crawford"", ""Jordan Lee Crawford"", ""Jordan Lee Crawford"", ""Jordan Lee Crawford"", ""Jordan Lee Crawford""]"
Player,managed-llama-3-3-70b-instruct,w20,player,82,nationality,0,1,"[""USA"", ""USA"", ""USA"", ""USA"", ""USA""]"
Player,managed-llama-3-3-70b-instruct,w20,player,82,nba_championships,0,1,"["""", """", """", """", """"]"
Player,managed-llama-3-3-70b-instruct,w20,player,82,olympic_gold_medals,0,1,"["""", """", """", """", """"]"
Player,managed-llama-3-3-70b-instruct,w20,player,82,position,0,1,"[""Backcourt"", ""Backcourt"", ""Backcourt"", ""Backcourt"", ""Backcourt""]"
Player,managed-llama-3-3-70b-instruct,w20,player,82,team,0,1,"[""New Jersey Nets||Atlanta Hawks||Washington Wizards||Boston Celtics||Golden State Warriors||New Orleans Pelicans"", ""New Jersey Nets||Atlanta Hawks||Washington Wizards||Boston Celtics||Golden State Warriors||New Orleans Pelicans"", ""New Jersey Nets||Atlanta Hawks||Washington Wizards||Boston Celtics||Golden State Warriors||New Orleans Pelicans"", ""New Jersey Nets||Atlanta Hawks||Washington Wizards||Boston Celtics||Golden State Warriors||New Orleans Pelicans"", ""New Jersey Nets||Atlanta Hawks||Washington Wizards||Boston Celtics||Golden State Warriors||New Orleans Pelicans""]"
Player,managed-llama-3-3-70b-instruct,w20,player,83,age,0,1,"[""60"", ""60"", ""60"", ""60"", ""60""]"
Player,managed-llama-3-3-70b-instruct,w20,player,83,birth_date,0,1,"[""1964/10/30"", ""1964/10/30"", ""1964/10/30"", ""1964/10/30"", ""1964/10/30""]"
Player,managed-llama-3-3-70b-instruct,w20,player,83,college,1,2,"[""Marquette University"", ""Marquette University"", ""Marquette University"", ""Marquette"", ""Marquette University""]"
Player,managed-llama-3-3-70b-instruct,w20,player,83,draft_pick,0,1,"[""44"", ""44"", ""44"", ""44"", ""44""]"
Player,managed-llama-3-3-70b-instruct,w20,player,83,draft_year,0,1,"["""", """", """", """", """"]"
Player,managed-llama-3-3-70b-instruct,w20,player,83,fiba_world_cup,0,1,"["""", """", """", """", """"]"
Player,managed-llama-3-3-70b-instruct,w20,player,83,mvp_awards,0,1,"[""0"", ""0"", ""0"", ""0"", ""0""]"
Player,managed-llama-3-3-70b-instruct,w20,player,83,name,0,1,"[""Thomas James Copa"", ""Thomas James Copa"", ""Thomas James Copa"", ""Thomas James Copa"", ""Thomas James Copa""]"
Player,managed-llama-3-3-70b-instruct,w20,player,83,nationality,0,1,"[""USA"", ""USA"", ""USA"", ""USA"", ""USA""]"
Player,managed-llama-3-3-70b-instruct,w20,player,83,nba_championships,0,1,"[""0"", ""0"", ""0"", ""0"", ""0""]"
Player,managed-llama-3-3-70b-instruct,w20,player,83,olympic_gold_medals,0,1,"["""", """", """", """", """"]"
Player,managed-llama-3-3-70b-instruct,w20,player,83,position,0,1,"[""Frontcourt"", ""Frontcourt"", ""Frontcourt"", ""Frontcourt"", ""Frontcourt""]"
Player,managed-llama-3-3-70b-instruct,w20,player,83,team,0,1,"[""San Antonio Spurs||Houston Rockets"", ""San Antonio Spurs||Houston Rockets"", ""San Antonio Spurs||Houston Rockets"", ""San Antonio Spurs||Houston Rockets"", ""San Antonio Spurs||Houston Rockets""]"
Player,managed-llama-3-3-70b-instruct,w20,player,84,age,0,1,"[""73"", ""73"", ""73"", ""73"", ""73""]"
Player,managed-llama-3-3-70b-instruct,w20,player,84,birth_date,0,1,"[""1951/9/17"", ""1951/9/17"", ""1951/9/17"", ""1951/9/17"", ""1951/9/17""]"
Player,managed-llama-3-3-70b-instruct,w20,player,84,college,0,1,"[""American University"", ""American University"", ""American University"", ""American University"", ""American University""]"
Player,managed-llama-3-3-70b-instruct,w20,player,84,draft_pick,0,1,"[""5"", ""5"", ""5"", ""5"", ""5""]"
Player,managed-llama-3-3-70b-instruct,w20,player,84,draft_year,0,1,"[""1973"", ""1973"", ""1973"", ""1973"", ""1973""]"
Player,managed-llama-3-3-70b-instruct,w20,player,84,fiba_world_cup,0,1,"["""", """", """", """", """"]"
Player,managed-llama-3-3-70b-instruct,w20,player,84,mvp_awards,0,1,"[""0"", ""0"", ""0"", ""0"", ""0""]"
Player,managed-llama-3-3-70b-instruct,w20,player,84,name,1,2,"[""Kermit Alan Washington || Rudy Tomjanovich || Kareem Abdul-Jabbar || Jerry West || Kevin Kunnert || John Lucas || Dave Cowens || Maurice Lucas || Kevin Duckworth || LeBron James"", ""Kermit Alan Washington || Rudy Tomjanovich || Kareem Abdul-Jabbar || Jerry West || Kevin Kunnert || John Lucas || Dave Cowens || Maurice Lucas || Kevin Duckworth || LeBron James"", ""Kermit Alan Washington || Rudy Tomjanovich || Kareem Abdul-Jabbar || Jerry West || Kevin Kunnert || John Lucas || Dave Cowens || Maurice Lucas || Kevin Duckworth || LeBron James"", ""Kermit Alan Washington || Rudy Tomjanovich || Kareem Abdul-Jabbar || Jerry West || Kevin Kunnert || Dave Cowens || Maurice Lucas || Kevin Duckworth || LeBron James"", ""Kermit Alan Washington || Rudy Tomjanovich || Kareem Abdul-Jabbar || Jerry West || Kevin Kunnert || Dave Cowens || Maurice Lucas || Kevin Duckworth || LeBron James""]"
Player,managed-llama-3-3-70b-instruct,w20,player,84,nationality,0,1,"[""USA"", ""USA"", ""USA"", ""USA"", ""USA""]"
Player,managed-llama-3-3-70b-instruct,w20,player,84,nba_championships,0,1,"[""0"", ""0"", ""0"", ""0"", ""0""]"
Player,managed-llama-3-3-70b-instruct,w20,player,84,olympic_gold_medals,0,1,"["""", """", """", """", """"]"
Player,managed-llama-3-3-70b-instruct,w20,player,84,position,0,1,"[""Frontcourt"", ""Frontcourt"", ""Frontcourt"", ""Frontcourt"", ""Frontcourt""]"
Player,managed-llama-3-3-70b-instruct,w20,player,84,team,0,1,"[""Los Angeles Lakers||Boston Celtics||San Diego Clippers||Portland Trail Blazers||Golden State Warriors"", ""Los Angeles Lakers||Boston Celtics||San Diego Clippers||Portland Trail Blazers||Golden State Warriors"", ""Los Angeles Lakers||Boston Celtics||San Diego Clippers||Portland Trail Blazers||Golden State Warriors"", ""Los Angeles Lakers||Boston Celtics||San Diego Clippers||Portland Trail Blazers||Golden State Warriors"", ""Los Angeles Lakers||Boston Celtics||San Diego Clippers||Portland Trail Blazers||Golden State Warriors""]"
Player,managed-llama-3-3-70b-instruct,w20,player,85,age,0,1,"[""51"", ""51"", ""51"", ""51"", ""51""]"
Player,managed-llama-3-3-70b-instruct,w20,player,85,birth_date,0,1,"[""1973/5/18"", ""1973/5/18"", ""1973/5/18"", ""1973/5/18"", ""1973/5/18""]"
Player,managed-llama-3-3-70b-instruct,w20,player,85,college,0,1,"[""University of Connecticut"", ""University of Connecticut"", ""University of Connecticut"", ""University of Connecticut"", ""University of Connecticut""]"
Player,managed-llama-3-3-70b-instruct,w20,player,85,draft_pick,0,1,"[""4"", ""4"", ""4"", ""4"", ""4""]"
Player,managed-llama-3-3-70b-instruct,w20,player,85,draft_year,0,1,"[""1994"", ""1994"", ""1994"", ""1994"", ""1994""]"
Player,managed-llama-3-3-70b-instruct,w20,player,85,fiba_world_cup,0,1,"["""", """", """", """", """"]"
Player,managed-llama-3-3-70b-instruct,w20,player,85,mvp_awards,0,1,"[""0"", ""0"", ""0"", ""0"", ""0""]"
Player,managed-llama-3-3-70b-instruct,w20,player,85,name,0,1,"[""Donyell Lamar Marshall || LeBron James || Kobe Bryant || Karl Malone || John Stockton || Jalen Rose || Kendall Gill || Jay Williams || Eddy Curry || Tyson Chandler || Antonio Davis || Jerome Williams || Chris Jefferies || Lonny Baxter || Stephen Curry"", ""Donyell Lamar Marshall || LeBron James || Kobe Bryant || Karl Malone || John Stockton || Jalen Rose || Kendall Gill || Jay Williams || Eddy Curry || Tyson Chandler || Antonio Davis || Jerome Williams || Chris Jefferies || Lonny Baxter || Stephen Curry"", ""Donyell Lamar Marshall || LeBron James || Kobe Bryant || Karl Malone || John Stockton || Jalen Rose || Kendall Gill || Jay Williams || Eddy Curry || Tyson Chandler || Antonio Davis || Jerome Williams || Chris Jefferies || Lonny Baxter || Stephen Curry"", ""Donyell Lamar Marshall || LeBron James || Kobe Bryant || Karl Malone || John Stockton || Jalen Rose || Kendall Gill || Jay Williams || Eddy Curry || Tyson Chandler || Antonio Davis || Jerome Williams || Chris Jefferies || Lonny Baxter || Stephen Curry"", ""Donyell Lamar Marshall || LeBron James || Kobe Bryant || Karl Malone || John Stockton || Jalen Rose || Kendall Gill || Jay Williams || Eddy Curry || Tyson Chandler || Antonio Davis || Jerome Williams || Chris Jefferies || Lonny Baxter || Stephen Curry""]"
Player,managed-llama-3-3-70b-instruct,w20,player,85,nationality,0,1,"[""USA"", ""USA"", ""USA"", ""USA"", ""USA""]"
Player,managed-llama-3-3-70b-instruct,w20,player,85,nba_championships,0,1,"[""0"", ""0"", ""0"", ""0"", ""0""]"
Player,managed-llama-3-3-70b-instruct,w20,player,85,olympic_gold_medals,0,1,"["""", """", """", """", """"]"
Player,managed-llama-3-3-70b-instruct,w20,player,85,position,0,1,"[""Frontcourt"", ""Frontcourt"", ""Frontcourt"", ""Frontcourt"", ""Frontcourt""]"
Player,managed-llama-3-3-70b-instruct,w20,player,85,team,0,1,"[""Minnesota Timberwolves||Golden State Warriors||Utah Jazz||Chicago Bulls||Toronto Raptors||Cleveland Cavaliers||Seattle SuperSonics||Philadelphia 76ers"", ""Minnesota Timberwolves||Golden State Warriors||Utah Jazz||Chicago Bulls||Toronto Raptors||Cleveland Cavaliers||Seattle SuperSonics||Philadelphia 76ers"", ""Minnesota Timberwolves||Golden State Warriors||Utah Jazz||Chicago Bulls||Toronto Raptors||Cleveland Cavaliers||Seattle SuperSonics||Philadelphia 76ers"", ""Minnesota Timberwolves||Golden State Warriors||Utah Jazz||Chicago Bulls||Toronto Raptors||Cleveland Cavaliers||Seattle SuperSonics||Philadelphia 76ers"", ""Minnesota Timberwolves||Golden State Warriors||Utah Jazz||Chicago Bulls||Toronto Raptors||Cleveland Cavaliers||Seattle SuperSonics||Philadelphia 76ers""]"
Player,managed-llama-3-3-70b-instruct,w20,player,86,age,0,1,"[""85"", ""85"", ""85"", ""85"", ""85""]"
Player,managed-llama-3-3-70b-instruct,w20,player,86,birth_date,0,1,"[""1930/1/14"", ""1930/1/14"", ""1930/1/14"", ""1930/1/14"", ""1930/1/14""]"
Player,managed-llama-3-3-70b-instruct,w20,player,86,college,0,1,"[""University of Minnesota || University of Iowa"", ""University of Minnesota || University of Iowa"", ""University of Minnesota || University of Iowa"", ""University of Minnesota || University of Iowa"", ""University of Minnesota || University of Iowa""]"
Player,managed-llama-3-3-70b-instruct,w20,player,86,draft_pick,0,1,"["""", """", """", """", """"]"
Player,managed-llama-3-3-70b-instruct,w20,player,86,draft_year,0,1,"["""", """", """", """", """"]"
Player,managed-llama-3-3-70b-instruct,w20,player,86,fiba_world_cup,0,1,"["""", """", """", """", """"]"
Player,managed-llama-3-3-70b-instruct,w20,player,86,mvp_awards,0,1,"[""0"", ""0"", ""0"", ""0"", ""0""]"
Player,managed-llama-3-3-70b-instruct,w20,player,86,name,0,1,"[""Wayne Robinson"", ""Wayne Robinson"", ""Wayne Robinson"", ""Wayne Robinson"", ""Wayne Robinson""]"
Player,managed-llama-3-3-70b-instruct,w20,player,86,nationality,1,2,"[""American"", ""USA || Canadian"", ""USA || Canadian"", ""American"", ""USA || Canadian""]"
Player,managed-llama-3-3-70b-instruct,w20,player,86,nba_championships,0,1,"["""", """", """", """", """"]"
Player,managed-llama-3-3-70b-instruct,w20,player,86,olympic_gold_medals,0,1,"["""", """", """", """", """"]"
Player,managed-llama-3-3-70b-instruct,w20,player,86,position,1,2,"[""(Neither 'Frontcourt' nor 'Backcourt' is applicable, as the context is about American football, not basketball)"", ""Linebacker"", ""(Neither 'Frontcourt' nor 'Backcourt' is applicable, as the context is about American football, not basketball)"", ""Linebacker"", ""Linebacker""]"
Player,managed-llama-3-3-70b-instruct,w20,player,86,team,1,2,"[""None"", ""None are applicable as the context is about NFL and not NBA."", ""None are applicable as the context is about NFL and not NBA."", ""None"", ""None""]"
Player,managed-llama-3-3-70b-instruct,w20,player,87,age,0,1,"[""77"", ""77"", ""77"", ""77"", ""77""]"
Player,managed-llama-3-3-70b-instruct,w20,player,87,birth_date,0,1,"[""1947/3/7"", ""1947/3/7"", ""1947/3/7"", ""1947/3/7"", ""1947/3/7""]"
Player,managed-llama-3-3-70b-instruct,w20,player,87,college,0,1,"[""Cheyney University of Pennsylvania"", ""Cheyney University of Pennsylvania"", ""Cheyney University of Pennsylvania"", ""Cheyney University of Pennsylvania"", ""Cheyney University of Pennsylvania""]"
Player,managed-llama-3-3-70b-instruct,w20,player,87,draft_pick,0,1,"[""8"", ""8"", ""8"", ""8"", ""8""]"
Player,managed-llama-3-3-70b-instruct,w20,player,87,draft_year,0,1,"[""1970"", ""1970"", ""1970"", ""1970"", ""1970""]"
Player,managed-llama-3-3-70b-instruct,w20,player,87,fiba_world_cup,0,1,"["""", """", """", """", """"]"
Player,managed-llama-3-3-70b-instruct,w20,player,87,mvp_awards,0,1,"[""0"", ""0"", ""0"", ""0"", ""0""]"
Player,managed-llama-3-3-70b-instruct,w20,player,87,name,0,1,"[""Gregory Paul Fillmore"", ""Gregory Paul Fillmore"", ""Gregory Paul Fillmore"", ""Gregory Paul Fillmore"", ""Gregory Paul Fillmore""]"
Player,managed-llama-3-3-70b-instruct,w20,player,87,nationality,0,1,"[""USA"", ""USA"", ""USA"", ""USA"", ""USA""]"
Player,managed-llama-3-3-70b-instruct,w20,player,87,nba_championships,0,1,"["""", """", """", """", """"]"
Player,managed-llama-3-3-70b-instruct,w20,player,87,olympic_gold_medals,0,1,"["""", """", """", """", """"]"
Player,managed-llama-3-3-70b-instruct,w20,player,87,position,0,1,"[""Frontcourt"", ""Frontcourt"", ""Frontcourt"", ""Frontcourt"", ""Frontcourt""]"
Player,managed-llama-3-3-70b-instruct,w20,player,87,team,0,1,"[""New York Knicks"", ""New York Knicks"", ""New York Knicks"", ""New York Knicks"", ""New York Knicks""]"
Player,managed-llama-3-3-70b-instruct,w20,player,88,age,0,1,"[""71"", ""71"", ""71"", ""71"", ""71""]"
Player,managed-llama-3-3-70b-instruct,w20,player,88,birth_date,0,1,"[""1953/10/31"", ""1953/10/31"", ""1953/10/31"", ""1953/10/31"", ""1953/10/31""]"
Player,managed-llama-3-3-70b-instruct,w20,player,88,college,0,1,"[""University of Maryland"", ""University of Maryland"", ""University of Maryland"", ""University of Maryland"", ""University of Maryland""]"
Player,managed-llama-3-3-70b-instruct,w20,player,88,draft_pick,0,1,"[""1"", ""1"", ""1"", ""1"", ""1""]"
Player,managed-llama-3-3-70b-instruct,w20,player,88,draft_year,0,1,"[""1976"", ""1976"", ""1976"", ""1976"", ""1976""]"
Player,managed-llama-3-3-70b-instruct,w20,player,88,fiba_world_cup,0,1,"[""0"", ""0"", ""0"", ""0"", ""0""]"
Player,managed-llama-3-3-70b-instruct,w20,player,88,mvp_awards,0,1,"[""0"", ""0"", ""0"", ""0"", ""0""]"
Player,managed-llama-3-3-70b-instruct,w20,player,88,name,0,1,"[""John Harding Lucas II"", ""John Harding Lucas II"", ""John Harding Lucas II"", ""John Harding Lucas II"", ""John Harding Lucas II""]"
Player,managed-llama-3-3-70b-instruct,w20,player,88,nationality,0,1,"[""USA"", ""USA"", ""USA"", ""USA"", ""USA""]"
Player,managed-llama-3-3-70b-instruct,w20,player,88,nba_championships,0,1,"[""0"", ""0"", ""0"", ""0"", ""0""]"
Player,managed-llama-3-3-70b-instruct,w20,player,88,olympic_gold_medals,0,1,"[""0"", ""0"", ""0"", ""0"", ""0""]"
Player,managed-llama-3-3-70b-instruct,w20,player,88,position,0,1,"[""Backcourt"", ""Backcourt"", ""Backcourt"", ""Backcourt"", ""Backcourt""]"
Player,managed-llama-3-3-70b-instruct,w20,player,88,team,1,2,"[""Houston Rockets||Golden State Warriors||Washington Bullets||San Antonio Spurs||Milwaukee Bucks||Los Angeles Clippers||Cleveland Cavaliers||Philadelphia 76ers||Denver Nuggets"", ""Houston Rockets||Golden State Warriors||Washington Bullets||San Antonio Spurs||Milwaukee Bucks||Los Angeles Clippers||Cleveland Cavaliers||Philadelphia 76ers||Denver Nuggets"", ""Houston Rockets||Golden State Warriors||Washington Bullets||San Antonio Spurs||Milwaukee Bucks||Philadelphia 76ers||Cleveland Cavaliers||Los Angeles Clippers"", ""Houston Rockets||Golden State Warriors||Washington Bullets||San Antonio Spurs||Milwaukee Bucks||Philadelphia 76ers||Cleveland Cavaliers||Los Angeles Clippers"", ""Houston Rockets||Golden State Warriors||Washington Bullets||San Antonio Spurs||Milwaukee Bucks||Philadelphia 76ers||Cleveland Cavaliers||Los Angeles Clippers""]"
Player,managed-llama-3-3-70b-instruct,w20,player,89,age,0,1,"[""57"", ""57"", ""57"", ""57"", ""57""]"
Player,managed-llama-3-3-70b-instruct,w20,player,89,birth_date,0,1,"[""1929/11/16"", ""1929/11/16"", ""1929/11/16"", ""1929/11/16"", ""1929/11/16""]"
Player,managed-llama-3-3-70b-instruct,w20,player,89,college,0,1,"[""Long Island || John Marshall College"", ""Long Island || John Marshall College"", ""Long Island || John Marshall College"", ""Long Island || John Marshall College"", ""Long Island || John Marshall College""]"
Player,managed-llama-3-3-70b-instruct,w20,player,89,draft_pick,0,1,"["""", """", """", """", """"]"
Player,managed-llama-3-3-70b-instruct,w20,player,89,draft_year,0,1,"[""1952"", ""1952"", ""1952"", ""1952"", ""1952""]"
Player,managed-llama-3-3-70b-instruct,w20,player,89,fiba_world_cup,0,1,"["""", """", """", """", """"]"
Player,managed-llama-3-3-70b-instruct,w20,player,89,mvp_awards,0,1,"[""0"", ""0"", ""0"", ""0"", ""0""]"
Player,managed-llama-3-3-70b-instruct,w20,player,89,name,0,1,"[""Richard Clifford Surhoff Jr."", ""Richard Clifford Surhoff Jr."", ""Richard Clifford Surhoff Jr."", ""Richard Clifford Surhoff Jr."", ""Richard Clifford Surhoff Jr.""]"
Player,managed-llama-3-3-70b-instruct,w20,player,89,nationality,0,1,"[""USA"", ""USA"", ""USA"", ""USA"", ""USA""]"
Player,managed-llama-3-3-70b-instruct,w20,player,89,nba_championships,0,1,"["""", """", """", """", """"]"
Player,managed-llama-3-3-70b-instruct,w20,player,89,olympic_gold_medals,0,1,"["""", """", """", """", """"]"
Player,managed-llama-3-3-70b-instruct,w20,player,89,position,0,1,"["""", """", """", """", """"]"
Player,managed-llama-3-3-70b-instruct,w20,player,89,team,0,1,"[""New York Knicks||Milwaukee Hawks"", ""New York Knicks||Milwaukee Hawks"", ""New York Knicks||Milwaukee Hawks"", ""New York Knicks||Milwaukee Hawks"", ""New York Knicks||Milwaukee Hawks""]"
Player,managed-llama-3-3-70b-instruct,w20,player,90,age,0,1,"[""79"", ""79"", ""79"", ""79"", ""79""]"
Player,managed-llama-3-3-70b-instruct,w20,player,90,birth_date,0,1,"[""1945/11/18"", ""1945/11/18"", ""1945/11/18"", ""1945/11/18"", ""1945/11/18""]"
Player,managed-llama-3-3-70b-instruct,w20,player,90,college,1,2,"[""No college mentioned in the context."", ""No college mentioned in the context."", ""No college mentioned in the context."", ""No college is mentioned in the context."", ""No college mentioned in the context.""]"
Player,managed-llama-3-3-70b-instruct,w20,player,90,draft_pick,0,1,"[""10"", ""10"", ""10"", ""10"", ""10""]"
Player,managed-llama-3-3-70b-instruct,w20,player,90,draft_year,0,1,"[""1968"", ""1968"", ""1968"", ""1968"", ""1968""]"
Player,managed-llama-3-3-70b-instruct,w20,player,90,fiba_world_cup,0,1,"["""", """", """", """", """"]"
Player,managed-llama-3-3-70b-instruct,w20,player,90,mvp_awards,0,1,"[""0"", ""0"", ""0"", ""0"", ""0""]"
Player,managed-llama-3-3-70b-instruct,w20,player,90,name,0,1,"[""Garfield Smith"", ""Garfield Smith"", ""Garfield Smith"", ""Garfield Smith"", ""Garfield Smith""]"
Player,managed-llama-3-3-70b-instruct,w20,player,90,nationality,0,1,"[""USA"", ""USA"", ""USA"", ""USA"", ""USA""]"
Player,managed-llama-3-3-70b-instruct,w20,player,90,nba_championships,0,1,"[""0"", ""0"", ""0"", ""0"", ""0""]"
Player,managed-llama-3-3-70b-instruct,w20,player,90,olympic_gold_medals,0,1,"["""", """", """", """", """"]"
Player,managed-llama-3-3-70b-instruct,w20,player,90,position,0,1,"[""Frontcourt"", ""Frontcourt"", ""Frontcourt"", ""Frontcourt"", ""Frontcourt""]"
Player,managed-llama-3-3-70b-instruct,w20,player,90,team,0,1,"[""Boston Celtics"", ""Boston Celtics"", ""Boston Celtics"", ""Boston Celtics"", ""Boston Celtics""]"
Player,managed-llama-3-3-70b-instruct,w20,player,91,age,0,1,"[""73"", ""73"", ""73"", ""73"", ""73""]"
Player,managed-llama-3-3-70b-instruct,w20,player,91,birth_date,0,1,"[""1925/3/5"", ""1925/3/5"", ""1925/3/5"", ""1925/3/5"", ""1925/3/5""]"
Player,managed-llama-3-3-70b-instruct,w20,player,91,college,0,1,"[""Loyola University New Orleans || Canisius College || Cornell University"", ""Loyola University New Orleans || Canisius College || Cornell University"", ""Loyola University New Orleans || Canisius College || Cornell University"", ""Loyola University New Orleans || Canisius College || Cornell University"", ""Loyola University New Orleans || Canisius College || Cornell University""]"
Player,managed-llama-3-3-70b-instruct,w20,player,91,draft_pick,0,1,"["""", """", """", """", """"]"
Player,managed-llama-3-3-70b-instruct,w20,player,91,draft_year,0,1,"["""", """", """", """", """"]"
Player,managed-llama-3-3-70b-instruct,w20,player,91,fiba_world_cup,0,1,"["""", """", """", """", """"]"
Player,managed-llama-3-3-70b-instruct,w20,player,91,mvp_awards,0,1,"[""0"", ""0"", ""0"", ""0"", ""0""]"
Player,managed-llama-3-3-70b-instruct,w20,player,91,name,0,1,"[""Leroy Patrick Chollet"", ""Leroy Patrick Chollet"", ""Leroy Patrick Chollet"", ""Leroy Patrick Chollet"", ""Leroy Patrick Chollet""]"
Player,managed-llama-3-3-70b-instruct,w20,player,91,nationality,0,1,"[""USA"", ""USA"", ""USA"", ""USA"", ""USA""]"
Player,managed-llama-3-3-70b-instruct,w20,player,91,nba_championships,0,1,"[""0"", ""0"", ""0"", ""0"", ""0""]"
Player,managed-llama-3-3-70b-instruct,w20,player,91,olympic_gold_medals,0,1,"["""", """", """", """", """"]"
Player,managed-llama-3-3-70b-instruct,w20,player,91,position,0,1,"[""Backcourt"", ""Backcourt"", ""Backcourt"", ""Backcourt"", ""Backcourt""]"
Player,managed-llama-3-3-70b-instruct,w20,player,91,team,0,1,"[""Syracuse Nationals"", ""Syracuse Nationals"", ""Syracuse Nationals"", ""Syracuse Nationals"", ""Syracuse Nationals""]"
Player,managed-llama-3-3-70b-instruct,w20,player,92,age,0,1,"[""31"", ""31"", ""31"", ""31"", ""31""]"
Player,managed-llama-3-3-70b-instruct,w20,player,92,birth_date,0,1,"[""1991/10/10"", ""1991/10/10"", ""1991/10/10"", ""1991/10/10"", ""1991/10/10""]"
Player,managed-llama-3-3-70b-instruct,w20,player,92,college,1,2,"[""Syracuse University"", ""Syracuse"", ""Syracuse"", ""Syracuse"", ""Syracuse""]"
Player,managed-llama-3-3-70b-instruct,w20,player,92,draft_pick,0,1,"[""11"", ""11"", ""11"", ""11"", ""11""]"
Player,managed-llama-3-3-70b-instruct,w20,player,92,draft_year,0,1,"[""2013"", ""2013"", ""2013"", ""2013"", ""2013""]"
Player,managed-llama-3-3-70b-instruct,w20,player,92,fiba_world_cup,0,1,"["""", """", """", """", """"]"
Player,managed-llama-3-3-70b-instruct,w20,player,92,mvp_awards,0,1,"[""0"", ""0"", ""0"", ""0"", ""0""]"
Player,managed-llama-3-3-70b-instruct,w20,player,92,name,0,1,"[""Michael Carter-Williams"", ""Michael Carter-Williams"", ""Michael Carter-Williams"", ""Michael Carter-Williams"", ""Michael Carter-Williams""]"
Player,managed-llama-3-3-70b-instruct,w20,player,92,nationality,0,1,"[""USA"", ""USA"", ""USA"", ""USA"", ""USA""]"
Player,managed-llama-3-3-70b-instruct,w20,player,92,nba_championships,0,1,"[""0"", ""0"", ""0"", ""0"", ""0""]"
Player,managed-llama-3-3-70b-instruct,w20,player,92,olympic_gold_medals,0,1,"["""", """", """", """", """"]"
Player,managed-llama-3-3-70b-instruct,w20,player,92,position,0,1,"[""Backcourt"", ""Backcourt"", ""Backcourt"", ""Backcourt"", ""Backcourt""]"
Player,managed-llama-3-3-70b-instruct,w20,player,92,team,0,1,"[""Philadelphia 76ers||Milwaukee Bucks||Chicago Bulls||Charlotte Hornets||Houston Rockets||Orlando Magic"", ""Philadelphia 76ers||Milwaukee Bucks||Chicago Bulls||Charlotte Hornets||Houston Rockets||Orlando Magic"", ""Philadelphia 76ers||Milwaukee Bucks||Chicago Bulls||Charlotte Hornets||Houston Rockets||Orlando Magic"", ""Philadelphia 76ers||Milwaukee Bucks||Chicago Bulls||Charlotte Hornets||Houston Rockets||Orlando Magic"", ""Philadelphia 76ers||Milwaukee Bucks||Chicago Bulls||Charlotte Hornets||Houston Rockets||Orlando Magic""]"
Player,managed-llama-3-3-70b-instruct,w20,player,93,age,0,1,"[""31"", ""31"", ""31"", ""31"", ""31""]"
Player,managed-llama-3-3-70b-instruct,w20,player,93,birth_date,0,1,"[""1993/9/15"", ""1993/9/15"", ""1993/9/15"", ""1993/9/15"", ""1993/9/15""]"
Player,managed-llama-3-3-70b-instruct,w20,player,93,college,0,1,"[""None"", ""None"", ""None"", ""None"", ""None""]"
Player,managed-llama-3-3-70b-instruct,w20,player,93,draft_pick,0,1,"[""17"", ""17"", ""17"", ""17"", ""17""]"
Player,managed-llama-3-3-70b-instruct,w20,player,93,draft_year,0,1,"[""2013"", ""2013"", ""2013"", ""2013"", ""2013""]"
Player,managed-llama-3-3-70b-instruct,w20,player,93,fiba_world_cup,0,1,"[""1"", ""1"", ""1"", ""1"", ""1""]"
Player,managed-llama-3-3-70b-instruct,w20,player,93,mvp_awards,0,1,"[""0"", ""0"", ""0"", ""0"", ""0""]"
Player,managed-llama-3-3-70b-instruct,w20,player,93,name,0,1,"[""Dennis Schr\u00f6der"", ""Dennis Schr\u00f6der"", ""Dennis Schr\u00f6der"", ""Dennis Schr\u00f6der"", ""Dennis Schr\u00f6der""]"
Player,managed-llama-3-3-70b-instruct,w20,player,93,nationality,0,1,"[""German || Gambian"", ""German || Gambian"", ""German || Gambian"", ""German || Gambian"", ""German || Gambian""]"
Player,managed-llama-3-3-70b-instruct,w20,player,93,nba_championships,0,1,"[""0"", ""0"", ""0"", ""0"", ""0""]"
Player,managed-llama-3-3-70b-instruct,w20,player,93,olympic_gold_medals,0,1,"[""0"", ""0"", ""0"", ""0"", ""0""]"
Player,managed-llama-3-3-70b-instruct,w20,player,93,position,0,1,"[""Backcourt"", ""Backcourt"", ""Backcourt"", ""Backcourt"", ""Backcourt""]"
Player,managed-llama-3-3-70b-instruct,w20,player,93,team,0,1,"[""Brooklyn Nets"", ""Brooklyn Nets"", ""Brooklyn Nets"", ""Brooklyn Nets"", ""Brooklyn Nets""]"
Player,managed-llama-3-3-70b-instruct,w20,player,94,age,0,1,"[""78"", ""78"", ""78"", ""78"", ""78""]"
Player,managed-llama-3-3-70b-instruct,w20,player,94,birth_date,0,1,"[""1936/3/13"", ""1936/3/13"", ""1936/3/13"", ""1936/3/13"", ""1936/3/13""]"
Player,managed-llama-3-3-70b-instruct,w20,player,94,college,0,1,"[""Kansas State University"", ""Kansas State University"", ""Kansas State University"", ""Kansas State University"", ""Kansas State University""]"
Player,managed-llama-3-3-70b-instruct,w20,player,94,draft_pick,0,1,"[""10"", ""10"", ""10"", ""10"", ""10""]"
Player,managed-llama-3-3-70b-instruct,w20,player,94,draft_year,0,1,"[""1958"", ""1958"", ""1958"", ""1958"", ""1958""]"
Player,managed-llama-3-3-70b-instruct,w20,player,94,fiba_world_cup,0,1,"["""", """", """", """", """"]"
Player,managed-llama-3-3-70b-instruct,w20,player,94,mvp_awards,0,1,"[""0"", ""0"", ""0"", ""0"", ""0""]"
Player,managed-llama-3-3-70b-instruct,w20,player,94,name,0,1,"[""Jack Parr"", ""Jack Parr"", ""Jack Parr"", ""Jack Parr"", ""Jack Parr""]"
Player,managed-llama-3-3-70b-instruct,w20,player,94,nationality,0,1,"[""USA"", ""USA"", ""USA"", ""USA"", ""USA""]"
Player,managed-llama-3-3-70b-instruct,w20,player,94,nba_championships,0,1,"["""", """", """", """", """"]"
Player,managed-llama-3-3-70b-instruct,w20,player,94,olympic_gold_medals,0,1,"["""", """", """", """", """"]"
Player,managed-llama-3-3-70b-instruct,w20,player,94,position,0,1,"[""Frontcourt"", ""Frontcourt"", ""Frontcourt"", ""Frontcourt"", ""Frontcourt""]"
Player,managed-llama-3-3-70b-instruct,w20,player,94,team,0,1,"[""Cincinnati Royals"", ""Cincinnati Royals"", ""Cincinnati Royals"", ""Cincinnati Royals"", ""Cincinnati Royals""]"
Player,managed-llama-3-3-70b-instruct,w20,player,95,age,0,1,"[""55"", ""55"", ""55"", ""55"", ""55""]"
Player,managed-llama-3-3-70b-instruct,w20,player,95,birth_date,0,1,"[""1958/7/26"", ""1958/7/26"", ""1958/7/26"", ""1958/7/26"", ""1958/7/26""]"
Player,managed-llama-3-3-70b-instruct,w20,player,95,college,0,1,"[""Tennessee State University"", ""Tennessee State University"", ""Tennessee State University"", ""Tennessee State University"", ""Tennessee State University""]"
Player,managed-llama-3-3-70b-instruct,w20,player,95,draft_pick,0,1,"[""21"", ""21"", ""21"", ""21"", ""21""]"
Player,managed-llama-3-3-70b-instruct,w20,player,95,draft_year,0,1,"[""1980"", ""1980"", ""1980"", ""1980"", ""1980""]"
Player,managed-llama-3-3-70b-instruct,w20,player,95,fiba_world_cup,0,1,"["""", """", """", """", """"]"
Player,managed-llama-3-3-70b-instruct,w20,player,95,mvp_awards,0,1,"[""0"", ""0"", ""0"", ""0"", ""0""]"
Player,managed-llama-3-3-70b-instruct,w20,player,95,name,0,1,"[""DaMon William \""Monti\"" Davis"", ""DaMon William \""Monti\"" Davis"", ""DaMon William \""Monti\"" Davis"", ""DaMon William \""Monti\"" Davis"", ""DaMon William \""Monti\"" Davis""]"
Player,managed-llama-3-3-70b-instruct,w20,player,95,nationality,0,1,"[""USA"", ""USA"", ""USA"", ""USA"", ""USA""]"
Player,managed-llama-3-3-70b-instruct,w20,player,95,nba_championships,0,1,"["""", """", """", """", """"]"
Player,managed-llama-3-3-70b-instruct,w20,player,95,olympic_gold_medals,0,1,"["""", """", """", """", """"]"
Player,managed-llama-3-3-70b-instruct,w20,player,95,position,0,1,"[""Frontcourt"", ""Frontcourt"", ""Frontcourt"", ""Frontcourt"", ""Frontcourt""]"
Player,managed-llama-3-3-70b-instruct,w20,player,95,team,0,1,"[""Philadelphia 76ers||Dallas Mavericks"", ""Philadelphia 76ers||Dallas Mavericks"", ""Philadelphia 76ers||Dallas Mavericks"", ""Philadelphia 76ers||Dallas Mavericks"", ""Philadelphia 76ers||Dallas Mavericks""]"
Player,managed-llama-3-3-70b-instruct,w20,player,96,age,0,1,"[""58"", ""58"", ""58"", ""58"", ""58""]"
Player,managed-llama-3-3-70b-instruct,w20,player,96,birth_date,0,1,"[""1966/2/7"", ""1966/2/7"", ""1966/2/7"", ""1966/2/7"", ""1966/2/7""]"
Player,managed-llama-3-3-70b-instruct,w20,player,96,college,0,1,"[""None"", ""None"", ""None"", ""None"", ""None""]"
Player,managed-llama-3-3-70b-instruct,w20,player,96,draft_pick,0,1,"["""", """", """", """", """"]"
Player,managed-llama-3-3-70b-instruct,w20,player,96,draft_year,0,1,"["""", """", """", """", """"]"
Player,managed-llama-3-3-70b-instruct,w20,player,96,fiba_world_cup,0,1,"["""", """", """", """", """"]"
Player,managed-llama-3-3-70b-instruct,w20,player,96,mvp_awards,0,1,"[""0"", ""0"", ""0"", ""0"", ""0""]"
Player,managed-llama-3-3-70b-instruct,w20,player,96,name,0,1,"[""Eric Johnson Jones || Vinnie Johnson"", ""Eric Johnson Jones || Vinnie Johnson"", ""Eric Johnson Jones || Vinnie Johnson"", ""Eric Johnson Jones || Vinnie Johnson"", ""Eric Johnson Jones || Vinnie Johnson""]"
Player,managed-llama-3-3-70b-instruct,w20,player,96,nationality,0,1,"[""USA || Spain"", ""USA || Spain"", ""USA || Spain"", ""USA || Spain"", ""USA || Spain""]"
Player,managed-llama-3-3-70b-instruct,w20,player,96,nba_championships,0,1,"["""", """", """", """", """"]"
Player,managed-llama-3-3-70b-instruct,w20,player,96,olympic_gold_medals,0,1,"["""", """", """", """", """"]"
Player,managed-llama-3-3-70b-instruct,w20,player,96,position,0,1,"[""Backcourt"", ""Backcourt"", ""Backcourt"", ""Backcourt"", ""Backcourt""]"
Player,managed-llama-3-3-70b-instruct,w20,player,96,team,0,1,"[""Utah Jazz"", ""Utah Jazz"", ""Utah Jazz"", ""Utah Jazz"", ""Utah Jazz""]"
Player,managed-llama-3-3-70b-instruct,w20,player,97,age,0,1,"[""60"", ""60"", ""60"", ""60"", ""60""]"
Player,managed-llama-3-3-70b-instruct,w20,player,97,birth_date,0,1,"[""1925/10/8"", ""1925/10/8"", ""1925/10/8"", ""1925/10/8"", ""1925/10/8""]"
Player,managed-llama-3-3-70b-instruct,w20,player,97,college,0,1,"[""New York University"", ""New York University"", ""New York University"", ""New York University"", ""New York University""]"
Player,managed-llama-3-3-70b-instruct,w20,player,97,draft_pick,0,1,"["""", """", """", """", """"]"
Player,managed-llama-3-3-70b-instruct,w20,player,97,draft_year,0,1,"["""", """", """", """", """"]"
Player,managed-llama-3-3-70b-instruct,w20,player,97,fiba_world_cup,0,1,"["""", """", """", """", """"]"
Player,managed-llama-3-3-70b-instruct,w20,player,97,mvp_awards,0,1,"[""0"", ""0"", ""0"", ""0"", ""0""]"
Player,managed-llama-3-3-70b-instruct,w20,player,97,name,0,1,"[""Sidney Harold Tanenbaum"", ""Sidney Harold Tanenbaum"", ""Sidney Harold Tanenbaum"", ""Sidney Harold Tanenbaum"", ""Sidney Harold Tanenbaum""]"
Player,managed-llama-3-3-70b-instruct,w20,player,97,nationality,0,1,"[""USA"", ""USA"", ""USA"", ""USA"", ""USA""]"
Player,managed-llama-3-3-70b-instruct,w20,player,97,nba_championships,0,1,"["""", """", """", """", """"]"
Player,managed-llama-3-3-70b-instruct,w20,player,97,olympic_gold_medals,0,1,"["""", """", """", """", """"]"
Player,managed-llama-3-3-70b-instruct,w20,player,97,position,0,1,"[""Backcourt||Frontcourt"", ""Backcourt||Frontcourt"", ""Backcourt||Frontcourt"", ""Backcourt||Frontcourt"", ""Backcourt||Frontcourt""]"
Player,managed-llama-3-3-70b-instruct,w20,player,97,team,0,1,"[""New York Knicks||Baltimore Bullets"", ""New York Knicks||Baltimore Bullets"", ""New York Knicks||Baltimore Bullets"", ""New York Knicks||Baltimore Bullets"", ""New York Knicks||Baltimore Bullets""]"
Player,managed-llama-3-3-70b-instruct,w20,player,98,age,0,1,"[""23"", ""23"", ""23"", ""23"", ""23""]"
Player,managed-llama-3-3-70b-instruct,w20,player,98,birth_date,0,1,"[""2000/2/22"", ""2000/2/22"", ""2000/2/22"", ""2000/2/22"", ""2000/2/22""]"
Player,managed-llama-3-3-70b-instruct,w20,player,98,college,0,1,"[""Indiana University"", ""Indiana University"", ""Indiana University"", ""Indiana University"", ""Indiana University""]"
Player,managed-llama-3-3-70b-instruct,w20,player,98,draft_pick,0,1,"[""57"", ""57"", ""57"", ""57"", ""57""]"
Player,managed-llama-3-3-70b-instruct,w20,player,98,draft_year,0,1,"[""2023"", ""2023"", ""2023"", ""2023"", ""2023""]"
Player,managed-llama-3-3-70b-instruct,w20,player,98,fiba_world_cup,1,2,"[""2018"", ""-18"", ""2018"", ""-18"", ""-18""]"
Player,managed-llama-3-3-70b-instruct,w20,player,98,mvp_awards,0,1,"[""0"", ""0"", ""0"", ""0"", ""0""]"
Player,managed-llama-3-3-70b-instruct,w20,player,98,name,0,1,"[""Trayce Jackson-Davis"", ""Trayce Jackson-Davis"", ""Trayce Jackson-Davis"", ""Trayce Jackson-Davis"", ""Trayce Jackson-Davis""]"
Player,managed-llama-3-3-70b-instruct,w20,player,98,nationality,0,1,"[""USA"", ""USA"", ""USA"", ""USA"", ""USA""]"
Player,managed-llama-3-3-70b-instruct,w20,player,98,nba_championships,0,1,"[""0"", ""0"", ""0"", ""0"", ""0""]"
Player,managed-llama-3-3-70b-instruct,w20,player,98,olympic_gold_medals,0,1,"[""1"", ""1"", ""1"", ""1"", ""1""]"
Player,managed-llama-3-3-70b-instruct,w20,player,98,position,0,1,"[""Frontcourt"", ""Frontcourt"", ""Frontcourt"", ""Frontcourt"", ""Frontcourt""]"
Player,managed-llama-3-3-70b-instruct,w20,player,98,team,0,1,"[""Golden State Warriors"", ""Golden State Warriors"", ""Golden State Warriors"", ""Golden State Warriors"", ""Golden State Warriors""]"
Player,managed-llama-3-3-70b-instruct,w20,player,99,age,0,1,"[""31"", ""31"", ""31"", ""31"", ""31""]"
Player,managed-llama-3-3-70b-instruct,w20,player,99,birth_date,0,1,"[""1993/8/10"", ""1993/8/10"", ""1993/8/10"", ""1993/8/10"", ""1993/8/10""]"
Player,managed-llama-3-3-70b-instruct,w20,player,99,college,0,1,"[""University of Connecticut"", ""University of Connecticut"", ""University of Connecticut"", ""University of Connecticut"", ""University of Connecticut""]"
Player,managed-llama-3-3-70b-instruct,w20,player,99,draft_pick,0,1,"[""9"", ""9"", ""9"", ""9"", ""9""]"
Player,managed-llama-3-3-70b-instruct,w20,player,99,draft_year,0,1,"[""2012"", ""2012"", ""2012"", ""2012"", ""2012""]"
Player,managed-llama-3-3-70b-instruct,w20,player,99,fiba_world_cup,0,1,"[""1"", ""1"", ""1"", ""1"", ""1""]"
Player,managed-llama-3-3-70b-instruct,w20,player,99,mvp_awards,0,1,"[""0"", ""0"", ""0"", ""0"", ""0""]"
Player,managed-llama-3-3-70b-instruct,w20,player,99,name,0,1,"[""Andre Jamal Drummond"", ""Andre Jamal Drummond"", ""Andre Jamal Drummond"", ""Andre Jamal Drummond"", ""Andre Jamal Drummond""]"
Player,managed-llama-3-3-70b-instruct,w20,player,99,nationality,0,1,"[""USA || Jamaica"", ""USA || Jamaica"", ""USA || Jamaica"", ""USA || Jamaica"", ""USA || Jamaica""]"
Player,managed-llama-3-3-70b-instruct,w20,player,99,nba_championships,0,1,"[""0"", ""0"", ""0"", ""0"", ""0""]"
Player,managed-llama-3-3-70b-instruct,w20,player,99,olympic_gold_medals,0,1,"[""1"", ""1"", ""1"", ""1"", ""1""]"
Player,managed-llama-3-3-70b-instruct,w20,player,99,position,0,1,"[""Frontcourt"", ""Frontcourt"", ""Frontcourt"", ""Frontcourt"", ""Frontcourt""]"
Player,managed-llama-3-3-70b-instruct,w20,player,99,team,1,2,"[""Philadelphia 76ers||Chicago Bulls||Brooklyn Nets||Los Angeles Lakers||Cleveland Cavaliers||Detroit Pistons"", ""Philadelphia 76ers||Chicago Bulls||Brooklyn Nets||Los Angeles Lakers||Cleveland Cavaliers||Detroit Pistons"", ""Philadelphia 76ers||Chicago Bulls||Brooklyn Nets||Los Angeles Lakers||Cleveland Cavaliers||Detroit Pistons"", ""Philadelphia 76ers||Chicago Bulls||Brooklyn Nets||Los Angeles Lakers||Cleveland Cavaliers||Detroit Pistons"", ""Philadelphia 76ers||Chicago Bulls||Brooklyn Nets||Cleveland Cavaliers||Los Angeles Lakers||Detroit Pistons""]"
Player,managed-llama-3-3-70b-instruct,w20,player,100,age,0,1,"[""31"", ""31"", ""31"", ""31"", ""31""]"
Player,managed-llama-3-3-70b-instruct,w20,player,100,birth_date,0,1,"[""1992/12/17"", ""1992/12/17"", ""1992/12/17"", ""1992/12/17"", ""1992/12/17""]"
Player,managed-llama-3-3-70b-instruct,w20,player,100,college,0,1,"[""Oklahoma Sooners"", ""Oklahoma Sooners"", ""Oklahoma Sooners"", ""Oklahoma Sooners"", ""Oklahoma Sooners""]"
Player,managed-llama-3-3-70b-instruct,w20,player,100,draft_pick,0,1,"[""6"", ""6"", ""6"", ""6"", ""6""]"
Player,managed-llama-3-3-70b-instruct,w20,player,100,draft_year,0,1,"[""2016"", ""2016"", ""2016"", ""2016"", ""2016""]"
Player,managed-llama-3-3-70b-instruct,w20,player,100,fiba_world_cup,0,1,"[""0"", ""0"", ""0"", ""0"", ""0""]"
Player,managed-llama-3-3-70b-instruct,w20,player,100,mvp_awards,0,1,"[""0"", ""0"", ""0"", ""0"", ""0""]"
Player,managed-llama-3-3-70b-instruct,w20,player,100,name,0,1,"[""Chavano Rainer \""Buddy\"" Hield"", ""Chavano Rainer \""Buddy\"" Hield"", ""Chavano Rainer \""Buddy\"" Hield"", ""Chavano Rainer \""Buddy\"" Hield"", ""Chavano Rainer \""Buddy\"" Hield""]"
Player,managed-llama-3-3-70b-instruct,w20,player,100,nationality,0,1,"[""Bahamian"", ""Bahamian"", ""Bahamian"", ""Bahamian"", ""Bahamian""]"
Player,managed-llama-3-3-70b-instruct,w20,player,100,nba_championships,0,1,"[""0"", ""0"", ""0"", ""0"", ""0""]"
Player,managed-llama-3-3-70b-instruct,w20,player,100,olympic_gold_medals,0,1,"[""0"", ""0"", ""0"", ""0"", ""0""]"
Player,managed-llama-3-3-70b-instruct,w20,player,100,position,0,1,"[""Backcourt"", ""Backcourt"", ""Backcourt"", ""Backcourt"", ""Backcourt""]"
Player,managed-llama-3-3-70b-instruct,w20,player,100,team,0,1,"[""Golden State Warriors"", ""Golden State Warriors"", ""Golden State Warriors"", ""Golden State Warriors"", ""Golden State Warriors""]"
Player,managed-llama-3-3-70b-instruct,w20,player,101,age,0,1,"[""28"", ""28"", ""28"", ""28"", ""28""]"
Player,managed-llama-3-3-70b-instruct,w20,player,101,birth_date,0,1,"[""1996/2/23"", ""1996/2/23"", ""1996/2/23"", ""1996/2/23"", ""1996/2/23""]"
Player,managed-llama-3-3-70b-instruct,w20,player,101,college,0,1,"[""Ohio State University"", ""Ohio State University"", ""Ohio State University"", ""Ohio State University"", ""Ohio State University""]"
Player,managed-llama-3-3-70b-instruct,w20,player,101,draft_pick,0,1,"[""2"", ""2"", ""2"", ""2"", ""2""]"
Player,managed-llama-3-3-70b-instruct,w20,player,101,draft_year,0,1,"[""2015"", ""2015"", ""2015"", ""2015"", ""2015""]"
Player,managed-llama-3-3-70b-instruct,w20,player,101,fiba_world_cup,0,1,"[""0"", ""0"", ""0"", ""0"", ""0""]"
Player,managed-llama-3-3-70b-instruct,w20,player,101,mvp_awards,0,1,"[""0"", ""0"", ""0"", ""0"", ""0""]"
Player,managed-llama-3-3-70b-instruct,w20,player,101,name,0,1,"[""D'Angelo Russell"", ""D'Angelo Russell"", ""D'Angelo Russell"", ""D'Angelo Russell"", ""D'Angelo Russell""]"
Player,managed-llama-3-3-70b-instruct,w20,player,101,nationality,0,1,"[""USA"", ""USA"", ""USA"", ""USA"", ""USA""]"
Player,managed-llama-3-3-70b-instruct,w20,player,101,nba_championships,0,1,"[""0"", ""0"", ""0"", ""0"", ""0""]"
Player,managed-llama-3-3-70b-instruct,w20,player,101,olympic_gold_medals,0,1,"[""0"", ""0"", ""0"", ""0"", ""0""]"
Player,managed-llama-3-3-70b-instruct,w20,player,101,position,0,1,"[""Backcourt"", ""Backcourt"", ""Backcourt"", ""Backcourt"", ""Backcourt""]"
Player,managed-llama-3-3-70b-instruct,w20,player,101,team,0,1,"[""Los Angeles Lakers"", ""Los Angeles Lakers"", ""Los Angeles Lakers"", ""Los Angeles Lakers"", ""Los Angeles Lakers""]"
Player,managed-llama-3-3-70b-instruct,w20,player,102,age,0,1,"[""29"", ""29"", ""29"", ""29"", ""29""]"
Player,managed-llama-3-3-70b-instruct,w20,player,102,birth_date,0,1,"[""1994/3/16"", ""1994/3/16"", ""1994/3/16"", ""1994/3/16"", ""1994/3/16""]"
Player,managed-llama-3-3-70b-instruct,w20,player,102,college,0,1,"[""University of Kansas"", ""University of Kansas"", ""University of Kansas"", ""University of Kansas"", ""University of Kansas""]"
Player,managed-llama-3-3-70b-instruct,w20,player,102,draft_pick,0,1,"[""3"", ""3"", ""3"", ""3"", ""3""]"
Player,managed-llama-3-3-70b-instruct,w20,player,102,draft_year,0,1,"[""2014"", ""2014"", ""2014"", ""2014"", ""2014""]"
Player,managed-llama-3-3-70b-instruct,w20,player,102,fiba_world_cup,0,1,"[""1"", ""1"", ""1"", ""1"", ""1""]"
Player,managed-llama-3-3-70b-instruct,w20,player,102,mvp_awards,0,1,"[""1"", ""1"", ""1"", ""1"", ""1""]"
Player,managed-llama-3-3-70b-instruct,w20,player,102,name,0,1,"[""Joel Embiid"", ""Joel Embiid"", ""Joel Embiid"", ""Joel Embiid"", ""Joel Embiid""]"
Player,managed-llama-3-3-70b-instruct,w20,player,102,nationality,1,3,"[""Cameroonian || American || French"", ""Cameroonian||American||French"", ""Cameroonian || French || American"", ""Cameroonian || French || American"", ""Cameroonian || American || French""]"
Player,managed-llama-3-3-70b-instruct,w20,player,102,nba_championships,0,1,"[""0"", ""0"", ""0"", ""0"", ""0""]"
Player,managed-llama-3-3-70b-instruct,w20,player,102,olympic_gold_medals,0,1,"[""1"", ""1"", ""1"", ""1"", ""1""]"
Player,managed-llama-3-3-70b-instruct,w20,player,102,position,0,1,"[""Frontcourt"", ""Frontcourt"", ""Frontcourt"", ""Frontcourt"", ""Frontcourt""]"
Player,managed-llama-3-3-70b-instruct,w20,player,102,team,0,1,"[""Philadelphia 76ers"", ""Philadelphia 76ers"", ""Philadelphia 76ers"", ""Philadelphia 76ers"", ""Philadelphia 76ers""]"
Player,managed-llama-3-3-70b-instruct,w20,player,103,age,0,1,"[""30"", ""30"", ""30"", ""30"", ""30""]"
Player,managed-llama-3-3-70b-instruct,w20,player,103,birth_date,0,1,"[""1990/5/2"", ""1990/5/2"", ""1990/5/2"", ""1990/5/2"", ""1990/5/2""]"
Player,managed-llama-3-3-70b-instruct,w20,player,103,college,0,1,"[""Fresno State University"", ""Fresno State University"", ""Fresno State University"", ""Fresno State University"", ""Fresno State University""]"
Player,managed-llama-3-3-70b-instruct,w20,player,103,draft_pick,0,1,"[""10"", ""10"", ""10"", ""10"", ""10""]"
Player,managed-llama-3-3-70b-instruct,w20,player,103,draft_year,0,1,"[""2010"", ""2010"", ""2010"", ""2010"", ""2010""]"
Player,managed-llama-3-3-70b-instruct,w20,player,103,fiba_world_cup,0,1,"[""1"", ""1"", ""1"", ""1"", ""1""]"
Player,managed-llama-3-3-70b-instruct,w20,player,103,mvp_awards,0,1,"[""1"", ""1"", ""1"", ""1"", ""1""]"
Player,managed-llama-3-3-70b-instruct,w20,player,103,name,0,1,"[""Paul George"", ""Paul George"", ""Paul George"", ""Paul George"", ""Paul George""]"
Player,managed-llama-3-3-70b-instruct,w20,player,103,nationality,0,1,"[""USA"", ""USA"", ""USA"", ""USA"", ""USA""]"
Player,managed-llama-3-3-70b-instruct,w20,player,103,nba_championships,0,1,"[""0"", ""0"", ""0"", ""0"", ""0""]"
Player,managed-llama-3-3-70b-instruct,w20,player,103,olympic_gold_medals,0,1,"[""4"", ""4"", ""4"", ""4"", ""4""]"
Player,managed-llama-3-3-70b-instruct,w20,player,103,position,0,1,"[""Frontcourt"", ""Frontcourt"", ""Frontcourt"", ""Frontcourt"", ""Frontcourt""]"
Player,managed-llama-3-3-70b-instruct,w20,player,103,team,0,1,"[""Philadelphia 76ers"", ""Philadelphia 76ers"", ""Philadelphia 76ers"", ""Philadelphia 76ers"", ""Philadelphia 76ers""]"
Player,managed-llama-3-3-70b-instruct,w20,player,104,age,0,1,"[""31"", ""31"", ""31"", ""31"", ""31""]"
Player,managed-llama-3-3-70b-instruct,w20,player,104,birth_date,0,1,"[""1992/3/23"", ""1992/3/23"", ""1992/3/23"", ""1992/3/23"", ""1992/3/23""]"
Player,managed-llama-3-3-70b-instruct,w20,player,104,college,0,1,"[""Duke University"", ""Duke University"", ""Duke University"", ""Duke University"", ""Duke University""]"
Player,managed-llama-3-3-70b-instruct,w20,player,104,draft_pick,0,1,"[""1"", ""1"", ""1"", ""1"", ""1""]"
Player,managed-llama-3-3-70b-instruct,w20,player,104,draft_year,0,1,"[""2011"", ""2011"", ""2011"", ""2011"", ""2011""]"
Player,managed-llama-3-3-70b-instruct,w20,player,104,fiba_world_cup,0,1,"[""1"", ""1"", ""1"", ""1"", ""1""]"
Player,managed-llama-3-3-70b-instruct,w20,player,104,mvp_awards,0,1,"[""1"", ""1"", ""1"", ""1"", ""1""]"
Player,managed-llama-3-3-70b-instruct,w20,player,104,name,0,1,"[""Kyrie Andrew Irving"", ""Kyrie Andrew Irving"", ""Kyrie Andrew Irving"", ""Kyrie Andrew Irving"", ""Kyrie Andrew Irving""]"
Player,managed-llama-3-3-70b-instruct,w20,player,104,nationality,0,1,"[""American || Australian"", ""American || Australian"", ""American || Australian"", ""American || Australian"", ""American || Australian""]"
Player,managed-llama-3-3-70b-instruct,w20,player,104,nba_championships,0,1,"[""1"", ""1"", ""1"", ""1"", ""1""]"
Player,managed-llama-3-3-70b-instruct,w20,player,104,olympic_gold_medals,0,1,"[""2"", ""2"", ""2"", ""2"", ""2""]"
Player,managed-llama-3-3-70b-instruct,w20,player,104,position,0,1,"[""Backcourt"", ""Backcourt"", ""Backcourt"", ""Backcourt"", ""Backcourt""]"
Player,managed-llama-3-3-70b-instruct,w20,player,104,team,0,1,"[""Dallas Mavericks"", ""Dallas Mavericks"", ""Dallas Mavericks"", ""Dallas Mavericks"", ""Dallas Mavericks""]"
Player,managed-llama-3-3-70b-instruct,w20,player,105,age,0,1,"[""29"", ""29"", ""29"", ""29"", ""29""]"
Player,managed-llama-3-3-70b-instruct,w20,player,105,birth_date,0,1,"[""1998/3/3"", ""1998/3/3"", ""1998/3/3"", ""1998/3/3"", ""1998/3/3""]"
Player,managed-llama-3-3-70b-instruct,w20,player,105,college,0,1,"[""Duke University"", ""Duke University"", ""Duke University"", ""Duke University"", ""Duke University""]"
Player,managed-llama-3-3-70b-instruct,w20,player,105,draft_pick,0,1,"[""3"", ""3"", ""3"", ""3"", ""3""]"
Player,managed-llama-3-3-70b-instruct,w20,player,105,draft_year,0,1,"[""2017"", ""2017"", ""2017"", ""2017"", ""2017""]"
Player,managed-llama-3-3-70b-instruct,w20,player,105,fiba_world_cup,0,1,"[""0"", ""0"", ""0"", ""0"", ""0""]"
Player,managed-llama-3-3-70b-instruct,w20,player,105,mvp_awards,0,1,"[""0"", ""0"", ""0"", ""0"", ""0""]"
Player,managed-llama-3-3-70b-instruct,w20,player,105,name,1,2,"[""Jayson Christopher Tatum"", ""Jayson Tatum"", ""Jayson Tatum"", ""Jayson Tatum"", ""Jayson Christopher Tatum""]"
Player,managed-llama-3-3-70b-instruct,w20,player,105,nationality,0,1,"[""USA"", ""USA"", ""USA"", ""USA"", ""USA""]"
Player,managed-llama-3-3-70b-instruct,w20,player,105,nba_championships,0,1,"[""1"", ""1"", ""1"", ""1"", ""1""]"
Player,managed-llama-3-3-70b-instruct,w20,player,105,olympic_gold_medals,0,1,"[""2"", ""2"", ""2"", ""2"", ""2""]"
Player,managed-llama-3-3-70b-instruct,w20,player,105,position,0,1,"[""Frontcourt"", ""Frontcourt"", ""Frontcourt"", ""Frontcourt"", ""Frontcourt""]"
Player,managed-llama-3-3-70b-instruct,w20,player,105,team,0,1,"[""Boston Celtics"", ""Boston Celtics"", ""Boston Celtics"", ""Boston Celtics"", ""Boston Celtics""]"
Player,managed-llama-3-3-70b-instruct,w20,player,106,age,0,1,"[""29"", ""29"", ""29"", ""29"", ""29""]"
Player,managed-llama-3-3-70b-instruct,w20,player,106,birth_date,0,1,"[""1995/9/28"", ""1995/9/28"", ""1995/9/28"", ""1995/9/28"", ""1995/9/28""]"
Player,managed-llama-3-3-70b-instruct,w20,player,106,college,1,2,"[""NC State University || Nevada Wolf Pack"", ""NC State University || Nevada Wolf Pack"", ""NC State University || Nevada University"", ""NC State University || Nevada Wolf Pack"", ""NC State University || Nevada Wolf Pack""]"
Player,managed-llama-3-3-70b-instruct,w20,player,106,draft_pick,0,1,"["""", """", """", """", """"]"
Player,managed-llama-3-3-70b-instruct,w20,player,106,draft_year,0,1,"[""2019"", ""2019"", ""2019"", ""2019"", ""2019""]"
Player,managed-llama-3-3-70b-instruct,w20,player,106,fiba_world_cup,0,1,"["""", """", """", """", """"]"
Player,managed-llama-3-3-70b-instruct,w20,player,106,mvp_awards,0,1,"[""0"", ""0"", ""0"", ""0"", ""0""]"
Player,managed-llama-3-3-70b-instruct,w20,player,106,name,1,2,"[""Caleb Martin || Cody Martin || Christian Koloko || Jimmy Butler || Chandler Hutchison || Jordan Caroline"", ""Caleb Martin || Cody Martin || Christian Koloko || Jimmy Butler || Chandler Hutchison || Jordan Caroline"", ""Caleb Martin || Cody Martin || Christian Koloko || Jimmy Butler || Chandler Hutchison"", ""Caleb Martin || Cody Martin || Christian Koloko || Jimmy Butler || Chandler Hutchison"", ""Caleb Martin || Cody Martin || Christian Koloko || Jimmy Butler || Chandler Hutchison || Jordan Caroline""]"
Player,managed-llama-3-3-70b-instruct,w20,player,106,nationality,0,1,"[""USA"", ""USA"", ""USA"", ""USA"", ""USA""]"
Player,managed-llama-3-3-70b-instruct,w20,player,106,nba_championships,0,1,"[""0"", ""0"", ""0"", ""0"", ""0""]"
Player,managed-llama-3-3-70b-instruct,w20,player,106,olympic_gold_medals,0,1,"["""", """", """", """", """"]"
Player,managed-llama-3-3-70b-instruct,w20,player,106,position,0,1,"[""Frontcourt"", ""Frontcourt"", ""Frontcourt"", ""Frontcourt"", ""Frontcourt""]"
Player,managed-llama-3-3-70b-instruct,w20,player,106,team,0,1,"[""Philadelphia 76ers||Miami Heat||Charlotte Hornets"", ""Philadelphia 76ers||Miami Heat||Charlotte Hornets"", ""Philadelphia 76ers||Miami Heat||Charlotte Hornets"", ""Philadelphia 76ers||Miami Heat||Charlotte Hornets"", ""Philadelphia 76ers||Miami Heat||Charlotte Hornets""]"
Player,managed-llama-3-3-70b-instruct,w20,player,107,age,0,1,"[""29"", ""29"", ""29"", ""29"", ""29""]"
Player,managed-llama-3-3-70b-instruct,w20,player,107,birth_date,0,1,"[""1995/2/23"", ""1995/2/23"", ""1995/2/23"", ""1995/2/23"", ""1995/2/23""]"
Player,managed-llama-3-3-70b-instruct,w20,player,107,college,0,1,"[""University of Kansas"", ""University of Kansas"", ""University of Kansas"", ""University of Kansas"", ""University of Kansas""]"
Player,managed-llama-3-3-70b-instruct,w20,player,107,draft_pick,0,1,"[""1"", ""1"", ""1"", ""1"", ""1""]"
Player,managed-llama-3-3-70b-instruct,w20,player,107,draft_year,0,1,"[""2014"", ""2014"", ""2014"", ""2014"", ""2014""]"
Player,managed-llama-3-3-70b-instruct,w20,player,107,fiba_world_cup,0,1,"[""0"", ""0"", ""0"", ""0"", ""0""]"
Player,managed-llama-3-3-70b-instruct,w20,player,107,mvp_awards,0,1,"[""0"", ""0"", ""0"", ""0"", ""0""]"
Player,managed-llama-3-3-70b-instruct,w20,player,107,name,0,1,"[""Andrew Christian Wiggins"", ""Andrew Christian Wiggins"", ""Andrew Christian Wiggins"", ""Andrew Christian Wiggins"", ""Andrew Christian Wiggins""]"
Player,managed-llama-3-3-70b-instruct,w20,player,107,nationality,0,1,"[""Canadian || American"", ""Canadian || American"", ""Canadian || American"", ""Canadian || American"", ""Canadian || American""]"
Player,managed-llama-3-3-70b-instruct,w20,player,107,nba_championships,0,1,"[""1"", ""1"", ""1"", ""1"", ""1""]"
Player,managed-llama-3-3-70b-instruct,w20,player,107,olympic_gold_medals,0,1,"[""0"", ""0"", ""0"", ""0"", ""0""]"
Player,managed-llama-3-3-70b-instruct,w20,player,107,position,0,1,"[""Frontcourt"", ""Frontcourt"", ""Frontcourt"", ""Frontcourt"", ""Frontcourt""]"
Player,managed-llama-3-3-70b-instruct,w20,player,107,team,0,1,"[""Golden State Warriors"", ""Golden State Warriors"", ""Golden State Warriors"", ""Golden State Warriors"", ""Golden State Warriors""]"
Player,managed-llama-3-3-70b-instruct,w20,player,108,age,0,1,"[""24"", ""24"", ""24"", ""24"", ""24""]"
Player,managed-llama-3-3-70b-instruct,w20,player,108,birth_date,0,1,"[""2001/2/26"", ""2001/2/26"", ""2001/2/26"", ""2001/2/26"", ""2001/2/26""]"
Player,managed-llama-3-3-70b-instruct,w20,player,108,college,0,1,"[""Rice University"", ""Rice University"", ""Rice University"", ""Rice University"", ""Rice University""]"
Player,managed-llama-3-3-70b-instruct,w20,player,108,draft_pick,0,1,"["""", """", """", """", """"]"
Player,managed-llama-3-3-70b-instruct,w20,player,108,draft_year,0,1,"[""2024"", ""2024"", ""2024"", ""2024"", ""2024""]"
Player,managed-llama-3-3-70b-instruct,w20,player,108,fiba_world_cup,0,1,"["""", """", """", """", """"]"
Player,managed-llama-3-3-70b-instruct,w20,player,108,mvp_awards,0,1,"[""0"", ""0"", ""0"", ""0"", ""0""]"
Player,managed-llama-3-3-70b-instruct,w20,player,108,name,0,1,"[""Max Berning Fiedler"", ""Max Berning Fiedler"", ""Max Berning Fiedler"", ""Max Berning Fiedler"", ""Max Berning Fiedler""]"
Player,managed-llama-3-3-70b-instruct,w20,player,108,nationality,0,1,"[""USA"", ""USA"", ""USA"", ""USA"", ""USA""]"
Player,managed-llama-3-3-70b-instruct,w20,player,108,nba_championships,0,1,"["""", """", """", """", """"]"
Player,managed-llama-3-3-70b-instruct,w20,player,108,olympic_gold_medals,0,1,"["""", """", """", """", """"]"
Player,managed-llama-3-3-70b-instruct,w20,player,108,position,0,1,"[""Frontcourt"", ""Frontcourt"", ""Frontcourt"", ""Frontcourt"", ""Frontcourt""]"
Player,managed-llama-3-3-70b-instruct,w20,player,108,team,0,1,"[""Philadelphia 76ers"", ""Philadelphia 76ers"", ""Philadelphia 76ers"", ""Philadelphia 76ers"", ""Philadelphia 76ers""]"
Player,managed-llama-3-3-70b-instruct,w20,player,109,age,0,1,"[""27"", ""27"", ""27"", ""27"", ""27""]"
Player,managed-llama-3-3-70b-instruct,w20,player,109,birth_date,0,1,"[""1997/7/17"", ""1997/7/17"", ""1997/7/17"", ""1997/7/17"", ""1997/7/17""]"
Player,managed-llama-3-3-70b-instruct,w20,player,109,college,0,1,"[""Indiana University"", ""Indiana University"", ""Indiana University"", ""Indiana University"", ""Indiana University""]"
Player,managed-llama-3-3-70b-instruct,w20,player,109,draft_pick,0,1,"[""23"", ""23"", ""23"", ""23"", ""23""]"
Player,managed-llama-3-3-70b-instruct,w20,player,109,draft_year,0,1,"[""2017"", ""2017"", ""2017"", ""2017"", ""2017""]"
Player,managed-llama-3-3-70b-instruct,w20,player,109,fiba_world_cup,0,1,"["""", """", """", """", """"]"
Player,managed-llama-3-3-70b-instruct,w20,player,109,mvp_awards,0,1,"[""0"", ""0"", ""0"", ""0"", ""0""]"
Player,managed-llama-3-3-70b-instruct,w20,player,109,name,0,1,"[""Ogugua \""OG\"" Anunoby Jr."", ""Ogugua \""OG\"" Anunoby Jr."", ""Ogugua \""OG\"" Anunoby Jr."", ""Ogugua \""OG\"" Anunoby Jr."", ""Ogugua \""OG\"" Anunoby Jr.""]"
Player,managed-llama-3-3-70b-instruct,w20,player,109,nationality,0,1,"[""British || Nigerian"", ""British || Nigerian"", ""British || Nigerian"", ""British || Nigerian"", ""British || Nigerian""]"
Player,managed-llama-3-3-70b-instruct,w20,player,109,nba_championships,0,1,"[""1"", ""1"", ""1"", ""1"", ""1""]"
Player,managed-llama-3-3-70b-instruct,w20,player,109,olympic_gold_medals,0,1,"["""", """", """", """", """"]"
Player,managed-llama-3-3-70b-instruct,w20,player,109,position,0,1,"[""Frontcourt"", ""Frontcourt"", ""Frontcourt"", ""Frontcourt"", ""Frontcourt""]"
Player,managed-llama-3-3-70b-instruct,w20,player,109,team,1,2,"[""New York Knicks||Toronto Raptors"", ""New York Knicks||Toronto Raptors"", ""New York Knicks"", ""New York Knicks"", ""New York Knicks""]"
Player,managed-llama-3-3-70b-instruct,w20,player,110,age,0,1,"[""28"", ""28"", ""28"", ""28"", ""28""]"
Player,managed-llama-3-3-70b-instruct,w20,player,110,birth_date,0,1,"[""1996/10/24"", ""1996/10/24"", ""1996/10/24"", ""1996/10/24"", ""1996/10/24""]"
Player,managed-llama-3-3-70b-instruct,w20,player,110,college,0,1,"[""University of California, Berkeley"", ""University of California, Berkeley"", ""University of California, Berkeley"", ""University of California, Berkeley"", ""University of California, Berkeley""]"
Player,managed-llama-3-3-70b-instruct,w20,player,110,draft_pick,0,1,"[""3"", ""3"", ""3"", ""3"", ""3""]"
Player,managed-llama-3-3-70b-instruct,w20,player,110,draft_year,0,1,"[""2016"", ""2016"", ""2016"", ""2016"", ""2016""]"
Player,managed-llama-3-3-70b-instruct,w20,player,110,fiba_world_cup,0,1,"[""1"", ""1"", ""1"", ""1"", ""1""]"
Player,managed-llama-3-3-70b-instruct,w20,player,110,mvp_awards,0,1,"[""1"", ""1"", ""1"", ""1"", ""1""]"
Player,managed-llama-3-3-70b-instruct,w20,player,110,name,0,1,"[""Jaylen Marselles Brown"", ""Jaylen Marselles Brown"", ""Jaylen Marselles Brown"", ""Jaylen Marselles Brown"", ""Jaylen Marselles Brown""]"
Player,managed-llama-3-3-70b-instruct,w20,player,110,nationality,0,1,"[""USA"", ""USA"", ""USA"", ""USA"", ""USA""]"
Player,managed-llama-3-3-70b-instruct,w20,player,110,nba_championships,0,1,"[""1"", ""1"", ""1"", ""1"", ""1""]"
Player,managed-llama-3-3-70b-instruct,w20,player,110,olympic_gold_medals,0,1,"[""0"", ""0"", ""0"", ""0"", ""0""]"
Player,managed-llama-3-3-70b-instruct,w20,player,110,position,0,1,"[""Backcourt || Frontcourt"", ""Backcourt || Frontcourt"", ""Backcourt || Frontcourt"", ""Backcourt || Frontcourt"", ""Backcourt || Frontcourt""]"
Player,managed-llama-3-3-70b-instruct,w20,player,110,team,0,1,"[""Boston Celtics"", ""Boston Celtics"", ""Boston Celtics"", ""Boston Celtics"", ""Boston Celtics""]"
Player,managed-llama-3-3-70b-instruct,w20,player,111,age,0,1,"[""20"", ""20"", ""20"", ""20"", ""20""]"
Player,managed-llama-3-3-70b-instruct,w20,player,111,birth_date,0,1,"[""2004/1/4"", ""2004/1/4"", ""2004/1/4"", ""2004/1/4"", ""2004/1/4""]"
Player,managed-llama-3-3-70b-instruct,w20,player,111,college,0,1,"[""None"", ""None"", ""None"", ""None"", ""None""]"
Player,managed-llama-3-3-70b-instruct,w20,player,111,draft_pick,0,1,"[""1"", ""1"", ""1"", ""1"", ""1""]"
Player,managed-llama-3-3-70b-instruct,w20,player,111,draft_year,0,1,"[""2023"", ""2023"", ""2023"", ""2023"", ""2023""]"
Player,managed-llama-3-3-70b-instruct,w20,player,111,fiba_world_cup,0,1,"[""1"", ""1"", ""1"", ""1"", ""1""]"
Player,managed-llama-3-3-70b-instruct,w20,player,111,mvp_awards,0,1,"[""1"", ""1"", ""1"", ""1"", ""1""]"
Player,managed-llama-3-3-70b-instruct,w20,player,111,name,0,1,"[""Victor Wembanyama"", ""Victor Wembanyama"", ""Victor Wembanyama"", ""Victor Wembanyama"", ""Victor Wembanyama""]"
Player,managed-llama-3-3-70b-instruct,w20,player,111,nationality,0,1,"[""French"", ""French"", ""French"", ""French"", ""French""]"
Player,managed-llama-3-3-70b-instruct,w20,player,111,nba_championships,0,1,"[""0"", ""0"", ""0"", ""0"", ""0""]"
Player,managed-llama-3-3-70b-instruct,w20,player,111,olympic_gold_medals,0,1,"[""0"", ""0"", ""0"", ""0"", ""0""]"
Player,managed-llama-3-3-70b-instruct,w20,player,111,position,0,1,"[""Frontcourt"", ""Frontcourt"", ""Frontcourt"", ""Frontcourt"", ""Frontcourt""]"
Player,managed-llama-3-3-70b-instruct,w20,player,111,team,0,1,"[""San Antonio Spurs"", ""San Antonio Spurs"", ""San Antonio Spurs"", ""San Antonio Spurs"", ""San Antonio Spurs""]"
Player,managed-llama-3-3-70b-instruct,w20,player,112,age,0,1,"[""33"", ""33"", ""33"", ""33"", ""33""]"
Player,managed-llama-3-3-70b-instruct,w20,player,112,birth_date,0,1,"[""1990/6/12"", ""1990/6/12"", ""1990/6/12"", ""1990/6/12"", ""1990/6/12""]"
Player,managed-llama-3-3-70b-instruct,w20,player,112,college,0,1,"[""UCLA"", ""UCLA"", ""UCLA"", ""UCLA"", ""UCLA""]"
Player,managed-llama-3-3-70b-instruct,w20,player,112,draft_pick,0,1,"[""17"", ""17"", ""17"", ""17"", ""17""]"
Player,managed-llama-3-3-70b-instruct,w20,player,112,draft_year,0,1,"[""2009"", ""2009"", ""2009"", ""2009"", ""2009""]"
Player,managed-llama-3-3-70b-instruct,w20,player,112,fiba_world_cup,0,1,"[""1"", ""1"", ""1"", ""1"", ""1""]"
Player,managed-llama-3-3-70b-instruct,w20,player,112,mvp_awards,0,1,"[""0"", ""0"", ""0"", ""0"", ""0""]"
Player,managed-llama-3-3-70b-instruct,w20,player,112,name,0,1,"[""Jrue Randall Holiday"", ""Jrue Randall Holiday"", ""Jrue Randall Holiday"", ""Jrue Randall Holiday"", ""Jrue Randall Holiday""]"
Player,managed-llama-3-3-70b-instruct,w20,player,112,nationality,0,1,"[""USA"", ""USA"", ""USA"", ""USA"", ""USA""]"
Player,managed-llama-3-3-70b-instruct,w20,player,112,nba_championships,0,1,"[""2"", ""2"", ""2"", ""2"", ""2""]"
Player,managed-llama-3-3-70b-instruct,w20,player,112,olympic_gold_medals,0,1,"[""2"", ""2"", ""2"", ""2"", ""2""]"
Player,managed-llama-3-3-70b-instruct,w20,player,112,position,0,1,"[""Backcourt"", ""Backcourt"", ""Backcourt"", ""Backcourt"", ""Backcourt""]"
Player,managed-llama-3-3-70b-instruct,w20,player,112,team,0,1,"[""Boston Celtics"", ""Boston Celtics"", ""Boston Celtics"", ""Boston Celtics"", ""Boston Celtics""]"
Player,managed-llama-3-3-70b-instruct,w20,player,113,age,0,1,"[""25"", ""25"", ""25"", ""25"", ""25""]"
Player,managed-llama-3-3-70b-instruct,w20,player,113,birth_date,0,1,"[""1998/5/29"", ""1998/5/29"", ""1998/5/29"", ""1998/5/29"", ""1998/5/29""]"
Player,managed-llama-3-3-70b-instruct,w20,player,113,college,1,3,"[""Wichita State University || Oklahoma"", ""Wichita State University || Oklahoma"", ""Wichita State University || Oklahoma"", ""Wichita State University || Oklahoma Sooners"", ""Wichita State University || University of Oklahoma || Arkansas State""]"
Player,managed-llama-3-3-70b-instruct,w20,player,113,draft_pick,0,1,"["""", """", """", """", """"]"
Player,managed-llama-3-3-70b-instruct,w20,player,113,draft_year,0,1,"[""2021"", ""2021"", ""2021"", ""2021"", ""2021""]"
Player,managed-llama-3-3-70b-instruct,w20,player,113,fiba_world_cup,0,1,"[""1"", ""1"", ""1"", ""1"", ""1""]"
Player,managed-llama-3-3-70b-instruct,w20,player,113,mvp_awards,0,1,"[""0"", ""0"", ""0"", ""0"", ""0""]"
Player,managed-llama-3-3-70b-instruct,w20,player,113,name,0,1,"[""Austin Tyler Reaves"", ""Austin Tyler Reaves"", ""Austin Tyler Reaves"", ""Austin Tyler Reaves"", ""Austin Tyler Reaves""]"
Player,managed-llama-3-3-70b-instruct,w20,player,113,nationality,0,1,"[""USA || Germany"", ""USA || Germany"", ""USA || Germany"", ""USA || Germany"", ""USA || Germany""]"
Player,managed-llama-3-3-70b-instruct,w20,player,113,nba_championships,0,1,"[""0"", ""0"", ""0"", ""0"", ""0""]"
Player,managed-llama-3-3-70b-instruct,w20,player,113,olympic_gold_medals,0,1,"["""", """", """", """", """"]"
Player,managed-llama-3-3-70b-instruct,w20,player,113,position,0,1,"[""Backcourt"", ""Backcourt"", ""Backcourt"", ""Backcourt"", ""Backcourt""]"
Player,managed-llama-3-3-70b-instruct,w20,player,113,team,0,1,"[""Los Angeles Lakers"", ""Los Angeles Lakers"", ""Los Angeles Lakers"", ""Los Angeles Lakers"", ""Los Angeles Lakers""]"
Player,managed-llama-3-3-70b-instruct,w20,player,114,age,0,1,"[""38"", ""38"", ""38"", ""38"", ""38""]"
Player,managed-llama-3-3-70b-instruct,w20,player,114,birth_date,0,1,"[""1988/9/7"", ""1988/9/7"", ""1988/9/7"", ""1988/9/7"", ""1988/9/7""]"
Player,managed-llama-3-3-70b-instruct,w20,player,114,college,0,1,"[""UCLA Bruins"", ""UCLA Bruins"", ""UCLA Bruins"", ""UCLA Bruins"", ""UCLA Bruins""]"
Player,managed-llama-3-3-70b-instruct,w20,player,114,draft_pick,0,1,"[""5"", ""5"", ""5"", ""5"", ""5""]"
Player,managed-llama-3-3-70b-instruct,w20,player,114,draft_year,0,1,"[""2008"", ""2008"", ""2008"", ""2008"", ""2008""]"
Player,managed-llama-3-3-70b-instruct,w20,player,114,fiba_world_cup,0,1,"[""1"", ""1"", ""1"", ""1"", ""1""]"
Player,managed-llama-3-3-70b-instruct,w20,player,114,mvp_awards,0,1,"[""1"", ""1"", ""1"", ""1"", ""1""]"
Player,managed-llama-3-3-70b-instruct,w20,player,114,name,1,3,"[""Kevin Wesley Love || LeBron James || Kevin McHale || Stan Love || Klay Thompson || Kyrie Irving || Russell Westbrook || Dwight Howard || Deron Williams || Yao Ming || O. J. Mayo || Al Jefferson || Luis Scola || Stephen Curry || Karl-Anthony Towns || Andrew Wiggins || Anthony Bennett || Thaddeus Young || Luc Mbah a Moute || Alexey Shved || Greg Buckner || Antoine Walker || Marko Jari\u0107 || Kelly Olynyk || Moses Malone || Hakeem Olajuwon || Elvin Hayes || Wilt Chamberlain || Wes Unseld || Brian Cardinal || Mike Miller || Jason Collins || Rashad McCants || Zydrunas Ilgauskas || Tristan Thompson || Andre Drummond || DeMar DeRozan || Kyle Singler || Charles Barkley || Bill Walton || John Wooden || Wes Unseld || Carl Landry || Dirk Nowitzki || Chris Bosh || Pau Gasol || LaMarcus Aldridge || Blake Griffin || Kevin Garnett || Nikola Pekovi\u0107 || Ricky Rubio || Zach Randolph || Marc Gasol || Tyson Chandler || Joakim Noah || David Lee || Paul George || Chris Paul || James Harden || Kobe Bryant || Tim Duncan || Tony Parker || Manu Ginobili || Dwyane Wade || Chris Bosh || Ray Allen || Shane Battier || Mike Miller || Mario Chalmers || Udonis Haslem || Norris Cole || Mike Conley || Zach Randolph || Marc Gasol || O. J. Mayo || Rudy Gay || Mike Bibby || Josh Smith || Al Horford || Joe Johnson || Jamal Crawford || Kyle Korver || Luol Deng || Derrick Rose || Joakim Noah || Carlos Boozer || Richard Hamilton || Ben Gordon || Rodney Stuckey || Charlie Villanueva || Greg Monroe || Brandon Knight || Andre Iguodala || Danny Granger || David West || Roy Hibbert || George Hill || Paul George || Darren Collison || Tyler Hansbrough || Danny Green || Kawhi Leonard || Tony Parker || Manu Ginobili || Tim Duncan || Boris Diaw || Tiago Splitter || Stephen Jackson || Gary Neal || Matt Bonner || DeJuan Blair || Patty Mills || Cory Joseph || Nando De Colo || Aron Baynes || Marco Belinelli || Jeff Ayres || John Salmons || Chuck Hayes || Patrick Patterson || Greivis V\u00e1squez || Kyle Lowry || Amir Johnson || Jonas Valanciunas || DeMar DeRozan || Terrence Ross || Landry Fields || Quincy Acy || Aaron Gray || Dwight Buycks || Julyan Stone || Steve Novak || Carlos Delfino || Jos\u00e9 Calder\u00f3n || Andrea Bargnani || Ed Davis || Alan Anderson || Linas Kleiza || John Lucas III || Dominic McGuire || Amir Johnson || Jamaal Magloire || Rasual Butler || Solomon Alabi || Ben Uzoh || Gary Forbes || Aaron Gray || Joel Anthony || Mike Miller || Shane Battier || LeBron James || Dwyane Wade || Chris Bosh || Mario Chalmers || Norris Cole || James Jones || Mike Miller || Rashard Lewis || Ray Allen || Greg Oden || Josh McRoberts || Michael Beasley || Chris Andersen || Udonis Haslem || Toney Douglas || Justin Hamilton || Jarvis Varnado || Joel Anthony || Roger Mason || Chris Bosh || Josh McRoberts || Chris Andersen || Rashard Lewis || James Jones || Norris Cole || Mario Chalmers || Dwyane Wade || LeBron James || Kevin Durant || Russell Westbrook || Serge Ibaka || Kendrick Perkins || Thabo Sefolosha || Kevin Martin || Caron Butler || Derek Fisher || Nick Collison || Steven Adams || Perry Jones || Jeremy Lamb || Reggie Jackson || Andre Roberson || Grant Jerrett || Ryan Gomes || Hasheem Thabeet || Daniel Orton || Diante Garrett || Royal Ivey || Ryan Bowen || Kevin Durant || Russell Westbrook || Serge Ibaka || Kendrick Perkins || Thabo Sefolosha || Kevin Martin || Caron Butler || Derek Fisher || Nick Collison || Steven Adams || Perry Jones || Jeremy Lamb || Reggie Jackson || Andre Roberson || Grant Jerrett || Ryan Gomes || Hasheem Thabeet || Daniel Orton || Diante Garrett || Royal Ivey || Ryan Bowen || Kevin Durant || Russell Westbrook || Serge Ibaka || Kendrick Perkins || Thabo Sefolosha || Kevin Martin || Caron Butler || Derek Fisher || Nick Collison || Steven Adams || Perry Jones || Jeremy Lamb || Reggie Jackson || Andre Roberson || Grant Jerrett || Ryan Gomes || Hasheem Thabeet || Daniel Orton || Diante Garrett || Royal Ivey || Ryan Bowen || Kevin Durant || Russell Westbrook || Serge Ibaka || Kendrick Perkins || Thabo Sefolosha || Kevin Martin || Caron Butler || Derek Fisher || Nick Collison || Steven Adams || Perry Jones || Jeremy Lamb || Reggie Jackson || Andre Roberson || Grant Jerrett || Ryan Gomes || Hasheem Thabeet || Daniel Orton || Diante Garrett || Royal Ivey || Ryan Bowen || Kevin Durant || Russell Westbrook || Serge Ibaka || Kendrick Perkins || Thabo Sefolosha || Kevin Martin || Caron Butler || Derek Fisher || Nick Collison || Steven Adams || Perry Jones || Jeremy Lamb || Reggie Jackson || Andre Roberson || Grant Jerrett || Ryan Gomes || Hasheem Thabeet || Daniel Orton || Diante Garrett || Royal Ivey || Ryan Bowen || Kevin Durant || Russell Westbrook || Serge Ibaka || Kendrick Perkins || Thabo Sefolosha || Kevin Martin || Caron Butler || Derek Fisher || Nick Collison || Steven Adams || Perry Jones || Jeremy Lamb || Reggie Jackson || Andre Roberson || Grant Jerrett || Ryan Gomes || Hasheem Thabeet || Daniel Orton || Diante Garrett || Royal Ivey || Ryan Bowen || Kevin Durant || Russell Westbrook || Serge Ibaka || Kendrick Perkins || Thabo Sefolosha || Kevin Martin || Caron Butler || Derek Fisher || Nick Collison || Steven Adams || Perry Jones || Jeremy Lamb || Reggie Jackson || Andre Roberson || Grant Jerrett || Ryan Gomes || Hasheem Thabeet || Daniel Orton || Diante Garrett || Royal Ivey || Ryan Bowen || Kevin Durant || Russell Westbrook || Serge Ibaka || Kendrick Perkins || Thabo Sefolosha || Kevin Martin || Caron Butler || Derek Fisher || Nick Collison || Steven Adams || Perry Jones || Jeremy Lamb || Reggie Jackson || Andre Roberson || Grant Jerrett || Ryan Gomes || Hasheem Thabeet || Daniel Orton || Diante Garrett || Royal Ivey || Ryan Bowen || Kevin Durant || Russell Westbrook || Serge Ibaka || Kendrick Perkins || Thabo Sefolosha || Kevin Martin || Caron Butler || Derek Fisher || Nick Collison || Steven Adams || Perry Jones || Jeremy Lamb || Reggie Jackson || Andre Roberson || Grant Jerrett || Ryan Gomes || Hasheem Thabeet || Daniel Orton || Diante Garrett || Royal Ivey || Ryan Bowen || Kevin Durant || Russell Westbrook || Serge Ibaka || Kendrick Perkins || Thabo Sefolosha || Kevin Martin || Caron Butler || Derek Fisher || Nick Collison || Steven Adams || Perry Jones || Jeremy Lamb || Reggie Jackson || Andre Roberson || Grant Jerrett || Ryan Gomes || Hasheem Thabeet || Daniel Orton || Diante Garrett || Royal Ivey || Ryan Bowen || Kevin Durant || Russell Westbrook || Serge Ibaka || Kendrick Perkins || Thabo Sefolosha || Kevin Martin || Caron Butler || Derek Fisher || Nick Collison || Steven Adams || Perry Jones || Jeremy Lamb || Reggie Jackson || Andre Roberson || Grant Jerrett || Ryan Gomes || Hasheem Thabeet || Daniel Orton || Diante Garrett || Royal Ivey || Ryan Bowen || Kevin Durant || Russell Westbrook || Serge Ibaka || Kendrick Perkins || Thabo Sefolosha || Kevin Martin || Caron Butler || Derek Fisher || Nick Collison || Steven Adams || Perry Jones || Jeremy Lamb || Reggie Jackson || Andre Roberson || Grant Jerrett || Ryan Gomes || Hasheem Thabeet || Daniel Orton || Diante Garrett || Royal Ivey || Ryan Bowen || Kevin Durant || Russell Westbrook || Serge Ibaka || Kendrick Perkins || Thabo Sefolosha || Kevin Martin || Caron Butler || Derek Fisher || Nick Collison || Steven Adams || Perry Jones || Jeremy Lamb || Reggie Jackson || Andre Roberson || Grant Jerrett || Ryan Gomes || Hasheem Thabeet || Daniel Orton || Diante Garrett || Royal Ivey || Ryan Bowen || Kevin Durant || Russell Westbrook || Serge Ibaka || Kendrick Perkins || Thabo Sefolosha || Kevin Martin || Caron Butler || Derek Fisher || Nick Collison || Steven Adams || Perry Jones || Jeremy Lamb || Reggie Jackson || Andre Roberson || Grant Jerrett || Ryan Gomes || Hasheem Thabeet || Daniel Orton || Diante Garrett || Royal Ivey || Ryan Bowen || Kevin Durant || Russell Westbrook || Serge Ibaka || Kendrick Perkins || Thabo Sefolosha || Kevin Martin || Caron Butler || Derek Fisher || Nick Collison || Steven Adams || Perry Jones || Jeremy Lamb || Reggie Jackson || Andre Roberson || Grant Jerrett || Ryan Gomes || Hasheem Thabeet || Daniel Orton || Diante Garrett || Royal Ivey || Ryan Bowen || Kevin Durant || Russell Westbrook || Serge Ibaka || Kendrick Perkins || Thabo Sefolosha || Kevin Martin || Caron Butler || Derek Fisher || Nick Collison || Steven Adams || Perry Jones || Jeremy Lamb || Reggie Jackson || Andre Roberson || Grant Jerrett || Ryan Gomes || Hasheem Thabeet || Daniel Orton || Diante Garrett || Royal Ivey || Ryan Bowen || Kevin Durant || Russell Westbrook || Serge Ibaba || Kendrick Perkins || Thabo Sefolosha || Kevin Martin || Caron Butler || Derek Fisher || Nick Collison || Steven Adams || Perry Jones || Jeremy Lamb || Reggie Jackson || Andre Roberson || Grant Jerrett || Ryan Gomes || Hasheem Thabeet || Daniel Orton || Diante Garrett || Royal Ivey || Ryan Bowen || Kevin Durant || Russell Westbrook || Serge Ibaka || Kendrick Perkins || Thabo Sefolosha || Kevin Martin || Caron Butler || Derek Fisher || Nick Collison || Steven Adams || Perry Jones || Jeremy Lamb || Reggie Jackson || Andre Roberson || Grant Jerrett || Ryan Gomes || Hasheem Thabeet || Daniel Orton || Diante Garrett || Royal Ivey || Ryan Bowen || Kevin Durant || Russell Westbrook || Serge Ibaka || Kendrick Perkins || Thabo Sefolosha || Kevin Martin || Caron Butler || Derek Fisher || Nick Collison || Steven Adams || Perry Jones || Jeremy Lamb || Reggie Jackson || Andre Roberson || Grant Jerrett || Ryan Gomes || Hasheem Thabeet || Daniel Orton || Diante Garrett || Royal Ivey || Ryan Bowen || Kevin Durant || Russell Westbrook || Serge Ibaka || Kendrick Perkins || Thabo Sefolosha || Kevin Martin || Caron Butler || Derek Fisher || Nick Collison || Steven Adams || Perry Jones || Jeremy Lamb || Reggie Jackson || Andre Roberson || Grant Jerrett || Ryan Gomes || Hasheem Thabeet || Daniel Orton || Diante Garrett || Royal Ivey || Ryan Bowen || Kevin Durant || Russell Westbrook || Serge Ibaka || Kendrick Perkins || Thabo Sefolosha || Kevin Martin || Caron Butler || Derek Fisher || Nick Collison || Steven Adams || Perry Jones || Jeremy Lamb || Reggie Jackson || Andre Roberson || Grant Jerrett || Ryan Gomes || Hasheem Thabeet || Daniel Orton || Diante Garrett || Royal Ivey || Ryan Bowen || Kevin Durant || Russell Westbrook || Serge Ibaka || Kendrick Perkins || Thabo Sefolosha || Kevin Martin || Caron Butler || Derek Fisher || Nick Collison || Steven Adams || Perry Jones || Jeremy Lamb || Reggie Jackson || Andre Roberson || Grant Jerrett || Ryan Gomes || Hasheem Thabeet || Daniel Orton || Diante Garrett || Royal Ivey || Ryan Bowen || Kevin Durant || Russell Westbrook || Serge Ibaka || Kendrick Perkins || Thabo Sefolosha || Kevin Martin || Caron Butler || Derek Fisher || Nick Collison || Steven Adams || Perry Jones || Jeremy Lamb || Reggie Jackson || Andre Roberson || Grant Jerrett || Ryan Gomes || Hasheem Thabeet || Daniel Orton || Diante Garrett || Royal Ivey || Ryan Bowen || Kevin Durant || Russell Westbrook || Serge Ibaka || Kendrick Perkins || Thabo Sefolosha || Kevin Martin || Caron Butler || Derek Fisher || Nick Collison || Steven Adams || Perry Jones || Jeremy Lamb || Reggie Jackson || Andre Roberson || Grant Jerrett || Ryan Gomes || Hasheem Thabeet || Daniel Orton || Diante Garrett || Royal Ivey || Ryan Bowen || Kevin Durant || Russell Westbrook || Serge Ibaka || Kendrick Perkins || Thabo Sefolosha || Kevin Martin || Caron Butler || Derek Fisher || Nick Collison || Steven Adams || Perry Jones || Jeremy Lamb || Reggie Jackson || Andre Roberson || Grant Jerrett || Ryan Gomes || Hasheem Thabeet || Daniel Orton || Diante Garrett || Royal Ivey || Ryan Bowen || Kevin Durant || Russell Westbrook || Serge Ibaka || Kendrick Perkins || Thabo Sefolosha || Kevin Martin || Caron Butler || Derek Fisher || Nick Collison || Steven Adams || Perry Jones || Jeremy Lamb || Reggie Jackson || Andre Roberson || Grant Jerrett || Ryan Gomes || Hasheem Thabeet || Daniel Orton || Diante Garrett || Royal Ivey || Ryan Bowen || Kevin Durant || Russell Westbrook || Serge Ibaka || Kendrick Perkins || Thabo Sefolosha || Kevin Martin || Caron Butler || Derek Fisher || Nick Collison || Steven Adams || Perry Jones || Jeremy Lamb || Reggie Jackson || Andre Roberson || Grant Jerrett || Ryan Gomes || Hasheem Thabeet || Daniel Orton || Diante Garrett || Royal Ivey || Ryan Bowen || Kevin Durant || Russell Westbrook || Serge Ibaka || Kendrick Perkins || Thabo Sefolosha || Kevin Martin || Caron Butler || Derek Fisher || Nick Collison || Steven Adams || Perry Jones || Jeremy Lamb || Reggie Jackson || Andre Roberson || Grant Jerrett || Ryan Gomes || Hasheem Thabeet || Daniel Orton || Diante Garrett || Royal Ivey || Ryan Bowen || Kevin Durant || Russell Westbrook || Serge Ibaka || Kendrick Perkins || Thabo Sefolosha || Kevin Martin || Caron Butler || Derek Fisher || Nick Collison || Steven Adams || Perry Jones || Jeremy Lamb || Reggie Jackson || Andre Roberson || Grant Jerrett || Ryan Gomes || Hasheem Thabeet || Daniel Orton || Diante Garrett || Royal Ivey || Ryan Bowen || Kevin Durant || Russell Westbrook || Serge Ibaka || Kendrick Perkins || Thabo Sefolosha || Kevin Martin || Caron Butler || Derek Fisher || Nick Collison || Steven Adams || Perry Jones || Jeremy Lamb || Reggie Jackson || Andre Roberson || Grant Jerrett || Ryan Gomes || Hasheem Thabeet || Daniel Orton || Diante Garrett || Royal Ivey || Ryan Bowen || Kevin Durant || Russell Westbrook || Serge Ibaka || Kendrick Perkins || Thabo Sefolosha || Kevin Martin || Caron Butler || Derek Fisher || Nick Collison || Steven Adams || Perry Jones || Jeremy Lamb || Reggie Jackson || Andre Roberson || Grant Jerrett || Ryan Gomes || Hasheem Thabeet || Daniel Orton || Diante Garrett || Royal Ivey || Ryan Bowen || Kevin Durant || Russell Westbrook || Serge Ibaka || Kendrick Perkins || Thabo Sefolosha || Kevin Martin || Caron Butler || Derek Fisher || Nick Collison || Steven Adams || Perry Jones || Jeremy Lamb || Reggie Jackson || Andre Roberson || Grant Jerrett || Ryan Gomes || Hasheem Thabeet || Daniel Orton || Diante Garrett || Royal Ivey || Ryan Bowen || Kevin Durant || Russell Westbrook || Serge Ibaka || Kendrick Perkins || Thabo Sefolosha || Kevin Martin || Caron Butler || Derek Fisher || Nick Collison || Steven Adams || Perry Jones || Jeremy Lamb || Reggie Jackson || Andre Roberson || Grant Jerrett || Ryan Gomes || Hasheem Thabeet || Daniel Orton || Diante Garrett || Royal Ivey || Ryan Bowen || Kevin Durant || Russell Westbrook || Serge Ibaka || Kendrick Perkins || Thabo Sefolosha || Kevin Martin || Caron Butler || Derek Fisher || Nick Collison || Steven Adams || Perry Jones || Jeremy Lamb || Reggie Jackson || Andre Roberson || Grant Jerrett || Ryan Gomes || Hasheem Thabeet || Daniel Orton || Diante Garrett || Royal Ivey || Ryan Bowen || Kevin Durant || Russell Westbrook || Serge Ibaka || Kendrick Perkins || Thabo Sefolosha || Kevin Martin || Caron Butler || Derek Fisher || Nick Collison || Steven Adams || Perry Jones || Jeremy Lamb || Reggie Jackson || Andre Roberson || Grant Jerrett || Ryan Gomes || Hasheem Thabeet || Daniel Orton || Diante Garrett || Royal Ivey || Ryan Bowen || Kevin Durant || Russell Westbrook || Serge Ibaka || Kendrick Perkins || Thabo Sefolosha || Kevin Martin || Caron Butler || Derek Fisher || Nick Collison || Steven Adams || Perry Jones || Jeremy Lamb || Reggie Jackson || Andre Roberson || Grant Jerrett || Ryan Gomes || Hasheem Thabeet || Daniel Orton || Diante Garrett || Royal Ivey || Ryan Bowen || Kevin Durant || Russell Westbrook || Serge Ibaka || Kendrick Perkins || Thabo Sefolosha || Kevin Martin || Caron Butler || Derek Fisher || Nick Collison || Steven Adams || Perry Jones || Jeremy Lamb || Reggie Jackson || Andre Roberson || Grant Jerrett || Ryan Gomes || Hasheem Thabeet || Daniel Orton || Diante Garrett || Royal Ivey || Ryan Bowen || Kevin Durant || Russell Westbrook || Serge Ibaka || Kendrick Perkins || Thabo Sefolosha || Kevin Martin || Caron Butler || Derek Fisher || Nick Collison || Steven Adams || Perry Jones || Jeremy Lamb || Reggie Jackson || Andre Roberson || Grant Jerrett || Ryan Gomes || Hasheem Thabeet || Daniel Orton || Diante Garrett || Royal Ivey || Ryan Bowen || Kevin Durant || Russell Westbrook || Serge Ibaka || Kendrick Perkins || Thabo Sefolosha || Kevin Martin || Caron Butler || Derek Fisher || Nick Collison || Steven Adams || Perry Jones || Jeremy Lamb || Reggie Jackson || Andre Roberson || Grant Jerrett || Ryan Gomes || Hasheem Thabeet || Daniel Orton || Diante Garrett || Royal Ivey || Ryan Bowen || Kevin Durant || Russell Westbrook || Serge Ibaka || Kendrick Perkins || Thabo Sefolosha || Kevin Martin || Caron Butler || Derek Fisher || Nick Collison || Steven Adams || Perry Jones || Jeremy Lamb || Reggie Jackson || Andre Roberson || Grant Jerrett || Ryan Gomes || Hasheem Thabeet || Daniel Orton || Diante Garrett || Royal Ivey || Ryan Bowen || Kevin Durant || Russell Westbrook || Serge Ibaka || Kendrick Perkins || Thabo Sefolosha || Kevin Martin || Caron Butler || Derek Fisher || Nick Collison || Steven Adams || Perry Jones || Jeremy Lamb || Reggie Jackson || Andre Roberson || Grant Jerrett || Ryan Gomes || Hasheem Thabeet || Daniel Orton || Diante Garrett || Royal Ivey || Ryan Bowen || Kevin Durant || Russell Westbrook || Serge Ibaka || Kendrick Perkins || Thabo Sefolosha || Kevin Martin || Caron Butler || Derek Fisher || Nick Collison || Steven Adams || Perry Jones || Jeremy Lamb || Reggie Jackson || Andre Roberson || Grant Jerrett || Ryan Gomes || Hasheem Thabeet"", ""Kevin Wesley Love"", ""Kevin Wesley Love"", ""Kevin Wesley Love"", ""Kevin Wesley Love || LeBron James || Kevin Love || Kyrie Irving || Russell Westbrook || Dwight Howard || Deron Williams || Klay Thompson || Stephen Curry || Stan Love || Wes Unseld || O. J. Mayo || Andrew Wiggins || Anthony Bennett || Thaddeus Young || Luc Mbah a Moute || Alexey Shved || Yao Ming || Kelly Olynyk || Moses Malone || Hakeem Olajuwon || Elvin Hayes || Wilt Chamberlain || Brian Cardinal || Jason Collins || Antoine Walker || Marko Jari\u0107 || Greg Buckner || Al Jefferson || Oleksiy Pecherov || Luis Scola || Carl Landry || Kyle Singler || Rashad McCants || Zydrunas Ilgauskas || Tristan Thompson || Andre Drummond""]"
Player,managed-llama-3-3-70b-instruct,w20,player,114,nationality,0,1,"[""USA"", ""USA"", ""USA"", ""USA"", ""USA""]"
Player,managed-llama-3-3-70b-instruct,w20,player,114,nba_championships,0,1,"[""1"", ""1"", ""1"", ""1"", ""1""]"
Player,managed-llama-3-3-70b-instruct,w20,player,114,olympic_gold_medals,0,1,"[""2"", ""2"", ""2"", ""2"", ""2""]"
Player,managed-llama-3-3-70b-instruct,w20,player,114,position,0,1,"[""Frontcourt"", ""Frontcourt"", ""Frontcourt"", ""Frontcourt"", ""Frontcourt""]"
Player,managed-llama-3-3-70b-instruct,w20,player,114,team,0,1,"[""Miami Heat"", ""Miami Heat"", ""Miami Heat"", ""Miami Heat"", ""Miami Heat""]"
Player,managed-llama-3-3-70b-instruct,w20,player,115,age,0,1,"[""29"", ""29"", ""29"", ""29"", ""29""]"
Player,managed-llama-3-3-70b-instruct,w20,player,115,birth_date,0,1,"[""1994/12/6"", ""1994/12/6"", ""1994/12/6"", ""1994/12/6"", ""1994/12/6""]"
Player,managed-llama-3-3-70b-instruct,w20,player,115,college,0,1,"[""None"", ""None"", ""None"", ""None"", ""None""]"
Player,managed-llama-3-3-70b-instruct,w20,player,115,draft_pick,0,1,"[""15"", ""15"", ""15"", ""15"", ""15""]"
Player,managed-llama-3-3-70b-instruct,w20,player,115,draft_year,0,1,"[""2013"", ""2013"", ""2013"", ""2013"", ""2013""]"
Player,managed-llama-3-3-70b-instruct,w20,player,115,fiba_world_cup,0,1,"[""0"", ""0"", ""0"", ""0"", ""0""]"
Player,managed-llama-3-3-70b-instruct,w20,player,115,mvp_awards,0,1,"[""2"", ""2"", ""2"", ""2"", ""2""]"
Player,managed-llama-3-3-70b-instruct,w20,player,115,name,0,1,"[""Giannis Sina Ugo Antetokounmpo"", ""Giannis Sina Ugo Antetokounmpo"", ""Giannis Sina Ugo Antetokounmpo"", ""Giannis Sina Ugo Antetokounmpo"", ""Giannis Sina Ugo Antetokounmpo""]"
Player,managed-llama-3-3-70b-instruct,w20,player,115,nationality,0,1,"[""Greek || Nigerian"", ""Greek || Nigerian"", ""Greek || Nigerian"", ""Greek || Nigerian"", ""Greek || Nigerian""]"
Player,managed-llama-3-3-70b-instruct,w20,player,115,nba_championships,0,1,"[""1"", ""1"", ""1"", ""1"", ""1""]"
Player,managed-llama-3-3-70b-instruct,w20,player,115,olympic_gold_medals,0,1,"[""0"", ""0"", ""0"", ""0"", ""0""]"
Player,managed-llama-3-3-70b-instruct,w20,player,115,position,0,1,"[""Frontcourt"", ""Frontcourt"", ""Frontcourt"", ""Frontcourt"", ""Frontcourt""]"
Player,managed-llama-3-3-70b-instruct,w20,player,115,team,0,1,"[""Milwaukee Bucks"", ""Milwaukee Bucks"", ""Milwaukee Bucks"", ""Milwaukee Bucks"", ""Milwaukee Bucks""]"
Player,managed-llama-3-3-70b-instruct,w20,player,116,age,0,1,"[""35"", ""35"", ""35"", ""35"", ""35""]"
Player,managed-llama-3-3-70b-instruct,w20,player,116,birth_date,0,1,"[""1988/3/14"", ""1988/3/14"", ""1988/3/14"", ""1988/3/14"", ""1988/3/14""]"
Player,managed-llama-3-3-70b-instruct,w20,player,116,college,0,1,"[""Davidson College"", ""Davidson College"", ""Davidson College"", ""Davidson College"", ""Davidson College""]"
Player,managed-llama-3-3-70b-instruct,w20,player,116,draft_pick,0,1,"[""7"", ""7"", ""7"", ""7"", ""7""]"
Player,managed-llama-3-3-70b-instruct,w20,player,116,draft_year,0,1,"[""2009"", ""2009"", ""2009"", ""2009"", ""2009""]"
Player,managed-llama-3-3-70b-instruct,w20,player,116,fiba_world_cup,0,1,"[""2"", ""2"", ""2"", ""2"", ""2""]"
Player,managed-llama-3-3-70b-instruct,w20,player,116,mvp_awards,0,1,"[""2"", ""2"", ""2"", ""2"", ""2""]"
Player,managed-llama-3-3-70b-instruct,w20,player,116,name,0,1,"[""Stephen Curry"", ""Stephen Curry"", ""Stephen Curry"", ""Stephen Curry"", ""Stephen Curry""]"
Player,managed-llama-3-3-70b-instruct,w20,player,116,nationality,0,1,"[""USA"", ""USA"", ""USA"", ""USA"", ""USA""]"
Player,managed-llama-3-3-70b-instruct,w20,player,116,nba_championships,0,1,"[""4"", ""4"", ""4"", ""4"", ""4""]"
Player,managed-llama-3-3-70b-instruct,w20,player,116,olympic_gold_medals,0,1,"[""1"", ""1"", ""1"", ""1"", ""1""]"
Player,managed-llama-3-3-70b-instruct,w20,player,116,position,0,1,"[""Backcourt"", ""Backcourt"", ""Backcourt"", ""Backcourt"", ""Backcourt""]"
Player,managed-llama-3-3-70b-instruct,w20,player,116,team,0,1,"[""Golden State Warriors"", ""Golden State Warriors"", ""Golden State Warriors"", ""Golden State Warriors"", ""Golden State Warriors""]"
Player,managed-llama-3-3-70b-instruct,w20,player,117,age,0,1,"[""38"", ""38"", ""38"", ""38"", ""38""]"
Player,managed-llama-3-3-70b-instruct,w20,player,117,birth_date,0,1,"[""1986/6/3"", ""1986/6/3"", ""1986/6/3"", ""1986/6/3"", ""1986/6/3""]"
Player,managed-llama-3-3-70b-instruct,w20,player,117,college,0,1,"[""University of Florida"", ""University of Florida"", ""University of Florida"", ""University of Florida"", ""University of Florida""]"
Player,managed-llama-3-3-70b-instruct,w20,player,117,draft_pick,0,1,"[""3"", ""3"", ""3"", ""3"", ""3""]"
Player,managed-llama-3-3-70b-instruct,w20,player,117,draft_year,0,1,"[""2007"", ""2007"", ""2007"", ""2007"", ""2007""]"
Player,managed-llama-3-3-70b-instruct,w20,player,117,fiba_world_cup,0,1,"[""1"", ""1"", ""1"", ""1"", ""1""]"
Player,managed-llama-3-3-70b-instruct,w20,player,117,mvp_awards,0,1,"[""0"", ""0"", ""0"", ""0"", ""0""]"
Player,managed-llama-3-3-70b-instruct,w20,player,117,name,0,1,"[""Alfred Joel Horford Reynoso"", ""Alfred Joel Horford Reynoso"", ""Alfred Joel Horford Reynoso"", ""Alfred Joel Horford Reynoso"", ""Alfred Joel Horford Reynoso""]"
Player,managed-llama-3-3-70b-instruct,w20,player,117,nationality,1,2,"[""Dominican Republic || USA"", ""Dominican Republic || USA"", ""Dominican Republic || USA"", ""Dominican"", ""Dominican Republic || USA""]"
Player,managed-llama-3-3-70b-instruct,w20,player,117,nba_championships,0,1,"[""1"", ""1"", ""1"", ""1"", ""1""]"
Player,managed-llama-3-3-70b-instruct,w20,player,117,olympic_gold_medals,0,1,"[""0"", ""0"", ""0"", ""0"", ""0""]"
Player,managed-llama-3-3-70b-instruct,w20,player,117,position,0,1,"[""Frontcourt"", ""Frontcourt"", ""Frontcourt"", ""Frontcourt"", ""Frontcourt""]"
Player,managed-llama-3-3-70b-instruct,w20,player,117,team,0,1,"[""Boston Celtics"", ""Boston Celtics"", ""Boston Celtics"", ""Boston Celtics"", ""Boston Celtics""]"
Player,managed-llama-3-3-70b-instruct,w20,player,118,age,0,1,"[""24"", ""24"", ""24"", ""24"", ""24""]"
Player,managed-llama-3-3-70b-instruct,w20,player,118,birth_date,0,1,"[""2000/1/20"", ""2000/1/20"", ""2000/1/20"", ""2000/1/20"", ""2000/1/20""]"
Player,managed-llama-3-3-70b-instruct,w20,player,118,college,0,1,"[""University of Kentucky || University of Wisconsin\u2013Madison"", ""University of Kentucky || University of Wisconsin\u2013Madison"", ""University of Kentucky || University of Wisconsin\u2013Madison"", ""University of Kentucky || University of Wisconsin\u2013Madison"", ""University of Kentucky || University of Wisconsin\u2013Madison""]"
Player,managed-llama-3-3-70b-instruct,w20,player,118,draft_pick,0,1,"[""13"", ""13"", ""13"", ""13"", ""13""]"
Player,managed-llama-3-3-70b-instruct,w20,player,118,draft_year,0,1,"[""2019"", ""2019"", ""2019"", ""2019"", ""2019""]"
Player,managed-llama-3-3-70b-instruct,w20,player,118,fiba_world_cup,0,1,"["""", """", """", """", """"]"
Player,managed-llama-3-3-70b-instruct,w20,player,118,mvp_awards,0,1,"[""0"", ""0"", ""0"", ""0"", ""0""]"
Player,managed-llama-3-3-70b-instruct,w20,player,118,name,0,1,"[""Tyler Christopher Herro"", ""Tyler Christopher Herro"", ""Tyler Christopher Herro"", ""Tyler Christopher Herro"", ""Tyler Christopher Herro""]"
Player,managed-llama-3-3-70b-instruct,w20,player,118,nationality,0,1,"[""USA"", ""USA"", ""USA"", ""USA"", ""USA""]"
Player,managed-llama-3-3-70b-instruct,w20,player,118,nba_championships,0,1,"[""0"", ""0"", ""0"", ""0"", ""0""]"
Player,managed-llama-3-3-70b-instruct,w20,player,118,olympic_gold_medals,0,1,"["""", """", """", """", """"]"
Player,managed-llama-3-3-70b-instruct,w20,player,118,position,0,1,"[""Backcourt"", ""Backcourt"", ""Backcourt"", ""Backcourt"", ""Backcourt""]"
Player,managed-llama-3-3-70b-instruct,w20,player,118,team,0,1,"[""Miami Heat"", ""Miami Heat"", ""Miami Heat"", ""Miami Heat"", ""Miami Heat""]"
Player,managed-llama-3-3-70b-instruct,w20,player,119,age,0,1,"[""31"", ""31"", ""31"", ""31"", ""31""]"
Player,managed-llama-3-3-70b-instruct,w20,player,119,birth_date,0,1,"[""1994/4/22"", ""1994/4/22"", ""1994/4/22"", ""1994/4/22"", ""1994/4/22""]"
Player,managed-llama-3-3-70b-instruct,w20,player,119,college,0,1,"[""Williams College || Michigan Wolverines"", ""Williams College || Michigan Wolverines"", ""Williams College || Michigan Wolverines"", ""Williams College || Michigan Wolverines"", ""Williams College || Michigan Wolverines""]"
Player,managed-llama-3-3-70b-instruct,w20,player,119,draft_pick,0,1,"["""", """", """", """", """"]"
Player,managed-llama-3-3-70b-instruct,w20,player,119,draft_year,0,1,"[""2018"", ""2018"", ""2018"", ""2018"", ""2018""]"
Player,managed-llama-3-3-70b-instruct,w20,player,119,fiba_world_cup,0,1,"[""1"", ""1"", ""1"", ""1"", ""1""]"
Player,managed-llama-3-3-70b-instruct,w20,player,119,mvp_awards,0,1,"[""0"", ""0"", ""0"", ""0"", ""0""]"
Player,managed-llama-3-3-70b-instruct,w20,player,119,name,0,1,"[""Duncan McBryde Robinson"", ""Duncan McBryde Robinson"", ""Duncan McBryde Robinson"", ""Duncan McBryde Robinson"", ""Duncan McBryde Robinson""]"
Player,managed-llama-3-3-70b-instruct,w20,player,119,nationality,0,1,"[""American || Hawaiian"", ""American || Hawaiian"", ""American || Hawaiian"", ""American || Hawaiian"", ""American || Hawaiian""]"
Player,managed-llama-3-3-70b-instruct,w20,player,119,nba_championships,0,1,"[""0"", ""0"", ""0"", ""0"", ""0""]"
Player,managed-llama-3-3-70b-instruct,w20,player,119,olympic_gold_medals,0,1,"["""", """", """", """", """"]"
Player,managed-llama-3-3-70b-instruct,w20,player,119,position,0,1,"[""Backcourt"", ""Backcourt"", ""Backcourt"", ""Backcourt"", ""Backcourt""]"
Player,managed-llama-3-3-70b-instruct,w20,player,119,team,0,1,"[""Miami Heat"", ""Miami Heat"", ""Miami Heat"", ""Miami Heat"", ""Miami Heat""]"
Player,managed-llama-3-3-70b-instruct,w20,player,120,age,0,1,"[""30"", ""30"", ""30"", ""30"", ""30""]"
Player,managed-llama-3-3-70b-instruct,w20,player,120,birth_date,0,1,"[""1993/9/20"", ""1993/9/20"", ""1993/9/20"", ""1993/9/20"", ""1993/9/20""]"
Player,managed-llama-3-3-70b-instruct,w20,player,120,college,0,1,"[""UCLA"", ""UCLA"", ""UCLA"", ""UCLA"", ""UCLA""]"
Player,managed-llama-3-3-70b-instruct,w20,player,120,draft_pick,0,1,"[""30"", ""30"", ""30"", ""30"", ""30""]"
Player,managed-llama-3-3-70b-instruct,w20,player,120,draft_year,0,1,"[""2014"", ""2014"", ""2014"", ""2014"", ""2014""]"
Player,managed-llama-3-3-70b-instruct,w20,player,120,fiba_world_cup,0,1,"[""1"", ""1"", ""1"", ""1"", ""1""]"
Player,managed-llama-3-3-70b-instruct,w20,player,120,mvp_awards,0,1,"[""0"", ""0"", ""0"", ""0"", ""0""]"
Player,managed-llama-3-3-70b-instruct,w20,player,120,name,0,1,"[""Kyle Anderson"", ""Kyle Anderson"", ""Kyle Anderson"", ""Kyle Anderson"", ""Kyle Anderson""]"
Player,managed-llama-3-3-70b-instruct,w20,player,120,nationality,0,1,"[""USA || China"", ""USA || China"", ""USA || China"", ""USA || China"", ""USA || China""]"
Player,managed-llama-3-3-70b-instruct,w20,player,120,nba_championships,0,1,"[""0"", ""0"", ""0"", ""0"", ""0""]"
Player,managed-llama-3-3-70b-instruct,w20,player,120,olympic_gold_medals,0,1,"["""", """", """", """", """"]"
Player,managed-llama-3-3-70b-instruct,w20,player,120,position,0,1,"[""Frontcourt || Backcourt"", ""Frontcourt || Backcourt"", ""Frontcourt || Backcourt"", ""Frontcourt || Backcourt"", ""Frontcourt || Backcourt""]"
Player,managed-llama-3-3-70b-instruct,w20,player,120,team,1,2,"[""Golden State Warriors||Minnesota Timberwolves||Memphis Grizzlies||San Antonio Spurs"", ""Golden State Warriors||Minnesota Timberwolves||Memphis Grizzlies||San Antonio Spurs"", ""Golden State Warriors||Minnesota Timberwolves||Memphis Grizzlies||San Antonio Spurs"", ""Golden State Warriors||Minnesota Timberwolves||Memphis Grizzlies||San Antonio Spurs"", ""Golden State Warriors||Memphis Grizzlies||San Antonio Spurs||Minnesota Timberwolves""]"
Player,managed-llama-3-3-70b-instruct,w20,player,121,age,0,1,"[""22"", ""22"", ""22"", ""22"", ""22""]"
Player,managed-llama-3-3-70b-instruct,w20,player,121,birth_date,0,1,"[""2001/9/25"", ""2001/9/25"", ""2001/9/25"", ""2001/9/25"", ""2001/9/25""]"
Player,managed-llama-3-3-70b-instruct,w20,player,121,college,0,1,"[""Oklahoma State University"", ""Oklahoma State University"", ""Oklahoma State University"", ""Oklahoma State University"", ""Oklahoma State University""]"
Player,managed-llama-3-3-70b-instruct,w20,player,121,draft_pick,0,1,"[""1"", ""1"", ""1"", ""1"", ""1""]"
Player,managed-llama-3-3-70b-instruct,w20,player,121,draft_year,0,1,"[""2021"", ""2021"", ""2021"", ""2021"", ""2021""]"
Player,managed-llama-3-3-70b-instruct,w20,player,121,fiba_world_cup,0,1,"[""1"", ""1"", ""1"", ""1"", ""1""]"
Player,managed-llama-3-3-70b-instruct,w20,player,121,mvp_awards,0,1,"[""0"", ""0"", ""0"", ""0"", ""0""]"
Player,managed-llama-3-3-70b-instruct,w20,player,121,name,0,1,"[""Cade Parker Cunningham"", ""Cade Parker Cunningham"", ""Cade Parker Cunningham"", ""Cade Parker Cunningham"", ""Cade Parker Cunningham""]"
Player,managed-llama-3-3-70b-instruct,w20,player,121,nationality,0,1,"[""USA"", ""USA"", ""USA"", ""USA"", ""USA""]"
Player,managed-llama-3-3-70b-instruct,w20,player,121,nba_championships,0,1,"[""0"", ""0"", ""0"", ""0"", ""0""]"
Player,managed-llama-3-3-70b-instruct,w20,player,121,olympic_gold_medals,0,1,"[""1"", ""1"", ""1"", ""1"", ""1""]"
Player,managed-llama-3-3-70b-instruct,w20,player,121,position,0,1,"[""Backcourt"", ""Backcourt"", ""Backcourt"", ""Backcourt"", ""Backcourt""]"
Player,managed-llama-3-3-70b-instruct,w20,player,121,team,0,1,"[""Detroit Pistons"", ""Detroit Pistons"", ""Detroit Pistons"", ""Detroit Pistons"", ""Detroit Pistons""]"
Player,managed-llama-3-3-70b-instruct,w20,player,122,age,0,1,"[""39"", ""39"", ""39"", ""39"", ""39""]"
Player,managed-llama-3-3-70b-instruct,w20,player,122,birth_date,0,1,"[""1984/2/30"", ""1984/2/30"", ""1984/2/30"", ""1984/2/30"", ""1984/2/30""]"
Player,managed-llama-3-3-70b-instruct,w20,player,122,college,0,1,"[""None"", ""None"", ""None"", ""None"", ""None""]"
Player,managed-llama-3-3-70b-instruct,w20,player,122,draft_pick,0,1,"[""1"", ""1"", ""1"", ""1"", ""1""]"
Player,managed-llama-3-3-70b-instruct,w20,player,122,draft_year,0,1,"[""2003"", ""2003"", ""2003"", ""2003"", ""2003""]"
Player,managed-llama-3-3-70b-instruct,w20,player,122,fiba_world_cup,0,1,"[""1"", ""1"", ""1"", ""1"", ""1""]"
Player,managed-llama-3-3-70b-instruct,w20,player,122,mvp_awards,0,1,"[""4"", ""4"", ""4"", ""4"", ""4""]"
Player,managed-llama-3-3-70b-instruct,w20,player,122,name,0,1,"[""LeBron James"", ""LeBron James"", ""LeBron James"", ""LeBron James"", ""LeBron James""]"
Player,managed-llama-3-3-70b-instruct,w20,player,122,nationality,0,1,"[""USA"", ""USA"", ""USA"", ""USA"", ""USA""]"
Player,managed-llama-3-3-70b-instruct,w20,player,122,nba_championships,0,1,"[""4"", ""4"", ""4"", ""4"", ""4""]"
Player,managed-llama-3-3-70b-instruct,w20,player,122,olympic_gold_medals,0,1,"[""3"", ""3"", ""3"", ""3"", ""3""]"
Player,managed-llama-3-3-70b-instruct,w20,player,122,position,0,1,"[""Frontcourt"", ""Frontcourt"", ""Frontcourt"", ""Frontcourt"", ""Frontcourt""]"
Player,managed-llama-3-3-70b-instruct,w20,player,122,team,0,1,"[""Los Angeles Lakers"", ""Los Angeles Lakers"", ""Los Angeles Lakers"", ""Los Angeles Lakers"", ""Los Angeles Lakers""]"
Player,managed-llama-3-3-70b-instruct,w20,player,123,age,0,1,"[""33"", ""33"", ""33"", ""33"", ""33""]"
Player,managed-llama-3-3-70b-instruct,w20,player,123,birth_date,0,1,"[""1989/9/14"", ""1989/9/14"", ""1989/9/14"", ""1989/9/14"", ""1989/9/14""]"
Player,managed-llama-3-3-70b-instruct,w20,player,123,college,0,1,"[""Tyler Junior College || Marquette University"", ""Tyler Junior College || Marquette University"", ""Tyler Junior College || Marquette University"", ""Tyler Junior College || Marquette University"", ""Tyler Junior College || Marquette University""]"
Player,managed-llama-3-3-70b-instruct,w20,player,123,draft_pick,0,1,"[""30"", ""30"", ""30"", ""30"", ""30""]"
Player,managed-llama-3-3-70b-instruct,w20,player,123,draft_year,0,1,"[""2011"", ""2011"", ""2011"", ""2011"", ""2011""]"
Player,managed-llama-3-3-70b-instruct,w20,player,123,fiba_world_cup,0,1,"[""1"", ""1"", ""1"", ""1"", ""1""]"
Player,managed-llama-3-3-70b-instruct,w20,player,123,mvp_awards,0,1,"[""1"", ""1"", ""1"", ""1"", ""1""]"
Player,managed-llama-3-3-70b-instruct,w20,player,123,name,0,1,"[""Jimmy Butler III"", ""Jimmy Butler III"", ""Jimmy Butler III"", ""Jimmy Butler III"", ""Jimmy Butler III""]"
Player,managed-llama-3-3-70b-instruct,w20,player,123,nationality,0,1,"[""USA"", ""USA"", ""USA"", ""USA"", ""USA""]"
Player,managed-llama-3-3-70b-instruct,w20,player,123,nba_championships,0,1,"[""0"", ""0"", ""0"", ""0"", ""0""]"
Player,managed-llama-3-3-70b-instruct,w20,player,123,olympic_gold_medals,0,1,"[""1"", ""1"", ""1"", ""1"", ""1""]"
Player,managed-llama-3-3-70b-instruct,w20,player,123,position,0,1,"[""Backcourt"", ""Backcourt"", ""Backcourt"", ""Backcourt"", ""Backcourt""]"
Player,managed-llama-3-3-70b-instruct,w20,player,123,team,0,1,"[""Miami Heat"", ""Miami Heat"", ""Miami Heat"", ""Miami Heat"", ""Miami Heat""]"
Player,managed-llama-3-3-70b-instruct,w20,player,124,age,0,1,"[""29"", ""29"", ""29"", ""29"", ""29""]"
Player,managed-llama-3-3-70b-instruct,w20,player,124,birth_date,0,1,"[""1996/2/6"", ""1996/2/6"", ""1996/2/6"", ""1996/2/6"", ""1996/2/6""]"
Player,managed-llama-3-3-70b-instruct,w20,player,124,college,0,1,"[""UCLA || Schreiner University"", ""UCLA || Schreiner University"", ""UCLA || Schreiner University"", ""UCLA || Schreiner University"", ""UCLA || Schreiner University""]"
Player,managed-llama-3-3-70b-instruct,w20,player,124,draft_pick,0,1,"[""30"", ""30"", ""30"", ""30"", ""30""]"
Player,managed-llama-3-3-70b-instruct,w20,player,124,draft_year,0,1,"[""2015"", ""2015"", ""2015"", ""2015"", ""2015""]"
Player,managed-llama-3-3-70b-instruct,w20,player,124,fiba_world_cup,0,1,"[""1"", ""1"", ""1"", ""1"", ""1""]"
Player,managed-llama-3-3-70b-instruct,w20,player,124,mvp_awards,0,1,"[""0"", ""0"", ""0"", ""0"", ""0""]"
Player,managed-llama-3-3-70b-instruct,w20,player,124,name,0,1,"[""Kevon Grant Looney"", ""Kevon Grant Looney"", ""Kevon Grant Looney"", ""Kevon Grant Looney"", ""Kevon Grant Looney""]"
Player,managed-llama-3-3-70b-instruct,w20,player,124,nationality,0,1,"[""USA"", ""USA"", ""USA"", ""USA"", ""USA""]"
Player,managed-llama-3-3-70b-instruct,w20,player,124,nba_championships,0,1,"[""3"", ""3"", ""3"", ""3"", ""3""]"
Player,managed-llama-3-3-70b-instruct,w20,player,124,olympic_gold_medals,0,1,"["""", """", """", """", """"]"
Player,managed-llama-3-3-70b-instruct,w20,player,124,position,0,1,"[""Frontcourt"", ""Frontcourt"", ""Frontcourt"", ""Frontcourt"", ""Frontcourt""]"
Player,managed-llama-3-3-70b-instruct,w20,player,124,team,0,1,"[""Golden State Warriors"", ""Golden State Warriors"", ""Golden State Warriors"", ""Golden State Warriors"", ""Golden State Warriors""]"
Player,managed-llama-3-3-70b-instruct,w20,player,125,age,0,1,"[""29"", ""29"", ""29"", ""29"", ""29""]"
Player,managed-llama-3-3-70b-instruct,w20,player,125,birth_date,0,1,"[""1995/3/10"", ""1995/3/10"", ""1995/3/10"", ""1995/3/10"", ""1995/3/10""]"
Player,managed-llama-3-3-70b-instruct,w20,player,125,college,0,1,"[""UCLA"", ""UCLA"", ""UCLA"", ""UCLA"", ""UCLA""]"
Player,managed-llama-3-3-70b-instruct,w20,player,125,draft_pick,0,1,"[""13"", ""13"", ""13"", ""13"", ""13""]"
Player,managed-llama-3-3-70b-instruct,w20,player,125,draft_year,0,1,"[""2014"", ""2014"", ""2014"", ""2014"", ""2014""]"
Player,managed-llama-3-3-70b-instruct,w20,player,125,fiba_world_cup,0,1,"[""0"", ""0"", ""0"", ""0"", ""0""]"
Player,managed-llama-3-3-70b-instruct,w20,player,125,mvp_awards,0,1,"[""0"", ""0"", ""0"", ""0"", ""0""]"
Player,managed-llama-3-3-70b-instruct,w20,player,125,name,0,1,"[""Zachary Thomas LaVine"", ""Zachary Thomas LaVine"", ""Zachary Thomas LaVine"", ""Zachary Thomas LaVine"", ""Zachary Thomas LaVine""]"
Player,managed-llama-3-3-70b-instruct,w20,player,125,nationality,0,1,"[""USA"", ""USA"", ""USA"", ""USA"", ""USA""]"
Player,managed-llama-3-3-70b-instruct,w20,player,125,nba_championships,0,1,"[""0"", ""0"", ""0"", ""0"", ""0""]"
Player,managed-llama-3-3-70b-instruct,w20,player,125,olympic_gold_medals,0,1,"[""1"", ""1"", ""1"", ""1"", ""1""]"
Player,managed-llama-3-3-70b-instruct,w20,player,125,position,0,1,"[""Backcourt"", ""Backcourt"", ""Backcourt"", ""Backcourt"", ""Backcourt""]"
Player,managed-llama-3-3-70b-instruct,w20,player,125,team,0,1,"[""Chicago Bulls"", ""Chicago Bulls"", ""Chicago Bulls"", ""Chicago Bulls"", ""Chicago Bulls""]"
Player,managed-llama-3-3-70b-instruct,w20,player,126,age,0,1,"[""23"", ""23"", ""23"", ""23"", ""23""]"
Player,managed-llama-3-3-70b-instruct,w20,player,126,birth_date,0,1,"[""2002/2/13"", ""2002/2/13"", ""2002/2/13"", ""2002/2/13"", ""2002/2/13""]"
Player,managed-llama-3-3-70b-instruct,w20,player,126,college,0,1,"[""Purdue"", ""Purdue"", ""Purdue"", ""Purdue"", ""Purdue""]"
Player,managed-llama-3-3-70b-instruct,w20,player,126,draft_pick,0,1,"[""5"", ""5"", ""5"", ""5"", ""5""]"
Player,managed-llama-3-3-70b-instruct,w20,player,126,draft_year,0,1,"[""2022"", ""2022"", ""2022"", ""2022"", ""2022""]"
Player,managed-llama-3-3-70b-instruct,w20,player,126,fiba_world_cup,0,1,"[""1"", ""1"", ""1"", ""1"", ""1""]"
Player,managed-llama-3-3-70b-instruct,w20,player,126,mvp_awards,0,1,"[""0"", ""0"", ""0"", ""0"", ""0""]"
Player,managed-llama-3-3-70b-instruct,w20,player,126,name,0,1,"[""Jaden Edward Dhananjay Ivey"", ""Jaden Edward Dhananjay Ivey"", ""Jaden Edward Dhananjay Ivey"", ""Jaden Edward Dhananjay Ivey"", ""Jaden Edward Dhananjay Ivey""]"
Player,managed-llama-3-3-70b-instruct,w20,player,126,nationality,0,1,"[""USA"", ""USA"", ""USA"", ""USA"", ""USA""]"
Player,managed-llama-3-3-70b-instruct,w20,player,126,nba_championships,0,1,"["""", """", """", """", """"]"
Player,managed-llama-3-3-70b-instruct,w20,player,126,olympic_gold_medals,0,1,"["""", """", """", """", """"]"
Player,managed-llama-3-3-70b-instruct,w20,player,126,position,0,1,"[""Backcourt"", ""Backcourt"", ""Backcourt"", ""Backcourt"", ""Backcourt""]"
Player,managed-llama-3-3-70b-instruct,w20,player,126,team,0,1,"[""Detroit Pistons"", ""Detroit Pistons"", ""Detroit Pistons"", ""Detroit Pistons"", ""Detroit Pistons""]"
Player,managed-llama-3-3-70b-instruct,w20,player,127,age,0,1,"[""38"", ""38"", ""38"", ""38"", ""38""]"
Player,managed-llama-3-3-70b-instruct,w20,player,127,birth_date,0,1,"[""1986/3/25"", ""1986/3/25"", ""1986/3/25"", ""1986/3/25"", ""1986/3/25""]"
Player,managed-llama-3-3-70b-instruct,w20,player,127,college,0,1,"[""Villanova University"", ""Villanova University"", ""Villanova University"", ""Villanova University"", ""Villanova University""]"
Player,managed-llama-3-3-70b-instruct,w20,player,127,draft_pick,0,1,"[""24"", ""24"", ""24"", ""24"", ""24""]"
Player,managed-llama-3-3-70b-instruct,w20,player,127,draft_year,0,1,"[""2006"", ""2006"", ""2006"", ""2006"", ""2006""]"
Player,managed-llama-3-3-70b-instruct,w20,player,127,fiba_world_cup,0,1,"[""1"", ""1"", ""1"", ""1"", ""1""]"
Player,managed-llama-3-3-70b-instruct,w20,player,127,mvp_awards,0,1,"[""0"", ""0"", ""0"", ""0"", ""0""]"
Player,managed-llama-3-3-70b-instruct,w20,player,127,name,0,1,"[""Kyle Terrell Lowry"", ""Kyle Terrell Lowry"", ""Kyle Terrell Lowry"", ""Kyle Terrell Lowry"", ""Kyle Terrell Lowry""]"
Player,managed-llama-3-3-70b-instruct,w20,player,127,nationality,0,1,"[""USA"", ""USA"", ""USA"", ""USA"", ""USA""]"
Player,managed-llama-3-3-70b-instruct,w20,player,127,nba_championships,0,1,"[""1"", ""1"", ""1"", ""1"", ""1""]"
Player,managed-llama-3-3-70b-instruct,w20,player,127,olympic_gold_medals,0,1,"[""1"", ""1"", ""1"", ""1"", ""1""]"
Player,managed-llama-3-3-70b-instruct,w20,player,127,position,0,1,"[""Backcourt"", ""Backcourt"", ""Backcourt"", ""Backcourt"", ""Backcourt""]"
Player,managed-llama-3-3-70b-instruct,w20,player,127,team,0,1,"[""Philadelphia 76ers"", ""Philadelphia 76ers"", ""Philadelphia 76ers"", ""Philadelphia 76ers"", ""Philadelphia 76ers""]"
Player,managed-llama-3-3-70b-instruct,w20,player,128,age,0,1,"[""61"", ""61"", ""61"", ""61"", ""61""]"
Player,managed-llama-3-3-70b-instruct,w20,player,128,birth_date,0,1,"[""1963/2/17"", ""1963/2/17"", ""1963/2/17"", ""1963/2/17"", ""1963/2/17""]"
Player,managed-llama-3-3-70b-instruct,w20,player,128,college,0,1,"[""University of North Carolina at Chapel Hill"", ""University of North Carolina at Chapel Hill"", ""University of North Carolina at Chapel Hill"", ""University of North Carolina at Chapel Hill"", ""University of North Carolina at Chapel Hill""]"
Player,managed-llama-3-3-70b-instruct,w20,player,128,draft_pick,0,1,"[""3"", ""3"", ""3"", ""3"", ""3""]"
Player,managed-llama-3-3-70b-instruct,w20,player,128,draft_year,0,1,"[""1984"", ""1984"", ""1984"", ""1984"", ""1984""]"
Player,managed-llama-3-3-70b-instruct,w20,player,128,fiba_world_cup,0,1,"[""1"", ""1"", ""1"", ""1"", ""1""]"
Player,managed-llama-3-3-70b-instruct,w20,player,128,mvp_awards,0,1,"[""5"", ""5"", ""5"", ""5"", ""5""]"
Player,managed-llama-3-3-70b-instruct,w20,player,128,name,0,1,"[""Michael Jeffrey Jordan"", ""Michael Jeffrey Jordan"", ""Michael Jeffrey Jordan"", ""Michael Jeffrey Jordan"", ""Michael Jeffrey Jordan""]"
Player,managed-llama-3-3-70b-instruct,w20,player,128,nationality,0,1,"[""USA"", ""USA"", ""USA"", ""USA"", ""USA""]"
Player,managed-llama-3-3-70b-instruct,w20,player,128,nba_championships,0,1,"[""6"", ""6"", ""6"", ""6"", ""6""]"
Player,managed-llama-3-3-70b-instruct,w20,player,128,olympic_gold_medals,0,1,"[""2"", ""2"", ""2"", ""2"", ""2""]"
Player,managed-llama-3-3-70b-instruct,w20,player,128,position,0,1,"[""Backcourt"", ""Backcourt"", ""Backcourt"", ""Backcourt"", ""Backcourt""]"
Player,managed-llama-3-3-70b-instruct,w20,player,128,team,0,1,"[""Chicago Bulls||Washington Wizards"", ""Chicago Bulls||Washington Wizards"", ""Chicago Bulls||Washington Wizards"", ""Chicago Bulls||Washington Wizards"", ""Chicago Bulls||Washington Wizards""]"
Player,managed-llama-3-3-70b-instruct,w20,player,129,age,1,2,"[""29"", ""29"", ""29"", ""29"", ""28""]"
Player,managed-llama-3-3-70b-instruct,w20,player,129,birth_date,0,1,"[""1996/10/30"", ""1996/10/30"", ""1996/10/30"", ""1996/10/30"", ""1996/10/30""]"
Player,managed-llama-3-3-70b-instruct,w20,player,129,college,0,1,"[""Kentucky"", ""Kentucky"", ""Kentucky"", ""Kentucky"", ""Kentucky""]"
Player,managed-llama-3-3-70b-instruct,w20,player,129,draft_pick,0,1,"[""13"", ""13"", ""13"", ""13"", ""13""]"
Player,managed-llama-3-3-70b-instruct,w20,player,129,draft_year,0,1,"[""2015"", ""2015"", ""2015"", ""2015"", ""2015""]"
Player,managed-llama-3-3-70b-instruct,w20,player,129,fiba_world_cup,0,1,"[""1"", ""1"", ""1"", ""1"", ""1""]"
Player,managed-llama-3-3-70b-instruct,w20,player,129,mvp_awards,0,1,"[""0"", ""0"", ""0"", ""0"", ""0""]"
Player,managed-llama-3-3-70b-instruct,w20,player,129,name,0,1,"[""Devin Armani Booker"", ""Devin Armani Booker"", ""Devin Armani Booker"", ""Devin Armani Booker"", ""Devin Armani Booker""]"
Player,managed-llama-3-3-70b-instruct,w20,player,129,nationality,0,1,"[""USA || Mexico"", ""USA || Mexico"", ""USA || Mexico"", ""USA || Mexico"", ""USA || Mexico""]"
Player,managed-llama-3-3-70b-instruct,w20,player,129,nba_championships,0,1,"[""0"", ""0"", ""0"", ""0"", ""0""]"
Player,managed-llama-3-3-70b-instruct,w20,player,129,olympic_gold_medals,0,1,"[""2"", ""2"", ""2"", ""2"", ""2""]"
Player,managed-llama-3-3-70b-instruct,w20,player,129,position,0,1,"[""Backcourt"", ""Backcourt"", ""Backcourt"", ""Backcourt"", ""Backcourt""]"
Player,managed-llama-3-3-70b-instruct,w20,player,129,team,0,1,"[""Phoenix Suns"", ""Phoenix Suns"", ""Phoenix Suns"", ""Phoenix Suns"", ""Phoenix Suns""]"
Player,managed-llama-3-3-70b-instruct,w20,player,130,age,0,1,"[""33"", ""33"", ""33"", ""33"", ""33""]"
Player,managed-llama-3-3-70b-instruct,w20,player,130,birth_date,0,1,"[""1990/3/4"", ""1990/3/4"", ""1990/3/4"", ""1990/3/4"", ""1990/3/4""]"
Player,managed-llama-3-3-70b-instruct,w20,player,130,college,0,1,"[""Michigan State University"", ""Michigan State University"", ""Michigan State University"", ""Michigan State University"", ""Michigan State University""]"
Player,managed-llama-3-3-70b-instruct,w20,player,130,draft_pick,0,1,"[""35"", ""35"", ""35"", ""35"", ""35""]"
Player,managed-llama-3-3-70b-instruct,w20,player,130,draft_year,0,1,"[""2012"", ""2012"", ""2012"", ""2012"", ""2012""]"
Player,managed-llama-3-3-70b-instruct,w20,player,130,fiba_world_cup,0,1,"[""1"", ""1"", ""1"", ""1"", ""1""]"
Player,managed-llama-3-3-70b-instruct,w20,player,130,mvp_awards,0,1,"[""0"", ""0"", ""0"", ""0"", ""0""]"
Player,managed-llama-3-3-70b-instruct,w20,player,130,name,0,1,"[""Draymond Jamal Green"", ""Draymond Jamal Green"", ""Draymond Jamal Green"", ""Draymond Jamal Green"", ""Draymond Jamal Green""]"
Player,managed-llama-3-3-70b-instruct,w20,player,130,nationality,0,1,"[""USA"", ""USA"", ""USA"", ""USA"", ""USA""]"
Player,managed-llama-3-3-70b-instruct,w20,player,130,nba_championships,0,1,"[""4"", ""4"", ""4"", ""4"", ""4""]"
Player,managed-llama-3-3-70b-instruct,w20,player,130,olympic_gold_medals,0,1,"[""2"", ""2"", ""2"", ""2"", ""2""]"
Player,managed-llama-3-3-70b-instruct,w20,player,130,position,0,1,"[""Frontcourt"", ""Frontcourt"", ""Frontcourt"", ""Frontcourt"", ""Frontcourt""]"
Player,managed-llama-3-3-70b-instruct,w20,player,130,team,0,1,"[""Golden State Warriors"", ""Golden State Warriors"", ""Golden State Warriors"", ""Golden State Warriors"", ""Golden State Warriors""]"
Player,managed-llama-3-3-70b-instruct,w20,player,131,age,0,1,"[""27"", ""27"", ""27"", ""27"", ""27""]"
Player,managed-llama-3-3-70b-instruct,w20,player,131,birth_date,0,1,"[""1997/11/19"", ""1997/11/19"", ""1997/11/19"", ""1997/11/19"", ""1997/11/19""]"
Player,managed-llama-3-3-70b-instruct,w20,player,131,college,0,1,"[""Gonzaga University"", ""Gonzaga University"", ""Gonzaga University"", ""Gonzaga University"", ""Gonzaga University""]"
Player,managed-llama-3-3-70b-instruct,w20,player,131,draft_pick,0,1,"[""10"", ""10"", ""10"", ""10"", ""10""]"
Player,managed-llama-3-3-70b-instruct,w20,player,131,draft_year,0,1,"[""2017"", ""2017"", ""2017"", ""2017"", ""2017""]"
Player,managed-llama-3-3-70b-instruct,w20,player,131,fiba_world_cup,0,1,"[""0"", ""0"", ""0"", ""0"", ""0""]"
Player,managed-llama-3-3-70b-instruct,w20,player,131,mvp_awards,0,1,"[""0"", ""0"", ""0"", ""0"", ""0""]"
Player,managed-llama-3-3-70b-instruct,w20,player,131,name,0,1,"[""Zach Collins"", ""Zach Collins"", ""Zach Collins"", ""Zach Collins"", ""Zach Collins""]"
Player,managed-llama-3-3-70b-instruct,w20,player,131,nationality,0,1,"[""USA"", ""USA"", ""USA"", ""USA"", ""USA""]"
Player,managed-llama-3-3-70b-instruct,w20,player,131,nba_championships,0,1,"[""0"", ""0"", ""0"", ""0"", ""0""]"
Player,managed-llama-3-3-70b-instruct,w20,player,131,olympic_gold_medals,0,1,"["""", """", """", """", """"]"
Player,managed-llama-3-3-70b-instruct,w20,player,131,position,0,1,"[""Frontcourt"", ""Frontcourt"", ""Frontcourt"", ""Frontcourt"", ""Frontcourt""]"
Player,managed-llama-3-3-70b-instruct,w20,player,131,team,0,1,"[""San Antonio Spurs||Portland Trail Blazers||Sacramento Kings"", ""San Antonio Spurs||Portland Trail Blazers||Sacramento Kings"", ""San Antonio Spurs||Portland Trail Blazers||Sacramento Kings"", ""San Antonio Spurs||Portland Trail Blazers||Sacramento Kings"", ""San Antonio Spurs||Portland Trail Blazers||Sacramento Kings""]"
Player,managed-llama-3-3-70b-instruct,w20,player,132,age,0,1,"[""22"", ""22"", ""22"", ""22"", ""22""]"
Player,managed-llama-3-3-70b-instruct,w20,player,132,birth_date,0,1,"[""2002/10/6"", ""2002/10/6"", ""2002/10/6"", ""2002/10/6"", ""2002/10/6""]"
Player,managed-llama-3-3-70b-instruct,w20,player,132,college,0,1,"[""Texas Tech || Auburn || Duke || Kentucky || UNLV"", ""Texas Tech || Auburn || Duke || Kentucky || UNLV"", ""Texas Tech || Auburn || Duke || Kentucky || UNLV"", ""Texas Tech || Auburn || Duke || Kentucky || UNLV"", ""Texas Tech || Auburn || Duke || Kentucky || UNLV""]"
Player,managed-llama-3-3-70b-instruct,w20,player,132,draft_pick,0,1,"[""7"", ""7"", ""7"", ""7"", ""7""]"
Player,managed-llama-3-3-70b-instruct,w20,player,132,draft_year,0,1,"[""2021"", ""2021"", ""2021"", ""2021"", ""2021""]"
Player,managed-llama-3-3-70b-instruct,w20,player,132,fiba_world_cup,0,1,"["""", """", """", """", """"]"
Player,managed-llama-3-3-70b-instruct,w20,player,132,mvp_awards,0,1,"[""0"", ""0"", ""0"", ""0"", ""0""]"
Player,managed-llama-3-3-70b-instruct,w20,player,132,name,0,1,"[""Jonathan Malangu Kuminga"", ""Jonathan Malangu Kuminga"", ""Jonathan Malangu Kuminga"", ""Jonathan Malangu Kuminga"", ""Jonathan Malangu Kuminga""]"
Player,managed-llama-3-3-70b-instruct,w20,player,132,nationality,0,1,"[""Congolese"", ""Congolese"", ""Congolese"", ""Congolese"", ""Congolese""]"
Player,managed-llama-3-3-70b-instruct,w20,player,132,nba_championships,0,1,"[""1"", ""1"", ""1"", ""1"", ""1""]"
Player,managed-llama-3-3-70b-instruct,w20,player,132,olympic_gold_medals,0,1,"["""", """", """", """", """"]"
Player,managed-llama-3-3-70b-instruct,w20,player,132,position,0,1,"[""Frontcourt"", ""Frontcourt"", ""Frontcourt"", ""Frontcourt"", ""Frontcourt""]"
Player,managed-llama-3-3-70b-instruct,w20,player,132,team,0,1,"[""Golden State Warriors"", ""Golden State Warriors"", ""Golden State Warriors"", ""Golden State Warriors"", ""Golden State Warriors""]"
Player,managed-llama-3-3-70b-instruct,w20,player,133,age,0,1,"[""28"", ""28"", ""28"", ""28"", ""28""]"
Player,managed-llama-3-3-70b-instruct,w20,player,133,birth_date,0,1,"[""1997/10/27"", ""1997/10/27"", ""1997/10/27"", ""1997/10/27"", ""1997/10/27""]"
Player,managed-llama-3-3-70b-instruct,w20,player,133,college,0,1,"[""UCLA"", ""UCLA"", ""UCLA"", ""UCLA"", ""UCLA""]"
Player,managed-llama-3-3-70b-instruct,w20,player,133,draft_pick,0,1,"[""2"", ""2"", ""2"", ""2"", ""2""]"
Player,managed-llama-3-3-70b-instruct,w20,player,133,draft_year,0,1,"[""2017"", ""2017"", ""2017"", ""2017"", ""2017""]"
Player,managed-llama-3-3-70b-instruct,w20,player,133,fiba_world_cup,0,1,"[""1"", ""1"", ""1"", ""1"", ""1""]"
Player,managed-llama-3-3-70b-instruct,w20,player,133,mvp_awards,0,1,"[""0"", ""0"", ""0"", ""0"", ""0""]"
Player,managed-llama-3-3-70b-instruct,w20,player,133,name,0,1,"[""Lonzo Anderson Ball"", ""Lonzo Anderson Ball"", ""Lonzo Anderson Ball"", ""Lonzo Anderson Ball"", ""Lonzo Anderson Ball""]"
Player,managed-llama-3-3-70b-instruct,w20,player,133,nationality,0,1,"[""USA"", ""USA"", ""USA"", ""USA"", ""USA""]"
Player,managed-llama-3-3-70b-instruct,w20,player,133,nba_championships,0,1,"[""0"", ""0"", ""0"", ""0"", ""0""]"
Player,managed-llama-3-3-70b-instruct,w20,player,133,olympic_gold_medals,0,1,"[""4"", ""4"", ""4"", ""4"", ""4""]"
Player,managed-llama-3-3-70b-instruct,w20,player,133,position,0,1,"[""Backcourt"", ""Backcourt"", ""Backcourt"", ""Backcourt"", ""Backcourt""]"
Player,managed-llama-3-3-70b-instruct,w20,player,133,team,0,1,"[""Chicago Bulls||Los Angeles Lakers||New Orleans Pelicans"", ""Chicago Bulls||Los Angeles Lakers||New Orleans Pelicans"", ""Chicago Bulls||Los Angeles Lakers||New Orleans Pelicans"", ""Chicago Bulls||Los Angeles Lakers||New Orleans Pelicans"", ""Chicago Bulls||Los Angeles Lakers||New Orleans Pelicans""]"
Player,managed-llama-3-3-70b-instruct,w20,player,134,age,0,1,"[""23"", ""23"", ""23"", ""23"", ""23""]"
Player,managed-llama-3-3-70b-instruct,w20,player,134,birth_date,0,1,"[""2001/2/18"", ""2001/2/18"", ""2001/2/18"", ""2001/2/18"", ""2001/2/18""]"
Player,managed-llama-3-3-70b-instruct,w20,player,134,college,1,2,"[""UCLA || Concordia University || Ventura Community College || Northern Arizona University"", ""UCLA || Concordia University || Northern Arizona University || Ventura Community College"", ""UCLA || Concordia University || Northern Arizona University || Ventura Community College"", ""UCLA || Concordia University || Northern Arizona University || Ventura Community College"", ""UCLA || Concordia University || Ventura Community College || Northern Arizona University""]"
Player,managed-llama-3-3-70b-instruct,w20,player,134,draft_pick,0,1,"[""18"", ""18"", ""18"", ""18"", ""18""]"
Player,managed-llama-3-3-70b-instruct,w20,player,134,draft_year,0,1,"[""2023"", ""2023"", ""2023"", ""2023"", ""2023""]"
Player,managed-llama-3-3-70b-instruct,w20,player,134,fiba_world_cup,1,2,"["""", """", ""2019"", ""2019"", """"]"
Player,managed-llama-3-3-70b-instruct,w20,player,134,mvp_awards,0,1,"[""0"", ""0"", ""0"", ""0"", ""0""]"
Player,managed-llama-3-3-70b-instruct,w20,player,134,name,0,1,"[""Jaime Jaquez Jr."", ""Jaime Jaquez Jr."", ""Jaime Jaquez Jr."", ""Jaime Jaquez Jr."", ""Jaime Jaquez Jr.""]"
Player,managed-llama-3-3-70b-instruct,w20,player,134,nationality,0,1,"[""USA || Mexico"", ""USA || Mexico"", ""USA || Mexico"", ""USA || Mexico"", ""USA || Mexico""]"
Player,managed-llama-3-3-70b-instruct,w20,player,134,nba_championships,0,1,"[""0"", ""0"", ""0"", ""0"", ""0""]"
Player,managed-llama-3-3-70b-instruct,w20,player,134,olympic_gold_medals,0,1,"[""2019"", ""2019"", ""2019"", ""2019"", ""2019""]"
Player,managed-llama-3-3-70b-instruct,w20,player,134,position,0,1,"[""Frontcourt"", ""Frontcourt"", ""Frontcourt"", ""Frontcourt"", ""Frontcourt""]"
Player,managed-llama-3-3-70b-instruct,w20,player,134,team,0,1,"[""Miami Heat"", ""Miami Heat"", ""Miami Heat"", ""Miami Heat"", ""Miami Heat""]"
Player,managed-llama-3-3-70b-instruct,w20,player,135,age,0,1,"[""21"", ""21"", ""21"", ""21"", ""21""]"
Player,managed-llama-3-3-70b-instruct,w20,player,135,birth_date,0,1,"[""2003/1/30"", ""2003/1/30"", ""2003/1/30"", ""2003/1/30"", ""2003/1/30""]"
Player,managed-llama-3-3-70b-instruct,w20,player,135,college,0,1,"[""None"", ""None"", ""None"", ""None"", ""None""]"
Player,managed-llama-3-3-70b-instruct,w20,player,135,draft_pick,0,1,"[""5"", ""5"", ""5"", ""5"", ""5""]"
Player,managed-llama-3-3-70b-instruct,w20,player,135,draft_year,0,1,"[""2023"", ""2023"", ""2023"", ""2023"", ""2023""]"
Player,managed-llama-3-3-70b-instruct,w20,player,135,fiba_world_cup,0,1,"["""", """", """", """", """"]"
Player,managed-llama-3-3-70b-instruct,w20,player,135,mvp_awards,0,1,"[""0"", ""0"", ""0"", ""0"", ""0""]"
Player,managed-llama-3-3-70b-instruct,w20,player,135,name,1,2,"[""Ausar Thompson || Amen Thompson || LeBron James"", ""Ausar Thompson || Amen Thompson || LeBron James || Shawn Bradley"", ""Ausar Thompson || Amen Thompson || LeBron James || Shawn Bradley"", ""Ausar Thompson || Amen Thompson || LeBron James || Shawn Bradley"", ""Ausar Thompson || Amen Thompson || LeBron James""]"
Player,managed-llama-3-3-70b-instruct,w20,player,135,nationality,1,2,"[""USA || Jamaica"", ""USA || Jamaica"", ""USA || Jamaica"", ""USA || Jamaica"", ""USA || Jamaican""]"
Player,managed-llama-3-3-70b-instruct,w20,player,135,nba_championships,0,1,"[""0"", ""0"", ""0"", ""0"", ""0""]"
Player,managed-llama-3-3-70b-instruct,w20,player,135,olympic_gold_medals,0,1,"["""", """", """", """", """"]"
Player,managed-llama-3-3-70b-instruct,w20,player,135,position,0,1,"[""Frontcourt"", ""Frontcourt"", ""Frontcourt"", ""Frontcourt"", ""Frontcourt""]"
Player,managed-llama-3-3-70b-instruct,w20,player,135,team,0,1,"[""Detroit Pistons"", ""Detroit Pistons"", ""Detroit Pistons"", ""Detroit Pistons"", ""Detroit Pistons""]"
Player,managed-llama-3-3-70b-instruct,w20,player,136,age,0,1,"[""28"", ""28"", ""28"", ""28"", ""28""]"
Player,managed-llama-3-3-70b-instruct,w20,player,136,birth_date,0,1,"[""1996/8/31"", ""1996/8/31"", ""1996/8/31"", ""1996/8/31"", ""1996/8/31""]"
Player,managed-llama-3-3-70b-instruct,w20,player,136,college,0,1,"[""Villanova University"", ""Villanova University"", ""Villanova University"", ""Villanova University"", ""Villanova University""]"
Player,managed-llama-3-3-70b-instruct,w20,player,136,draft_pick,0,1,"[""33"", ""33"", ""33"", ""33"", ""33""]"
Player,managed-llama-3-3-70b-instruct,w20,player,136,draft_year,0,1,"[""2018"", ""2018"", ""2018"", ""2018"", ""2018""]"
Player,managed-llama-3-3-70b-instruct,w20,player,136,fiba_world_cup,0,1,"[""1"", ""1"", ""1"", ""1"", ""1""]"
Player,managed-llama-3-3-70b-instruct,w20,player,136,mvp_awards,0,1,"[""0"", ""0"", ""0"", ""0"", ""0""]"
Player,managed-llama-3-3-70b-instruct,w20,player,136,name,0,1,"[""Jalen Marquis Brunson"", ""Jalen Marquis Brunson"", ""Jalen Marquis Brunson"", ""Jalen Marquis Brunson"", ""Jalen Marquis Brunson""]"
Player,managed-llama-3-3-70b-instruct,w20,player,136,nationality,0,1,"[""USA"", ""USA"", ""USA"", ""USA"", ""USA""]"
Player,managed-llama-3-3-70b-instruct,w20,player,136,nba_championships,0,1,"[""0"", ""0"", ""0"", ""0"", ""0""]"
Player,managed-llama-3-3-70b-instruct,w20,player,136,olympic_gold_medals,0,1,"[""1"", ""1"", ""1"", ""1"", ""1""]"
Player,managed-llama-3-3-70b-instruct,w20,player,136,position,0,1,"[""Backcourt"", ""Backcourt"", ""Backcourt"", ""Backcourt"", ""Backcourt""]"
Player,managed-llama-3-3-70b-instruct,w20,player,136,team,0,1,"[""New York Knicks||Dallas Mavericks"", ""New York Knicks||Dallas Mavericks"", ""New York Knicks||Dallas Mavericks"", ""New York Knicks||Dallas Mavericks"", ""New York Knicks||Dallas Mavericks""]"
Player,managed-llama-3-3-70b-instruct,w20,player,137,age,0,1,"[""51"", ""51"", ""51"", ""51"", ""51""]"
Player,managed-llama-3-3-70b-instruct,w20,player,137,birth_date,0,1,"[""1972/3/6"", ""1972/3/6"", ""1972/3/6"", ""1972/3/6"", ""1972/3/6""]"
Player,managed-llama-3-3-70b-instruct,w20,player,137,college,0,1,"[""Louisiana State University (LSU)"", ""Louisiana State University (LSU)"", ""Louisiana State University (LSU)"", ""Louisiana State University (LSU)"", ""Louisiana State University (LSU)""]"
Player,managed-llama-3-3-70b-instruct,w20,player,137,draft_pick,0,1,"[""1"", ""1"", ""1"", ""1"", ""1""]"
Player,managed-llama-3-3-70b-instruct,w20,player,137,draft_year,0,1,"[""1992"", ""1992"", ""1992"", ""1992"", ""1992""]"
Player,managed-llama-3-3-70b-instruct,w20,player,137,fiba_world_cup,0,1,"[""1"", ""1"", ""1"", ""1"", ""1""]"
Player,managed-llama-3-3-70b-instruct,w20,player,137,mvp_awards,0,1,"[""1"", ""1"", ""1"", ""1"", ""1""]"
Player,managed-llama-3-3-70b-instruct,w20,player,137,name,0,1,"[""Shaquille O'Neal"", ""Shaquille O'Neal"", ""Shaquille O'Neal"", ""Shaquille O'Neal"", ""Shaquille O'Neal""]"
Player,managed-llama-3-3-70b-instruct,w20,player,137,nationality,0,1,"[""USA"", ""USA"", ""USA"", ""USA"", ""USA""]"
Player,managed-llama-3-3-70b-instruct,w20,player,137,nba_championships,0,1,"[""4"", ""4"", ""4"", ""4"", ""4""]"
Player,managed-llama-3-3-70b-instruct,w20,player,137,olympic_gold_medals,0,1,"[""2"", ""2"", ""2"", ""2"", ""2""]"
Player,managed-llama-3-3-70b-instruct,w20,player,137,position,0,1,"[""Frontcourt"", ""Frontcourt"", ""Frontcourt"", ""Frontcourt"", ""Frontcourt""]"
Player,managed-llama-3-3-70b-instruct,w20,player,137,team,0,1,"[""Boston Celtics"", ""Boston Celtics"", ""Boston Celtics"", ""Boston Celtics"", ""Boston Celtics""]"
Player,managed-llama-3-3-70b-instruct,w20,player,138,age,0,1,"[""41"", ""41"", ""41"", ""41"", ""41""]"
Player,managed-llama-3-3-70b-instruct,w20,player,138,birth_date,0,1,"[""1978/8/23"", ""1978/8/23"", ""1978/8/23"", ""1978/8/23"", ""1978/8/23""]"
Player,managed-llama-3-3-70b-instruct,w20,player,138,college,0,1,"[""None"", ""None"", ""None"", ""None"", ""None""]"
Player,managed-llama-3-3-70b-instruct,w20,player,138,draft_pick,0,1,"[""13"", ""13"", ""13"", ""13"", ""13""]"
Player,managed-llama-3-3-70b-instruct,w20,player,138,draft_year,0,1,"[""1996"", ""1996"", ""1996"", ""1996"", ""1996""]"
Player,managed-llama-3-3-70b-instruct,w20,player,138,fiba_world_cup,0,1,"[""1"", ""1"", ""1"", ""1"", ""1""]"
Player,managed-llama-3-3-70b-instruct,w20,player,138,mvp_awards,0,1,"[""1"", ""1"", ""1"", ""1"", ""1""]"
Player,managed-llama-3-3-70b-instruct,w20,player,138,name,0,1,"[""Kobe Bean Bryant"", ""Kobe Bean Bryant"", ""Kobe Bean Bryant"", ""Kobe Bean Bryant"", ""Kobe Bean Bryant""]"
Player,managed-llama-3-3-70b-instruct,w20,player,138,nationality,0,1,"[""USA || Italy"", ""USA || Italy"", ""USA || Italy"", ""USA || Italy"", ""USA || Italy""]"
Player,managed-llama-3-3-70b-instruct,w20,player,138,nba_championships,0,1,"[""5"", ""5"", ""5"", ""5"", ""5""]"
Player,managed-llama-3-3-70b-instruct,w20,player,138,olympic_gold_medals,0,1,"[""2"", ""2"", ""2"", ""2"", ""2""]"
Player,managed-llama-3-3-70b-instruct,w20,player,138,position,0,1,"[""Backcourt"", ""Backcourt"", ""Backcourt"", ""Backcourt"", ""Backcourt""]"
Player,managed-llama-3-3-70b-instruct,w20,player,138,team,0,1,"[""Los Angeles Lakers"", ""Los Angeles Lakers"", ""Los Angeles Lakers"", ""Los Angeles Lakers"", ""Los Angeles Lakers""]"
Player,managed-llama-3-3-70b-instruct,w20,player,139,age,0,1,"[""39"", ""39"", ""39"", ""39"", ""39""]"
Player,managed-llama-3-3-70b-instruct,w20,player,139,birth_date,0,1,"[""1985/5/6"", ""1985/5/6"", ""1985/5/6"", ""1985/5/6"", ""1985/5/6""]"
Player,managed-llama-3-3-70b-instruct,w20,player,139,college,0,1,"[""Wake Forest University"", ""Wake Forest University"", ""Wake Forest University"", ""Wake Forest University"", ""Wake Forest University""]"
Player,managed-llama-3-3-70b-instruct,w20,player,139,draft_pick,0,1,"[""4"", ""4"", ""4"", ""4"", ""4""]"
Player,managed-llama-3-3-70b-instruct,w20,player,139,draft_year,0,1,"[""2005"", ""2005"", ""2005"", ""2005"", ""2005""]"
Player,managed-llama-3-3-70b-instruct,w20,player,139,fiba_world_cup,0,1,"[""1"", ""1"", ""1"", ""1"", ""1""]"
Player,managed-llama-3-3-70b-instruct,w20,player,139,mvp_awards,0,1,"[""0"", ""0"", ""0"", ""0"", ""0""]"
Player,managed-llama-3-3-70b-instruct,w20,player,139,name,0,1,"[""Christopher Emmanuel Paul"", ""Christopher Emmanuel Paul"", ""Christopher Emmanuel Paul"", ""Christopher Emmanuel Paul"", ""Christopher Emmanuel Paul""]"
Player,managed-llama-3-3-70b-instruct,w20,player,139,nationality,0,1,"[""USA"", ""USA"", ""USA"", ""USA"", ""USA""]"
Player,managed-llama-3-3-70b-instruct,w20,player,139,nba_championships,0,1,"[""0"", ""0"", ""0"", ""0"", ""0""]"
Player,managed-llama-3-3-70b-instruct,w20,player,139,olympic_gold_medals,0,1,"[""2"", ""2"", ""2"", ""2"", ""2""]"
Player,managed-llama-3-3-70b-instruct,w20,player,139,position,0,1,"[""Backcourt"", ""Backcourt"", ""Backcourt"", ""Backcourt"", ""Backcourt""]"
Player,managed-llama-3-3-70b-instruct,w20,player,139,team,0,1,"[""San Antonio Spurs"", ""San Antonio Spurs"", ""San Antonio Spurs"", ""San Antonio Spurs"", ""San Antonio Spurs""]"
Player,managed-llama-3-3-70b-instruct,w20,player,140,age,0,1,"[""33"", ""33"", ""33"", ""33"", ""33""]"
Player,managed-llama-3-3-70b-instruct,w20,player,140,birth_date,0,1,"[""1992/5/30"", ""1992/5/30"", ""1992/5/30"", ""1992/5/30"", ""1992/5/30""]"
Player,managed-llama-3-3-70b-instruct,w20,player,140,college,0,1,"[""North Carolina"", ""North Carolina"", ""North Carolina"", ""North Carolina"", ""North Carolina""]"
Player,managed-llama-3-3-70b-instruct,w20,player,140,draft_pick,0,1,"[""7"", ""7"", ""7"", ""7"", ""7""]"
Player,managed-llama-3-3-70b-instruct,w20,player,140,draft_year,0,1,"[""2012"", ""2012"", ""2012"", ""2012"", ""2012""]"
Player,managed-llama-3-3-70b-instruct,w20,player,140,fiba_world_cup,0,1,"[""1"", ""1"", ""1"", ""1"", ""1""]"
Player,managed-llama-3-3-70b-instruct,w20,player,140,mvp_awards,0,1,"[""1"", ""1"", ""1"", ""1"", ""1""]"
Player,managed-llama-3-3-70b-instruct,w20,player,140,name,0,1,"[""Harrison Bryce Jordan Barnes"", ""Harrison Bryce Jordan Barnes"", ""Harrison Bryce Jordan Barnes"", ""Harrison Bryce Jordan Barnes"", ""Harrison Bryce Jordan Barnes""]"
Player,managed-llama-3-3-70b-instruct,w20,player,140,nationality,0,1,"[""USA"", ""USA"", ""USA"", ""USA"", ""USA""]"
Player,managed-llama-3-3-70b-instruct,w20,player,140,nba_championships,0,1,"[""1"", ""1"", ""1"", ""1"", ""1""]"
Player,managed-llama-3-3-70b-instruct,w20,player,140,olympic_gold_medals,0,1,"[""1"", ""1"", ""1"", ""1"", ""1""]"
Player,managed-llama-3-3-70b-instruct,w20,player,140,position,0,1,"[""Frontcourt"", ""Frontcourt"", ""Frontcourt"", ""Frontcourt"", ""Frontcourt""]"
Player,managed-llama-3-3-70b-instruct,w20,player,140,team,1,2,"[""San Antonio Spurs||Dallas Mavericks||Sacramento Kings||Golden State Warriors"", ""San Antonio Spurs||Dallas Mavericks||Sacramento Kings||Golden State Warriors"", ""San Antonio Spurs||Sacramento Kings||Dallas Mavericks||Golden State Warriors"", ""San Antonio Spurs||Sacramento Kings||Dallas Mavericks||Golden State Warriors"", ""San Antonio Spurs||Sacramento Kings||Dallas Mavericks||Golden State Warriors""]"
Player,managed-llama-3-3-70b-instruct,w20,player,141,age,0,1,"[""27"", ""27"", ""27"", ""27"", ""27""]"
Player,managed-llama-3-3-70b-instruct,w20,player,141,birth_date,0,1,"[""1997/7/18"", ""1997/7/18"", ""1997/7/18"", ""1997/7/18"", ""1997/7/18""]"
Player,managed-llama-3-3-70b-instruct,w20,player,141,college,0,1,"[""University of Kentucky"", ""University of Kentucky"", ""University of Kentucky"", ""University of Kentucky"", ""University of Kentucky""]"
Player,managed-llama-3-3-70b-instruct,w20,player,141,draft_pick,0,1,"[""14"", ""14"", ""14"", ""14"", ""14""]"
Player,managed-llama-3-3-70b-instruct,w20,player,141,draft_year,0,1,"[""2017"", ""2017"", ""2017"", ""2017"", ""2017""]"
Player,managed-llama-3-3-70b-instruct,w20,player,141,fiba_world_cup,0,1,"[""0"", ""0"", ""0"", ""0"", ""0""]"
Player,managed-llama-3-3-70b-instruct,w20,player,141,mvp_awards,0,1,"[""0"", ""0"", ""0"", ""0"", ""0""]"
Player,managed-llama-3-3-70b-instruct,w20,player,141,name,0,1,"[""Edrice Femi \""Bam\"" Adebayo"", ""Edrice Femi \""Bam\"" Adebayo"", ""Edrice Femi \""Bam\"" Adebayo"", ""Edrice Femi \""Bam\"" Adebayo"", ""Edrice Femi \""Bam\"" Adebayo""]"
Player,managed-llama-3-3-70b-instruct,w20,player,141,nationality,0,1,"[""USA || Nigeria"", ""USA || Nigeria"", ""USA || Nigeria"", ""USA || Nigeria"", ""USA || Nigeria""]"
Player,managed-llama-3-3-70b-instruct,w20,player,141,nba_championships,0,1,"[""0"", ""0"", ""0"", ""0"", ""0""]"
Player,managed-llama-3-3-70b-instruct,w20,player,141,olympic_gold_medals,0,1,"[""2"", ""2"", ""2"", ""2"", ""2""]"
Player,managed-llama-3-3-70b-instruct,w20,player,141,position,0,1,"[""Frontcourt"", ""Frontcourt"", ""Frontcourt"", ""Frontcourt"", ""Frontcourt""]"
Player,managed-llama-3-3-70b-instruct,w20,player,141,team,0,1,"[""Miami Heat"", ""Miami Heat"", ""Miami Heat"", ""Miami Heat"", ""Miami Heat""]"
Player,managed-llama-3-3-70b-instruct,w20,team,1,championship,0,1,"[""1"", ""1"", ""1"", ""1"", ""1""]"
Player,managed-llama-3-3-70b-instruct,w20,team,1,founded_year,0,1,"[""1946"", ""1946"", ""1946"", ""1946"", ""1946""]"
Player,managed-llama-3-3-70b-instruct,w20,team,1,location,0,1,"[""Atlanta"", ""Atlanta"", ""Atlanta"", ""Atlanta"", ""Atlanta""]"
Player,managed-llama-3-3-70b-instruct,w20,team,1,ownership,0,1,"[""Atlanta Spirit LLC || Tony Ressler"", ""Atlanta Spirit LLC || Tony Ressler"", ""Atlanta Spirit LLC || Tony Ressler"", ""Atlanta Spirit LLC || Tony Ressler"", ""Atlanta Spirit LLC || Tony Ressler""]"
Player,managed-llama-3-3-70b-instruct,w20,team,1,team_name,0,1,"[""Atlanta Hawks"", ""Atlanta Hawks"", ""Atlanta Hawks"", ""Atlanta Hawks"", ""Atlanta Hawks""]"
Player,managed-llama-3-3-70b-instruct,w20,team,2,championship,0,1,"[""18"", ""18"", ""18"", ""18"", ""18""]"
Player,managed-llama-3-3-70b-instruct,w20,team,2,founded_year,0,1,"[""1946"", ""1946"", ""1946"", ""1946"", ""1946""]"
Player,managed-llama-3-3-70b-instruct,w20,team,2,location,0,1,"[""Boston"", ""Boston"", ""Boston"", ""Boston"", ""Boston""]"
Player,managed-llama-3-3-70b-instruct,w20,team,2,ownership,1,2,"[""Boston Basketball Partners L.L.C."", ""Boston Basketball Partners L.L.C. (H. Irving Grousbeck, Wycliffe Grousbeck, Steve Pagliuca)"", ""Boston Basketball Partners L.L.C. (H. Irving Grousbeck, Wycliffe Grousbeck, Steve Pagliuca)"", ""Boston Basketball Partners L.L.C. (H. Irving Grousbeck, Wycliffe Grousbeck, Steve Pagliuca)"", ""Boston Basketball Partners L.L.C.""]"
Player,managed-llama-3-3-70b-instruct,w20,team,2,team_name,0,1,"[""Boston Celtics"", ""Boston Celtics"", ""Boston Celtics"", ""Boston Celtics"", ""Boston Celtics""]"
Player,managed-llama-3-3-70b-instruct,w20,team,3,championship,0,1,"[""2"", ""2"", ""2"", ""2"", ""2""]"
Player,managed-llama-3-3-70b-instruct,w20,team,3,founded_year,0,1,"[""1967"", ""1967"", ""1967"", ""1967"", ""1967""]"
Player,managed-llama-3-3-70b-instruct,w20,team,3,location,0,1,"[""Brooklyn"", ""Brooklyn"", ""Brooklyn"", ""Brooklyn"", ""Brooklyn""]"
Player,managed-llama-3-3-70b-instruct,w20,team,3,ownership,1,3,"[""Joseph Tsai || Bruce Ratner || Mikhail Prokhorov || Jay-Z || Will Pan || Arthur J. Brown || Roy Boe || Alan N. Cohen || Joseph Taub || Raymond Chambers || Lewis Katz || George Steinbrenner || Charles Kushner || Jon Corzine"", ""Joseph Tsai || Bruce Ratner || Mikhail Prokhorov || Jay-Z || Will Pan"", ""Joseph Tsai || Bruce Ratner || Mikhail Prokhorov || Jay-Z || Will Pan"", ""Joseph Tsai"", ""Joseph Tsai || Bruce Ratner || Mikhail Prokhorov || Jay-Z || Will Pan || Arthur J. Brown || Roy Boe || Alan N. Cohen || Joseph Taub || Raymond Chambers || Lewis Katz || George Steinbrenner || Charles Kushner || Jon Corzine""]"
Player,managed-llama-3-3-70b-instruct,w20,team,3,team_name,0,1,"[""Brooklyn Nets || New Jersey Americans || New York Nets || New Jersey Nets"", ""Brooklyn Nets || New Jersey Americans || New York Nets || New Jersey Nets"", ""Brooklyn Nets || New Jersey Americans || New York Nets || New Jersey Nets"", ""Brooklyn Nets || New Jersey Americans || New York Nets || New Jersey Nets"", ""Brooklyn Nets || New Jersey Americans || New York Nets || New Jersey Nets""]"
Player,managed-llama-3-3-70b-instruct,w20,team,4,championship,0,1,"[""0"", ""0"", ""0"", ""0"", ""0""]"
Player,managed-llama-3-3-70b-instruct,w20,team,4,founded_year,0,1,"[""1988"", ""1988"", ""1988"", ""1988"", ""1988""]"
Player,managed-llama-3-3-70b-instruct,w20,team,4,location,0,1,"[""Charlotte"", ""Charlotte"", ""Charlotte"", ""Charlotte"", ""Charlotte""]"
Player,managed-llama-3-3-70b-instruct,w20,team,4,ownership,0,1,"[""Gabe Plotkin || Rick Schnall || Michael Jordan"", ""Gabe Plotkin || Rick Schnall || Michael Jordan"", ""Gabe Plotkin || Rick Schnall || Michael Jordan"", ""Gabe Plotkin || Rick Schnall || Michael Jordan"", ""Gabe Plotkin || Rick Schnall || Michael Jordan""]"
Player,managed-llama-3-3-70b-instruct,w20,team,4,team_name,1,2,"[""Charlotte Hornets || Charlotte Bobcats"", ""Charlotte Hornets || Charlotte Bobcats"", ""Charlotte Hornets || Charlotte Bobcats"", ""Charlotte Hornets || Charlotte Bobcats || Charlotte Spirit"", ""Charlotte Hornets || Charlotte Bobcats""]"
Player,managed-llama-3-3-70b-instruct,w20,team,5,championship,0,1,"[""6"", ""6"", ""6"", ""6"", ""6""]"
Player,managed-llama-3-3-70b-instruct,w20,team,5,founded_year,0,1,"[""1966"", ""1966"", ""1966"", ""1966"", ""1966""]"
Player,managed-llama-3-3-70b-instruct,w20,team,5,location,0,1,"[""Chicago"", ""Chicago"", ""Chicago"", ""Chicago"", ""Chicago""]"
Player,managed-llama-3-3-70b-instruct,w20,team,5,ownership,0,1,"[""Jerry Reinsdorf"", ""Jerry Reinsdorf"", ""Jerry Reinsdorf"", ""Jerry Reinsdorf"", ""Jerry Reinsdorf""]"
Player,managed-llama-3-3-70b-instruct,w20,team,5,team_name,0,1,"[""Chicago Bulls"", ""Chicago Bulls"", ""Chicago Bulls"", ""Chicago Bulls"", ""Chicago Bulls""]"
Player,managed-llama-3-3-70b-instruct,w20,team,6,championship,0,1,"[""1"", ""1"", ""1"", ""1"", ""1""]"
Player,managed-llama-3-3-70b-instruct,w20,team,6,founded_year,0,1,"[""1970"", ""1970"", ""1970"", ""1970"", ""1970""]"
Player,managed-llama-3-3-70b-instruct,w20,team,6,location,0,1,"[""Cleveland"", ""Cleveland"", ""Cleveland"", ""Cleveland"", ""Cleveland""]"
Player,managed-llama-3-3-70b-instruct,w20,team,6,ownership,0,1,"[""Dan Gilbert || Myles Garrett"", ""Dan Gilbert || Myles Garrett"", ""Dan Gilbert || Myles Garrett"", ""Dan Gilbert || Myles Garrett"", ""Dan Gilbert || Myles Garrett""]"
Player,managed-llama-3-3-70b-instruct,w20,team,6,team_name,0,1,"[""Cleveland Cavaliers"", ""Cleveland Cavaliers"", ""Cleveland Cavaliers"", ""Cleveland Cavaliers"", ""Cleveland Cavaliers""]"
Player,managed-llama-3-3-70b-instruct,w20,team,7,championship,0,1,"[""1"", ""1"", ""1"", ""1"", ""1""]"
Player,managed-llama-3-3-70b-instruct,w20,team,7,founded_year,0,1,"[""1980"", ""1980"", ""1980"", ""1980"", ""1980""]"
Player,managed-llama-3-3-70b-instruct,w20,team,7,location,0,1,"[""Dallas"", ""Dallas"", ""Dallas"", ""Dallas"", ""Dallas""]"
Player,managed-llama-3-3-70b-instruct,w20,team,7,ownership,1,2,"[""Mark Cuban || Miriam Adelson || Patrick Dumont"", ""Mark Cuban || Miriam Adelson || Patrick Dumont"", ""Mark Cuban || Miriam Adelson || Patrick Dumont"", ""Mark Cuban || Miriam Adelson || Patrick Dumont"", ""Mark Cuban || Miriam Adelson || Patrick Dumont || Mary Stanton""]"
Player,managed-llama-3-3-70b-instruct,w20,team,7,team_name,0,1,"[""Dallas Mavericks"", ""Dallas Mavericks"", ""Dallas Mavericks"", ""Dallas Mavericks"", ""Dallas Mavericks""]"
Player,managed-llama-3-3-70b-instruct,w20,team,8,championship,0,1,"[""1"", ""1"", ""1"", ""1"", ""1""]"
Player,managed-llama-3-3-70b-instruct,w20,team,8,founded_year,0,1,"[""1967"", ""1967"", ""1967"", ""1967"", ""1967""]"
Player,managed-llama-3-3-70b-instruct,w20,team,8,location,0,1,"[""Denver"", ""Denver"", ""Denver"", ""Denver"", ""Denver""]"
Player,managed-llama-3-3-70b-instruct,w20,team,8,ownership,0,1,"[""Stan Kroenke"", ""Stan Kroenke"", ""Stan Kroenke"", ""Stan Kroenke"", ""Stan Kroenke""]"
Player,managed-llama-3-3-70b-instruct,w20,team,8,team_name,0,1,"[""Denver Nuggets"", ""Denver Nuggets"", ""Denver Nuggets"", ""Denver Nuggets"", ""Denver Nuggets""]"
Player,managed-llama-3-3-70b-instruct,w20,team,9,championship,0,1,"[""3"", ""3"", ""3"", ""3"", ""3""]"
Player,managed-llama-3-3-70b-instruct,w20,team,9,founded_year,0,1,"[""1937"", ""1937"", ""1937"", ""1937"", ""1937""]"
Player,managed-llama-3-3-70b-instruct,w20,team,9,location,0,1,"[""Detroit"", ""Detroit"", ""Detroit"", ""Detroit"", ""Detroit""]"
Player,managed-llama-3-3-70b-instruct,w20,team,9,ownership,0,1,"[""Tom Gores"", ""Tom Gores"", ""Tom Gores"", ""Tom Gores"", ""Tom Gores""]"
Player,managed-llama-3-3-70b-instruct,w20,team,9,team_name,0,1,"[""Detroit Pistons"", ""Detroit Pistons"", ""Detroit Pistons"", ""Detroit Pistons"", ""Detroit Pistons""]"
Player,managed-llama-3-3-70b-instruct,w20,team,10,championship,0,1,"[""7"", ""7"", ""7"", ""7"", ""7""]"
Player,managed-llama-3-3-70b-instruct,w20,team,10,founded_year,0,1,"[""1946"", ""1946"", ""1946"", ""1946"", ""1946""]"
Player,managed-llama-3-3-70b-instruct,w20,team,10,location,0,1,"[""San Francisco"", ""San Francisco"", ""San Francisco"", ""San Francisco"", ""San Francisco""]"
Player,managed-llama-3-3-70b-instruct,w20,team,10,ownership,0,1,"[""Joe Lacob || Peter Guber"", ""Joe Lacob || Peter Guber"", ""Joe Lacob || Peter Guber"", ""Joe Lacob || Peter Guber"", ""Joe Lacob || Peter Guber""]"
Player,managed-llama-3-3-70b-instruct,w20,team,10,team_name,0,1,"[""Golden State Warriors"", ""Golden State Warriors"", ""Golden State Warriors"", ""Golden State Warriors"", ""Golden State Warriors""]"
Player,managed-llama-3-3-70b-instruct,w20,team,11,championship,0,1,"[""2"", ""2"", ""2"", ""2"", ""2""]"
Player,managed-llama-3-3-70b-instruct,w20,team,11,founded_year,0,1,"[""1967"", ""1967"", ""1967"", ""1967"", ""1967""]"
Player,managed-llama-3-3-70b-instruct,w20,team,11,location,0,1,"[""Houston"", ""Houston"", ""Houston"", ""Houston"", ""Houston""]"
Player,managed-llama-3-3-70b-instruct,w20,team,11,ownership,0,1,"[""Tilman Fertitta"", ""Tilman Fertitta"", ""Tilman Fertitta"", ""Tilman Fertitta"", ""Tilman Fertitta""]"
Player,managed-llama-3-3-70b-instruct,w20,team,11,team_name,0,1,"[""Houston Rockets"", ""Houston Rockets"", ""Houston Rockets"", ""Houston Rockets"", ""Houston Rockets""]"
Player,managed-llama-3-3-70b-instruct,w20,team,12,championship,0,1,"[""3"", ""3"", ""3"", ""3"", ""3""]"
Player,managed-llama-3-3-70b-instruct,w20,team,12,founded_year,0,1,"[""1967"", ""1967"", ""1967"", ""1967"", ""1967""]"
Player,managed-llama-3-3-70b-instruct,w20,team,12,location,0,1,"[""Indianapolis"", ""Indianapolis"", ""Indianapolis"", ""Indianapolis"", ""Indianapolis""]"
Player,managed-llama-3-3-70b-instruct,w20,team,12,ownership,1,2,"[""Herb Simon"", ""Herb Simon"", ""Herb Simon"", ""Herb Simon || Steve Simon"", ""Herb Simon""]"
Player,managed-llama-3-3-70b-instruct,w20,team,12,team_name,0,1,"[""Indiana Pacers"", ""Indiana Pacers"", ""Indiana Pacers"", ""Indiana Pacers"", ""Indiana Pacers""]"
Player,managed-llama-3-3-70b-instruct,w20,team,13,championship,0,1,"[""0"", ""0"", ""0"", ""0"", ""0""]"
Player,managed-llama-3-3-70b-instruct,w20,team,13,founded_year,0,1,"[""1970"", ""1970"", ""1970"", ""1970"", ""1970""]"
Player,managed-llama-3-3-70b-instruct,w20,team,13,location,0,1,"[""Los Angeles"", ""Los Angeles"", ""Los Angeles"", ""Los Angeles"", ""Los Angeles""]"
Player,managed-llama-3-3-70b-instruct,w20,team,13,ownership,0,1,"[""Steve Ballmer"", ""Steve Ballmer"", ""Steve Ballmer"", ""Steve Ballmer"", ""Steve Ballmer""]"
Player,managed-llama-3-3-70b-instruct,w20,team,13,team_name,0,1,"[""Los Angeles Clippers"", ""Los Angeles Clippers"", ""Los Angeles Clippers"", ""Los Angeles Clippers"", ""Los Angeles Clippers""]"
Player,managed-llama-3-3-70b-instruct,w20,team,14,championship,0,1,"[""17"", ""17"", ""17"", ""17"", ""17""]"
Player,managed-llama-3-3-70b-instruct,w20,team,14,founded_year,0,1,"[""1946"", ""1946"", ""1946"", ""1946"", ""1946""]"
Player,managed-llama-3-3-70b-instruct,w20,team,14,location,0,1,"[""Los Angeles"", ""Los Angeles"", ""Los Angeles"", ""Los Angeles"", ""Los Angeles""]"
Player,managed-llama-3-3-70b-instruct,w20,team,14,ownership,1,3,"[""Jeanie Buss || Jerry Buss"", ""Jeanie Buss || Jerry Buss || Jack Kent Cooke || Bob Short || Ben Berger || Morris Chalfen"", ""Jeanie Buss || Jerry Buss || Jack Kent Cooke || Bob Short || Ben Berger || Morris Chalfen"", ""Jeanie Buss || Jerry Buss"", ""Jeanie Buss || Jerry Buss || Bob Short || Jack Kent Cooke || Benjamin Berger || Morris Chalfen""]"
Player,managed-llama-3-3-70b-instruct,w20,team,14,team_name,0,1,"[""Los Angeles Lakers"", ""Los Angeles Lakers"", ""Los Angeles Lakers"", ""Los Angeles Lakers"", ""Los Angeles Lakers""]"
Player,managed-llama-3-3-70b-instruct,w20,team,15,championship,0,1,"[""0"", ""0"", ""0"", ""0"", ""0""]"
Player,managed-llama-3-3-70b-instruct,w20,team,15,founded_year,0,1,"[""1995"", ""1995"", ""1995"", ""1995"", ""1995""]"
Player,managed-llama-3-3-70b-instruct,w20,team,15,location,0,1,"[""Memphis"", ""Memphis"", ""Memphis"", ""Memphis"", ""Memphis""]"
Player,managed-llama-3-3-70b-instruct,w20,team,15,ownership,0,1,"[""Robert J. Pera"", ""Robert J. Pera"", ""Robert J. Pera"", ""Robert J. Pera"", ""Robert J. Pera""]"
Player,managed-llama-3-3-70b-instruct,w20,team,15,team_name,0,1,"[""Memphis Grizzlies"", ""Memphis Grizzlies"", ""Memphis Grizzlies"", ""Memphis Grizzlies"", ""Memphis Grizzlies""]"
Player,managed-llama-3-3-70b-instruct,w20,team,16,championship,0,1,"[""3"", ""3"", ""3"", ""3"", ""3""]"
Player,managed-llama-3-3-70b-instruct,w20,team,16,founded_year,0,1,"[""1988"", ""1988"", ""1988"", ""1988"", ""1988""]"
Player,managed-llama-3-3-70b-instruct,w20,team,16,location,0,1,"[""Miami"", ""Miami"", ""Miami"", ""Miami"", ""Miami""]"
Player,managed-llama-3-3-70b-instruct,w20,team,16,ownership,0,1,"[""Micky Arison"", ""Micky Arison"", ""Micky Arison"", ""Micky Arison"", ""Micky Arison""]"
Player,managed-llama-3-3-70b-instruct,w20,team,16,team_name,0,1,"[""Miami Heat"", ""Miami Heat"", ""Miami Heat"", ""Miami Heat"", ""Miami Heat""]"
Player,managed-llama-3-3-70b-instruct,w20,team,17,championship,0,1,"[""2"", ""2"", ""2"", ""2"", ""2""]"
Player,managed-llama-3-3-70b-instruct,w20,team,17,founded_year,0,1,"[""1968"", ""1968"", ""1968"", ""1968"", ""1968""]"
Player,managed-llama-3-3-70b-instruct,w20,team,17,location,0,1,"[""Milwaukee"", ""Milwaukee"", ""Milwaukee"", ""Milwaukee"", ""Milwaukee""]"
Player,managed-llama-3-3-70b-instruct,w20,team,17,ownership,1,2,"[""Herb Kohl || Wes Edens || Marc Lasry || Jamie Dinan"", ""Herb Kohl || Wes Edens || Marc Lasry"", ""Herb Kohl || Wes Edens || Marc Lasry || Jamie Dinan"", ""Herb Kohl || Wes Edens || Marc Lasry || Jamie Dinan"", ""Herb Kohl || Wes Edens || Marc Lasry""]"
Player,managed-llama-3-3-70b-instruct,w20,team,17,team_name,0,1,"[""Milwaukee Bucks"", ""Milwaukee Bucks"", ""Milwaukee Bucks"", ""Milwaukee Bucks"", ""Milwaukee Bucks""]"
Player,managed-llama-3-3-70b-instruct,w20,team,18,championship,0,1,"[""0"", ""0"", ""0"", ""0"", ""0""]"
Player,managed-llama-3-3-70b-instruct,w20,team,18,founded_year,0,1,"[""1989"", ""1989"", ""1989"", ""1989"", ""1989""]"
Player,managed-llama-3-3-70b-instruct,w20,team,18,location,0,1,"[""Minneapolis"", ""Minneapolis"", ""Minneapolis"", ""Minneapolis"", ""Minneapolis""]"
Player,managed-llama-3-3-70b-instruct,w20,team,18,ownership,0,1,"[""Glen Taylor || Marc Lore || Alex Rodriguez"", ""Glen Taylor || Marc Lore || Alex Rodriguez"", ""Glen Taylor || Marc Lore || Alex Rodriguez"", ""Glen Taylor || Marc Lore || Alex Rodriguez"", ""Glen Taylor || Marc Lore || Alex Rodriguez""]"
Player,managed-llama-3-3-70b-instruct,w20,team,18,team_name,0,1,"[""Minnesota Timberwolves"", ""Minnesota Timberwolves"", ""Minnesota Timberwolves"", ""Minnesota Timberwolves"", ""Minnesota Timberwolves""]"
Player,managed-llama-3-3-70b-instruct,w20,team,19,championship,0,1,"[""0"", ""0"", ""0"", ""0"", ""0""]"
Player,managed-llama-3-3-70b-instruct,w20,team,19,founded_year,0,1,"[""2002"", ""2002"", ""2002"", ""2002"", ""2002""]"
Player,managed-llama-3-3-70b-instruct,w20,team,19,location,0,1,"[""New Orleans"", ""New Orleans"", ""New Orleans"", ""New Orleans"", ""New Orleans""]"
Player,managed-llama-3-3-70b-instruct,w20,team,19,ownership,1,2,"[""George Shinn || Tom Benson || Gayle Benson"", ""Tom Benson || Gayle Benson"", ""George Shinn || Tom Benson || Gayle Benson"", ""George Shinn || Tom Benson || Gayle Benson"", ""George Shinn || Tom Benson || Gayle Benson""]"
Player,managed-llama-3-3-70b-instruct,w20,team,19,team_name,1,2,"[""New Orleans Pelicans || New Orleans Hornets || New Orleans Jazz || New Orleans Buccaneers"", ""New Orleans Pelicans || New Orleans Hornets || New Orleans Jazz || New Orleans Buccaneers || Charlotte Hornets || Charlotte Bobcats || Utah Jazz || Oklahoma City Thunder"", ""New Orleans Pelicans || New Orleans Hornets || New Orleans Jazz || New Orleans Buccaneers"", ""New Orleans Pelicans || New Orleans Hornets || New Orleans Jazz || New Orleans Buccaneers || Charlotte Hornets || Charlotte Bobcats || Utah Jazz || Oklahoma City Thunder"", ""New Orleans Pelicans || New Orleans Hornets || New Orleans Jazz || New Orleans Buccaneers || Charlotte Hornets || Charlotte Bobcats || Utah Jazz || Oklahoma City Thunder""]"
Player,managed-llama-3-3-70b-instruct,w20,team,20,championship,0,1,"[""2"", ""2"", ""2"", ""2"", ""2""]"
Player,managed-llama-3-3-70b-instruct,w20,team,20,founded_year,0,1,"[""1946"", ""1946"", ""1946"", ""1946"", ""1946""]"
Player,managed-llama-3-3-70b-instruct,w20,team,20,location,0,1,"[""New York City"", ""New York City"", ""New York City"", ""New York City"", ""New York City""]"
Player,managed-llama-3-3-70b-instruct,w20,team,20,ownership,1,3,"[""Madison Square Garden Sports Corp.||The Madison Square Garden Company"", ""Madison Square Garden Sports Corp.||The Madison Square Garden Company||Cablevision (1997-2010)||ITV (1989-1997)||Gulf+Western (1977-1989)"", ""Madison Square Garden Sports Corp. || The Madison Square Garden Company || James Dolan"", ""Madison Square Garden Sports Corp. || The Madison Square Garden Company || James Dolan"", ""Madison Square Garden Sports Corp.||The Madison Square Garden Company||Cablevision (1997-2010)||ITV (1989-1997)||Gulf+Western (1977-1989)""]"
Player,managed-llama-3-3-70b-instruct,w20,team,20,team_name,1,2,"[""New York Knickerbockers || New York Knicks"", ""New York Knickerbockers || New York Knicks"", ""New York Knickerbockers || New York Knicks"", ""New York Knickerbockers || New York Knicks"", ""New York Knickerbockers || Knicks""]"
Player,managed-llama-3-3-70b-instruct,w20,team,21,championship,0,1,"[""1"", ""1"", ""1"", ""1"", ""1""]"
Player,managed-llama-3-3-70b-instruct,w20,team,21,founded_year,0,1,"[""1967"", ""1967"", ""1967"", ""1967"", ""1967""]"
Player,managed-llama-3-3-70b-instruct,w20,team,21,location,0,1,"[""Oklahoma City"", ""Oklahoma City"", ""Oklahoma City"", ""Oklahoma City"", ""Oklahoma City""]"
Player,managed-llama-3-3-70b-instruct,w20,team,21,ownership,0,1,"[""Clay Bennett"", ""Clay Bennett"", ""Clay Bennett"", ""Clay Bennett"", ""Clay Bennett""]"
Player,managed-llama-3-3-70b-instruct,w20,team,21,team_name,0,1,"[""Oklahoma City Thunder"", ""Oklahoma City Thunder"", ""Oklahoma City Thunder"", ""Oklahoma City Thunder"", ""Oklahoma City Thunder""]"
Player,managed-llama-3-3-70b-instruct,w20,team,22,championship,0,1,"[""0"", ""0"", ""0"", ""0"", ""0""]"
Player,managed-llama-3-3-70b-instruct,w20,team,22,founded_year,0,1,"[""1989"", ""1989"", ""1989"", ""1989"", ""1989""]"
Player,managed-llama-3-3-70b-instruct,w20,team,22,location,0,1,"[""Orlando"", ""Orlando"", ""Orlando"", ""Orlando"", ""Orlando""]"
Player,managed-llama-3-3-70b-instruct,w20,team,22,ownership,1,5,"[""The ownership of the Orlando Magic is Richard DeVos || his family."", ""The ownership of the Orlando Magic is Richard DeVos || his children."", ""The ownership of the Orlando Magic is Richard DeVos || his children, with the official owner role moving to son-in-law and team president Bob Vander Weide."", ""The ownership of the Orlando Magic is Richard DeVos || his children (transferred ownership in 2005 but still split evenly amongst his children)."", ""The ownership of the Orlando Magic is Richard DeVos || his children (with the official owner role moving to son-in-law and team president Bob Vander Weide).""]"
Player,managed-llama-3-3-70b-instruct,w20,team,22,team_name,0,1,"[""Orlando Magic"", ""Orlando Magic"", ""Orlando Magic"", ""Orlando Magic"", ""Orlando Magic""]"
Player,managed-llama-3-3-70b-instruct,w20,team,23,championship,0,1,"[""3"", ""3"", ""3"", ""3"", ""3""]"
Player,managed-llama-3-3-70b-instruct,w20,team,23,founded_year,0,1,"[""1946"", ""1946"", ""1946"", ""1946"", ""1946""]"
Player,managed-llama-3-3-70b-instruct,w20,team,23,location,0,1,"[""Philadelphia"", ""Philadelphia"", ""Philadelphia"", ""Philadelphia"", ""Philadelphia""]"
Player,managed-llama-3-3-70b-instruct,w20,team,23,ownership,1,2,"[""Harris Blitzer Sports & Entertainment (HBSE) || Josh Harris || David Blitzer"", ""Harris Blitzer Sports & Entertainment (HBSE) || Josh Harris || David Blitzer"", ""Harris Blitzer Sports & Entertainment (HBSE)"", ""Harris Blitzer Sports & Entertainment (HBSE) || Josh Harris || David Blitzer"", ""Harris Blitzer Sports & Entertainment (HBSE)""]"
Player,managed-llama-3-3-70b-instruct,w20,team,23,team_name,0,1,"[""Philadelphia 76ers"", ""Philadelphia 76ers"", ""Philadelphia 76ers"", ""Philadelphia 76ers"", ""Philadelphia 76ers""]"
Player,managed-llama-3-3-70b-instruct,w20,team,24,championship,0,1,"[""0"", ""0"", ""0"", ""0"", ""0""]"
Player,managed-llama-3-3-70b-instruct,w20,team,24,founded_year,0,1,"[""1968"", ""1968"", ""1968"", ""1968"", ""1968""]"
Player,managed-llama-3-3-70b-instruct,w20,team,24,location,0,1,"[""Phoenix"", ""Phoenix"", ""Phoenix"", ""Phoenix"", ""Phoenix""]"
Player,managed-llama-3-3-70b-instruct,w20,team,24,ownership,0,1,"[""Mat Ishbia || Justin Ishbia"", ""Mat Ishbia || Justin Ishbia"", ""Mat Ishbia || Justin Ishbia"", ""Mat Ishbia || Justin Ishbia"", ""Mat Ishbia || Justin Ishbia""]"
Player,managed-llama-3-3-70b-instruct,w20,team,24,team_name,0,1,"[""Phoenix Suns"", ""Phoenix Suns"", ""Phoenix Suns"", ""Phoenix Suns"", ""Phoenix Suns""]"
Player,managed-llama-3-3-70b-instruct,w20,team,25,championship,0,1,"[""1"", ""1"", ""1"", ""1"", ""1""]"
Player,managed-llama-3-3-70b-instruct,w20,team,25,founded_year,0,1,"[""1970"", ""1970"", ""1970"", ""1970"", ""1970""]"
Player,managed-llama-3-3-70b-instruct,w20,team,25,location,0,1,"[""Portland"", ""Portland"", ""Portland"", ""Portland"", ""Portland""]"
Player,managed-llama-3-3-70b-instruct,w20,team,25,ownership,0,1,"[""Paul Allen || Jody Allen"", ""Paul Allen || Jody Allen"", ""Paul Allen || Jody Allen"", ""Paul Allen || Jody Allen"", ""Paul Allen || Jody Allen""]"
Player,managed-llama-3-3-70b-instruct,w20,team,25,team_name,0,1,"[""Portland Trail Blazers"", ""Portland Trail Blazers"", ""Portland Trail Blazers"", ""Portland Trail Blazers"", ""Portland Trail Blazers""]"
Player,managed-llama-3-3-70b-instruct,w20,team,26,championship,0,1,"[""1"", ""1"", ""1"", ""1"", ""1""]"
Player,managed-llama-3-3-70b-instruct,w20,team,26,founded_year,0,1,"[""1923"", ""1923"", ""1923"", ""1923"", ""1923""]"
Player,managed-llama-3-3-70b-instruct,w20,team,26,location,0,1,"[""Sacramento"", ""Sacramento"", ""Sacramento"", ""Sacramento"", ""Sacramento""]"
Player,managed-llama-3-3-70b-instruct,w20,team,26,ownership,1,2,"[""Vivek Ranadiv\u00e9"", ""Vivek Ranadiv\u00e9"", ""Vivek Ranadiv\u00e9"", ""Vivek Ranadiv\u00e9"", ""Vivek Ranadiv\u00e9 || Raj Bhathal""]"
Player,managed-llama-3-3-70b-instruct,w20,team,26,team_name,0,1,"[""Sacramento Kings"", ""Sacramento Kings"", ""Sacramento Kings"", ""Sacramento Kings"", ""Sacramento Kings""]"
Player,managed-llama-3-3-70b-instruct,w20,team,27,championship,0,1,"[""5"", ""5"", ""5"", ""5"", ""5""]"
Player,managed-llama-3-3-70b-instruct,w20,team,27,founded_year,0,1,"[""1967"", ""1967"", ""1967"", ""1967"", ""1967""]"
Player,managed-llama-3-3-70b-instruct,w20,team,27,location,0,1,"[""San Antonio"", ""San Antonio"", ""San Antonio"", ""San Antonio"", ""San Antonio""]"
Player,managed-llama-3-3-70b-instruct,w20,team,27,ownership,0,1,"[""Peter M. Holt || 22 investors"", ""Peter M. Holt || 22 investors"", ""Peter M. Holt || 22 investors"", ""Peter M. Holt || 22 investors"", ""Peter M. Holt || 22 investors""]"
Player,managed-llama-3-3-70b-instruct,w20,team,27,team_name,0,1,"[""San Antonio Spurs"", ""San Antonio Spurs"", ""San Antonio Spurs"", ""San Antonio Spurs"", ""San Antonio Spurs""]"
Player,managed-llama-3-3-70b-instruct,w20,team,28,championship,0,1,"[""1"", ""1"", ""1"", ""1"", ""1""]"
Player,managed-llama-3-3-70b-instruct,w20,team,28,founded_year,0,1,"[""1995"", ""1995"", ""1995"", ""1995"", ""1995""]"
Player,managed-llama-3-3-70b-instruct,w20,team,28,location,0,1,"[""Toronto"", ""Toronto"", ""Toronto"", ""Toronto"", ""Toronto""]"
Player,managed-llama-3-3-70b-instruct,w20,team,28,ownership,1,3,"[""Maple Leaf Sports & Entertainment||Bell Media||BCE Inc.||Ontario Teachers' Pension Plan||TD Capital||CIBC||Scotiabank||BMO Financial Group||The Toronto-Dominion Bank||National Bank of Canada||Caisse de d\u00e9p\u00f4t et placement du Qu\u00e9bec||Fonds de solidarit\u00e9 FTQ||Slaight Communications||Larry Tanenbaum||Graham Weston||Steve Stavro||Phyllis Scully||Brian Mulroney||Dale Lastman||Basil Smikle||Boris Sapienza||Brenda Cline||Steve Mooney||Dennis Kavelman||John Bitove||Allan Slaight||The Bank of Nova Scotia||David Peterson||Phil Granovsky"", ""Maple Leaf Sports & Entertainment||Bell Media||Rogers Communications"", ""Maple Leaf Sports & Entertainment||Bell Media||Rogers Communications"", ""Maple Leaf Sports & Entertainment"", ""Maple Leaf Sports & Entertainment""]"
Player,managed-llama-3-3-70b-instruct,w20,team,28,team_name,0,1,"[""Toronto Raptors"", ""Toronto Raptors"", ""Toronto Raptors"", ""Toronto Raptors"", ""Toronto Raptors""]"
Player,managed-llama-3-3-70b-instruct,w20,team,29,championship,0,1,"[""2"", ""2"", ""2"", ""2"", ""2""]"
Player,managed-llama-3-3-70b-instruct,w20,team,29,founded_year,0,1,"[""1974"", ""1974"", ""1974"", ""1974"", ""1974""]"
Player,managed-llama-3-3-70b-instruct,w20,team,29,location,0,1,"[""Salt Lake City"", ""Salt Lake City"", ""Salt Lake City"", ""Salt Lake City"", ""Salt Lake City""]"
Player,managed-llama-3-3-70b-instruct,w20,team,29,ownership,0,1,"[""Ryan Smith || Dwyane Wade"", ""Ryan Smith || Dwyane Wade"", ""Ryan Smith || Dwyane Wade"", ""Ryan Smith || Dwyane Wade"", ""Ryan Smith || Dwyane Wade""]"
Player,managed-llama-3-3-70b-instruct,w20,team,29,team_name,0,1,"[""Utah Jazz"", ""Utah Jazz"", ""Utah Jazz"", ""Utah Jazz"", ""Utah Jazz""]"
Player,managed-llama-3-3-70b-instruct,w20,team,30,championship,0,1,"[""1"", ""1"", ""1"", ""1"", ""1""]"
Player,managed-llama-3-3-70b-instruct,w20,team,30,founded_year,0,1,"[""1961"", ""1961"", ""1961"", ""1961"", ""1961""]"
Player,managed-llama-3-3-70b-instruct,w20,team,30,location,0,1,"[""Washington, D.C."", ""Washington, D.C."", ""Washington, D.C."", ""Washington, D.C."", ""Washington, D.C.""]"
Player,managed-llama-3-3-70b-instruct,w20,team,30,ownership,0,1,"[""Ted Leonsis"", ""Ted Leonsis"", ""Ted Leonsis"", ""Ted Leonsis"", ""Ted Leonsis""]"
Player,managed-llama-3-3-70b-instruct,w20,team,30,team_name,0,1,"[""Washington Wizards"", ""Washington Wizards"", ""Washington Wizards"", ""Washington Wizards"", ""Washington Wizards""]"
