dataset,model,setting,repeat,query,macro_f1,len_gold,len_pred,matched_rows,error,gold_empty,gt_self_f1
Player,vllm-granite-3-3-8b-instruct,w20,1,Agg/agg_queries/1,0.8,3,2,2,,0,1.0
Player,vllm-granite-3-3-8b-instruct,w20,1,Agg/agg_queries/2,0.0,23,24,0,,0,1.0
Player,vllm-granite-3-3-8b-instruct,w20,1,Agg/agg_queries/3,0.684543615177018,3,2,2,,0,1.0
Player,vllm-granite-3-3-8b-instruct,w20,1,Agg/agg_queries/4,0.0,23,24,0,,0,1.0
Player,vllm-granite-3-3-8b-instruct,w20,1,Agg/agg_queries/5,0.0,23,24,0,,0,1.0
Player,vllm-granite-3-3-8b-instruct,w20,1,Agg/agg_queries/6,0.0,23,24,0,,0,1.0
Player,vllm-granite-3-3-8b-instruct,w20,1,Agg/agg_queries/7,0.0,23,24,0,,0,1.0
Player,vllm-granite-3-3-8b-instruct,w20,1,Agg/agg_queries/8,0.5867758784425451,3,3,2,,0,1.0
Player,vllm-granite-3-3-8b-instruct,w20,1,Agg/agg_queries/9,0.6666666666666666,3,3,2,,0,1.0
Player,vllm-granite-3-3-8b-instruct,w20,1,Agg/agg_queries/10,0.5318789935354352,3,3,2,,0,1.0
Player,vllm-granite-3-3-8b-instruct,w20,1,Filter/filter_queries_city/1,0.0,1,0,0,,0,1.0
Player,vllm-granite-3-3-8b-instruct,w20,1,Filter/filter_queries_city/2,0.0,0,17,0,,1,0.0
Player,vllm-granite-3-3-8b-instruct,w20,1,Filter/filter_queries_city/3,0.67816091954023,29,29,29,,0,0.896551724137931
Player,vllm-granite-3-3-8b-instruct,w20,1,Filter/filter_queries_city/4,0.0,0,0,0,,1,0.0
Player,vllm-granite-3-3-8b-instruct,w20,1,Filter/filter_queries_city/5,0.38095238095238093,27,29,27,,0,0.9012345679012346
Player,vllm-granite-3-3-8b-instruct,w20,1,Filter/filter_queries_city/6,0.16666666666666666,6,2,1,,0,0.9444444444444445
Player,vllm-granite-3-3-8b-instruct,w20,1,Filter/filter_queries_manager/1,0.32258064516129037,15,16,15,,0,1.0
Player,vllm-granite-3-3-8b-instruct,w20,1,Filter/filter_queries_manager/2,0.16666666666666666,9,7,5,,0,1.0
Player,vllm-granite-3-3-8b-instruct,w20,1,Filter/filter_queries_manager/3,0.5555555555555556,15,15,15,,0,1.0
Player,vllm-granite-3-3-8b-instruct,w20,1,Filter/filter_queries_manager/4,0.0,0,0,0,,1,0.0
Player,vllm-granite-3-3-8b-instruct,w20,1,Filter/filter_queries_manager/5,0.6458333333333334,16,16,16,,0,1.0
Player,vllm-granite-3-3-8b-instruct,w20,1,Filter/filter_queries_manager/6,0.4888888888888889,14,16,14,,0,1.0
Player,vllm-granite-3-3-8b-instruct,w20,1,Filter/filter_queries_player/1,0.45396825396825397,140,70,70,,0,1.0
Player,vllm-granite-3-3-8b-instruct,w20,1,Filter/filter_queries_player/2,0.24731182795698925,126,122,122,,0,1.0
Player,vllm-granite-3-3-8b-instruct,w20,1,Filter/filter_queries_player/3,0.3875968992248062,17,26,15,,0,1.0
Player,vllm-granite-3-3-8b-instruct,w20,1,Filter/filter_queries_player/4,0.0,1,0,0,,0,1.0
Player,vllm-granite-3-3-8b-instruct,w20,1,Filter/filter_queries_player/5,0.5285996055226824,107,62,61,,0,1.0
Player,vllm-granite-3-3-8b-instruct,w20,1,Filter/filter_queries_player/6,0.6666666666666666,1,1,1,,0,1.0
Player,vllm-granite-3-3-8b-instruct,w20,1,Filter/filter_queries_player/7,0.36923076923076925,15,50,15,,0,1.0
Player,vllm-granite-3-3-8b-instruct,w20,1,Filter/filter_queries_player/8,0.3603603603603604,19,55,17,,0,1.0
Player,vllm-granite-3-3-8b-instruct,w20,1,Filter/filter_queries_player/9,0.7307692307692307,28,24,24,,0,1.0
Player,vllm-granite-3-3-8b-instruct,w20,1,Filter/filter_queries_player/10,0.0,0,3,0,,1,0.0
Player,vllm-granite-3-3-8b-instruct,w20,1,Filter/filter_queries_player/11,0.5611510791366907,139,139,139,,0,1.0
Player,vllm-granite-3-3-8b-instruct,w20,1,Filter/filter_queries_player/12,0.5,2,2,1,,0,1.0
Player,vllm-granite-3-3-8b-instruct,w20,1,Filter/filter_queries_player/13,0.46582984658298465,124,115,113,,0,1.0
Player,vllm-granite-3-3-8b-instruct,w20,1,Filter/filter_queries_player/14,0.445273631840796,140,128,128,,0,1.0
Player,vllm-granite-3-3-8b-instruct,w20,1,Filter/filter_queries_player/15,0.27995255041518385,140,141,140,,0,1.0
Player,vllm-granite-3-3-8b-instruct,w20,1,Filter/filter_queries_player/16,0.3292181069958848,31,50,25,,0,1.0
Player,vllm-granite-3-3-8b-instruct,w20,1,Filter/filter_queries_player/17,0.5333333333333333,57,48,46,,0,1.0
Player,vllm-granite-3-3-8b-instruct,w20,1,Filter/filter_queries_player/18,0.31831831831831836,38,73,35,,0,1.0
Player,vllm-granite-3-3-8b-instruct,w20,1,Filter/filter_queries_player/19,0.5376344086021506,12,19,11,,0,1.0
Player,vllm-granite-3-3-8b-instruct,w20,1,Filter/filter_queries_player/20,0.4074074074074073,7,11,7,,0,1.0
Player,vllm-granite-3-3-8b-instruct,w20,1,Filter/filter_queries_player/21,0.0,0,0,0,,1,0.0
Player,vllm-granite-3-3-8b-instruct,w20,1,Filter/filter_queries_player/22,0.0,0,0,0,,1,0.0
Player,vllm-granite-3-3-8b-instruct,w20,1,Filter/filter_queries_player/23,0.0,0,0,0,,1,0.0
Player,vllm-granite-3-3-8b-instruct,w20,1,Filter/filter_queries_player/24,0.196078431372549,14,20,6,,0,1.0
Player,vllm-granite-3-3-8b-instruct,w20,1,Filter/filter_queries_player/25,0.5416666666666666,134,138,134,,0,1.0
Player,vllm-granite-3-3-8b-instruct,w20,1,Filter/filter_queries_player/26,0.4704491725768321,141,141,141,,0,1.0
Player,vllm-granite-3-3-8b-instruct,w20,1,Filter/filter_queries_player/27,0.5352449223416965,141,138,138,,0,1.0
Player,vllm-granite-3-3-8b-instruct,w20,1,Filter/filter_queries_player/28,0.38534278959810875,141,141,141,,0,1.0
Player,vllm-granite-3-3-8b-instruct,w20,1,Filter/filter_queries_player/29,0.4452380952380952,141,139,139,,0,1.0
Player,vllm-granite-3-3-8b-instruct,w20,1,Filter/filter_queries_player/30,0.3008423586040915,139,138,136,,0,1.0
Player,vllm-granite-3-3-8b-instruct,w20,1,Filter/filter_queries_player/31,0.20952380952380953,28,42,27,,0,1.0
Player,vllm-granite-3-3-8b-instruct,w20,1,Filter/filter_queries_player/32,0.24293785310734464,139,97,97,,0,1.0
Player,vllm-granite-3-3-8b-instruct,w20,1,Filter/filter_queries_player/33,0.2585034013605442,60,38,36,,0,1.0
Player,vllm-granite-3-3-8b-instruct,w20,1,Filter/filter_queries_player/34,0.45938375350140054,110,128,109,,0,1.0
Player,vllm-granite-3-3-8b-instruct,w20,1,Filter/filter_queries_player/35,0.0,0,0,0,,1,0.0
Player,vllm-granite-3-3-8b-instruct,w20,1,Filter/filter_queries_player/36,0.14814814814814814,14,4,3,,0,1.0
Player,vllm-granite-3-3-8b-instruct,w20,1,Filter/filter_queries_team/1,0.6214689265536724,29,30,29,,0,1.0
Player,vllm-granite-3-3-8b-instruct,w20,1,Filter/filter_queries_team/2,0.64,25,25,25,,0,1.0
Player,vllm-granite-3-3-8b-instruct,w20,1,Filter/filter_queries_team/3,0.65,20,20,20,,0,1.0
Player,vllm-granite-3-3-8b-instruct,w20,1,Filter/filter_queries_team/4,0.0,0,0,0,,1,0.0
Player,vllm-granite-3-3-8b-instruct,w20,1,Filter/filter_queries_team/5,0.8505747126436782,29,29,29,,0,1.0
Player,vllm-granite-3-3-8b-instruct,w20,1,Filter/filter_queries_team/6,0.6222222222222222,30,30,30,,0,1.0
Player,vllm-granite-3-3-8b-instruct,w20,1,Filter/filter_queries_team/7,0.0,0,0,0,,1,0.0
Player,vllm-granite-3-3-8b-instruct,w20,1,Filter/filter_queries_team/8,0.0,0,0,0,,1,0.0
Player,vllm-granite-3-3-8b-instruct,w20,1,Filter/filter_queries_team/9,0.8550724637681159,23,23,23,,0,1.0
Player,vllm-granite-3-3-8b-instruct,w20,1,Filter/filter_queries_team/10,0.6333333333333334,30,30,30,,0,1.0
Player,vllm-granite-3-3-8b-instruct,w20,1,Filter/filter_queries_team/11,0.8390804597701149,28,30,28,,0,1.0
Player,vllm-granite-3-3-8b-instruct,w20,1,Filter/filter_queries_team/12,0.7777777777777778,3,3,3,,0,1.0
Player,vllm-granite-3-3-8b-instruct,w20,1,Join/join_queries/2,0.6284722222222221,90,54,52,,0,1.0
Player,vllm-granite-3-3-8b-instruct,w20,1,Join/join_queries/4,0.3506944444444444,90,54,52,,0,1.0
Player,vllm-granite-3-3-8b-instruct,w20,1,Join/join_queries/5,0.6354166666666666,29,19,19,,0,0.9224137931034483
Player,vllm-granite-3-3-8b-instruct,w20,1,Join/join_queries/7,0.0,2,1,0,,0,1.0
Player,vllm-granite-3-3-8b-instruct,w20,1,Join/join_queries/8,0.0,2,1,0,,0,1.0
Player,vllm-granite-3-3-8b-instruct,w20,1,Join/join_queries/9,0.0,2,1,0,,0,1.0
Player,vllm-granite-3-3-8b-instruct,w20,1,Join/join_queries/10,0.0,2,1,0,,0,1.0
Player,vllm-granite-3-3-8b-instruct,w20,1,Join/join_queries/11,0.3338582677165355,88,39,37,,0,1.0
Player,vllm-granite-3-3-8b-instruct,w20,1,Join/join_queries/12,0.4598425196850394,88,39,37,,0,1.0
Player,vllm-granite-3-3-8b-instruct,w20,1,Join/join_queries/13,0.37795275590551186,88,39,37,,0,0.9477272727272726
Player,vllm-granite-3-3-8b-instruct,w20,1,Join/join_queries/15,0.0,12,0,0,,0,1.0
Player,vllm-granite-3-3-8b-instruct,w20,1,Join/join_queries/18,0.0,12,0,0,,0,1.0
Player,vllm-granite-3-3-8b-instruct,w20,1,Join/join_queries/19,0.0,12,0,0,,0,1.0
Player,vllm-granite-3-3-8b-instruct,w20,1,Mixed/mixed_queries_agg_join/1,0.6511627906976744,25,18,18,,0,1.0
Player,vllm-granite-3-3-8b-instruct,w20,1,Mixed/mixed_queries_agg_join/2,0.0,2,0,0,,0,0.75
Player,vllm-granite-3-3-8b-instruct,w20,1,Mixed/mixed_queries_filter_agg_join/1,0.0,0,0,0,,1,0.0
Player,vllm-granite-3-3-8b-instruct,w20,1,Mixed/mixed_queries_filter_agg_join/2,0.0,0,0,0,,1,0.0
Player,vllm-granite-3-3-8b-instruct,w20,1,Mixed/mixed_queries_filter_agg_join/3,0.5,1,1,1,,0,1.0
Player,vllm-granite-3-3-8b-instruct,w20,1,Mixed/mixed_queries_filter_agg_join/4,0.0,0,0,0,,1,0.0
Player,vllm-granite-3-3-8b-instruct,w20,1,Mixed/mixed_queries_filter_agg_join/5,0.28846153846153844,20,6,6,,0,1.0
Player,vllm-granite-3-3-8b-instruct,w20,1,Mixed/mixed_queries_filter_agg_join/6,0.0,3,0,0,,0,1.0
Player,vllm-granite-3-3-8b-instruct,w20,1,Mixed/mixed_queries_filter_agg_join/7,0.4920634920634921,13,8,7,,0,1.0
Player,vllm-granite-3-3-8b-instruct,w20,1,Mixed/mixed_queries_filter_agg_join/8,0.0,0,0,0,,1,0.0
Player,vllm-granite-3-3-8b-instruct,w20,1,Mixed/mixed_queries_filter_agg_join/9,0.0,6,3,0,,0,1.0
Player,vllm-granite-3-3-8b-instruct,w20,1,Mixed/mixed_queries_filter_agg_join/10,0.0,2,0,0,,0,1.0
Player,vllm-granite-3-3-8b-instruct,w20,1,Mixed/mixed_queries_filter_agg_join/11,0.5832727272727273,3,2,2,,0,1.0
Player,vllm-granite-3-3-8b-instruct,w20,1,Mixed/mixed_queries_filter_agg_join/12,0.0,1,0,0,,0,1.0
Player,vllm-granite-3-3-8b-instruct,w20,1,Mixed/mixed_queries_filter_agg_player/1,0.42857142857142855,17,11,9,,0,1.0
Player,vllm-granite-3-3-8b-instruct,w20,1,Mixed/mixed_queries_filter_agg_player/2,0.0,1,0,0,,0,1.0
Player,vllm-granite-3-3-8b-instruct,w20,1,Mixed/mixed_queries_filter_agg_player/3,0.0,23,20,0,,0,1.0
Player,vllm-granite-3-3-8b-instruct,w20,1,Mixed/mixed_queries_filter_agg_player/4,0.6000000000000001,3,2,2,,0,1.0
Player,vllm-granite-3-3-8b-instruct,w20,1,Mixed/mixed_queries_filter_agg_player/5,0.24496173469387755,63,49,21,,0,1.0
Player,vllm-granite-3-3-8b-instruct,w20,1,Mixed/mixed_queries_filter_agg_player/6,0.3080808080808081,61,38,22,,0,1.0
Player,vllm-granite-3-3-8b-instruct,w20,1,Mixed/mixed_queries_filter_join/1,0.0,0,0,0,,1,0.0
Player,vllm-granite-3-3-8b-instruct,w20,1,Mixed/mixed_queries_filter_join/2,0.0,0,0,0,,1,0.0
Player,vllm-granite-3-3-8b-instruct,w20,1,Mixed/mixed_queries_filter_join/3,0.0,0,0,0,,1,0.0
Player,vllm-granite-3-3-8b-instruct,w20,1,Mixed/mixed_queries_filter_join/4,0.0,0,0,0,,1,0.0
Player,vllm-granite-3-3-8b-instruct,w20,1,Mixed/mixed_queries_filter_join/5,0.6408450704225351,89,53,52,,0,1.0
Player,vllm-granite-3-3-8b-instruct,w20,1,Mixed/mixed_queries_filter_join/6,0.0,11,0,0,,0,1.0
Player,vllm-granite-3-3-8b-instruct,w20,1,Mixed/mixed_queries_filter_join/7,0.0,0,0,0,,1,0.0
Player,vllm-granite-3-3-8b-instruct,w20,1,Mixed/mixed_queries_filter_join/8,0.0,0,0,0,,1,0.0
Player,vllm-granite-3-3-8b-instruct,w20,1,Mixed/mixed_queries_filter_join/9,0.46785714285714297,90,50,48,,0,1.0
Player,vllm-granite-3-3-8b-instruct,w20,1,Mixed/mixed_queries_filter_join/10,0.0,9,0,0,,0,1.0
Player,vllm-granite-3-3-8b-instruct,w20,1,Mixed/mixed_queries_filter_join/11,0.1764705882352941,16,35,9,,0,1.0
Player,vllm-granite-3-3-8b-instruct,w20,1,Mixed/mixed_queries_filter_join/12,0.0,0,0,0,,1,0.0
Player,vllm-granite-3-3-8b-instruct,w20,1,Select/select_queries_city/1,0.4252873563218391,29,29,29,,0,1.0
Player,vllm-granite-3-3-8b-instruct,w20,1,Select/select_queries_manager/1,0.5416666666666666,16,16,16,,0,1.0
Player,vllm-granite-3-3-8b-instruct,w20,1,Select/select_queries_player/1,0.8439716312056738,141,141,141,,0,1.0
Player,vllm-granite-3-3-8b-instruct,w20,1,Select/select_queries_player/2,0.7145390070921985,141,141,141,,0,1.0
Player,vllm-granite-3-3-8b-instruct,w20,1,Select/select_queries_player/3,0.46099290780141844,141,141,141,,0,1.0
Player,vllm-granite-3-3-8b-instruct,w20,1,Select/select_queries_player/4,0.45390070921985815,141,141,141,,0,1.0
Player,vllm-granite-3-3-8b-instruct,w20,1,Select/select_queries_player/5,0.6737588652482269,141,141,141,,0,1.0
Player,vllm-granite-3-3-8b-instruct,w20,1,Select/select_queries_player/6,0.6205673758865249,141,141,141,,0,1.0
Player,vllm-granite-3-3-8b-instruct,w20,2,Agg/agg_queries/1,0.8,3,2,2,,0,1.0
Player,vllm-granite-3-3-8b-instruct,w20,2,Agg/agg_queries/2,0.0,23,24,0,,0,1.0
Player,vllm-granite-3-3-8b-instruct,w20,2,Agg/agg_queries/3,0.7508434114835207,3,2,2,,0,1.0
Player,vllm-granite-3-3-8b-instruct,w20,2,Agg/agg_queries/4,0.0,23,24,0,,0,1.0
Player,vllm-granite-3-3-8b-instruct,w20,2,Agg/agg_queries/5,0.0,23,24,0,,0,1.0
Player,vllm-granite-3-3-8b-instruct,w20,2,Agg/agg_queries/6,0.0,23,24,0,,0,1.0
Player,vllm-granite-3-3-8b-instruct,w20,2,Agg/agg_queries/7,0.0,23,24,0,,0,1.0
Player,vllm-granite-3-3-8b-instruct,w20,2,Agg/agg_queries/8,0.5867758784425451,3,3,2,,0,1.0
Player,vllm-granite-3-3-8b-instruct,w20,2,Agg/agg_queries/9,0.6666666666666666,3,3,2,,0,1.0
Player,vllm-granite-3-3-8b-instruct,w20,2,Agg/agg_queries/10,0.5589933668921399,3,3,2,,0,1.0
Player,vllm-granite-3-3-8b-instruct,w20,2,Filter/filter_queries_city/1,0.0,1,0,0,,0,1.0
Player,vllm-granite-3-3-8b-instruct,w20,2,Filter/filter_queries_city/2,0.0,0,15,0,,1,0.0
Player,vllm-granite-3-3-8b-instruct,w20,2,Filter/filter_queries_city/3,0.6896551724137931,29,29,29,,0,0.896551724137931
Player,vllm-granite-3-3-8b-instruct,w20,2,Filter/filter_queries_city/4,0.0,0,0,0,,1,0.0
Player,vllm-granite-3-3-8b-instruct,w20,2,Filter/filter_queries_city/5,0.39285714285714285,27,29,27,,0,0.9012345679012346
Player,vllm-granite-3-3-8b-instruct,w20,2,Filter/filter_queries_city/6,0.16666666666666666,6,2,1,,0,0.9444444444444445
Player,vllm-granite-3-3-8b-instruct,w20,2,Filter/filter_queries_manager/1,0.3440860215053763,15,16,15,,0,1.0
Player,vllm-granite-3-3-8b-instruct,w20,2,Filter/filter_queries_manager/2,0.20833333333333334,9,7,5,,0,1.0
Player,vllm-granite-3-3-8b-instruct,w20,2,Filter/filter_queries_manager/3,0.5777777777777778,15,15,15,,0,1.0
Player,vllm-granite-3-3-8b-instruct,w20,2,Filter/filter_queries_manager/4,0.0,0,0,0,,1,0.0
Player,vllm-granite-3-3-8b-instruct,w20,2,Filter/filter_queries_manager/5,0.6666666666666666,16,16,16,,0,1.0
Player,vllm-granite-3-3-8b-instruct,w20,2,Filter/filter_queries_manager/6,0.5111111111111111,14,16,14,,0,1.0
Player,vllm-granite-3-3-8b-instruct,w20,2,Filter/filter_queries_player/1,0.4685534591194968,140,72,72,,0,1.0
Player,vllm-granite-3-3-8b-instruct,w20,2,Filter/filter_queries_player/2,0.24266666666666667,126,124,124,,0,1.0
Player,vllm-granite-3-3-8b-instruct,w20,2,Filter/filter_queries_player/3,0.39393939393939387,17,27,15,,0,1.0
Player,vllm-granite-3-3-8b-instruct,w20,2,Filter/filter_queries_player/4,0.0,1,0,0,,0,1.0
Player,vllm-granite-3-3-8b-instruct,w20,2,Filter/filter_queries_player/5,0.5277777777777777,107,61,60,,0,1.0
Player,vllm-granite-3-3-8b-instruct,w20,2,Filter/filter_queries_player/6,0.6666666666666666,1,1,1,,0,1.0
Player,vllm-granite-3-3-8b-instruct,w20,2,Filter/filter_queries_player/7,0.34920634920634924,15,48,14,,0,1.0
Player,vllm-granite-3-3-8b-instruct,w20,2,Filter/filter_queries_player/8,0.34259259259259256,19,53,16,,0,1.0
Player,vllm-granite-3-3-8b-instruct,w20,2,Filter/filter_queries_player/9,0.7307692307692307,28,24,24,,0,1.0
Player,vllm-granite-3-3-8b-instruct,w20,2,Filter/filter_queries_player/10,0.0,0,1,0,,1,0.0
Player,vllm-granite-3-3-8b-instruct,w20,2,Filter/filter_queries_player/11,0.5611510791366907,139,139,139,,0,1.0
Player,vllm-granite-3-3-8b-instruct,w20,2,Filter/filter_queries_player/12,0.5,2,2,1,,0,1.0
Player,vllm-granite-3-3-8b-instruct,w20,2,Filter/filter_queries_player/13,0.4621848739495798,124,114,112,,0,1.0
Player,vllm-granite-3-3-8b-instruct,w20,2,Filter/filter_queries_player/14,0.445273631840796,140,128,128,,0,1.0
Player,vllm-granite-3-3-8b-instruct,w20,2,Filter/filter_queries_player/15,0.2918149466192171,140,141,140,,0,1.0
Player,vllm-granite-3-3-8b-instruct,w20,2,Filter/filter_queries_player/16,0.3252032520325203,31,51,25,,0,1.0
Player,vllm-granite-3-3-8b-instruct,w20,2,Filter/filter_queries_player/17,0.5396825396825397,57,48,46,,0,1.0
Player,vllm-granite-3-3-8b-instruct,w20,2,Filter/filter_queries_player/18,0.30678466076696165,38,75,36,,0,1.0
Player,vllm-granite-3-3-8b-instruct,w20,2,Filter/filter_queries_player/19,0.5208333333333333,12,20,11,,0,1.0
Player,vllm-granite-3-3-8b-instruct,w20,2,Filter/filter_queries_player/20,0.4074074074074073,7,11,7,,0,1.0
Player,vllm-granite-3-3-8b-instruct,w20,2,Filter/filter_queries_player/21,0.0,0,0,0,,1,0.0
Player,vllm-granite-3-3-8b-instruct,w20,2,Filter/filter_queries_player/22,0.0,0,0,0,,1,0.0
Player,vllm-granite-3-3-8b-instruct,w20,2,Filter/filter_queries_player/23,0.0,0,0,0,,1,0.0
Player,vllm-granite-3-3-8b-instruct,w20,2,Filter/filter_queries_player/24,0.196078431372549,14,20,6,,0,1.0
Player,vllm-granite-3-3-8b-instruct,w20,2,Filter/filter_queries_player/25,0.5436654366543666,134,137,134,,0,1.0
Player,vllm-granite-3-3-8b-instruct,w20,2,Filter/filter_queries_player/26,0.4633569739952719,141,141,141,,0,1.0
Player,vllm-granite-3-3-8b-instruct,w20,2,Filter/filter_queries_player/27,0.5185185185185185,141,138,138,,0,1.0
Player,vllm-granite-3-3-8b-instruct,w20,2,Filter/filter_queries_player/28,0.3806146572104019,141,141,141,,0,1.0
Player,vllm-granite-3-3-8b-instruct,w20,2,Filter/filter_queries_player/29,0.430952380952381,141,139,139,,0,1.0
Player,vllm-granite-3-3-8b-instruct,w20,2,Filter/filter_queries_player/30,0.2888086642599278,139,138,136,,0,1.0
Player,vllm-granite-3-3-8b-instruct,w20,2,Filter/filter_queries_player/31,0.2318840579710145,28,41,27,,0,1.0
Player,vllm-granite-3-3-8b-instruct,w20,2,Filter/filter_queries_player/32,0.24113475177304963,139,96,96,,0,1.0
Player,vllm-granite-3-3-8b-instruct,w20,2,Filter/filter_queries_player/33,0.2526315789473684,60,35,33,,0,1.0
Player,vllm-granite-3-3-8b-instruct,w20,2,Filter/filter_queries_player/34,0.4565826330532213,110,128,109,,0,1.0
Player,vllm-granite-3-3-8b-instruct,w20,2,Filter/filter_queries_player/35,0.0,0,0,0,,1,0.0
Player,vllm-granite-3-3-8b-instruct,w20,2,Filter/filter_queries_player/36,0.1568627450980392,14,3,3,,0,1.0
Player,vllm-granite-3-3-8b-instruct,w20,2,Filter/filter_queries_team/1,0.5988700564971751,29,30,29,,0,1.0
Player,vllm-granite-3-3-8b-instruct,w20,2,Filter/filter_queries_team/2,0.64,25,25,25,,0,1.0
Player,vllm-granite-3-3-8b-instruct,w20,2,Filter/filter_queries_team/3,0.6333333333333334,20,20,20,,0,1.0
Player,vllm-granite-3-3-8b-instruct,w20,2,Filter/filter_queries_team/4,0.0,0,0,0,,1,0.0
Player,vllm-granite-3-3-8b-instruct,w20,2,Filter/filter_queries_team/5,0.8275862068965517,29,29,29,,0,1.0
Player,vllm-granite-3-3-8b-instruct,w20,2,Filter/filter_queries_team/6,0.6111111111111112,30,30,30,,0,1.0
Player,vllm-granite-3-3-8b-instruct,w20,2,Filter/filter_queries_team/7,0.0,0,0,0,,1,0.0
Player,vllm-granite-3-3-8b-instruct,w20,2,Filter/filter_queries_team/8,0.0,0,0,0,,1,0.0
Player,vllm-granite-3-3-8b-instruct,w20,2,Filter/filter_queries_team/9,0.8405797101449276,23,23,23,,0,1.0
Player,vllm-granite-3-3-8b-instruct,w20,2,Filter/filter_queries_team/10,0.611111111111111,30,30,30,,0,1.0
Player,vllm-granite-3-3-8b-instruct,w20,2,Filter/filter_queries_team/11,0.8160919540229884,28,30,28,,0,1.0
Player,vllm-granite-3-3-8b-instruct,w20,2,Filter/filter_queries_team/12,0.7777777777777778,3,3,3,,0,1.0
Player,vllm-granite-3-3-8b-instruct,w20,2,Join/join_queries/2,0.6188811188811189,90,53,51,,0,1.0
Player,vllm-granite-3-3-8b-instruct,w20,2,Join/join_queries/4,0.3426573426573426,90,53,51,,0,1.0
Player,vllm-granite-3-3-8b-instruct,w20,2,Join/join_queries/5,0.6276595744680852,29,18,18,,0,0.9224137931034483
Player,vllm-granite-3-3-8b-instruct,w20,2,Join/join_queries/7,0.0,2,1,0,,0,1.0
Player,vllm-granite-3-3-8b-instruct,w20,2,Join/join_queries/8,0.0,2,1,0,,0,1.0
Player,vllm-granite-3-3-8b-instruct,w20,2,Join/join_queries/9,0.0,2,1,0,,0,1.0
Player,vllm-granite-3-3-8b-instruct,w20,2,Join/join_queries/10,0.0,2,1,0,,0,1.0
Player,vllm-granite-3-3-8b-instruct,w20,2,Join/join_queries/11,0.3238095238095238,88,38,36,,0,1.0
Player,vllm-granite-3-3-8b-instruct,w20,2,Join/join_queries/12,0.45079365079365086,88,38,36,,0,1.0
Player,vllm-granite-3-3-8b-instruct,w20,2,Join/join_queries/13,0.37142857142857144,88,38,36,,0,0.9477272727272726
Player,vllm-granite-3-3-8b-instruct,w20,2,Join/join_queries/15,0.0,12,0,0,,0,1.0
Player,vllm-granite-3-3-8b-instruct,w20,2,Join/join_queries/18,0.0,12,0,0,,0,1.0
Player,vllm-granite-3-3-8b-instruct,w20,2,Join/join_queries/19,0.0,12,0,0,,0,1.0
Player,vllm-granite-3-3-8b-instruct,w20,2,Mixed/mixed_queries_agg_join/1,0.6190476190476191,25,17,17,,0,1.0
Player,vllm-granite-3-3-8b-instruct,w20,2,Mixed/mixed_queries_agg_join/2,0.0,2,0,0,,0,0.75
Player,vllm-granite-3-3-8b-instruct,w20,2,Mixed/mixed_queries_filter_agg_join/1,0.0,0,0,0,,1,0.0
Player,vllm-granite-3-3-8b-instruct,w20,2,Mixed/mixed_queries_filter_agg_join/2,0.0,0,0,0,,1,0.0
Player,vllm-granite-3-3-8b-instruct,w20,2,Mixed/mixed_queries_filter_agg_join/3,0.5,1,1,1,,0,1.0
Player,vllm-granite-3-3-8b-instruct,w20,2,Mixed/mixed_queries_filter_agg_join/4,0.0,0,0,0,,1,0.0
Player,vllm-granite-3-3-8b-instruct,w20,2,Mixed/mixed_queries_filter_agg_join/5,0.26,20,5,5,,0,1.0
Player,vllm-granite-3-3-8b-instruct,w20,2,Mixed/mixed_queries_filter_agg_join/6,0.0,3,0,0,,0,1.0
Player,vllm-granite-3-3-8b-instruct,w20,2,Mixed/mixed_queries_filter_agg_join/7,0.4666666666666667,13,7,6,,0,1.0
Player,vllm-granite-3-3-8b-instruct,w20,2,Mixed/mixed_queries_filter_agg_join/8,0.0,0,0,0,,1,0.0
Player,vllm-granite-3-3-8b-instruct,w20,2,Mixed/mixed_queries_filter_agg_join/9,0.0,6,3,0,,0,1.0
Player,vllm-granite-3-3-8b-instruct,w20,2,Mixed/mixed_queries_filter_agg_join/10,0.0,2,0,0,,0,1.0
Player,vllm-granite-3-3-8b-instruct,w20,2,Mixed/mixed_queries_filter_agg_join/11,0.5811188811188811,3,2,2,,0,1.0
Player,vllm-granite-3-3-8b-instruct,w20,2,Mixed/mixed_queries_filter_agg_join/12,0.0,1,0,0,,0,1.0
Player,vllm-granite-3-3-8b-instruct,w20,2,Mixed/mixed_queries_filter_agg_player/1,0.4137931034482759,17,12,9,,0,1.0
Player,vllm-granite-3-3-8b-instruct,w20,2,Mixed/mixed_queries_filter_agg_player/2,0.0,1,0,0,,0,1.0
Player,vllm-granite-3-3-8b-instruct,w20,2,Mixed/mixed_queries_filter_agg_player/3,0.0,23,20,0,,0,1.0
Player,vllm-granite-3-3-8b-instruct,w20,2,Mixed/mixed_queries_filter_agg_player/4,0.6000000000000001,3,2,2,,0,1.0
Player,vllm-granite-3-3-8b-instruct,w20,2,Mixed/mixed_queries_filter_agg_player/5,0.24716859716859713,63,48,20,,0,1.0
Player,vllm-granite-3-3-8b-instruct,w20,2,Mixed/mixed_queries_filter_agg_player/6,0.325,61,39,22,,0,1.0
Player,vllm-granite-3-3-8b-instruct,w20,2,Mixed/mixed_queries_filter_join/1,0.0,0,0,0,,1,0.0
Player,vllm-granite-3-3-8b-instruct,w20,2,Mixed/mixed_queries_filter_join/2,0.0,0,0,0,,1,0.0
Player,vllm-granite-3-3-8b-instruct,w20,2,Mixed/mixed_queries_filter_join/3,0.0,0,0,0,,1,0.0
Player,vllm-granite-3-3-8b-instruct,w20,2,Mixed/mixed_queries_filter_join/4,0.0,0,0,0,,1,0.0
Player,vllm-granite-3-3-8b-instruct,w20,2,Mixed/mixed_queries_filter_join/5,0.6276595744680851,89,52,51,,0,1.0
Player,vllm-granite-3-3-8b-instruct,w20,2,Mixed/mixed_queries_filter_join/6,0.0,11,0,0,,0,1.0
Player,vllm-granite-3-3-8b-instruct,w20,2,Mixed/mixed_queries_filter_join/7,0.0,0,0,0,,1,0.0
Player,vllm-granite-3-3-8b-instruct,w20,2,Mixed/mixed_queries_filter_join/8,0.0,0,0,0,,1,0.0
Player,vllm-granite-3-3-8b-instruct,w20,2,Mixed/mixed_queries_filter_join/9,0.45683453237410077,90,49,47,,0,1.0
Player,vllm-granite-3-3-8b-instruct,w20,2,Mixed/mixed_queries_filter_join/10,0.0,9,0,0,,0,1.0
Player,vllm-granite-3-3-8b-instruct,w20,2,Mixed/mixed_queries_filter_join/11,0.1764705882352941,16,35,9,,0,1.0
Player,vllm-granite-3-3-8b-instruct,w20,2,Mixed/mixed_queries_filter_join/12,0.0,0,0,0,,1,0.0
Player,vllm-granite-3-3-8b-instruct,w20,2,Select/select_queries_city/1,0.40229885057471265,29,29,29,,0,1.0
Player,vllm-granite-3-3-8b-instruct,w20,2,Select/select_queries_manager/1,0.5416666666666666,16,16,16,,0,1.0
Player,vllm-granite-3-3-8b-instruct,w20,2,Select/select_queries_player/1,0.8581560283687943,141,141,141,,0,1.0
Player,vllm-granite-3-3-8b-instruct,w20,2,Select/select_queries_player/2,0.7109929078014184,141,141,141,,0,1.0
Player,vllm-granite-3-3-8b-instruct,w20,2,Select/select_queries_player/3,0.4326241134751773,141,141,141,,0,1.0
Player,vllm-granite-3-3-8b-instruct,w20,2,Select/select_queries_player/4,0.45153664302600477,141,141,141,,0,1.0
Player,vllm-granite-3-3-8b-instruct,w20,2,Select/select_queries_player/5,0.6595744680851063,141,141,141,,0,1.0
Player,vllm-granite-3-3-8b-instruct,w20,2,Select/select_queries_player/6,0.624113475177305,141,141,141,,0,1.0
Player,vllm-granite-3-3-8b-instruct,w20,3,Agg/agg_queries/1,0.8,3,2,2,,0,1.0
Player,vllm-granite-3-3-8b-instruct,w20,3,Agg/agg_queries/2,0.0,23,24,0,,0,1.0
Player,vllm-granite-3-3-8b-instruct,w20,3,Agg/agg_queries/3,0.7100127226801494,3,2,2,,0,1.0
Player,vllm-granite-3-3-8b-instruct,w20,3,Agg/agg_queries/4,0.0,23,24,0,,0,1.0
Player,vllm-granite-3-3-8b-instruct,w20,3,Agg/agg_queries/5,0.0,23,24,0,,0,1.0
Player,vllm-granite-3-3-8b-instruct,w20,3,Agg/agg_queries/6,0.0,23,24,0,,0,1.0
Player,vllm-granite-3-3-8b-instruct,w20,3,Agg/agg_queries/7,0.0,23,24,0,,0,1.0
Player,vllm-granite-3-3-8b-instruct,w20,3,Agg/agg_queries/8,0.5867758784425451,3,3,2,,0,1.0
Player,vllm-granite-3-3-8b-instruct,w20,3,Agg/agg_queries/9,0.6666666666666666,3,3,2,,0,1.0
Player,vllm-granite-3-3-8b-instruct,w20,3,Agg/agg_queries/10,0.5318789935354352,3,3,2,,0,1.0
Player,vllm-granite-3-3-8b-instruct,w20,3,Filter/filter_queries_city/1,0.6666666666666666,1,1,1,,0,1.0
Player,vllm-granite-3-3-8b-instruct,w20,3,Filter/filter_queries_city/2,0.0,0,17,0,,1,0.0
Player,vllm-granite-3-3-8b-instruct,w20,3,Filter/filter_queries_city/3,0.67816091954023,29,29,29,,0,0.896551724137931
Player,vllm-granite-3-3-8b-instruct,w20,3,Filter/filter_queries_city/4,0.0,0,0,0,,1,0.0
Player,vllm-granite-3-3-8b-instruct,w20,3,Filter/filter_queries_city/5,0.38095238095238093,27,29,27,,0,0.9012345679012346
Player,vllm-granite-3-3-8b-instruct,w20,3,Filter/filter_queries_city/6,0.16666666666666666,6,2,1,,0,0.9444444444444445
Player,vllm-granite-3-3-8b-instruct,w20,3,Filter/filter_queries_manager/1,0.32258064516129037,15,16,15,,0,1.0
Player,vllm-granite-3-3-8b-instruct,w20,3,Filter/filter_queries_manager/2,0.16666666666666666,9,7,5,,0,1.0
Player,vllm-granite-3-3-8b-instruct,w20,3,Filter/filter_queries_manager/3,0.5555555555555556,15,15,15,,0,1.0
Player,vllm-granite-3-3-8b-instruct,w20,3,Filter/filter_queries_manager/4,0.0,0,0,0,,1,0.0
Player,vllm-granite-3-3-8b-instruct,w20,3,Filter/filter_queries_manager/5,0.6458333333333334,16,16,16,,0,1.0
Player,vllm-granite-3-3-8b-instruct,w20,3,Filter/filter_queries_manager/6,0.4888888888888889,14,16,14,,0,1.0
Player,vllm-granite-3-3-8b-instruct,w20,3,Filter/filter_queries_player/1,0.4676145339652448,140,71,71,,0,1.0
Player,vllm-granite-3-3-8b-instruct,w20,3,Filter/filter_queries_player/2,0.23828647925033467,126,123,123,,0,1.0
Player,vllm-granite-3-3-8b-instruct,w20,3,Filter/filter_queries_player/3,0.42424242424242425,17,27,16,,0,1.0
Player,vllm-granite-3-3-8b-instruct,w20,3,Filter/filter_queries_player/4,0.0,1,0,0,,0,1.0
Player,vllm-granite-3-3-8b-instruct,w20,3,Filter/filter_queries_player/5,0.5285996055226825,107,62,60,,0,1.0
Player,vllm-granite-3-3-8b-instruct,w20,3,Filter/filter_queries_player/6,0.6666666666666666,1,1,1,,0,1.0
Player,vllm-granite-3-3-8b-instruct,w20,3,Filter/filter_queries_player/7,0.375,15,49,15,,0,1.0
Player,vllm-granite-3-3-8b-instruct,w20,3,Filter/filter_queries_player/8,0.365296803652968,19,54,17,,0,1.0
Player,vllm-granite-3-3-8b-instruct,w20,3,Filter/filter_queries_player/9,0.717948717948718,28,24,24,,0,1.0
Player,vllm-granite-3-3-8b-instruct,w20,3,Filter/filter_queries_player/10,0.0,0,2,0,,1,0.0
Player,vllm-granite-3-3-8b-instruct,w20,3,Filter/filter_queries_player/11,0.5611510791366907,139,139,139,,0,1.0
Player,vllm-granite-3-3-8b-instruct,w20,3,Filter/filter_queries_player/12,0.5,2,2,1,,0,1.0
Player,vllm-granite-3-3-8b-instruct,w20,3,Filter/filter_queries_player/13,0.46498599439775906,124,114,113,,0,1.0
Player,vllm-granite-3-3-8b-instruct,w20,3,Filter/filter_queries_player/14,0.445273631840796,140,128,128,,0,1.0
Player,vllm-granite-3-3-8b-instruct,w20,3,Filter/filter_queries_player/15,0.2941874258600237,140,141,140,,0,1.0
Player,vllm-granite-3-3-8b-instruct,w20,3,Filter/filter_queries_player/16,0.3127572016460905,31,50,25,,0,1.0
Player,vllm-granite-3-3-8b-instruct,w20,3,Filter/filter_queries_player/17,0.5408805031446541,57,49,46,,0,1.0
Player,vllm-granite-3-3-8b-instruct,w20,3,Filter/filter_queries_player/18,0.2976190476190476,38,74,35,,0,1.0
Player,vllm-granite-3-3-8b-instruct,w20,3,Filter/filter_queries_player/19,0.5376344086021506,12,19,11,,0,1.0
Player,vllm-granite-3-3-8b-instruct,w20,3,Filter/filter_queries_player/20,0.4074074074074073,7,11,7,,0,1.0
Player,vllm-granite-3-3-8b-instruct,w20,3,Filter/filter_queries_player/21,0.0,0,0,0,,1,0.0
Player,vllm-granite-3-3-8b-instruct,w20,3,Filter/filter_queries_player/22,0.0,0,0,0,,1,0.0
Player,vllm-granite-3-3-8b-instruct,w20,3,Filter/filter_queries_player/23,0.0,0,0,0,,1,0.0
Player,vllm-granite-3-3-8b-instruct,w20,3,Filter/filter_queries_player/24,0.20202020202020202,14,19,6,,0,1.0
Player,vllm-granite-3-3-8b-instruct,w20,3,Filter/filter_queries_player/25,0.5362853628536285,134,137,134,,0,1.0
Player,vllm-granite-3-3-8b-instruct,w20,3,Filter/filter_queries_player/26,0.4609929078014185,141,141,141,,0,1.0
Player,vllm-granite-3-3-8b-instruct,w20,3,Filter/filter_queries_player/27,0.5185185185185185,141,138,138,,0,1.0
Player,vllm-granite-3-3-8b-instruct,w20,3,Filter/filter_queries_player/28,0.3806146572104019,141,141,141,,0,1.0
Player,vllm-granite-3-3-8b-instruct,w20,3,Filter/filter_queries_player/29,0.4261904761904762,141,139,139,,0,1.0
Player,vllm-granite-3-3-8b-instruct,w20,3,Filter/filter_queries_player/30,0.29121540312876054,139,138,136,,0,1.0
Player,vllm-granite-3-3-8b-instruct,w20,3,Filter/filter_queries_player/31,0.21256038647342992,28,41,26,,0,1.0
Player,vllm-granite-3-3-8b-instruct,w20,3,Filter/filter_queries_player/32,0.24113475177304963,139,96,96,,0,1.0
Player,vllm-granite-3-3-8b-instruct,w20,3,Filter/filter_queries_player/33,0.26116838487972505,60,37,35,,0,1.0
Player,vllm-granite-3-3-8b-instruct,w20,3,Filter/filter_queries_player/34,0.45938375350140054,110,128,109,,0,1.0
Player,vllm-granite-3-3-8b-instruct,w20,3,Filter/filter_queries_player/35,0.0,0,0,0,,1,0.0
Player,vllm-granite-3-3-8b-instruct,w20,3,Filter/filter_queries_player/36,0.14814814814814814,14,4,3,,0,1.0
Player,vllm-granite-3-3-8b-instruct,w20,3,Filter/filter_queries_team/1,0.6214689265536723,29,30,29,,0,1.0
Player,vllm-granite-3-3-8b-instruct,w20,3,Filter/filter_queries_team/2,0.64,25,25,25,,0,1.0
Player,vllm-granite-3-3-8b-instruct,w20,3,Filter/filter_queries_team/3,0.65,20,20,20,,0,1.0
Player,vllm-granite-3-3-8b-instruct,w20,3,Filter/filter_queries_team/4,0.0,0,0,0,,1,0.0
Player,vllm-granite-3-3-8b-instruct,w20,3,Filter/filter_queries_team/5,0.8505747126436782,29,29,29,,0,1.0
Player,vllm-granite-3-3-8b-instruct,w20,3,Filter/filter_queries_team/6,0.6111111111111112,30,30,30,,0,1.0
Player,vllm-granite-3-3-8b-instruct,w20,3,Filter/filter_queries_team/7,0.0,0,0,0,,1,0.0
Player,vllm-granite-3-3-8b-instruct,w20,3,Filter/filter_queries_team/8,0.0,0,0,0,,1,0.0
Player,vllm-granite-3-3-8b-instruct,w20,3,Filter/filter_queries_team/9,0.8405797101449276,23,23,23,,0,1.0
Player,vllm-granite-3-3-8b-instruct,w20,3,Filter/filter_queries_team/10,0.6333333333333334,30,30,30,,0,1.0
Player,vllm-granite-3-3-8b-instruct,w20,3,Filter/filter_queries_team/11,0.839080459770115,28,30,28,,0,1.0
Player,vllm-granite-3-3-8b-instruct,w20,3,Filter/filter_queries_team/12,0.8888888888888888,3,3,3,,0,1.0
Player,vllm-granite-3-3-8b-instruct,w20,3,Join/join_queries/2,0.6344827586206897,90,55,53,,0,1.0
Player,vllm-granite-3-3-8b-instruct,w20,3,Join/join_queries/4,0.3551724137931035,90,55,53,,0,1.0
Player,vllm-granite-3-3-8b-instruct,w20,3,Join/join_queries/5,0.6170212765957448,29,18,18,,0,0.9224137931034483
Player,vllm-granite-3-3-8b-instruct,w20,3,Join/join_queries/7,0.0,2,1,0,,0,1.0
Player,vllm-granite-3-3-8b-instruct,w20,3,Join/join_queries/8,0.0,2,1,0,,0,1.0
Player,vllm-granite-3-3-8b-instruct,w20,3,Join/join_queries/9,0.0,2,1,0,,0,1.0
Player,vllm-granite-3-3-8b-instruct,w20,3,Join/join_queries/10,0.0,2,1,0,,0,1.0
Player,vllm-granite-3-3-8b-instruct,w20,3,Join/join_queries/11,0.33070866141732286,88,39,37,,0,1.0
Player,vllm-granite-3-3-8b-instruct,w20,3,Join/join_queries/12,0.46299212598425205,88,39,37,,0,1.0
Player,vllm-granite-3-3-8b-instruct,w20,3,Join/join_queries/13,0.37795275590551186,88,39,37,,0,0.9477272727272726
Player,vllm-granite-3-3-8b-instruct,w20,3,Join/join_queries/15,0.0,12,0,0,,0,1.0
Player,vllm-granite-3-3-8b-instruct,w20,3,Join/join_queries/18,0.0,12,0,0,,0,1.0
Player,vllm-granite-3-3-8b-instruct,w20,3,Join/join_queries/19,0.0,12,0,0,,0,1.0
Player,vllm-granite-3-3-8b-instruct,w20,3,Mixed/mixed_queries_agg_join/1,0.6818181818181819,25,19,19,,0,1.0
Player,vllm-granite-3-3-8b-instruct,w20,3,Mixed/mixed_queries_agg_join/2,0.0,2,0,0,,0,0.75
Player,vllm-granite-3-3-8b-instruct,w20,3,Mixed/mixed_queries_filter_agg_join/1,0.0,0,0,0,,1,0.0
Player,vllm-granite-3-3-8b-instruct,w20,3,Mixed/mixed_queries_filter_agg_join/2,0.0,0,0,0,,1,0.0
Player,vllm-granite-3-3-8b-instruct,w20,3,Mixed/mixed_queries_filter_agg_join/3,0.5,1,1,1,,0,1.0
Player,vllm-granite-3-3-8b-instruct,w20,3,Mixed/mixed_queries_filter_agg_join/4,0.0,0,0,0,,1,0.0
Player,vllm-granite-3-3-8b-instruct,w20,3,Mixed/mixed_queries_filter_agg_join/5,0.28846153846153844,20,6,6,,0,1.0
Player,vllm-granite-3-3-8b-instruct,w20,3,Mixed/mixed_queries_filter_agg_join/6,0.0,3,0,0,,0,1.0
Player,vllm-granite-3-3-8b-instruct,w20,3,Mixed/mixed_queries_filter_agg_join/7,0.4696969696969697,13,9,7,,0,1.0
Player,vllm-granite-3-3-8b-instruct,w20,3,Mixed/mixed_queries_filter_agg_join/8,0.0,0,0,0,,1,0.0
Player,vllm-granite-3-3-8b-instruct,w20,3,Mixed/mixed_queries_filter_agg_join/9,0.0,6,3,0,,0,1.0
Player,vllm-granite-3-3-8b-instruct,w20,3,Mixed/mixed_queries_filter_agg_join/10,0.0,2,0,0,,0,1.0
Player,vllm-granite-3-3-8b-instruct,w20,3,Mixed/mixed_queries_filter_agg_join/11,0.5916666666666667,3,2,2,,0,1.0
Player,vllm-granite-3-3-8b-instruct,w20,3,Mixed/mixed_queries_filter_agg_join/12,0.0,1,0,0,,0,1.0
Player,vllm-granite-3-3-8b-instruct,w20,3,Mixed/mixed_queries_filter_agg_player/1,0.4137931034482759,17,12,9,,0,1.0
Player,vllm-granite-3-3-8b-instruct,w20,3,Mixed/mixed_queries_filter_agg_player/2,0.0,1,0,0,,0,1.0
Player,vllm-granite-3-3-8b-instruct,w20,3,Mixed/mixed_queries_filter_agg_player/3,0.0,23,20,0,,0,1.0
Player,vllm-granite-3-3-8b-instruct,w20,3,Mixed/mixed_queries_filter_agg_player/4,0.6000000000000001,3,2,2,,0,1.0
Player,vllm-granite-3-3-8b-instruct,w20,3,Mixed/mixed_queries_filter_agg_player/5,0.24716859716859713,63,48,20,,0,1.0
Player,vllm-granite-3-3-8b-instruct,w20,3,Mixed/mixed_queries_filter_agg_player/6,0.3112244897959183,61,37,21,,0,1.0
Player,vllm-granite-3-3-8b-instruct,w20,3,Mixed/mixed_queries_filter_join/1,0.0,0,0,0,,1,0.0
Player,vllm-granite-3-3-8b-instruct,w20,3,Mixed/mixed_queries_filter_join/2,0.0,0,0,0,,1,0.0
Player,vllm-granite-3-3-8b-instruct,w20,3,Mixed/mixed_queries_filter_join/3,0.0,0,0,0,,1,0.0
Player,vllm-granite-3-3-8b-instruct,w20,3,Mixed/mixed_queries_filter_join/4,0.0,0,0,0,,1,0.0
Player,vllm-granite-3-3-8b-instruct,w20,3,Mixed/mixed_queries_filter_join/5,0.6503496503496503,89,54,53,,0,1.0
Player,vllm-granite-3-3-8b-instruct,w20,3,Mixed/mixed_queries_filter_join/6,0.0,11,0,0,,0,1.0
Player,vllm-granite-3-3-8b-instruct,w20,3,Mixed/mixed_queries_filter_join/7,0.0,0,0,0,,1,0.0
Player,vllm-granite-3-3-8b-instruct,w20,3,Mixed/mixed_queries_filter_join/8,0.0,0,0,0,,1,0.0
Player,vllm-granite-3-3-8b-instruct,w20,3,Mixed/mixed_queries_filter_join/9,0.475177304964539,90,51,49,,0,1.0
Player,vllm-granite-3-3-8b-instruct,w20,3,Mixed/mixed_queries_filter_join/10,0.0,9,0,0,,0,1.0
Player,vllm-granite-3-3-8b-instruct,w20,3,Mixed/mixed_queries_filter_join/11,0.1764705882352941,16,35,9,,0,1.0
Player,vllm-granite-3-3-8b-instruct,w20,3,Mixed/mixed_queries_filter_join/12,0.0,0,0,0,,1,0.0
Player,vllm-granite-3-3-8b-instruct,w20,3,Select/select_queries_city/1,0.41379310344827586,29,29,29,,0,1.0
Player,vllm-granite-3-3-8b-instruct,w20,3,Select/select_queries_manager/1,0.5416666666666666,16,16,16,,0,1.0
Player,vllm-granite-3-3-8b-instruct,w20,3,Select/select_queries_player/1,0.8439716312056738,141,141,141,,0,1.0
Player,vllm-granite-3-3-8b-instruct,w20,3,Select/select_queries_player/2,0.7145390070921985,141,141,141,,0,1.0
Player,vllm-granite-3-3-8b-instruct,w20,3,Select/select_queries_player/3,0.4326241134751773,141,141,141,,0,1.0
Player,vllm-granite-3-3-8b-instruct,w20,3,Select/select_queries_player/4,0.45153664302600477,141,141,141,,0,1.0
Player,vllm-granite-3-3-8b-instruct,w20,3,Select/select_queries_player/5,0.6595744680851063,141,141,141,,0,1.0
Player,vllm-granite-3-3-8b-instruct,w20,3,Select/select_queries_player/6,0.625886524822695,141,141,141,,0,1.0
Player,vllm-granite-3-3-8b-instruct,w20,4,Agg/agg_queries/1,0.8,3,2,2,,0,1.0
Player,vllm-granite-3-3-8b-instruct,w20,4,Agg/agg_queries/2,0.0,23,24,0,,0,1.0
Player,vllm-granite-3-3-8b-instruct,w20,4,Agg/agg_queries/3,0.708159789533541,3,2,2,,0,1.0
Player,vllm-granite-3-3-8b-instruct,w20,4,Agg/agg_queries/4,0.0,23,24,0,,0,1.0
Player,vllm-granite-3-3-8b-instruct,w20,4,Agg/agg_queries/5,0.0,23,24,0,,0,1.0
Player,vllm-granite-3-3-8b-instruct,w20,4,Agg/agg_queries/6,0.0,23,24,0,,0,1.0
Player,vllm-granite-3-3-8b-instruct,w20,4,Agg/agg_queries/7,0.0,23,24,0,,0,1.0
Player,vllm-granite-3-3-8b-instruct,w20,4,Agg/agg_queries/8,0.5867758784425451,3,3,2,,0,1.0
Player,vllm-granite-3-3-8b-instruct,w20,4,Agg/agg_queries/9,0.6666666666666666,3,3,2,,0,1.0
Player,vllm-granite-3-3-8b-instruct,w20,4,Agg/agg_queries/10,0.5318789935354352,3,3,2,,0,1.0
Player,vllm-granite-3-3-8b-instruct,w20,4,Filter/filter_queries_city/1,0.0,1,0,0,,0,1.0
Player,vllm-granite-3-3-8b-instruct,w20,4,Filter/filter_queries_city/2,0.0,0,17,0,,1,0.0
Player,vllm-granite-3-3-8b-instruct,w20,4,Filter/filter_queries_city/3,0.67816091954023,29,29,29,,0,0.896551724137931
Player,vllm-granite-3-3-8b-instruct,w20,4,Filter/filter_queries_city/4,0.0,0,0,0,,1,0.0
Player,vllm-granite-3-3-8b-instruct,w20,4,Filter/filter_queries_city/5,0.38095238095238093,27,29,27,,0,0.9012345679012346
Player,vllm-granite-3-3-8b-instruct,w20,4,Filter/filter_queries_city/6,0.16666666666666666,6,2,1,,0,0.9444444444444445
Player,vllm-granite-3-3-8b-instruct,w20,4,Filter/filter_queries_manager/1,0.32258064516129037,15,16,15,,0,1.0
Player,vllm-granite-3-3-8b-instruct,w20,4,Filter/filter_queries_manager/2,0.16666666666666666,9,7,5,,0,1.0
Player,vllm-granite-3-3-8b-instruct,w20,4,Filter/filter_queries_manager/3,0.5555555555555556,15,15,15,,0,1.0
Player,vllm-granite-3-3-8b-instruct,w20,4,Filter/filter_queries_manager/4,0.0,0,0,0,,1,0.0
Player,vllm-granite-3-3-8b-instruct,w20,4,Filter/filter_queries_manager/5,0.6458333333333334,16,16,16,,0,1.0
Player,vllm-granite-3-3-8b-instruct,w20,4,Filter/filter_queries_manager/6,0.4888888888888889,14,16,14,,0,1.0
Player,vllm-granite-3-3-8b-instruct,w20,4,Filter/filter_queries_player/1,0.4612954186413902,140,71,71,,0,1.0
Player,vllm-granite-3-3-8b-instruct,w20,4,Filter/filter_queries_player/2,0.24096385542168675,126,123,123,,0,1.0
Player,vllm-granite-3-3-8b-instruct,w20,4,Filter/filter_queries_player/3,0.40310077519379844,17,26,15,,0,1.0
Player,vllm-granite-3-3-8b-instruct,w20,4,Filter/filter_queries_player/4,0.0,1,0,0,,0,1.0
Player,vllm-granite-3-3-8b-instruct,w20,4,Filter/filter_queries_player/5,0.5229540918163672,107,60,59,,0,1.0
Player,vllm-granite-3-3-8b-instruct,w20,4,Filter/filter_queries_player/6,0.6666666666666666,1,1,1,,0,1.0
Player,vllm-granite-3-3-8b-instruct,w20,4,Filter/filter_queries_player/7,0.36923076923076925,15,50,15,,0,1.0
Player,vllm-granite-3-3-8b-instruct,w20,4,Filter/filter_queries_player/8,0.3603603603603604,19,55,17,,0,1.0
Player,vllm-granite-3-3-8b-instruct,w20,4,Filter/filter_queries_player/9,0.717948717948718,28,24,24,,0,1.0
Player,vllm-granite-3-3-8b-instruct,w20,4,Filter/filter_queries_player/10,0.0,0,2,0,,1,0.0
Player,vllm-granite-3-3-8b-instruct,w20,4,Filter/filter_queries_player/11,0.5539568345323741,139,139,139,,0,1.0
Player,vllm-granite-3-3-8b-instruct,w20,4,Filter/filter_queries_player/12,0.5,2,2,1,,0,1.0
Player,vllm-granite-3-3-8b-instruct,w20,4,Filter/filter_queries_player/13,0.4630404463040447,124,115,113,,0,1.0
Player,vllm-granite-3-3-8b-instruct,w20,4,Filter/filter_queries_player/14,0.44278606965174133,140,128,128,,0,1.0
Player,vllm-granite-3-3-8b-instruct,w20,4,Filter/filter_queries_player/15,0.28944246737841045,140,141,140,,0,1.0
Player,vllm-granite-3-3-8b-instruct,w20,4,Filter/filter_queries_player/16,0.3292181069958848,31,50,25,,0,1.0
Player,vllm-granite-3-3-8b-instruct,w20,4,Filter/filter_queries_player/17,0.5333333333333333,57,48,46,,0,1.0
Player,vllm-granite-3-3-8b-instruct,w20,4,Filter/filter_queries_player/18,0.3123123123123124,38,73,36,,0,1.0
Player,vllm-granite-3-3-8b-instruct,w20,4,Filter/filter_queries_player/19,0.5376344086021506,12,19,11,,0,1.0
Player,vllm-granite-3-3-8b-instruct,w20,4,Filter/filter_queries_player/20,0.4074074074074073,7,11,7,,0,1.0
Player,vllm-granite-3-3-8b-instruct,w20,4,Filter/filter_queries_player/21,0.0,0,0,0,,1,0.0
Player,vllm-granite-3-3-8b-instruct,w20,4,Filter/filter_queries_player/22,0.0,0,0,0,,1,0.0
Player,vllm-granite-3-3-8b-instruct,w20,4,Filter/filter_queries_player/23,0.0,0,0,0,,1,0.0
Player,vllm-granite-3-3-8b-instruct,w20,4,Filter/filter_queries_player/24,0.196078431372549,14,20,6,,0,1.0
Player,vllm-granite-3-3-8b-instruct,w20,4,Filter/filter_queries_player/25,0.5412054120541205,134,137,134,,0,1.0
Player,vllm-granite-3-3-8b-instruct,w20,4,Filter/filter_queries_player/26,0.4704491725768321,141,141,141,,0,1.0
Player,vllm-granite-3-3-8b-instruct,w20,4,Filter/filter_queries_player/27,0.5256869772998806,141,138,138,,0,1.0
Player,vllm-granite-3-3-8b-instruct,w20,4,Filter/filter_queries_player/28,0.3806146572104019,141,141,141,,0,1.0
Player,vllm-granite-3-3-8b-instruct,w20,4,Filter/filter_queries_player/29,0.4357142857142858,141,139,139,,0,1.0
Player,vllm-granite-3-3-8b-instruct,w20,4,Filter/filter_queries_player/30,0.29976019184652275,139,139,137,,0,1.0
Player,vllm-granite-3-3-8b-instruct,w20,4,Filter/filter_queries_player/31,0.2222222222222222,28,41,27,,0,1.0
Player,vllm-granite-3-3-8b-instruct,w20,4,Filter/filter_queries_player/32,0.24501424501424499,139,95,95,,0,1.0
Player,vllm-granite-3-3-8b-instruct,w20,4,Filter/filter_queries_player/33,0.2542955326460481,60,37,35,,0,1.0
Player,vllm-granite-3-3-8b-instruct,w20,4,Filter/filter_queries_player/34,0.45938375350140054,110,128,109,,0,1.0
Player,vllm-granite-3-3-8b-instruct,w20,4,Filter/filter_queries_player/35,0.0,0,0,0,,1,0.0
Player,vllm-granite-3-3-8b-instruct,w20,4,Filter/filter_queries_player/36,0.14814814814814814,14,4,3,,0,1.0
Player,vllm-granite-3-3-8b-instruct,w20,4,Filter/filter_queries_team/1,0.6101694915254238,29,30,29,,0,1.0
Player,vllm-granite-3-3-8b-instruct,w20,4,Filter/filter_queries_team/2,0.64,25,25,25,,0,1.0
Player,vllm-granite-3-3-8b-instruct,w20,4,Filter/filter_queries_team/3,0.6333333333333334,20,20,20,,0,1.0
Player,vllm-granite-3-3-8b-instruct,w20,4,Filter/filter_queries_team/4,0.0,0,0,0,,1,0.0
Player,vllm-granite-3-3-8b-instruct,w20,4,Filter/filter_queries_team/5,0.839080459770115,29,29,29,,0,1.0
Player,vllm-granite-3-3-8b-instruct,w20,4,Filter/filter_queries_team/6,0.6111111111111112,30,30,30,,0,1.0
Player,vllm-granite-3-3-8b-instruct,w20,4,Filter/filter_queries_team/7,0.0,0,0,0,,1,0.0
Player,vllm-granite-3-3-8b-instruct,w20,4,Filter/filter_queries_team/8,0.0,0,0,0,,1,0.0
Player,vllm-granite-3-3-8b-instruct,w20,4,Filter/filter_queries_team/9,0.8405797101449276,23,23,23,,0,1.0
Player,vllm-granite-3-3-8b-instruct,w20,4,Filter/filter_queries_team/10,0.6222222222222223,30,30,30,,0,1.0
Player,vllm-granite-3-3-8b-instruct,w20,4,Filter/filter_queries_team/11,0.8275862068965517,28,30,28,,0,1.0
Player,vllm-granite-3-3-8b-instruct,w20,4,Filter/filter_queries_team/12,0.7777777777777778,3,3,3,,0,1.0
Player,vllm-granite-3-3-8b-instruct,w20,4,Join/join_queries/2,0.6284722222222221,90,54,52,,0,1.0
Player,vllm-granite-3-3-8b-instruct,w20,4,Join/join_queries/4,0.3472222222222222,90,54,52,,0,1.0
Player,vllm-granite-3-3-8b-instruct,w20,4,Join/join_queries/5,0.6170212765957448,29,18,18,,0,0.9224137931034483
Player,vllm-granite-3-3-8b-instruct,w20,4,Join/join_queries/7,0.0,2,1,0,,0,1.0
Player,vllm-granite-3-3-8b-instruct,w20,4,Join/join_queries/8,0.0,2,1,0,,0,1.0
Player,vllm-granite-3-3-8b-instruct,w20,4,Join/join_queries/9,0.0,2,1,0,,0,1.0
Player,vllm-granite-3-3-8b-instruct,w20,4,Join/join_queries/10,0.0,2,1,0,,0,1.0
Player,vllm-granite-3-3-8b-instruct,w20,4,Join/join_queries/11,0.33070866141732286,88,39,37,,0,1.0
Player,vllm-granite-3-3-8b-instruct,w20,4,Join/join_queries/12,0.46299212598425205,88,39,37,,0,1.0
Player,vllm-granite-3-3-8b-instruct,w20,4,Join/join_queries/13,0.37795275590551186,88,39,37,,0,0.9477272727272726
Player,vllm-granite-3-3-8b-instruct,w20,4,Join/join_queries/15,0.0,12,0,0,,0,1.0
Player,vllm-granite-3-3-8b-instruct,w20,4,Join/join_queries/18,0.0,12,0,0,,0,1.0
Player,vllm-granite-3-3-8b-instruct,w20,4,Join/join_queries/19,0.0,12,0,0,,0,1.0
Player,vllm-granite-3-3-8b-instruct,w20,4,Mixed/mixed_queries_agg_join/1,0.627906976744186,25,18,18,,0,1.0
Player,vllm-granite-3-3-8b-instruct,w20,4,Mixed/mixed_queries_agg_join/2,0.0,2,0,0,,0,0.75
Player,vllm-granite-3-3-8b-instruct,w20,4,Mixed/mixed_queries_filter_agg_join/1,0.0,0,0,0,,1,0.0
Player,vllm-granite-3-3-8b-instruct,w20,4,Mixed/mixed_queries_filter_agg_join/2,0.0,0,0,0,,1,0.0
Player,vllm-granite-3-3-8b-instruct,w20,4,Mixed/mixed_queries_filter_agg_join/3,0.5,1,1,1,,0,1.0
Player,vllm-granite-3-3-8b-instruct,w20,4,Mixed/mixed_queries_filter_agg_join/4,0.0,0,0,0,,1,0.0
Player,vllm-granite-3-3-8b-instruct,w20,4,Mixed/mixed_queries_filter_agg_join/5,0.28846153846153844,20,6,6,,0,1.0
Player,vllm-granite-3-3-8b-instruct,w20,4,Mixed/mixed_queries_filter_agg_join/6,0.0,3,0,0,,0,1.0
Player,vllm-granite-3-3-8b-instruct,w20,4,Mixed/mixed_queries_filter_agg_join/7,0.47916666666666663,13,7,6,,0,1.0
Player,vllm-granite-3-3-8b-instruct,w20,4,Mixed/mixed_queries_filter_agg_join/8,0.0,0,0,0,,1,0.0
Player,vllm-granite-3-3-8b-instruct,w20,4,Mixed/mixed_queries_filter_agg_join/9,0.0,6,3,0,,0,1.0
Player,vllm-granite-3-3-8b-instruct,w20,4,Mixed/mixed_queries_filter_agg_join/10,0.0,2,0,0,,0,1.0
Player,vllm-granite-3-3-8b-instruct,w20,4,Mixed/mixed_queries_filter_agg_join/11,0.5881422924901186,3,2,2,,0,1.0
Player,vllm-granite-3-3-8b-instruct,w20,4,Mixed/mixed_queries_filter_agg_join/12,0.0,1,0,0,,0,1.0
Player,vllm-granite-3-3-8b-instruct,w20,4,Mixed/mixed_queries_filter_agg_player/1,0.42857142857142855,17,11,9,,0,1.0
Player,vllm-granite-3-3-8b-instruct,w20,4,Mixed/mixed_queries_filter_agg_player/2,0.0,1,0,0,,0,1.0
Player,vllm-granite-3-3-8b-instruct,w20,4,Mixed/mixed_queries_filter_agg_player/3,0.0,23,20,0,,0,1.0
Player,vllm-granite-3-3-8b-instruct,w20,4,Mixed/mixed_queries_filter_agg_player/4,0.6000000000000001,3,2,2,,0,1.0
Player,vllm-granite-3-3-8b-instruct,w20,4,Mixed/mixed_queries_filter_agg_player/5,0.24941558441558442,63,47,20,,0,1.0
Player,vllm-granite-3-3-8b-instruct,w20,4,Mixed/mixed_queries_filter_agg_player/6,0.3010204081632653,61,37,21,,0,1.0
Player,vllm-granite-3-3-8b-instruct,w20,4,Mixed/mixed_queries_filter_join/1,0.0,0,0,0,,1,0.0
Player,vllm-granite-3-3-8b-instruct,w20,4,Mixed/mixed_queries_filter_join/2,0.0,0,0,0,,1,0.0
Player,vllm-granite-3-3-8b-instruct,w20,4,Mixed/mixed_queries_filter_join/3,0.0,0,0,0,,1,0.0
Player,vllm-granite-3-3-8b-instruct,w20,4,Mixed/mixed_queries_filter_join/4,0.0,0,0,0,,1,0.0
Player,vllm-granite-3-3-8b-instruct,w20,4,Mixed/mixed_queries_filter_join/5,0.6443661971830985,89,53,52,,0,1.0
Player,vllm-granite-3-3-8b-instruct,w20,4,Mixed/mixed_queries_filter_join/6,0.0,11,0,0,,0,1.0
Player,vllm-granite-3-3-8b-instruct,w20,4,Mixed/mixed_queries_filter_join/7,0.0,0,0,0,,1,0.0
Player,vllm-granite-3-3-8b-instruct,w20,4,Mixed/mixed_queries_filter_join/8,0.0,0,0,0,,1,0.0
Player,vllm-granite-3-3-8b-instruct,w20,4,Mixed/mixed_queries_filter_join/9,0.46785714285714297,90,50,48,,0,1.0
Player,vllm-granite-3-3-8b-instruct,w20,4,Mixed/mixed_queries_filter_join/10,0.0,9,0,0,,0,1.0
Player,vllm-granite-3-3-8b-instruct,w20,4,Mixed/mixed_queries_filter_join/11,0.1764705882352941,16,35,9,,0,1.0
Player,vllm-granite-3-3-8b-instruct,w20,4,Mixed/mixed_queries_filter_join/12,0.0,0,0,0,,1,0.0
Player,vllm-granite-3-3-8b-instruct,w20,4,Select/select_queries_city/1,0.40229885057471265,29,29,29,,0,1.0
Player,vllm-granite-3-3-8b-instruct,w20,4,Select/select_queries_manager/1,0.5416666666666666,16,16,16,,0,1.0
Player,vllm-granite-3-3-8b-instruct,w20,4,Select/select_queries_player/1,0.8510638297872339,141,141,141,,0,1.0
Player,vllm-granite-3-3-8b-instruct,w20,4,Select/select_queries_player/2,0.7127659574468085,141,141,141,,0,1.0
Player,vllm-granite-3-3-8b-instruct,w20,4,Select/select_queries_player/3,0.45390070921985815,141,141,141,,0,1.0
Player,vllm-granite-3-3-8b-instruct,w20,4,Select/select_queries_player/4,0.4491725768321513,141,141,141,,0,1.0
Player,vllm-granite-3-3-8b-instruct,w20,4,Select/select_queries_player/5,0.6666666666666667,141,141,141,,0,1.0
Player,vllm-granite-3-3-8b-instruct,w20,4,Select/select_queries_player/6,0.625886524822695,141,141,141,,0,1.0
Player,vllm-granite-3-3-8b-instruct,w20,5,Agg/agg_queries/1,0.8,3,2,2,,0,1.0
Player,vllm-granite-3-3-8b-instruct,w20,5,Agg/agg_queries/2,0.0,23,24,0,,0,1.0
Player,vllm-granite-3-3-8b-instruct,w20,5,Agg/agg_queries/3,0.7093733115347487,3,2,2,,0,1.0
Player,vllm-granite-3-3-8b-instruct,w20,5,Agg/agg_queries/4,0.0,23,24,0,,0,1.0
Player,vllm-granite-3-3-8b-instruct,w20,5,Agg/agg_queries/5,0.0,23,24,0,,0,1.0
Player,vllm-granite-3-3-8b-instruct,w20,5,Agg/agg_queries/6,0.0,23,24,0,,0,1.0
Player,vllm-granite-3-3-8b-instruct,w20,5,Agg/agg_queries/7,0.0,23,24,0,,0,1.0
Player,vllm-granite-3-3-8b-instruct,w20,5,Agg/agg_queries/8,0.5867758784425451,3,3,2,,0,1.0
Player,vllm-granite-3-3-8b-instruct,w20,5,Agg/agg_queries/9,0.6666666666666666,3,3,2,,0,1.0
Player,vllm-granite-3-3-8b-instruct,w20,5,Agg/agg_queries/10,0.5318789935354352,3,3,2,,0,1.0
Player,vllm-granite-3-3-8b-instruct,w20,5,Filter/filter_queries_city/1,0.0,1,0,0,,0,1.0
Player,vllm-granite-3-3-8b-instruct,w20,5,Filter/filter_queries_city/2,0.0,0,17,0,,1,0.0
Player,vllm-granite-3-3-8b-instruct,w20,5,Filter/filter_queries_city/3,0.67816091954023,29,29,29,,0,0.896551724137931
Player,vllm-granite-3-3-8b-instruct,w20,5,Filter/filter_queries_city/4,0.0,0,0,0,,1,0.0
Player,vllm-granite-3-3-8b-instruct,w20,5,Filter/filter_queries_city/5,0.38095238095238093,27,29,27,,0,0.9012345679012346
Player,vllm-granite-3-3-8b-instruct,w20,5,Filter/filter_queries_city/6,0.16666666666666666,6,2,1,,0,0.9444444444444445
Player,vllm-granite-3-3-8b-instruct,w20,5,Filter/filter_queries_manager/1,0.32258064516129037,15,16,15,,0,1.0
Player,vllm-granite-3-3-8b-instruct,w20,5,Filter/filter_queries_manager/2,0.16666666666666666,9,7,5,,0,1.0
Player,vllm-granite-3-3-8b-instruct,w20,5,Filter/filter_queries_manager/3,0.5555555555555556,15,15,15,,0,1.0
Player,vllm-granite-3-3-8b-instruct,w20,5,Filter/filter_queries_manager/4,0.0,0,0,0,,1,0.0
Player,vllm-granite-3-3-8b-instruct,w20,5,Filter/filter_queries_manager/5,0.6458333333333334,16,16,16,,0,1.0
Player,vllm-granite-3-3-8b-instruct,w20,5,Filter/filter_queries_manager/6,0.4888888888888889,14,16,14,,0,1.0
Player,vllm-granite-3-3-8b-instruct,w20,5,Filter/filter_queries_player/1,0.47169811320754723,140,72,72,,0,1.0
Player,vllm-granite-3-3-8b-instruct,w20,5,Filter/filter_queries_player/2,0.24899598393574296,126,123,123,,0,1.0
Player,vllm-granite-3-3-8b-instruct,w20,5,Filter/filter_queries_player/3,0.3875968992248062,17,26,15,,0,1.0
Player,vllm-granite-3-3-8b-instruct,w20,5,Filter/filter_queries_player/4,0.0,1,0,0,,0,1.0
Player,vllm-granite-3-3-8b-instruct,w20,5,Filter/filter_queries_player/5,0.5364891518737672,107,62,61,,0,1.0
Player,vllm-granite-3-3-8b-instruct,w20,5,Filter/filter_queries_player/6,0.6666666666666666,1,1,1,,0,1.0
Player,vllm-granite-3-3-8b-instruct,w20,5,Filter/filter_queries_player/7,0.3645833333333333,15,49,15,,0,1.0
Player,vllm-granite-3-3-8b-instruct,w20,5,Filter/filter_queries_player/8,0.365296803652968,19,54,17,,0,1.0
Player,vllm-granite-3-3-8b-instruct,w20,5,Filter/filter_queries_player/9,0.717948717948718,28,24,24,,0,1.0
Player,vllm-granite-3-3-8b-instruct,w20,5,Filter/filter_queries_player/10,0.0,0,2,0,,1,0.0
Player,vllm-granite-3-3-8b-instruct,w20,5,Filter/filter_queries_player/11,0.565947242206235,139,139,139,,0,1.0
Player,vllm-granite-3-3-8b-instruct,w20,5,Filter/filter_queries_player/12,0.5,2,2,1,,0,1.0
Player,vllm-granite-3-3-8b-instruct,w20,5,Filter/filter_queries_player/13,0.46582984658298465,124,115,113,,0,1.0
Player,vllm-granite-3-3-8b-instruct,w20,5,Filter/filter_queries_player/14,0.4527363184079602,140,128,128,,0,1.0
Player,vllm-granite-3-3-8b-instruct,w20,5,Filter/filter_queries_player/15,0.2918149466192171,140,141,140,,0,1.0
Player,vllm-granite-3-3-8b-instruct,w20,5,Filter/filter_queries_player/16,0.3292181069958848,31,50,25,,0,1.0
Player,vllm-granite-3-3-8b-instruct,w20,5,Filter/filter_queries_player/17,0.5396825396825397,57,48,46,,0,1.0
Player,vllm-granite-3-3-8b-instruct,w20,5,Filter/filter_queries_player/18,0.32142857142857145,38,74,36,,0,1.0
Player,vllm-granite-3-3-8b-instruct,w20,5,Filter/filter_queries_player/19,0.5376344086021506,12,19,11,,0,1.0
Player,vllm-granite-3-3-8b-instruct,w20,5,Filter/filter_queries_player/20,0.4074074074074073,7,11,7,,0,1.0
Player,vllm-granite-3-3-8b-instruct,w20,5,Filter/filter_queries_player/21,0.0,0,0,0,,1,0.0
Player,vllm-granite-3-3-8b-instruct,w20,5,Filter/filter_queries_player/22,0.0,0,0,0,,1,0.0
Player,vllm-granite-3-3-8b-instruct,w20,5,Filter/filter_queries_player/23,0.0,0,0,0,,1,0.0
Player,vllm-granite-3-3-8b-instruct,w20,5,Filter/filter_queries_player/24,0.196078431372549,14,20,6,,0,1.0
Player,vllm-granite-3-3-8b-instruct,w20,5,Filter/filter_queries_player/25,0.5441176470588235,134,138,134,,0,1.0
Player,vllm-granite-3-3-8b-instruct,w20,5,Filter/filter_queries_player/26,0.4704491725768322,141,141,141,,0,1.0
Player,vllm-granite-3-3-8b-instruct,w20,5,Filter/filter_queries_player/27,0.5256869772998805,141,138,138,,0,1.0
Player,vllm-granite-3-3-8b-instruct,w20,5,Filter/filter_queries_player/28,0.3877068557919621,141,141,141,,0,1.0
Player,vllm-granite-3-3-8b-instruct,w20,5,Filter/filter_queries_player/29,0.4404761904761905,141,139,139,,0,1.0
Player,vllm-granite-3-3-8b-instruct,w20,5,Filter/filter_queries_player/30,0.2949640287769784,139,139,137,,0,1.0
Player,vllm-granite-3-3-8b-instruct,w20,5,Filter/filter_queries_player/31,0.22857142857142854,28,42,27,,0,1.0
Player,vllm-granite-3-3-8b-instruct,w20,5,Filter/filter_queries_player/32,0.24397163120567375,139,96,96,,0,1.0
Player,vllm-granite-3-3-8b-instruct,w20,5,Filter/filter_queries_player/33,0.2526315789473684,60,35,33,,0,1.0
Player,vllm-granite-3-3-8b-instruct,w20,5,Filter/filter_queries_player/34,0.4565826330532213,110,128,109,,0,1.0
Player,vllm-granite-3-3-8b-instruct,w20,5,Filter/filter_queries_player/35,0.0,0,0,0,,1,0.0
Player,vllm-granite-3-3-8b-instruct,w20,5,Filter/filter_queries_player/36,0.1851851851851852,14,4,3,,0,1.0
Player,vllm-granite-3-3-8b-instruct,w20,5,Filter/filter_queries_team/1,0.6101694915254238,29,30,29,,0,1.0
Player,vllm-granite-3-3-8b-instruct,w20,5,Filter/filter_queries_team/2,0.64,25,25,25,,0,1.0
Player,vllm-granite-3-3-8b-instruct,w20,5,Filter/filter_queries_team/3,0.6333333333333334,20,20,20,,0,1.0
Player,vllm-granite-3-3-8b-instruct,w20,5,Filter/filter_queries_team/4,0.0,0,0,0,,1,0.0
Player,vllm-granite-3-3-8b-instruct,w20,5,Filter/filter_queries_team/5,0.8505747126436782,29,29,29,,0,1.0
Player,vllm-granite-3-3-8b-instruct,w20,5,Filter/filter_queries_team/6,0.6111111111111112,30,30,30,,0,1.0
Player,vllm-granite-3-3-8b-instruct,w20,5,Filter/filter_queries_team/7,0.0,0,0,0,,1,0.0
Player,vllm-granite-3-3-8b-instruct,w20,5,Filter/filter_queries_team/8,0.0,0,0,0,,1,0.0
Player,vllm-granite-3-3-8b-instruct,w20,5,Filter/filter_queries_team/9,0.8695652173913043,23,23,23,,0,1.0
Player,vllm-granite-3-3-8b-instruct,w20,5,Filter/filter_queries_team/10,0.6222222222222223,30,30,30,,0,1.0
Player,vllm-granite-3-3-8b-instruct,w20,5,Filter/filter_queries_team/11,0.8390804597701149,28,30,28,,0,1.0
Player,vllm-granite-3-3-8b-instruct,w20,5,Filter/filter_queries_team/12,0.6666666666666666,3,3,3,,0,1.0
Player,vllm-granite-3-3-8b-instruct,w20,5,Join/join_queries/2,0.6284722222222221,90,54,52,,0,1.0
Player,vllm-granite-3-3-8b-instruct,w20,5,Join/join_queries/4,0.36111111111111105,90,54,52,,0,1.0
Player,vllm-granite-3-3-8b-instruct,w20,5,Join/join_queries/5,0.653061224489796,29,20,20,,0,0.9224137931034483
Player,vllm-granite-3-3-8b-instruct,w20,5,Join/join_queries/7,0.0,2,1,0,,0,1.0
Player,vllm-granite-3-3-8b-instruct,w20,5,Join/join_queries/8,0.0,2,1,0,,0,1.0
Player,vllm-granite-3-3-8b-instruct,w20,5,Join/join_queries/9,0.0,2,1,0,,0,1.0
Player,vllm-granite-3-3-8b-instruct,w20,5,Join/join_queries/10,0.0,2,1,0,,0,1.0
Player,vllm-granite-3-3-8b-instruct,w20,5,Join/join_queries/11,0.34108527131782945,88,41,39,,0,1.0
Player,vllm-granite-3-3-8b-instruct,w20,5,Join/join_queries/12,0.48682170542635655,88,41,39,,0,1.0
Player,vllm-granite-3-3-8b-instruct,w20,5,Join/join_queries/13,0.39069767441860465,88,41,39,,0,0.9477272727272726
Player,vllm-granite-3-3-8b-instruct,w20,5,Join/join_queries/15,0.0,12,0,0,,0,1.0
Player,vllm-granite-3-3-8b-instruct,w20,5,Join/join_queries/18,0.0,12,0,0,,0,1.0
Player,vllm-granite-3-3-8b-instruct,w20,5,Join/join_queries/19,0.0,12,0,0,,0,1.0
Player,vllm-granite-3-3-8b-instruct,w20,5,Mixed/mixed_queries_agg_join/1,0.627906976744186,25,18,18,,0,1.0
Player,vllm-granite-3-3-8b-instruct,w20,5,Mixed/mixed_queries_agg_join/2,0.0,2,0,0,,0,0.75
Player,vllm-granite-3-3-8b-instruct,w20,5,Mixed/mixed_queries_filter_agg_join/1,0.0,0,0,0,,1,0.0
Player,vllm-granite-3-3-8b-instruct,w20,5,Mixed/mixed_queries_filter_agg_join/2,0.0,0,0,0,,1,0.0
Player,vllm-granite-3-3-8b-instruct,w20,5,Mixed/mixed_queries_filter_agg_join/3,0.5,1,1,1,,0,1.0
Player,vllm-granite-3-3-8b-instruct,w20,5,Mixed/mixed_queries_filter_agg_join/4,0.0,0,0,0,,1,0.0
Player,vllm-granite-3-3-8b-instruct,w20,5,Mixed/mixed_queries_filter_agg_join/5,0.28846153846153844,20,6,6,,0,1.0
Player,vllm-granite-3-3-8b-instruct,w20,5,Mixed/mixed_queries_filter_agg_join/6,0.0,3,0,0,,0,1.0
Player,vllm-granite-3-3-8b-instruct,w20,5,Mixed/mixed_queries_filter_agg_join/7,0.47916666666666663,13,7,6,,0,1.0
Player,vllm-granite-3-3-8b-instruct,w20,5,Mixed/mixed_queries_filter_agg_join/8,0.0,0,0,0,,1,0.0
Player,vllm-granite-3-3-8b-instruct,w20,5,Mixed/mixed_queries_filter_agg_join/9,0.0,6,3,0,,0,1.0
Player,vllm-granite-3-3-8b-instruct,w20,5,Mixed/mixed_queries_filter_agg_join/10,0.0,2,0,0,,0,1.0
Player,vllm-granite-3-3-8b-instruct,w20,5,Mixed/mixed_queries_filter_agg_join/11,0.5856060606060606,3,2,2,,0,1.0
Player,vllm-granite-3-3-8b-instruct,w20,5,Mixed/mixed_queries_filter_agg_join/12,0.0,1,0,0,,0,1.0
Player,vllm-granite-3-3-8b-instruct,w20,5,Mixed/mixed_queries_filter_agg_player/1,0.42857142857142855,17,11,9,,0,1.0
Player,vllm-granite-3-3-8b-instruct,w20,5,Mixed/mixed_queries_filter_agg_player/2,0.0,1,0,0,,0,1.0
Player,vllm-granite-3-3-8b-instruct,w20,5,Mixed/mixed_queries_filter_agg_player/3,0.0,23,20,0,,0,1.0
Player,vllm-granite-3-3-8b-instruct,w20,5,Mixed/mixed_queries_filter_agg_player/4,0.6000000000000001,3,2,2,,0,1.0
Player,vllm-granite-3-3-8b-instruct,w20,5,Mixed/mixed_queries_filter_agg_player/5,0.25617760617760615,63,48,21,,0,1.0
Player,vllm-granite-3-3-8b-instruct,w20,5,Mixed/mixed_queries_filter_agg_player/6,0.325,61,39,22,,0,1.0
Player,vllm-granite-3-3-8b-instruct,w20,5,Mixed/mixed_queries_filter_join/1,0.0,0,0,0,,1,0.0
Player,vllm-granite-3-3-8b-instruct,w20,5,Mixed/mixed_queries_filter_join/2,0.0,0,0,0,,1,0.0
Player,vllm-granite-3-3-8b-instruct,w20,5,Mixed/mixed_queries_filter_join/3,0.0,0,0,0,,1,0.0
Player,vllm-granite-3-3-8b-instruct,w20,5,Mixed/mixed_queries_filter_join/4,0.0,0,0,0,,1,0.0
Player,vllm-granite-3-3-8b-instruct,w20,5,Mixed/mixed_queries_filter_join/5,0.6443661971830985,89,53,52,,0,1.0
Player,vllm-granite-3-3-8b-instruct,w20,5,Mixed/mixed_queries_filter_join/6,0.0,11,0,0,,0,1.0
Player,vllm-granite-3-3-8b-instruct,w20,5,Mixed/mixed_queries_filter_join/7,0.0,0,0,0,,1,0.0
Player,vllm-granite-3-3-8b-instruct,w20,5,Mixed/mixed_queries_filter_join/8,0.0,0,0,0,,1,0.0
Player,vllm-granite-3-3-8b-instruct,w20,5,Mixed/mixed_queries_filter_join/9,0.47142857142857153,90,50,48,,0,1.0
Player,vllm-granite-3-3-8b-instruct,w20,5,Mixed/mixed_queries_filter_join/10,0.0,9,0,0,,0,1.0
Player,vllm-granite-3-3-8b-instruct,w20,5,Mixed/mixed_queries_filter_join/11,0.1764705882352941,16,35,9,,0,1.0
Player,vllm-granite-3-3-8b-instruct,w20,5,Mixed/mixed_queries_filter_join/12,0.0,0,0,0,,1,0.0
Player,vllm-granite-3-3-8b-instruct,w20,5,Select/select_queries_city/1,0.41379310344827586,29,29,29,,0,1.0
Player,vllm-granite-3-3-8b-instruct,w20,5,Select/select_queries_manager/1,0.5416666666666666,16,16,16,,0,1.0
Player,vllm-granite-3-3-8b-instruct,w20,5,Select/select_queries_player/1,0.8439716312056738,141,141,141,,0,1.0
Player,vllm-granite-3-3-8b-instruct,w20,5,Select/select_queries_player/2,0.7127659574468085,141,141,141,,0,1.0
Player,vllm-granite-3-3-8b-instruct,w20,5,Select/select_queries_player/3,0.4397163120567376,141,141,141,,0,1.0
Player,vllm-granite-3-3-8b-instruct,w20,5,Select/select_queries_player/4,0.45862884160756495,141,141,141,,0,1.0
Player,vllm-granite-3-3-8b-instruct,w20,5,Select/select_queries_player/5,0.6595744680851064,141,141,141,,0,1.0
Player,vllm-granite-3-3-8b-instruct,w20,5,Select/select_queries_player/6,0.625886524822695,141,141,141,,0,1.0
Player,managed-gpt-oss-120b,w20,1,Agg/agg_queries/1,0.37499999999999994,3,5,3,,0,1.0
Player,managed-gpt-oss-120b,w20,1,Agg/agg_queries/2,0.11564625850340135,23,26,3,,0,1.0
Player,managed-gpt-oss-120b,w20,1,Agg/agg_queries/3,0.6836563391284963,3,5,3,,0,1.0
Player,managed-gpt-oss-120b,w20,1,Agg/agg_queries/4,0.1209592597523632,23,26,3,,0,1.0
Player,managed-gpt-oss-120b,w20,1,Agg/agg_queries/5,0.11564625850340135,23,26,3,,0,1.0
Player,managed-gpt-oss-120b,w20,1,Agg/agg_queries/6,0.12095159903041677,23,26,3,,0,1.0
Player,managed-gpt-oss-120b,w20,1,Agg/agg_queries/7,0.1212350457424349,23,26,3,,0,1.0
Player,managed-gpt-oss-120b,w20,1,Agg/agg_queries/8,0.3333333333333333,3,3,1,,0,1.0
Player,managed-gpt-oss-120b,w20,1,Agg/agg_queries/9,0.3333333333333333,3,3,1,,0,1.0
Player,managed-gpt-oss-120b,w20,1,Agg/agg_queries/10,0.33299731182795694,3,3,1,,0,1.0
Player,managed-gpt-oss-120b,w20,1,Filter/filter_queries_city/1,1.0,1,1,1,,0,1.0
Player,managed-gpt-oss-120b,w20,1,Filter/filter_queries_city/2,0.0,0,0,0,,1,0.0
Player,managed-gpt-oss-120b,w20,1,Filter/filter_queries_city/3,0.6666666666666666,29,27,27,,0,0.896551724137931
Player,managed-gpt-oss-120b,w20,1,Filter/filter_queries_city/4,0.0,0,0,0,,1,0.0
Player,managed-gpt-oss-120b,w20,1,Filter/filter_queries_city/5,0.4814814814814814,27,27,27,,0,0.9012345679012346
Player,managed-gpt-oss-120b,w20,1,Filter/filter_queries_city/6,0.5555555555555556,6,6,5,,0,0.9444444444444445
Player,managed-gpt-oss-120b,w20,1,Filter/filter_queries_manager/1,0.5777777777777778,15,15,15,,0,1.0
Player,managed-gpt-oss-120b,w20,1,Filter/filter_queries_manager/2,0.5555555555555555,9,9,8,,0,1.0
Player,managed-gpt-oss-120b,w20,1,Filter/filter_queries_manager/3,0.5806451612903226,15,16,15,,0,1.0
Player,managed-gpt-oss-120b,w20,1,Filter/filter_queries_manager/4,0.0,0,0,0,,1,0.0
Player,managed-gpt-oss-120b,w20,1,Filter/filter_queries_manager/5,0.6666666666666666,16,15,15,,0,1.0
Player,managed-gpt-oss-120b,w20,1,Filter/filter_queries_manager/6,0.5714285714285714,14,14,14,,0,1.0
Player,managed-gpt-oss-120b,w20,1,Filter/filter_queries_player/1,0.14035087719298245,140,12,12,,0,1.0
Player,managed-gpt-oss-120b,w20,1,Filter/filter_queries_player/2,0.21870882740447958,126,127,126,,0,1.0
Player,managed-gpt-oss-120b,w20,1,Filter/filter_queries_player/3,0.6419753086419753,17,10,10,,0,1.0
Player,managed-gpt-oss-120b,w20,1,Filter/filter_queries_player/4,0.0,1,0,0,,0,1.0
Player,managed-gpt-oss-120b,w20,1,Filter/filter_queries_player/5,0.012345679012345678,107,1,1,,0,1.0
Player,managed-gpt-oss-120b,w20,1,Filter/filter_queries_player/6,1.0,1,1,1,,0,1.0
Player,managed-gpt-oss-120b,w20,1,Filter/filter_queries_player/7,0.7160493827160493,15,12,11,,0,1.0
Player,managed-gpt-oss-120b,w20,1,Filter/filter_queries_player/8,0.5591397849462366,19,12,11,,0,1.0
Player,managed-gpt-oss-120b,w20,1,Filter/filter_queries_player/9,0.5534591194968553,28,25,24,,0,1.0
Player,managed-gpt-oss-120b,w20,1,Filter/filter_queries_player/10,0.0,0,0,0,,1,0.0
Player,managed-gpt-oss-120b,w20,1,Filter/filter_queries_player/11,0.4364508393285371,139,139,139,,0,1.0
Player,managed-gpt-oss-120b,w20,1,Filter/filter_queries_player/12,0.0,2,0,0,,0,1.0
Player,managed-gpt-oss-120b,w20,1,Filter/filter_queries_player/13,0.5333333333333333,124,131,124,,0,1.0
Player,managed-gpt-oss-120b,w20,1,Filter/filter_queries_player/14,0.3277777777777778,140,100,100,,0,1.0
Player,managed-gpt-oss-120b,w20,1,Filter/filter_queries_player/15,0.22857142857142856,140,140,140,,0,1.0
Player,managed-gpt-oss-120b,w20,1,Filter/filter_queries_player/16,0.3333333333333333,31,55,31,,0,1.0
Player,managed-gpt-oss-120b,w20,1,Filter/filter_queries_player/17,0.5157232704402516,57,49,48,,0,1.0
Player,managed-gpt-oss-120b,w20,1,Filter/filter_queries_player/18,0.23569023569023573,38,61,38,,0,1.0
Player,managed-gpt-oss-120b,w20,1,Filter/filter_queries_player/19,0.5128205128205128,12,14,10,,0,1.0
Player,managed-gpt-oss-120b,w20,1,Filter/filter_queries_player/20,0.6060606060606061,7,4,4,,0,1.0
Player,managed-gpt-oss-120b,w20,1,Filter/filter_queries_player/21,0.0,0,0,0,,1,0.0
Player,managed-gpt-oss-120b,w20,1,Filter/filter_queries_player/22,0.0,0,0,0,,1,0.0
Player,managed-gpt-oss-120b,w20,1,Filter/filter_queries_player/23,0.0,0,0,0,,1,0.0
Player,managed-gpt-oss-120b,w20,1,Filter/filter_queries_player/24,0.5376344086021505,14,17,13,,0,1.0
Player,managed-gpt-oss-120b,w20,1,Filter/filter_queries_player/25,0.5149253731343283,134,134,134,,0,1.0
Player,managed-gpt-oss-120b,w20,1,Filter/filter_queries_player/26,0.28841607565011823,141,141,141,,0,1.0
Player,managed-gpt-oss-120b,w20,1,Filter/filter_queries_player/27,0.3647342995169082,141,135,135,,0,1.0
Player,managed-gpt-oss-120b,w20,1,Filter/filter_queries_player/28,0.3569739952718676,141,141,141,,0,1.0
Player,managed-gpt-oss-120b,w20,1,Filter/filter_queries_player/29,0.30900243309002434,141,133,133,,0,1.0
Player,managed-gpt-oss-120b,w20,1,Filter/filter_queries_player/30,0.2747909199522102,139,140,139,,0,1.0
Player,managed-gpt-oss-120b,w20,1,Filter/filter_queries_player/31,0.192090395480226,28,31,26,,0,1.0
Player,managed-gpt-oss-120b,w20,1,Filter/filter_queries_player/32,0.10526315789473684,139,32,32,,0,1.0
Player,managed-gpt-oss-120b,w20,1,Filter/filter_queries_player/33,0.047619047619047616,60,10,10,,0,1.0
Player,managed-gpt-oss-120b,w20,1,Filter/filter_queries_player/34,0.5457364341085272,110,105,104,,0,1.0
Player,managed-gpt-oss-120b,w20,1,Filter/filter_queries_player/35,0.0,0,0,0,,1,0.0
Player,managed-gpt-oss-120b,w20,1,Filter/filter_queries_player/36,0.0,14,1,0,,0,1.0
Player,managed-gpt-oss-120b,w20,1,Filter/filter_queries_team/1,0.5730994152046783,29,28,27,,0,1.0
Player,managed-gpt-oss-120b,w20,1,Filter/filter_queries_team/2,0.6533333333333333,25,25,25,,0,1.0
Player,managed-gpt-oss-120b,w20,1,Filter/filter_queries_team/3,0.6166666666666667,20,20,20,,0,1.0
Player,managed-gpt-oss-120b,w20,1,Filter/filter_queries_team/4,0.0,0,0,0,,1,0.0
Player,managed-gpt-oss-120b,w20,1,Filter/filter_queries_team/5,0.8620689655172414,29,29,29,,0,1.0
Player,managed-gpt-oss-120b,w20,1,Filter/filter_queries_team/6,0.632768361581921,30,29,29,,0,1.0
Player,managed-gpt-oss-120b,w20,1,Filter/filter_queries_team/7,0.0,0,0,0,,1,0.0
Player,managed-gpt-oss-120b,w20,1,Filter/filter_queries_team/8,0.0,0,0,0,,1,0.0
Player,managed-gpt-oss-120b,w20,1,Filter/filter_queries_team/9,0.9130434782608695,23,23,23,,0,1.0
Player,managed-gpt-oss-120b,w20,1,Filter/filter_queries_team/10,0.6,30,30,30,,0,1.0
Player,managed-gpt-oss-120b,w20,1,Filter/filter_queries_team/11,0.8333333333333334,28,28,27,,0,1.0
Player,managed-gpt-oss-120b,w20,1,Filter/filter_queries_team/12,0.7777777777777778,3,3,3,,0,1.0
Player,managed-gpt-oss-120b,w20,1,Join/join_queries/2,0.6989247311827957,90,96,70,,0,1.0
Player,managed-gpt-oss-120b,w20,1,Join/join_queries/4,0.3682795698924731,90,96,70,,0,1.0
Player,managed-gpt-oss-120b,w20,1,Join/join_queries/5,0.7142857142857143,29,27,26,,0,0.9224137931034483
Player,managed-gpt-oss-120b,w20,1,Join/join_queries/7,0.5,2,2,1,,0,1.0
Player,managed-gpt-oss-120b,w20,1,Join/join_queries/8,0.5,2,2,1,,0,1.0
Player,managed-gpt-oss-120b,w20,1,Join/join_queries/9,0.375,2,2,1,,0,1.0
Player,managed-gpt-oss-120b,w20,1,Join/join_queries/10,0.5,2,2,1,,0,1.0
Player,managed-gpt-oss-120b,w20,1,Join/join_queries/11,0.41162790697674423,88,84,60,,0,1.0
Player,managed-gpt-oss-120b,w20,1,Join/join_queries/12,0.5883720930232558,88,84,60,,0,1.0
Player,managed-gpt-oss-120b,w20,1,Join/join_queries/13,0.4674418604651163,88,84,60,,0,0.9477272727272726
Player,managed-gpt-oss-120b,w20,1,Join/join_queries/15,0.3789473684210526,12,7,6,,0,1.0
Player,managed-gpt-oss-120b,w20,1,Join/join_queries/18,0.44210526315789467,12,7,6,,0,1.0
Player,managed-gpt-oss-120b,w20,1,Join/join_queries/19,0.4842105263157895,12,7,6,,0,1.0
Player,managed-gpt-oss-120b,w20,1,Mixed/mixed_queries_agg_join/1,0.4666666666666667,25,20,19,,0,1.0
Player,managed-gpt-oss-120b,w20,1,Mixed/mixed_queries_agg_join/2,0.0,2,1,0,,0,0.75
Player,managed-gpt-oss-120b,w20,1,Mixed/mixed_queries_filter_agg_join/1,0.0,0,0,0,,1,0.0
Player,managed-gpt-oss-120b,w20,1,Mixed/mixed_queries_filter_agg_join/2,0.0,0,0,0,,1,0.0
Player,managed-gpt-oss-120b,w20,1,Mixed/mixed_queries_filter_agg_join/3,0.5,1,3,1,,0,1.0
Player,managed-gpt-oss-120b,w20,1,Mixed/mixed_queries_filter_agg_join/4,0.0,0,0,0,,1,0.0
Player,managed-gpt-oss-120b,w20,1,Mixed/mixed_queries_filter_agg_join/5,0.4444444444444444,20,19,15,,0,1.0
Player,managed-gpt-oss-120b,w20,1,Mixed/mixed_queries_filter_agg_join/6,0.689742058753284,3,2,2,,0,1.0
Player,managed-gpt-oss-120b,w20,1,Mixed/mixed_queries_filter_agg_join/7,0.0,13,0,0,,0,1.0
Player,managed-gpt-oss-120b,w20,1,Mixed/mixed_queries_filter_agg_join/8,0.0,0,0,0,,1,0.0
Player,managed-gpt-oss-120b,w20,1,Mixed/mixed_queries_filter_agg_join/9,0.1818181818181818,6,5,1,,0,1.0
Player,managed-gpt-oss-120b,w20,1,Mixed/mixed_queries_filter_agg_join/10,0.6666666666666666,2,1,1,,0,1.0
Player,managed-gpt-oss-120b,w20,1,Mixed/mixed_queries_filter_agg_join/11,0.6818181818181818,3,4,3,,0,1.0
Player,managed-gpt-oss-120b,w20,1,Mixed/mixed_queries_filter_agg_join/12,0.0,1,1,0,,0,1.0
Player,managed-gpt-oss-120b,w20,1,Mixed/mixed_queries_filter_agg_player/1,0.5,17,11,11,,0,1.0
Player,managed-gpt-oss-120b,w20,1,Mixed/mixed_queries_filter_agg_player/2,0.0,1,0,0,,0,1.0
Player,managed-gpt-oss-120b,w20,1,Mixed/mixed_queries_filter_agg_player/3,0.13333333333333333,23,7,2,,0,1.0
Player,managed-gpt-oss-120b,w20,1,Mixed/mixed_queries_filter_agg_player/4,0.0,3,0,0,,0,1.0
Player,managed-gpt-oss-120b,w20,1,Mixed/mixed_queries_filter_agg_player/5,0.03296703296703297,63,2,2,,0,1.0
Player,managed-gpt-oss-120b,w20,1,Mixed/mixed_queries_filter_agg_player/6,0.15492957746478875,61,10,10,,0,1.0
Player,managed-gpt-oss-120b,w20,1,Mixed/mixed_queries_filter_join/1,0.0,0,0,0,,1,0.0
Player,managed-gpt-oss-120b,w20,1,Mixed/mixed_queries_filter_join/2,0.0,0,0,0,,1,0.0
Player,managed-gpt-oss-120b,w20,1,Mixed/mixed_queries_filter_join/3,0.0,0,0,0,,1,0.0
Player,managed-gpt-oss-120b,w20,1,Mixed/mixed_queries_filter_join/4,0.0,0,1,0,,1,0.0
Player,managed-gpt-oss-120b,w20,1,Mixed/mixed_queries_filter_join/5,0.7162162162162161,89,96,69,,0,1.0
Player,managed-gpt-oss-120b,w20,1,Mixed/mixed_queries_filter_join/6,0.25000000000000006,11,3,2,,0,1.0
Player,managed-gpt-oss-120b,w20,1,Mixed/mixed_queries_filter_join/7,0.0,0,0,0,,1,0.0
Player,managed-gpt-oss-120b,w20,1,Mixed/mixed_queries_filter_join/8,0.0,0,4,0,,1,0.0
Player,managed-gpt-oss-120b,w20,1,Mixed/mixed_queries_filter_join/9,0.5303030303030304,90,75,53,,0,1.0
Player,managed-gpt-oss-120b,w20,1,Mixed/mixed_queries_filter_join/10,0.07692307692307691,9,4,1,,0,1.0
Player,managed-gpt-oss-120b,w20,1,Mixed/mixed_queries_filter_join/11,0.4285714285714286,16,12,8,,0,1.0
Player,managed-gpt-oss-120b,w20,1,Mixed/mixed_queries_filter_join/12,0.0,0,0,0,,1,0.0
Player,managed-gpt-oss-120b,w20,1,Select/select_queries_city/1,0.735632183908046,29,29,29,,0,1.0
Player,managed-gpt-oss-120b,w20,1,Select/select_queries_manager/1,0.7291666666666666,16,16,16,,0,1.0
Player,managed-gpt-oss-120b,w20,1,Select/select_queries_player/1,0.8581560283687943,141,141,141,,0,1.0
Player,managed-gpt-oss-120b,w20,1,Select/select_queries_player/2,0.822695035460993,141,141,141,,0,1.0
Player,managed-gpt-oss-120b,w20,1,Select/select_queries_player/3,0.18439716312056736,141,141,141,,0,1.0
Player,managed-gpt-oss-120b,w20,1,Select/select_queries_player/4,0.32860520094562645,141,141,141,,0,1.0
Player,managed-gpt-oss-120b,w20,1,Select/select_queries_player/5,0.5921985815602837,141,141,141,,0,1.0
Player,managed-gpt-oss-120b,w20,1,Select/select_queries_player/6,0.6418439716312057,141,141,141,,0,1.0
Player,managed-gpt-oss-120b,w20,2,Agg/agg_queries/1,0.37499999999999994,3,5,3,,0,1.0
Player,managed-gpt-oss-120b,w20,2,Agg/agg_queries/2,0.11564625850340135,23,26,3,,0,1.0
Player,managed-gpt-oss-120b,w20,2,Agg/agg_queries/3,0.6841128211167126,3,5,3,,0,1.0
Player,managed-gpt-oss-120b,w20,2,Agg/agg_queries/4,0.12083170873195503,23,26,3,,0,1.0
Player,managed-gpt-oss-120b,w20,2,Agg/agg_queries/5,0.11564625850340135,23,26,3,,0,1.0
Player,managed-gpt-oss-120b,w20,2,Agg/agg_queries/6,0.1208240480100086,23,26,3,,0,1.0
Player,managed-gpt-oss-120b,w20,2,Agg/agg_queries/7,0.12110749472202674,23,26,3,,0,1.0
Player,managed-gpt-oss-120b,w20,2,Agg/agg_queries/8,0.3333333333333333,3,3,1,,0,1.0
Player,managed-gpt-oss-120b,w20,2,Agg/agg_queries/9,0.3333333333333333,3,3,1,,0,1.0
Player,managed-gpt-oss-120b,w20,2,Agg/agg_queries/10,0.33266264252179745,3,3,1,,0,1.0
Player,managed-gpt-oss-120b,w20,2,Filter/filter_queries_city/1,1.0,1,1,1,,0,1.0
Player,managed-gpt-oss-120b,w20,2,Filter/filter_queries_city/2,0.0,0,0,0,,1,0.0
Player,managed-gpt-oss-120b,w20,2,Filter/filter_queries_city/3,0.6309523809523809,29,27,27,,0,0.896551724137931
Player,managed-gpt-oss-120b,w20,2,Filter/filter_queries_city/4,0.0,0,0,0,,1,0.0
Player,managed-gpt-oss-120b,w20,2,Filter/filter_queries_city/5,0.5061728395061729,27,27,27,,0,0.9012345679012346
Player,managed-gpt-oss-120b,w20,2,Filter/filter_queries_city/6,0.6153846153846153,6,7,6,,0,0.9444444444444445
Player,managed-gpt-oss-120b,w20,2,Filter/filter_queries_manager/1,0.6,15,15,15,,0,1.0
Player,managed-gpt-oss-120b,w20,2,Filter/filter_queries_manager/2,0.5925925925925926,9,9,8,,0,1.0
Player,managed-gpt-oss-120b,w20,2,Filter/filter_queries_manager/3,0.6021505376344086,15,16,15,,0,1.0
Player,managed-gpt-oss-120b,w20,2,Filter/filter_queries_manager/4,0.0,0,0,0,,1,0.0
Player,managed-gpt-oss-120b,w20,2,Filter/filter_queries_manager/5,0.6881720430107526,16,15,15,,0,1.0
Player,managed-gpt-oss-120b,w20,2,Filter/filter_queries_manager/6,0.5714285714285714,14,14,14,,0,1.0
Player,managed-gpt-oss-120b,w20,2,Filter/filter_queries_player/1,0.14035087719298245,140,12,12,,0,1.0
Player,managed-gpt-oss-120b,w20,2,Filter/filter_queries_player/2,0.21607378129117258,126,127,126,,0,1.0
Player,managed-gpt-oss-120b,w20,2,Filter/filter_queries_player/3,0.691358024691358,17,10,10,,0,1.0
Player,managed-gpt-oss-120b,w20,2,Filter/filter_queries_player/4,0.0,1,0,0,,0,1.0
Player,managed-gpt-oss-120b,w20,2,Filter/filter_queries_player/5,0.0,107,0,0,,0,1.0
Player,managed-gpt-oss-120b,w20,2,Filter/filter_queries_player/6,1.0,1,1,1,,0,1.0
Player,managed-gpt-oss-120b,w20,2,Filter/filter_queries_player/7,0.7160493827160493,15,12,11,,0,1.0
Player,managed-gpt-oss-120b,w20,2,Filter/filter_queries_player/8,0.5591397849462366,19,12,11,,0,1.0
Player,managed-gpt-oss-120b,w20,2,Filter/filter_queries_player/9,0.5384615384615384,28,24,23,,0,1.0
Player,managed-gpt-oss-120b,w20,2,Filter/filter_queries_player/10,0.0,0,0,0,,1,0.0
Player,managed-gpt-oss-120b,w20,2,Filter/filter_queries_player/11,0.43405275779376495,139,139,139,,0,1.0
Player,managed-gpt-oss-120b,w20,2,Filter/filter_queries_player/12,0.0,2,0,0,,0,1.0
Player,managed-gpt-oss-120b,w20,2,Filter/filter_queries_player/13,0.5359477124183006,124,131,124,,0,1.0
Player,managed-gpt-oss-120b,w20,2,Filter/filter_queries_player/14,0.3277777777777778,140,100,100,,0,1.0
Player,managed-gpt-oss-120b,w20,2,Filter/filter_queries_player/15,0.2333333333333333,140,140,140,,0,1.0
Player,managed-gpt-oss-120b,w20,2,Filter/filter_queries_player/16,0.3255813953488372,31,55,30,,0,1.0
Player,managed-gpt-oss-120b,w20,2,Filter/filter_queries_player/17,0.5220125786163522,57,49,48,,0,1.0
Player,managed-gpt-oss-120b,w20,2,Filter/filter_queries_player/18,0.22895622895622894,38,61,37,,0,1.0
Player,managed-gpt-oss-120b,w20,2,Filter/filter_queries_player/19,0.5128205128205128,12,14,10,,0,1.0
Player,managed-gpt-oss-120b,w20,2,Filter/filter_queries_player/20,0.6666666666666666,7,4,4,,0,1.0
Player,managed-gpt-oss-120b,w20,2,Filter/filter_queries_player/21,0.0,0,0,0,,1,0.0
Player,managed-gpt-oss-120b,w20,2,Filter/filter_queries_player/22,0.0,0,0,0,,1,0.0
Player,managed-gpt-oss-120b,w20,2,Filter/filter_queries_player/23,0.0,0,0,0,,1,0.0
Player,managed-gpt-oss-120b,w20,2,Filter/filter_queries_player/24,0.5376344086021505,14,17,13,,0,1.0
Player,managed-gpt-oss-120b,w20,2,Filter/filter_queries_player/25,0.509950248756219,134,134,134,,0,1.0
Player,managed-gpt-oss-120b,w20,2,Filter/filter_queries_player/26,0.2931442080378251,141,141,141,,0,1.0
Player,managed-gpt-oss-120b,w20,2,Filter/filter_queries_player/27,0.3671497584541063,141,135,135,,0,1.0
Player,managed-gpt-oss-120b,w20,2,Filter/filter_queries_player/28,0.3569739952718676,141,141,141,,0,1.0
Player,managed-gpt-oss-120b,w20,2,Filter/filter_queries_player/29,0.31143552311435524,141,133,133,,0,1.0
Player,managed-gpt-oss-120b,w20,2,Filter/filter_queries_player/30,0.27240143369175623,139,140,139,,0,1.0
Player,managed-gpt-oss-120b,w20,2,Filter/filter_queries_player/31,0.2033898305084746,28,31,26,,0,1.0
Player,managed-gpt-oss-120b,w20,2,Filter/filter_queries_player/32,0.09803921568627454,139,31,31,,0,1.0
Player,managed-gpt-oss-120b,w20,2,Filter/filter_queries_player/33,0.05714285714285714,60,10,10,,0,1.0
Player,managed-gpt-oss-120b,w20,2,Filter/filter_queries_player/34,0.5488372093023256,110,105,104,,0,1.0
Player,managed-gpt-oss-120b,w20,2,Filter/filter_queries_player/35,0.0,0,0,0,,1,0.0
Player,managed-gpt-oss-120b,w20,2,Filter/filter_queries_player/36,0.0,14,1,0,,0,1.0
Player,managed-gpt-oss-120b,w20,2,Filter/filter_queries_team/1,0.6081871345029239,29,28,28,,0,1.0
Player,managed-gpt-oss-120b,w20,2,Filter/filter_queries_team/2,0.68,25,25,25,,0,1.0
Player,managed-gpt-oss-120b,w20,2,Filter/filter_queries_team/3,0.6333333333333333,20,20,20,,0,1.0
Player,managed-gpt-oss-120b,w20,2,Filter/filter_queries_team/4,0.0,0,0,0,,1,0.0
Player,managed-gpt-oss-120b,w20,2,Filter/filter_queries_team/5,0.896551724137931,29,29,29,,0,1.0
Player,managed-gpt-oss-120b,w20,2,Filter/filter_queries_team/6,0.655367231638418,30,29,29,,0,1.0
Player,managed-gpt-oss-120b,w20,2,Filter/filter_queries_team/7,0.0,0,0,0,,1,0.0
Player,managed-gpt-oss-120b,w20,2,Filter/filter_queries_team/8,0.0,0,0,0,,1,0.0
Player,managed-gpt-oss-120b,w20,2,Filter/filter_queries_team/9,0.9420289855072465,23,23,23,,0,1.0
Player,managed-gpt-oss-120b,w20,2,Filter/filter_queries_team/10,0.6222222222222222,30,30,30,,0,1.0
Player,managed-gpt-oss-120b,w20,2,Filter/filter_queries_team/11,0.8333333333333334,28,28,26,,0,1.0
Player,managed-gpt-oss-120b,w20,2,Filter/filter_queries_team/12,0.7777777777777778,3,3,3,,0,1.0
Player,managed-gpt-oss-120b,w20,2,Join/join_queries/2,0.7172774869109948,90,101,74,,0,1.0
Player,managed-gpt-oss-120b,w20,2,Join/join_queries/4,0.38481675392670156,90,101,74,,0,1.0
Player,managed-gpt-oss-120b,w20,2,Join/join_queries/5,0.7090909090909091,29,26,26,,0,0.9224137931034483
Player,managed-gpt-oss-120b,w20,2,Join/join_queries/7,0.6666666666666666,2,1,1,,0,1.0
Player,managed-gpt-oss-120b,w20,2,Join/join_queries/8,0.6666666666666666,2,1,1,,0,1.0
Player,managed-gpt-oss-120b,w20,2,Join/join_queries/9,0.5,2,1,1,,0,1.0
Player,managed-gpt-oss-120b,w20,2,Join/join_queries/10,0.6666666666666666,2,1,1,,0,1.0
Player,managed-gpt-oss-120b,w20,2,Join/join_queries/11,0.4459770114942529,88,86,64,,0,1.0
Player,managed-gpt-oss-120b,w20,2,Join/join_queries/12,0.632183908045977,88,86,64,,0,1.0
Player,managed-gpt-oss-120b,w20,2,Join/join_queries/13,0.4919540229885057,88,86,64,,0,0.9477272727272726
Player,managed-gpt-oss-120b,w20,2,Join/join_queries/15,0.3789473684210526,12,7,6,,0,1.0
Player,managed-gpt-oss-120b,w20,2,Join/join_queries/18,0.44210526315789467,12,7,6,,0,1.0
Player,managed-gpt-oss-120b,w20,2,Join/join_queries/19,0.5052631578947369,12,7,6,,0,1.0
Player,managed-gpt-oss-120b,w20,2,Mixed/mixed_queries_agg_join/1,0.4893617021276596,25,22,21,,0,1.0
Player,managed-gpt-oss-120b,w20,2,Mixed/mixed_queries_agg_join/2,0.0,2,1,0,,0,0.75
Player,managed-gpt-oss-120b,w20,2,Mixed/mixed_queries_filter_agg_join/1,0.0,0,0,0,,1,0.0
Player,managed-gpt-oss-120b,w20,2,Mixed/mixed_queries_filter_agg_join/2,0.0,0,0,0,,1,0.0
Player,managed-gpt-oss-120b,w20,2,Mixed/mixed_queries_filter_agg_join/3,0.5,1,3,1,,0,1.0
Player,managed-gpt-oss-120b,w20,2,Mixed/mixed_queries_filter_agg_join/4,0.0,0,0,0,,1,0.0
Player,managed-gpt-oss-120b,w20,2,Mixed/mixed_queries_filter_agg_join/5,0.4715447154471545,20,21,17,,0,1.0
Player,managed-gpt-oss-120b,w20,2,Mixed/mixed_queries_filter_agg_join/6,0.689742058753284,3,2,2,,0,1.0
Player,managed-gpt-oss-120b,w20,2,Mixed/mixed_queries_filter_agg_join/7,0.0,13,0,0,,0,1.0
Player,managed-gpt-oss-120b,w20,2,Mixed/mixed_queries_filter_agg_join/8,0.0,0,0,0,,1,0.0
Player,managed-gpt-oss-120b,w20,2,Mixed/mixed_queries_filter_agg_join/9,0.1818181818181818,6,5,1,,0,1.0
Player,managed-gpt-oss-120b,w20,2,Mixed/mixed_queries_filter_agg_join/10,0.6666666666666666,2,1,1,,0,1.0
Player,managed-gpt-oss-120b,w20,2,Mixed/mixed_queries_filter_agg_join/11,0.596590909090909,3,5,3,,0,1.0
Player,managed-gpt-oss-120b,w20,2,Mixed/mixed_queries_filter_agg_join/12,0.0,1,1,0,,0,1.0
Player,managed-gpt-oss-120b,w20,2,Mixed/mixed_queries_filter_agg_player/1,0.48275862068965514,17,12,11,,0,1.0
Player,managed-gpt-oss-120b,w20,2,Mixed/mixed_queries_filter_agg_player/2,0.0,1,0,0,,0,1.0
Player,managed-gpt-oss-120b,w20,2,Mixed/mixed_queries_filter_agg_player/3,0.06666666666666667,23,7,1,,0,1.0
Player,managed-gpt-oss-120b,w20,2,Mixed/mixed_queries_filter_agg_player/4,0.0,3,0,0,,0,1.0
Player,managed-gpt-oss-120b,w20,2,Mixed/mixed_queries_filter_agg_player/5,0.017857142857142856,63,1,1,,0,1.0
Player,managed-gpt-oss-120b,w20,2,Mixed/mixed_queries_filter_agg_player/6,0.15492957746478875,61,10,10,,0,1.0
Player,managed-gpt-oss-120b,w20,2,Mixed/mixed_queries_filter_join/1,0.0,0,0,0,,1,0.0
Player,managed-gpt-oss-120b,w20,2,Mixed/mixed_queries_filter_join/2,0.0,0,0,0,,1,0.0
Player,managed-gpt-oss-120b,w20,2,Mixed/mixed_queries_filter_join/3,0.0,0,0,0,,1,0.0
Player,managed-gpt-oss-120b,w20,2,Mixed/mixed_queries_filter_join/4,0.0,0,1,0,,1,0.0
Player,managed-gpt-oss-120b,w20,2,Mixed/mixed_queries_filter_join/5,0.7342105263157894,89,101,73,,0,1.0
Player,managed-gpt-oss-120b,w20,2,Mixed/mixed_queries_filter_join/6,0.25000000000000006,11,3,2,,0,1.0
Player,managed-gpt-oss-120b,w20,2,Mixed/mixed_queries_filter_join/7,0.0,0,0,0,,1,0.0
Player,managed-gpt-oss-120b,w20,2,Mixed/mixed_queries_filter_join/8,0.0,0,4,0,,1,0.0
Player,managed-gpt-oss-120b,w20,2,Mixed/mixed_queries_filter_join/9,0.5441176470588236,90,80,57,,0,1.0
Player,managed-gpt-oss-120b,w20,2,Mixed/mixed_queries_filter_join/10,0.07692307692307691,9,4,1,,0,1.0
Player,managed-gpt-oss-120b,w20,2,Mixed/mixed_queries_filter_join/11,0.4655172413793104,16,13,9,,0,1.0
Player,managed-gpt-oss-120b,w20,2,Mixed/mixed_queries_filter_join/12,0.0,0,0,0,,1,0.0
Player,managed-gpt-oss-120b,w20,2,Select/select_queries_city/1,0.7586206896551723,29,29,29,,0,1.0
Player,managed-gpt-oss-120b,w20,2,Select/select_queries_manager/1,0.7708333333333334,16,16,16,,0,1.0
Player,managed-gpt-oss-120b,w20,2,Select/select_queries_player/1,0.8510638297872339,141,141,141,,0,1.0
Player,managed-gpt-oss-120b,w20,2,Select/select_queries_player/2,0.8280141843971631,141,141,141,,0,1.0
Player,managed-gpt-oss-120b,w20,2,Select/select_queries_player/3,0.18439716312056736,141,141,141,,0,1.0
Player,managed-gpt-oss-120b,w20,2,Select/select_queries_player/4,0.3309692671394799,141,141,141,,0,1.0
Player,managed-gpt-oss-120b,w20,2,Select/select_queries_player/5,0.5921985815602837,141,141,141,,0,1.0
Player,managed-gpt-oss-120b,w20,2,Select/select_queries_player/6,0.6436170212765957,141,141,141,,0,1.0
Player,managed-gpt-oss-120b,w20,3,Agg/agg_queries/1,0.37499999999999994,3,5,3,,0,1.0
Player,managed-gpt-oss-120b,w20,3,Agg/agg_queries/2,0.11564625850340135,23,26,3,,0,1.0
Player,managed-gpt-oss-120b,w20,3,Agg/agg_queries/3,0.6818328395269896,3,5,3,,0,1.0
Player,managed-gpt-oss-120b,w20,3,Agg/agg_queries/4,0.1209592597523632,23,26,3,,0,1.0
Player,managed-gpt-oss-120b,w20,3,Agg/agg_queries/5,0.11564625850340135,23,26,3,,0,1.0
Player,managed-gpt-oss-120b,w20,3,Agg/agg_queries/6,0.12095159903041677,23,26,3,,0,1.0
Player,managed-gpt-oss-120b,w20,3,Agg/agg_queries/7,0.1212350457424349,23,26,3,,0,1.0
Player,managed-gpt-oss-120b,w20,3,Agg/agg_queries/8,0.3333333333333333,3,3,1,,0,1.0
Player,managed-gpt-oss-120b,w20,3,Agg/agg_queries/9,0.3333333333333333,3,3,1,,0,1.0
Player,managed-gpt-oss-120b,w20,3,Agg/agg_queries/10,0.3331651530440632,3,3,1,,0,1.0
Player,managed-gpt-oss-120b,w20,3,Filter/filter_queries_city/1,1.0,1,1,1,,0,1.0
Player,managed-gpt-oss-120b,w20,3,Filter/filter_queries_city/2,0.0,0,1,0,,1,0.0
Player,managed-gpt-oss-120b,w20,3,Filter/filter_queries_city/3,0.6547619047619048,29,27,27,,0,0.896551724137931
Player,managed-gpt-oss-120b,w20,3,Filter/filter_queries_city/4,0.0,0,0,0,,1,0.0
Player,managed-gpt-oss-120b,w20,3,Filter/filter_queries_city/5,0.5308641975308642,27,27,27,,0,0.9012345679012346
Player,managed-gpt-oss-120b,w20,3,Filter/filter_queries_city/6,0.6153846153846153,6,7,6,,0,0.9444444444444445
Player,managed-gpt-oss-120b,w20,3,Filter/filter_queries_manager/1,0.5777777777777778,15,15,15,,0,1.0
Player,managed-gpt-oss-120b,w20,3,Filter/filter_queries_manager/2,0.5555555555555555,9,9,8,,0,1.0
Player,managed-gpt-oss-120b,w20,3,Filter/filter_queries_manager/3,0.5806451612903226,15,16,15,,0,1.0
Player,managed-gpt-oss-120b,w20,3,Filter/filter_queries_manager/4,0.0,0,0,0,,1,0.0
Player,managed-gpt-oss-120b,w20,3,Filter/filter_queries_manager/5,0.6451612903225806,16,15,15,,0,1.0
Player,managed-gpt-oss-120b,w20,3,Filter/filter_queries_manager/6,0.5714285714285714,14,14,14,,0,1.0
Player,managed-gpt-oss-120b,w20,3,Filter/filter_queries_player/1,0.14035087719298245,140,12,12,,0,1.0
Player,managed-gpt-oss-120b,w20,3,Filter/filter_queries_player/2,0.21870882740447958,126,127,126,,0,1.0
Player,managed-gpt-oss-120b,w20,3,Filter/filter_queries_player/3,0.6419753086419753,17,10,10,,0,1.0
Player,managed-gpt-oss-120b,w20,3,Filter/filter_queries_player/4,0.0,1,0,0,,0,1.0
Player,managed-gpt-oss-120b,w20,3,Filter/filter_queries_player/5,0.0,107,0,0,,0,1.0
Player,managed-gpt-oss-120b,w20,3,Filter/filter_queries_player/6,1.0,1,1,1,,0,1.0
Player,managed-gpt-oss-120b,w20,3,Filter/filter_queries_player/7,0.7160493827160493,15,12,11,,0,1.0
Player,managed-gpt-oss-120b,w20,3,Filter/filter_queries_player/8,0.5591397849462366,19,12,11,,0,1.0
Player,managed-gpt-oss-120b,w20,3,Filter/filter_queries_player/9,0.5384615384615384,28,24,23,,0,1.0
Player,managed-gpt-oss-120b,w20,3,Filter/filter_queries_player/10,0.0,0,0,0,,1,0.0
Player,managed-gpt-oss-120b,w20,3,Filter/filter_queries_player/11,0.43405275779376495,139,139,139,,0,1.0
Player,managed-gpt-oss-120b,w20,3,Filter/filter_queries_player/12,0.0,2,0,0,,0,1.0
Player,managed-gpt-oss-120b,w20,3,Filter/filter_queries_player/13,0.5359477124183006,124,131,124,,0,1.0
Player,managed-gpt-oss-120b,w20,3,Filter/filter_queries_player/14,0.3277777777777778,140,100,100,,0,1.0
Player,managed-gpt-oss-120b,w20,3,Filter/filter_queries_player/15,0.22857142857142856,140,140,140,,0,1.0
Player,managed-gpt-oss-120b,w20,3,Filter/filter_queries_player/16,0.3333333333333333,31,55,31,,0,1.0
Player,managed-gpt-oss-120b,w20,3,Filter/filter_queries_player/17,0.5079365079365079,57,48,47,,0,1.0
Player,managed-gpt-oss-120b,w20,3,Filter/filter_queries_player/18,0.22895622895622894,38,61,38,,0,1.0
Player,managed-gpt-oss-120b,w20,3,Filter/filter_queries_player/19,0.5128205128205128,12,14,10,,0,1.0
Player,managed-gpt-oss-120b,w20,3,Filter/filter_queries_player/20,0.6060606060606061,7,4,4,,0,1.0
Player,managed-gpt-oss-120b,w20,3,Filter/filter_queries_player/21,0.0,0,0,0,,1,0.0
Player,managed-gpt-oss-120b,w20,3,Filter/filter_queries_player/22,0.0,0,0,0,,1,0.0
Player,managed-gpt-oss-120b,w20,3,Filter/filter_queries_player/23,0.0,0,0,0,,1,0.0
Player,managed-gpt-oss-120b,w20,3,Filter/filter_queries_player/24,0.5376344086021505,14,17,13,,0,1.0
Player,managed-gpt-oss-120b,w20,3,Filter/filter_queries_player/25,0.5174129353233831,134,134,134,,0,1.0
Player,managed-gpt-oss-120b,w20,3,Filter/filter_queries_player/26,0.28841607565011823,141,141,141,,0,1.0
Player,managed-gpt-oss-120b,w20,3,Filter/filter_queries_player/27,0.36121212121212115,141,134,134,,0,1.0
Player,managed-gpt-oss-120b,w20,3,Filter/filter_queries_player/28,0.3569739952718676,141,141,141,,0,1.0
Player,managed-gpt-oss-120b,w20,3,Filter/filter_queries_player/29,0.3125763125763126,141,132,132,,0,1.0
Player,managed-gpt-oss-120b,w20,3,Filter/filter_queries_player/30,0.27718040621266427,139,140,139,,0,1.0
Player,managed-gpt-oss-120b,w20,3,Filter/filter_queries_player/31,0.192090395480226,28,31,26,,0,1.0
Player,managed-gpt-oss-120b,w20,3,Filter/filter_queries_player/32,0.1019607843137255,139,31,31,,0,1.0
Player,managed-gpt-oss-120b,w20,3,Filter/filter_queries_player/33,0.047619047619047616,60,10,10,,0,1.0
Player,managed-gpt-oss-120b,w20,3,Filter/filter_queries_player/34,0.5426356589147286,110,105,104,,0,1.0
Player,managed-gpt-oss-120b,w20,3,Filter/filter_queries_player/35,0.0,0,0,0,,1,0.0
Player,managed-gpt-oss-120b,w20,3,Filter/filter_queries_player/36,0.0,14,1,0,,0,1.0
Player,managed-gpt-oss-120b,w20,3,Filter/filter_queries_team/1,0.6081871345029239,29,28,27,,0,1.0
Player,managed-gpt-oss-120b,w20,3,Filter/filter_queries_team/2,0.6533333333333333,25,25,25,,0,1.0
Player,managed-gpt-oss-120b,w20,3,Filter/filter_queries_team/3,0.6495726495726496,20,19,19,,0,1.0
Player,managed-gpt-oss-120b,w20,3,Filter/filter_queries_team/4,0.0,0,0,0,,1,0.0
Player,managed-gpt-oss-120b,w20,3,Filter/filter_queries_team/5,0.8850574712643678,29,29,29,,0,1.0
Player,managed-gpt-oss-120b,w20,3,Filter/filter_queries_team/6,0.6553672316384181,30,29,29,,0,1.0
Player,managed-gpt-oss-120b,w20,3,Filter/filter_queries_team/7,0.0,0,0,0,,1,0.0
Player,managed-gpt-oss-120b,w20,3,Filter/filter_queries_team/8,0.0,0,0,0,,1,0.0
Player,managed-gpt-oss-120b,w20,3,Filter/filter_queries_team/9,0.927536231884058,23,23,23,,0,1.0
Player,managed-gpt-oss-120b,w20,3,Filter/filter_queries_team/10,0.6333333333333334,30,30,30,,0,1.0
Player,managed-gpt-oss-120b,w20,3,Filter/filter_queries_team/11,0.8571428571428572,28,28,27,,0,1.0
Player,managed-gpt-oss-120b,w20,3,Filter/filter_queries_team/12,0.8888888888888888,3,3,3,,0,1.0
Player,managed-gpt-oss-120b,w20,3,Join/join_queries/2,0.6685082872928176,90,91,66,,0,1.0
Player,managed-gpt-oss-120b,w20,3,Join/join_queries/4,0.3674033149171271,90,91,66,,0,1.0
Player,managed-gpt-oss-120b,w20,3,Join/join_queries/5,0.7321428571428572,29,27,27,,0,0.9224137931034483
Player,managed-gpt-oss-120b,w20,3,Join/join_queries/7,0.6666666666666666,2,1,1,,0,1.0
Player,managed-gpt-oss-120b,w20,3,Join/join_queries/8,0.6666666666666666,2,1,1,,0,1.0
Player,managed-gpt-oss-120b,w20,3,Join/join_queries/9,0.5,2,1,1,,0,1.0
Player,managed-gpt-oss-120b,w20,3,Join/join_queries/10,0.6666666666666666,2,1,1,,0,1.0
Player,managed-gpt-oss-120b,w20,3,Join/join_queries/11,0.4233918128654971,88,83,60,,0,1.0
Player,managed-gpt-oss-120b,w20,3,Join/join_queries/12,0.5941520467836258,88,83,60,,0,1.0
Player,managed-gpt-oss-120b,w20,3,Join/join_queries/13,0.4771929824561404,88,83,60,,0,0.9477272727272726
Player,managed-gpt-oss-120b,w20,3,Join/join_queries/15,0.3789473684210526,12,7,6,,0,1.0
Player,managed-gpt-oss-120b,w20,3,Join/join_queries/18,0.44210526315789467,12,7,6,,0,1.0
Player,managed-gpt-oss-120b,w20,3,Join/join_queries/19,0.4842105263157895,12,7,6,,0,1.0
Player,managed-gpt-oss-120b,w20,3,Mixed/mixed_queries_agg_join/1,0.425531914893617,25,22,19,,0,1.0
Player,managed-gpt-oss-120b,w20,3,Mixed/mixed_queries_agg_join/2,0.0,2,1,0,,0,0.75
Player,managed-gpt-oss-120b,w20,3,Mixed/mixed_queries_filter_agg_join/1,0.0,0,0,0,,1,0.0
Player,managed-gpt-oss-120b,w20,3,Mixed/mixed_queries_filter_agg_join/2,0.0,0,0,0,,1,0.0
Player,managed-gpt-oss-120b,w20,3,Mixed/mixed_queries_filter_agg_join/3,0.5,1,3,1,,0,1.0
Player,managed-gpt-oss-120b,w20,3,Mixed/mixed_queries_filter_agg_join/4,0.0,0,0,0,,1,0.0
Player,managed-gpt-oss-120b,w20,3,Mixed/mixed_queries_filter_agg_join/5,0.4444444444444444,20,19,16,,0,1.0
Player,managed-gpt-oss-120b,w20,3,Mixed/mixed_queries_filter_agg_join/6,0.689742058753284,3,2,2,,0,1.0
Player,managed-gpt-oss-120b,w20,3,Mixed/mixed_queries_filter_agg_join/7,0.0,13,0,0,,0,1.0
Player,managed-gpt-oss-120b,w20,3,Mixed/mixed_queries_filter_agg_join/8,0.0,0,0,0,,1,0.0
Player,managed-gpt-oss-120b,w20,3,Mixed/mixed_queries_filter_agg_join/9,0.16666666666666666,6,6,1,,0,1.0
Player,managed-gpt-oss-120b,w20,3,Mixed/mixed_queries_filter_agg_join/10,0.6666666666666666,2,1,1,,0,1.0
Player,managed-gpt-oss-120b,w20,3,Mixed/mixed_queries_filter_agg_join/11,0.6909090909090909,3,4,3,,0,1.0
Player,managed-gpt-oss-120b,w20,3,Mixed/mixed_queries_filter_agg_join/12,0.0,1,1,0,,0,1.0
Player,managed-gpt-oss-120b,w20,3,Mixed/mixed_queries_filter_agg_player/1,0.5,17,11,11,,0,1.0
Player,managed-gpt-oss-120b,w20,3,Mixed/mixed_queries_filter_agg_player/2,0.0,1,0,0,,0,1.0
Player,managed-gpt-oss-120b,w20,3,Mixed/mixed_queries_filter_agg_player/3,0.13333333333333333,23,7,2,,0,1.0
Player,managed-gpt-oss-120b,w20,3,Mixed/mixed_queries_filter_agg_player/4,0.0,3,0,0,,0,1.0
Player,managed-gpt-oss-120b,w20,3,Mixed/mixed_queries_filter_agg_player/5,0.017857142857142856,63,1,1,,0,1.0
Player,managed-gpt-oss-120b,w20,3,Mixed/mixed_queries_filter_agg_player/6,0.15492957746478875,61,10,10,,0,1.0
Player,managed-gpt-oss-120b,w20,3,Mixed/mixed_queries_filter_join/1,0.0,0,0,0,,1,0.0
Player,managed-gpt-oss-120b,w20,3,Mixed/mixed_queries_filter_join/2,0.0,0,0,0,,1,0.0
Player,managed-gpt-oss-120b,w20,3,Mixed/mixed_queries_filter_join/3,0.0,0,0,0,,1,0.0
Player,managed-gpt-oss-120b,w20,3,Mixed/mixed_queries_filter_join/4,0.0,0,1,0,,1,0.0
Player,managed-gpt-oss-120b,w20,3,Mixed/mixed_queries_filter_join/5,0.7055555555555556,89,91,66,,0,1.0
Player,managed-gpt-oss-120b,w20,3,Mixed/mixed_queries_filter_join/6,0.25000000000000006,11,3,2,,0,1.0
Player,managed-gpt-oss-120b,w20,3,Mixed/mixed_queries_filter_join/7,0.0,0,0,0,,1,0.0
Player,managed-gpt-oss-120b,w20,3,Mixed/mixed_queries_filter_join/8,0.0,0,4,0,,1,0.0
Player,managed-gpt-oss-120b,w20,3,Mixed/mixed_queries_filter_join/9,0.529940119760479,90,77,54,,0,1.0
Player,managed-gpt-oss-120b,w20,3,Mixed/mixed_queries_filter_join/10,0.07692307692307691,9,4,1,,0,1.0
Player,managed-gpt-oss-120b,w20,3,Mixed/mixed_queries_filter_join/11,0.4423076923076923,16,10,7,,0,1.0
Player,managed-gpt-oss-120b,w20,3,Mixed/mixed_queries_filter_join/12,0.0,0,0,0,,1,0.0
Player,managed-gpt-oss-120b,w20,3,Select/select_queries_city/1,0.7931034482758621,29,29,29,,0,1.0
Player,managed-gpt-oss-120b,w20,3,Select/select_queries_manager/1,0.7083333333333334,16,16,16,,0,1.0
Player,managed-gpt-oss-120b,w20,3,Select/select_queries_player/1,0.8510638297872339,141,141,141,,0,1.0
Player,managed-gpt-oss-120b,w20,3,Select/select_queries_player/2,0.822695035460993,141,141,141,,0,1.0
Player,managed-gpt-oss-120b,w20,3,Select/select_queries_player/3,0.18439716312056736,141,141,141,,0,1.0
Player,managed-gpt-oss-120b,w20,3,Select/select_queries_player/4,0.3238770685579196,141,141,141,,0,1.0
Player,managed-gpt-oss-120b,w20,3,Select/select_queries_player/5,0.5921985815602837,141,141,141,,0,1.0
Player,managed-gpt-oss-120b,w20,3,Select/select_queries_player/6,0.6382978723404255,141,141,141,,0,1.0
Player,managed-gpt-oss-120b,w20,4,Agg/agg_queries/1,0.37499999999999994,3,5,3,,0,1.0
Player,managed-gpt-oss-120b,w20,4,Agg/agg_queries/2,0.07482993197278912,23,26,2,,0,1.0
Player,managed-gpt-oss-120b,w20,4,Agg/agg_queries/3,0.6862041623308259,3,5,3,,0,1.0
Player,managed-gpt-oss-120b,w20,4,Agg/agg_queries/4,0.08065313730338361,23,26,2,,0,1.0
Player,managed-gpt-oss-120b,w20,4,Agg/agg_queries/5,0.07482993197278912,23,26,2,,0,1.0
Player,managed-gpt-oss-120b,w20,4,Agg/agg_queries/6,0.08064547658143717,23,26,2,,0,1.0
Player,managed-gpt-oss-120b,w20,4,Agg/agg_queries/7,0.0809289232934553,23,26,2,,0,1.0
Player,managed-gpt-oss-120b,w20,4,Agg/agg_queries/8,0.3333333333333333,3,3,1,,0,1.0
Player,managed-gpt-oss-120b,w20,4,Agg/agg_queries/9,0.3333333333333333,3,3,1,,0,1.0
Player,managed-gpt-oss-120b,w20,4,Agg/agg_queries/10,0.33299731182795694,3,3,1,,0,1.0
Player,managed-gpt-oss-120b,w20,4,Filter/filter_queries_city/1,1.0,1,1,1,,0,1.0
Player,managed-gpt-oss-120b,w20,4,Filter/filter_queries_city/2,0.0,0,0,0,,1,0.0
Player,managed-gpt-oss-120b,w20,4,Filter/filter_queries_city/3,0.6785714285714285,29,27,27,,0,0.896551724137931
Player,managed-gpt-oss-120b,w20,4,Filter/filter_queries_city/4,0.0,0,0,0,,1,0.0
Player,managed-gpt-oss-120b,w20,4,Filter/filter_queries_city/5,0.5185185185185185,27,27,27,,0,0.9012345679012346
Player,managed-gpt-oss-120b,w20,4,Filter/filter_queries_city/6,0.6153846153846153,6,7,6,,0,0.9444444444444445
Player,managed-gpt-oss-120b,w20,4,Filter/filter_queries_manager/1,0.6,15,15,15,,0,1.0
Player,managed-gpt-oss-120b,w20,4,Filter/filter_queries_manager/2,0.5263157894736842,9,10,8,,0,1.0
Player,managed-gpt-oss-120b,w20,4,Filter/filter_queries_manager/3,0.6236559139784946,15,16,15,,0,1.0
Player,managed-gpt-oss-120b,w20,4,Filter/filter_queries_manager/4,0.0,0,0,0,,1,0.0
Player,managed-gpt-oss-120b,w20,4,Filter/filter_queries_manager/5,0.6666666666666666,16,15,15,,0,1.0
Player,managed-gpt-oss-120b,w20,4,Filter/filter_queries_manager/6,0.6190476190476191,14,14,14,,0,1.0
Player,managed-gpt-oss-120b,w20,4,Filter/filter_queries_player/1,0.14473684210526314,140,12,12,,0,1.0
Player,managed-gpt-oss-120b,w20,4,Filter/filter_queries_player/2,0.2134387351778656,126,127,126,,0,1.0
Player,managed-gpt-oss-120b,w20,4,Filter/filter_queries_player/3,0.6666666666666666,17,10,10,,0,1.0
Player,managed-gpt-oss-120b,w20,4,Filter/filter_queries_player/4,0.0,1,0,0,,0,1.0
Player,managed-gpt-oss-120b,w20,4,Filter/filter_queries_player/5,0.0,107,0,0,,0,1.0
Player,managed-gpt-oss-120b,w20,4,Filter/filter_queries_player/6,1.0,1,1,1,,0,1.0
Player,managed-gpt-oss-120b,w20,4,Filter/filter_queries_player/7,0.7160493827160493,15,12,11,,0,1.0
Player,managed-gpt-oss-120b,w20,4,Filter/filter_queries_player/8,0.5591397849462366,19,12,11,,0,1.0
Player,managed-gpt-oss-120b,w20,4,Filter/filter_queries_player/9,0.5534591194968553,28,25,24,,0,1.0
Player,managed-gpt-oss-120b,w20,4,Filter/filter_queries_player/10,0.0,0,0,0,,1,0.0
Player,managed-gpt-oss-120b,w20,4,Filter/filter_queries_player/11,0.43405275779376495,139,139,139,,0,1.0
Player,managed-gpt-oss-120b,w20,4,Filter/filter_queries_player/12,0.0,2,0,0,,0,1.0
Player,managed-gpt-oss-120b,w20,4,Filter/filter_queries_player/13,0.5333333333333333,124,131,124,,0,1.0
Player,managed-gpt-oss-120b,w20,4,Filter/filter_queries_player/14,0.3277777777777778,140,100,100,,0,1.0
Player,managed-gpt-oss-120b,w20,4,Filter/filter_queries_player/15,0.23095238095238094,140,140,140,,0,1.0
Player,managed-gpt-oss-120b,w20,4,Filter/filter_queries_player/16,0.3218390804597701,31,56,30,,0,1.0
Player,managed-gpt-oss-120b,w20,4,Filter/filter_queries_player/17,0.5220125786163522,57,49,48,,0,1.0
Player,managed-gpt-oss-120b,w20,4,Filter/filter_queries_player/18,0.22666666666666666,38,62,37,,0,1.0
Player,managed-gpt-oss-120b,w20,4,Filter/filter_queries_player/19,0.5333333333333333,12,13,10,,0,1.0
Player,managed-gpt-oss-120b,w20,4,Filter/filter_queries_player/20,0.6666666666666666,7,4,4,,0,1.0
Player,managed-gpt-oss-120b,w20,4,Filter/filter_queries_player/21,0.0,0,0,0,,1,0.0
Player,managed-gpt-oss-120b,w20,4,Filter/filter_queries_player/22,0.0,0,0,0,,1,0.0
Player,managed-gpt-oss-120b,w20,4,Filter/filter_queries_player/23,0.0,0,0,0,,1,0.0
Player,managed-gpt-oss-120b,w20,4,Filter/filter_queries_player/24,0.5376344086021505,14,17,13,,0,1.0
Player,managed-gpt-oss-120b,w20,4,Filter/filter_queries_player/25,0.5124378109452736,134,134,134,,0,1.0
Player,managed-gpt-oss-120b,w20,4,Filter/filter_queries_player/26,0.2931442080378251,141,141,141,,0,1.0
Player,managed-gpt-oss-120b,w20,4,Filter/filter_queries_player/27,0.3658243080625752,141,136,136,,0,1.0
Player,managed-gpt-oss-120b,w20,4,Filter/filter_queries_player/28,0.3546099290780142,141,141,141,,0,1.0
Player,managed-gpt-oss-120b,w20,4,Filter/filter_queries_player/29,0.31143552311435524,141,133,133,,0,1.0
Player,managed-gpt-oss-120b,w20,4,Filter/filter_queries_player/30,0.27001194743130225,139,140,139,,0,1.0
Player,managed-gpt-oss-120b,w20,4,Filter/filter_queries_player/31,0.19540229885057472,28,30,26,,0,1.0
Player,managed-gpt-oss-120b,w20,4,Filter/filter_queries_player/32,0.09803921568627454,139,31,31,,0,1.0
Player,managed-gpt-oss-120b,w20,4,Filter/filter_queries_player/33,0.05714285714285714,60,10,10,,0,1.0
Player,managed-gpt-oss-120b,w20,4,Filter/filter_queries_player/34,0.5426356589147288,110,105,104,,0,1.0
Player,managed-gpt-oss-120b,w20,4,Filter/filter_queries_player/35,0.0,0,0,0,,1,0.0
Player,managed-gpt-oss-120b,w20,4,Filter/filter_queries_player/36,0.0,14,1,0,,0,1.0
Player,managed-gpt-oss-120b,w20,4,Filter/filter_queries_team/1,0.6432748538011697,29,28,27,,0,1.0
Player,managed-gpt-oss-120b,w20,4,Filter/filter_queries_team/2,0.7066666666666667,25,25,25,,0,1.0
Player,managed-gpt-oss-120b,w20,4,Filter/filter_queries_team/3,0.6666666666666666,20,19,19,,0,1.0
Player,managed-gpt-oss-120b,w20,4,Filter/filter_queries_team/4,0.0,0,0,0,,1,0.0
Player,managed-gpt-oss-120b,w20,4,Filter/filter_queries_team/5,0.9310344827586207,29,29,29,,0,1.0
Player,managed-gpt-oss-120b,w20,4,Filter/filter_queries_team/6,0.7000000000000001,30,30,30,,0,1.0
Player,managed-gpt-oss-120b,w20,4,Filter/filter_queries_team/7,0.0,0,0,0,,1,0.0
Player,managed-gpt-oss-120b,w20,4,Filter/filter_queries_team/8,0.0,0,0,0,,1,0.0
Player,managed-gpt-oss-120b,w20,4,Filter/filter_queries_team/9,0.9565217391304349,23,23,23,,0,1.0
Player,managed-gpt-oss-120b,w20,4,Filter/filter_queries_team/10,0.6777777777777779,30,30,30,,0,1.0
Player,managed-gpt-oss-120b,w20,4,Filter/filter_queries_team/11,0.8571428571428572,28,28,26,,0,1.0
Player,managed-gpt-oss-120b,w20,4,Filter/filter_queries_team/12,0.8888888888888888,3,3,3,,0,1.0
Player,managed-gpt-oss-120b,w20,4,Join/join_queries/2,0.6964285714285715,90,106,74,,0,1.0
Player,managed-gpt-oss-120b,w20,4,Join/join_queries/4,0.37755102040816324,90,106,74,,0,1.0
Player,managed-gpt-oss-120b,w20,4,Join/join_queries/5,0.763157894736842,29,28,28,,0,0.9224137931034483
Player,managed-gpt-oss-120b,w20,4,Join/join_queries/7,0.5,2,2,1,,0,1.0
Player,managed-gpt-oss-120b,w20,4,Join/join_queries/8,0.5,2,2,1,,0,1.0
Player,managed-gpt-oss-120b,w20,4,Join/join_queries/9,0.375,2,2,1,,0,1.0
Player,managed-gpt-oss-120b,w20,4,Join/join_queries/10,0.5,2,2,1,,0,1.0
Player,managed-gpt-oss-120b,w20,4,Join/join_queries/11,0.4530386740331491,88,93,66,,0,1.0
Player,managed-gpt-oss-120b,w20,4,Join/join_queries/12,0.6232044198895028,88,93,66,,0,1.0
Player,managed-gpt-oss-120b,w20,4,Join/join_queries/13,0.5104972375690607,88,93,66,,0,0.9477272727272726
Player,managed-gpt-oss-120b,w20,4,Join/join_queries/15,0.31304347826086953,12,11,6,,0,1.0
Player,managed-gpt-oss-120b,w20,4,Join/join_queries/18,0.3652173913043478,12,11,6,,0,1.0
Player,managed-gpt-oss-120b,w20,4,Join/join_queries/19,0.5052631578947369,12,7,6,,0,1.0
Player,managed-gpt-oss-120b,w20,4,Mixed/mixed_queries_agg_join/1,0.5102040816326531,25,24,22,,0,1.0
Player,managed-gpt-oss-120b,w20,4,Mixed/mixed_queries_agg_join/2,0.0,2,1,0,,0,0.75
Player,managed-gpt-oss-120b,w20,4,Mixed/mixed_queries_filter_agg_join/1,0.0,0,0,0,,1,0.0
Player,managed-gpt-oss-120b,w20,4,Mixed/mixed_queries_filter_agg_join/2,0.0,0,0,0,,1,0.0
Player,managed-gpt-oss-120b,w20,4,Mixed/mixed_queries_filter_agg_join/3,0.5,1,3,1,,0,1.0
Player,managed-gpt-oss-120b,w20,4,Mixed/mixed_queries_filter_agg_join/4,0.0,0,0,0,,1,0.0
Player,managed-gpt-oss-120b,w20,4,Mixed/mixed_queries_filter_agg_join/5,0.4841269841269842,20,22,18,,0,1.0
Player,managed-gpt-oss-120b,w20,4,Mixed/mixed_queries_filter_agg_join/6,0.689742058753284,3,2,2,,0,1.0
Player,managed-gpt-oss-120b,w20,4,Mixed/mixed_queries_filter_agg_join/7,0.0,13,0,0,,0,1.0
Player,managed-gpt-oss-120b,w20,4,Mixed/mixed_queries_filter_agg_join/8,0.0,0,0,0,,1,0.0
Player,managed-gpt-oss-120b,w20,4,Mixed/mixed_queries_filter_agg_join/9,0.1818181818181818,6,5,1,,0,1.0
Player,managed-gpt-oss-120b,w20,4,Mixed/mixed_queries_filter_agg_join/10,0.6666666666666666,2,1,1,,0,1.0
Player,managed-gpt-oss-120b,w20,4,Mixed/mixed_queries_filter_agg_join/11,0.6199866310160427,3,5,3,,0,1.0
Player,managed-gpt-oss-120b,w20,4,Mixed/mixed_queries_filter_agg_join/12,0.0,1,1,0,,0,1.0
Player,managed-gpt-oss-120b,w20,4,Mixed/mixed_queries_filter_agg_player/1,0.5,17,11,11,,0,1.0
Player,managed-gpt-oss-120b,w20,4,Mixed/mixed_queries_filter_agg_player/2,0.0,1,0,0,,0,1.0
Player,managed-gpt-oss-120b,w20,4,Mixed/mixed_queries_filter_agg_player/3,0.06666666666666667,23,7,1,,0,1.0
Player,managed-gpt-oss-120b,w20,4,Mixed/mixed_queries_filter_agg_player/4,0.0,3,0,0,,0,1.0
Player,managed-gpt-oss-120b,w20,4,Mixed/mixed_queries_filter_agg_player/5,0.017857142857142856,63,1,1,,0,1.0
Player,managed-gpt-oss-120b,w20,4,Mixed/mixed_queries_filter_agg_player/6,0.15492957746478875,61,10,10,,0,1.0
Player,managed-gpt-oss-120b,w20,4,Mixed/mixed_queries_filter_join/1,0.0,0,0,0,,1,0.0
Player,managed-gpt-oss-120b,w20,4,Mixed/mixed_queries_filter_join/2,0.0,0,0,0,,1,0.0
Player,managed-gpt-oss-120b,w20,4,Mixed/mixed_queries_filter_join/3,0.0,0,0,0,,1,0.0
Player,managed-gpt-oss-120b,w20,4,Mixed/mixed_queries_filter_join/4,0.0,0,1,0,,1,0.0
Player,managed-gpt-oss-120b,w20,4,Mixed/mixed_queries_filter_join/5,0.7227979274611399,89,104,73,,0,1.0
Player,managed-gpt-oss-120b,w20,4,Mixed/mixed_queries_filter_join/6,0.25000000000000006,11,3,2,,0,1.0
Player,managed-gpt-oss-120b,w20,4,Mixed/mixed_queries_filter_join/7,0.0,0,0,0,,1,0.0
Player,managed-gpt-oss-120b,w20,4,Mixed/mixed_queries_filter_join/8,0.0,0,4,0,,1,0.0
Player,managed-gpt-oss-120b,w20,4,Mixed/mixed_queries_filter_join/9,0.5287356321839081,90,84,57,,0,1.0
Player,managed-gpt-oss-120b,w20,4,Mixed/mixed_queries_filter_join/10,0.07692307692307691,9,4,1,,0,1.0
Player,managed-gpt-oss-120b,w20,4,Mixed/mixed_queries_filter_join/11,0.5,16,13,9,,0,1.0
Player,managed-gpt-oss-120b,w20,4,Mixed/mixed_queries_filter_join/12,0.0,0,0,0,,1,0.0
Player,managed-gpt-oss-120b,w20,4,Select/select_queries_city/1,0.735632183908046,29,29,29,,0,1.0
Player,managed-gpt-oss-120b,w20,4,Select/select_queries_manager/1,0.75,16,16,16,,0,1.0
Player,managed-gpt-oss-120b,w20,4,Select/select_queries_player/1,0.8581560283687943,141,141,141,,0,1.0
Player,managed-gpt-oss-120b,w20,4,Select/select_queries_player/2,0.8262411347517731,141,141,141,,0,1.0
Player,managed-gpt-oss-120b,w20,4,Select/select_queries_player/3,0.18439716312056736,141,141,141,,0,1.0
Player,managed-gpt-oss-120b,w20,4,Select/select_queries_player/4,0.32860520094562645,141,141,141,,0,1.0
Player,managed-gpt-oss-120b,w20,4,Select/select_queries_player/5,0.5921985815602837,141,141,141,,0,1.0
Player,managed-gpt-oss-120b,w20,4,Select/select_queries_player/6,0.6436170212765958,141,141,141,,0,1.0
Player,managed-gpt-oss-120b,w20,5,Agg/agg_queries/1,0.37499999999999994,3,5,3,,0,1.0
Player,managed-gpt-oss-120b,w20,5,Agg/agg_queries/2,0.0763888888888889,23,25,2,,0,1.0
Player,managed-gpt-oss-120b,w20,5,Agg/agg_queries/3,0.6833072305405502,3,5,3,,0,1.0
Player,managed-gpt-oss-120b,w20,5,Agg/agg_queries/4,0.08233341099720409,23,25,2,,0,1.0
Player,managed-gpt-oss-120b,w20,5,Agg/agg_queries/5,0.0763888888888889,23,25,2,,0,1.0
Player,managed-gpt-oss-120b,w20,5,Agg/agg_queries/6,0.08232559067688378,23,25,2,,0,1.0
Player,managed-gpt-oss-120b,w20,5,Agg/agg_queries/7,0.08261494252873564,23,25,2,,0,1.0
Player,managed-gpt-oss-120b,w20,5,Agg/agg_queries/8,0.3333333333333333,3,3,1,,0,1.0
Player,managed-gpt-oss-120b,w20,5,Agg/agg_queries/9,0.3333333333333333,3,3,1,,0,1.0
Player,managed-gpt-oss-120b,w20,5,Agg/agg_queries/10,0.33299731182795694,3,3,1,,0,1.0
Player,managed-gpt-oss-120b,w20,5,Filter/filter_queries_city/1,1.0,1,1,1,,0,1.0
Player,managed-gpt-oss-120b,w20,5,Filter/filter_queries_city/2,0.0,0,0,0,,1,0.0
Player,managed-gpt-oss-120b,w20,5,Filter/filter_queries_city/3,0.6666666666666666,29,26,26,,0,0.896551724137931
Player,managed-gpt-oss-120b,w20,5,Filter/filter_queries_city/4,0.0,0,0,0,,1,0.0
Player,managed-gpt-oss-120b,w20,5,Filter/filter_queries_city/5,0.5308641975308642,27,27,27,,0,0.9012345679012346
Player,managed-gpt-oss-120b,w20,5,Filter/filter_queries_city/6,0.6153846153846153,6,7,6,,0,0.9444444444444445
Player,managed-gpt-oss-120b,w20,5,Filter/filter_queries_manager/1,0.6,15,15,15,,0,1.0
Player,managed-gpt-oss-120b,w20,5,Filter/filter_queries_manager/2,0.5964912280701754,9,10,8,,0,1.0
Player,managed-gpt-oss-120b,w20,5,Filter/filter_queries_manager/3,0.6236559139784946,15,16,15,,0,1.0
Player,managed-gpt-oss-120b,w20,5,Filter/filter_queries_manager/4,0.0,0,0,0,,1,0.0
Player,managed-gpt-oss-120b,w20,5,Filter/filter_queries_manager/5,0.6666666666666666,16,15,15,,0,1.0
Player,managed-gpt-oss-120b,w20,5,Filter/filter_queries_manager/6,0.5952380952380952,14,14,14,,0,1.0
Player,managed-gpt-oss-120b,w20,5,Filter/filter_queries_player/1,0.1368653421633554,140,11,11,,0,1.0
Player,managed-gpt-oss-120b,w20,5,Filter/filter_queries_player/2,0.2108036890645586,126,127,126,,0,1.0
Player,managed-gpt-oss-120b,w20,5,Filter/filter_queries_player/3,0.6419753086419753,17,10,10,,0,1.0
Player,managed-gpt-oss-120b,w20,5,Filter/filter_queries_player/4,0.0,1,0,0,,0,1.0
Player,managed-gpt-oss-120b,w20,5,Filter/filter_queries_player/5,0.012345679012345678,107,1,1,,0,1.0
Player,managed-gpt-oss-120b,w20,5,Filter/filter_queries_player/6,1.0,1,1,1,,0,1.0
Player,managed-gpt-oss-120b,w20,5,Filter/filter_queries_player/7,0.7435897435897436,15,11,11,,0,1.0
Player,managed-gpt-oss-120b,w20,5,Filter/filter_queries_player/8,0.5777777777777778,19,11,11,,0,1.0
Player,managed-gpt-oss-120b,w20,5,Filter/filter_queries_player/9,0.5384615384615384,28,24,23,,0,1.0
Player,managed-gpt-oss-120b,w20,5,Filter/filter_queries_player/10,0.0,0,0,0,,1,0.0
Player,managed-gpt-oss-120b,w20,5,Filter/filter_queries_player/11,0.4364508393285371,139,139,139,,0,1.0
Player,managed-gpt-oss-120b,w20,5,Filter/filter_queries_player/12,0.0,2,0,0,,0,1.0
Player,managed-gpt-oss-120b,w20,5,Filter/filter_queries_player/13,0.530718954248366,124,131,124,,0,1.0
Player,managed-gpt-oss-120b,w20,5,Filter/filter_queries_player/14,0.3277777777777778,140,100,100,,0,1.0
Player,managed-gpt-oss-120b,w20,5,Filter/filter_queries_player/15,0.2261904761904762,140,140,140,,0,1.0
Player,managed-gpt-oss-120b,w20,5,Filter/filter_queries_player/16,0.3255813953488372,31,55,30,,0,1.0
Player,managed-gpt-oss-120b,w20,5,Filter/filter_queries_player/17,0.5142857142857142,57,48,47,,0,1.0
Player,managed-gpt-oss-120b,w20,5,Filter/filter_queries_player/18,0.22895622895622894,38,61,37,,0,1.0
Player,managed-gpt-oss-120b,w20,5,Filter/filter_queries_player/19,0.5128205128205128,12,14,10,,0,1.0
Player,managed-gpt-oss-120b,w20,5,Filter/filter_queries_player/20,0.6060606060606061,7,4,4,,0,1.0
Player,managed-gpt-oss-120b,w20,5,Filter/filter_queries_player/21,0.0,0,0,0,,1,0.0
Player,managed-gpt-oss-120b,w20,5,Filter/filter_queries_player/22,0.0,0,0,0,,1,0.0
Player,managed-gpt-oss-120b,w20,5,Filter/filter_queries_player/23,0.0,0,0,0,,1,0.0
Player,managed-gpt-oss-120b,w20,5,Filter/filter_queries_player/24,0.5376344086021505,14,17,13,,0,1.0
Player,managed-gpt-oss-120b,w20,5,Filter/filter_queries_player/25,0.5080545229244114,134,135,134,,0,1.0
Player,managed-gpt-oss-120b,w20,5,Filter/filter_queries_player/26,0.28841607565011823,141,141,141,,0,1.0
Player,managed-gpt-oss-120b,w20,5,Filter/filter_queries_player/27,0.36231884057971014,141,135,135,,0,1.0
Player,managed-gpt-oss-120b,w20,5,Filter/filter_queries_player/28,0.3546099290780142,141,141,141,,0,1.0
Player,managed-gpt-oss-120b,w20,5,Filter/filter_queries_player/29,0.30900243309002434,141,133,133,,0,1.0
Player,managed-gpt-oss-120b,w20,5,Filter/filter_queries_player/30,0.26762246117084826,139,140,139,,0,1.0
Player,managed-gpt-oss-120b,w20,5,Filter/filter_queries_player/31,0.192090395480226,28,31,26,,0,1.0
Player,managed-gpt-oss-120b,w20,5,Filter/filter_queries_player/32,0.09746588693957116,139,32,32,,0,1.0
Player,managed-gpt-oss-120b,w20,5,Filter/filter_queries_player/33,0.05714285714285714,60,10,10,,0,1.0
Player,managed-gpt-oss-120b,w20,5,Filter/filter_queries_player/34,0.5395348837209303,110,105,104,,0,1.0
Player,managed-gpt-oss-120b,w20,5,Filter/filter_queries_player/35,0.0,0,0,0,,1,0.0
Player,managed-gpt-oss-120b,w20,5,Filter/filter_queries_player/36,0.0,14,1,0,,0,1.0
Player,managed-gpt-oss-120b,w20,5,Filter/filter_queries_team/1,0.6296296296296297,29,25,25,,0,1.0
Player,managed-gpt-oss-120b,w20,5,Filter/filter_queries_team/2,0.6933333333333334,25,25,25,,0,1.0
Player,managed-gpt-oss-120b,w20,5,Filter/filter_queries_team/3,0.6666666666666666,20,18,18,,0,1.0
Player,managed-gpt-oss-120b,w20,5,Filter/filter_queries_team/4,0.0,0,0,0,,1,0.0
Player,managed-gpt-oss-120b,w20,5,Filter/filter_queries_team/5,0.896551724137931,29,29,29,,0,1.0
Player,managed-gpt-oss-120b,w20,5,Filter/filter_queries_team/6,0.6547619047619048,30,26,26,,0,1.0
Player,managed-gpt-oss-120b,w20,5,Filter/filter_queries_team/7,0.0,0,0,0,,1,0.0
Player,managed-gpt-oss-120b,w20,5,Filter/filter_queries_team/8,0.0,0,0,0,,1,0.0
Player,managed-gpt-oss-120b,w20,5,Filter/filter_queries_team/9,0.927536231884058,23,23,23,,0,1.0
Player,managed-gpt-oss-120b,w20,5,Filter/filter_queries_team/10,0.6666666666666666,30,30,30,,0,1.0
Player,managed-gpt-oss-120b,w20,5,Filter/filter_queries_team/11,0.8176100628930816,28,25,24,,0,1.0
Player,managed-gpt-oss-120b,w20,5,Filter/filter_queries_team/12,0.7777777777777778,3,3,3,,0,1.0
Player,managed-gpt-oss-120b,w20,5,Join/join_queries/2,0.6937172774869109,90,101,72,,0,1.0
Player,managed-gpt-oss-120b,w20,5,Join/join_queries/4,0.3743455497382199,90,101,72,,0,1.0
Player,managed-gpt-oss-120b,w20,5,Join/join_queries/5,0.7589285714285715,29,27,27,,0,0.9224137931034483
Player,managed-gpt-oss-120b,w20,5,Join/join_queries/7,0.5,2,2,1,,0,1.0
Player,managed-gpt-oss-120b,w20,5,Join/join_queries/8,0.5,2,2,1,,0,1.0
Player,managed-gpt-oss-120b,w20,5,Join/join_queries/9,0.375,2,2,1,,0,1.0
Player,managed-gpt-oss-120b,w20,5,Join/join_queries/10,0.5,2,2,1,,0,1.0
Player,managed-gpt-oss-120b,w20,5,Join/join_queries/11,0.4388571428571429,88,87,63,,0,1.0
Player,managed-gpt-oss-120b,w20,5,Join/join_queries/12,0.608,88,87,63,,0,1.0
Player,managed-gpt-oss-120b,w20,5,Join/join_queries/13,0.5005714285714286,88,87,63,,0,0.9477272727272726
Player,managed-gpt-oss-120b,w20,5,Join/join_queries/15,0.31304347826086953,12,11,6,,0,1.0
Player,managed-gpt-oss-120b,w20,5,Join/join_queries/18,0.3652173913043478,12,11,6,,0,1.0
Player,managed-gpt-oss-120b,w20,5,Join/join_queries/19,0.5052631578947369,12,7,6,,0,1.0
Player,managed-gpt-oss-120b,w20,5,Mixed/mixed_queries_agg_join/1,0.4680851063829788,25,22,20,,0,1.0
Player,managed-gpt-oss-120b,w20,5,Mixed/mixed_queries_agg_join/2,0.0,2,1,0,,0,0.75
Player,managed-gpt-oss-120b,w20,5,Mixed/mixed_queries_filter_agg_join/1,0.0,0,0,0,,1,0.0
Player,managed-gpt-oss-120b,w20,5,Mixed/mixed_queries_filter_agg_join/2,0.0,0,0,0,,1,0.0
Player,managed-gpt-oss-120b,w20,5,Mixed/mixed_queries_filter_agg_join/3,0.5,1,3,1,,0,1.0
Player,managed-gpt-oss-120b,w20,5,Mixed/mixed_queries_filter_agg_join/4,0.0,0,0,0,,1,0.0
Player,managed-gpt-oss-120b,w20,5,Mixed/mixed_queries_filter_agg_join/5,0.4583333333333334,20,20,16,,0,1.0
Player,managed-gpt-oss-120b,w20,5,Mixed/mixed_queries_filter_agg_join/6,0.689742058753284,3,2,2,,0,1.0
Player,managed-gpt-oss-120b,w20,5,Mixed/mixed_queries_filter_agg_join/7,0.0,13,0,0,,0,1.0
Player,managed-gpt-oss-120b,w20,5,Mixed/mixed_queries_filter_agg_join/8,0.0,0,0,0,,1,0.0
Player,managed-gpt-oss-120b,w20,5,Mixed/mixed_queries_filter_agg_join/9,0.1818181818181818,6,5,1,,0,1.0
Player,managed-gpt-oss-120b,w20,5,Mixed/mixed_queries_filter_agg_join/10,0.6666666666666666,2,1,1,,0,1.0
Player,managed-gpt-oss-120b,w20,5,Mixed/mixed_queries_filter_agg_join/11,0.596590909090909,3,5,3,,0,1.0
Player,managed-gpt-oss-120b,w20,5,Mixed/mixed_queries_filter_agg_join/12,0.0,1,1,0,,0,1.0
Player,managed-gpt-oss-120b,w20,5,Mixed/mixed_queries_filter_agg_player/1,0.5,17,11,11,,0,1.0
Player,managed-gpt-oss-120b,w20,5,Mixed/mixed_queries_filter_agg_player/2,0.0,1,0,0,,0,1.0
Player,managed-gpt-oss-120b,w20,5,Mixed/mixed_queries_filter_agg_player/3,0.06666666666666667,23,7,1,,0,1.0
Player,managed-gpt-oss-120b,w20,5,Mixed/mixed_queries_filter_agg_player/4,0.0,3,0,0,,0,1.0
Player,managed-gpt-oss-120b,w20,5,Mixed/mixed_queries_filter_agg_player/5,0.03296703296703297,63,2,2,,0,1.0
Player,managed-gpt-oss-120b,w20,5,Mixed/mixed_queries_filter_agg_player/6,0.15492957746478875,61,10,10,,0,1.0
Player,managed-gpt-oss-120b,w20,5,Mixed/mixed_queries_filter_join/1,0.0,0,0,0,,1,0.0
Player,managed-gpt-oss-120b,w20,5,Mixed/mixed_queries_filter_join/2,0.0,0,0,0,,1,0.0
Player,managed-gpt-oss-120b,w20,5,Mixed/mixed_queries_filter_join/3,0.0,0,0,0,,1,0.0
Player,managed-gpt-oss-120b,w20,5,Mixed/mixed_queries_filter_join/4,0.0,0,1,0,,1,0.0
Player,managed-gpt-oss-120b,w20,5,Mixed/mixed_queries_filter_join/5,0.7131578947368421,89,101,71,,0,1.0
Player,managed-gpt-oss-120b,w20,5,Mixed/mixed_queries_filter_join/6,0.25000000000000006,11,3,2,,0,1.0
Player,managed-gpt-oss-120b,w20,5,Mixed/mixed_queries_filter_join/7,0.0,0,0,0,,1,0.0
Player,managed-gpt-oss-120b,w20,5,Mixed/mixed_queries_filter_join/8,0.0,0,4,0,,1,0.0
Player,managed-gpt-oss-120b,w20,5,Mixed/mixed_queries_filter_join/9,0.5205882352941177,90,80,55,,0,1.0
Player,managed-gpt-oss-120b,w20,5,Mixed/mixed_queries_filter_join/10,0.07692307692307691,9,4,1,,0,1.0
Player,managed-gpt-oss-120b,w20,5,Mixed/mixed_queries_filter_join/11,0.5178571428571429,16,12,9,,0,1.0
Player,managed-gpt-oss-120b,w20,5,Mixed/mixed_queries_filter_join/12,0.0,0,0,0,,1,0.0
Player,managed-gpt-oss-120b,w20,5,Select/select_queries_city/1,0.7586206896551725,29,29,29,,0,1.0
Player,managed-gpt-oss-120b,w20,5,Select/select_queries_manager/1,0.75,16,16,16,,0,1.0
Player,managed-gpt-oss-120b,w20,5,Select/select_queries_player/1,0.8510638297872339,141,141,141,,0,1.0
Player,managed-gpt-oss-120b,w20,5,Select/select_queries_player/2,0.8191489361702127,141,141,141,,0,1.0
Player,managed-gpt-oss-120b,w20,5,Select/select_queries_player/3,0.18439716312056736,141,141,141,,0,1.0
Player,managed-gpt-oss-120b,w20,5,Select/select_queries_player/4,0.3238770685579196,141,141,141,,0,1.0
Player,managed-gpt-oss-120b,w20,5,Select/select_queries_player/5,0.5921985815602837,141,141,141,,0,1.0
Player,managed-gpt-oss-120b,w20,5,Select/select_queries_player/6,0.6365248226950354,141,141,141,,0,1.0
Player,managed-llama-3-3-70b-instruct,w20,1,Agg/agg_queries/1,0.5,3,7,3,,0,1.0
Player,managed-llama-3-3-70b-instruct,w20,1,Agg/agg_queries/2,0.29605197401299355,23,35,9,,0,1.0
Player,managed-llama-3-3-70b-instruct,w20,1,Agg/agg_queries/3,0.5434527983151828,3,7,3,,0,1.0
Player,managed-llama-3-3-70b-instruct,w20,1,Agg/agg_queries/4,0.3058871659949246,23,35,9,,0,1.0
Player,managed-llama-3-3-70b-instruct,w20,1,Agg/agg_queries/5,0.29605197401299355,23,35,9,,0,1.0
Player,managed-llama-3-3-70b-instruct,w20,1,Agg/agg_queries/6,0.2919297898233778,23,35,9,,0,1.0
Player,managed-llama-3-3-70b-instruct,w20,1,Agg/agg_queries/7,0.299977833402373,23,35,9,,0,1.0
Player,managed-llama-3-3-70b-instruct,w20,1,Agg/agg_queries/8,0.3512396694214876,3,8,2,,0,1.0
Player,managed-llama-3-3-70b-instruct,w20,1,Agg/agg_queries/9,0.33636363636363636,3,8,2,,0,1.0
Player,managed-llama-3-3-70b-instruct,w20,1,Agg/agg_queries/10,0.34714032049455246,3,8,2,,0,1.0
Player,managed-llama-3-3-70b-instruct,w20,1,Filter/filter_queries_city/1,1.0,1,1,1,,0,1.0
Player,managed-llama-3-3-70b-instruct,w20,1,Filter/filter_queries_city/2,0.0,0,0,0,,1,0.0
Player,managed-llama-3-3-70b-instruct,w20,1,Filter/filter_queries_city/3,0.6666666666666666,29,29,29,,0,0.896551724137931
Player,managed-llama-3-3-70b-instruct,w20,1,Filter/filter_queries_city/4,0.0,0,0,0,,1,0.0
Player,managed-llama-3-3-70b-instruct,w20,1,Filter/filter_queries_city/5,0.32142857142857145,27,29,27,,0,0.9012345679012346
Player,managed-llama-3-3-70b-instruct,w20,1,Filter/filter_queries_city/6,0.6666666666666666,6,6,6,,0,0.9444444444444445
Player,managed-llama-3-3-70b-instruct,w20,1,Filter/filter_queries_manager/1,0.6222222222222222,15,15,15,,0,1.0
Player,managed-llama-3-3-70b-instruct,w20,1,Filter/filter_queries_manager/2,0.5,9,7,6,,0,1.0
Player,managed-llama-3-3-70b-instruct,w20,1,Filter/filter_queries_manager/3,0.4731182795698925,15,16,15,,0,1.0
Player,managed-llama-3-3-70b-instruct,w20,1,Filter/filter_queries_manager/4,0.0,0,0,0,,1,0.0
Player,managed-llama-3-3-70b-instruct,w20,1,Filter/filter_queries_manager/5,0.5376344086021506,16,15,15,,0,1.0
Player,managed-llama-3-3-70b-instruct,w20,1,Filter/filter_queries_manager/6,0.4761904761904762,14,14,14,,0,1.0
Player,managed-llama-3-3-70b-instruct,w20,1,Filter/filter_queries_player/1,0.42857142857142855,140,56,56,,0,1.0
Player,managed-llama-3-3-70b-instruct,w20,1,Filter/filter_queries_player/2,0.2582345191040843,126,127,126,,0,1.0
Player,managed-llama-3-3-70b-instruct,w20,1,Filter/filter_queries_player/3,0.5225225225225224,17,20,12,,0,1.0
Player,managed-llama-3-3-70b-instruct,w20,1,Filter/filter_queries_player/4,0.0,1,0,0,,0,1.0
Player,managed-llama-3-3-70b-instruct,w20,1,Filter/filter_queries_player/5,0.5419103313840156,107,64,62,,0,1.0
Player,managed-llama-3-3-70b-instruct,w20,1,Filter/filter_queries_player/6,0.6666666666666666,1,1,1,,0,1.0
Player,managed-llama-3-3-70b-instruct,w20,1,Filter/filter_queries_player/7,0.380952380952381,15,34,12,,0,1.0
Player,managed-llama-3-3-70b-instruct,w20,1,Filter/filter_queries_player/8,0.4067796610169491,19,40,15,,0,1.0
Player,managed-llama-3-3-70b-instruct,w20,1,Filter/filter_queries_player/9,0.7151515151515152,28,27,26,,0,1.0
Player,managed-llama-3-3-70b-instruct,w20,1,Filter/filter_queries_player/10,0.0,0,1,0,,1,0.0
Player,managed-llama-3-3-70b-instruct,w20,1,Filter/filter_queries_player/11,0.6040914560770156,139,138,138,,0,1.0
Player,managed-llama-3-3-70b-instruct,w20,1,Filter/filter_queries_player/12,0.0,2,0,0,,0,1.0
Player,managed-llama-3-3-70b-instruct,w20,1,Filter/filter_queries_player/13,0.45714285714285713,124,121,116,,0,1.0
Player,managed-llama-3-3-70b-instruct,w20,1,Filter/filter_queries_player/14,0.39999999999999997,140,115,115,,0,1.0
Player,managed-llama-3-3-70b-instruct,w20,1,Filter/filter_queries_player/15,0.29523809523809524,140,140,140,,0,1.0
Player,managed-llama-3-3-70b-instruct,w20,1,Filter/filter_queries_player/16,0.3228070175438596,31,64,31,,0,1.0
Player,managed-llama-3-3-70b-instruct,w20,1,Filter/filter_queries_player/17,0.5749235474006116,57,52,50,,0,1.0
Player,managed-llama-3-3-70b-instruct,w20,1,Filter/filter_queries_player/18,0.3188405797101449,38,77,38,,0,1.0
Player,managed-llama-3-3-70b-instruct,w20,1,Filter/filter_queries_player/19,0.5128205128205129,12,14,10,,0,1.0
Player,managed-llama-3-3-70b-instruct,w20,1,Filter/filter_queries_player/20,0.6250000000000001,7,9,6,,0,1.0
Player,managed-llama-3-3-70b-instruct,w20,1,Filter/filter_queries_player/21,0.0,0,0,0,,1,0.0
Player,managed-llama-3-3-70b-instruct,w20,1,Filter/filter_queries_player/22,0.0,0,0,0,,1,0.0
Player,managed-llama-3-3-70b-instruct,w20,1,Filter/filter_queries_player/23,0.0,0,0,0,,1,0.0
Player,managed-llama-3-3-70b-instruct,w20,1,Filter/filter_queries_player/24,0.29411764705882354,14,20,8,,0,1.0
Player,managed-llama-3-3-70b-instruct,w20,1,Filter/filter_queries_player/25,0.5412054120541205,134,137,134,,0,1.0
Player,managed-llama-3-3-70b-instruct,w20,1,Filter/filter_queries_player/26,0.34988179669030733,141,141,141,,0,1.0
Player,managed-llama-3-3-70b-instruct,w20,1,Filter/filter_queries_player/27,0.49462365591397855,141,138,138,,0,1.0
Player,managed-llama-3-3-70b-instruct,w20,1,Filter/filter_queries_player/28,0.3900709219858156,141,141,141,,0,1.0
Player,managed-llama-3-3-70b-instruct,w20,1,Filter/filter_queries_player/29,0.29523809523809524,141,139,139,,0,1.0
Player,managed-llama-3-3-70b-instruct,w20,1,Filter/filter_queries_player/30,0.26762246117084826,139,140,138,,0,1.0
Player,managed-llama-3-3-70b-instruct,w20,1,Filter/filter_queries_player/31,0.19354838709677416,28,34,27,,0,1.0
Player,managed-llama-3-3-70b-instruct,w20,1,Filter/filter_queries_player/32,0.17872340425531916,139,96,96,,0,1.0
Player,managed-llama-3-3-70b-instruct,w20,1,Filter/filter_queries_player/33,0.16033755274261605,60,19,19,,0,1.0
Player,managed-llama-3-3-70b-instruct,w20,1,Filter/filter_queries_player/34,0.5178826895565093,110,123,107,,0,1.0
Player,managed-llama-3-3-70b-instruct,w20,1,Filter/filter_queries_player/35,0.0,0,1,0,,1,0.0
Player,managed-llama-3-3-70b-instruct,w20,1,Filter/filter_queries_player/36,0.3157894736842105,14,5,5,,0,1.0
Player,managed-llama-3-3-70b-instruct,w20,1,Filter/filter_queries_team/1,0.7231638418079096,29,30,29,,0,1.0
Player,managed-llama-3-3-70b-instruct,w20,1,Filter/filter_queries_team/2,0.7466666666666667,25,25,25,,0,1.0
Player,managed-llama-3-3-70b-instruct,w20,1,Filter/filter_queries_team/3,0.7166666666666667,20,20,20,,0,1.0
Player,managed-llama-3-3-70b-instruct,w20,1,Filter/filter_queries_team/4,0.0,0,0,0,,1,0.0
Player,managed-llama-3-3-70b-instruct,w20,1,Filter/filter_queries_team/5,0.9540229885057471,29,29,29,,0,1.0
Player,managed-llama-3-3-70b-instruct,w20,1,Filter/filter_queries_team/6,0.7444444444444445,30,30,30,,0,1.0
Player,managed-llama-3-3-70b-instruct,w20,1,Filter/filter_queries_team/7,0.0,0,0,0,,1,0.0
Player,managed-llama-3-3-70b-instruct,w20,1,Filter/filter_queries_team/8,0.0,0,0,0,,1,0.0
Player,managed-llama-3-3-70b-instruct,w20,1,Filter/filter_queries_team/9,0.9565217391304347,23,23,23,,0,1.0
Player,managed-llama-3-3-70b-instruct,w20,1,Filter/filter_queries_team/10,0.7333333333333334,30,30,30,,0,1.0
Player,managed-llama-3-3-70b-instruct,w20,1,Filter/filter_queries_team/11,0.935672514619883,28,29,28,,0,1.0
Player,managed-llama-3-3-70b-instruct,w20,1,Filter/filter_queries_team/12,0.8888888888888888,3,3,3,,0,1.0
Player,managed-llama-3-3-70b-instruct,w20,1,Join/join_queries/2,0.6284722222222222,90,54,49,,0,1.0
Player,managed-llama-3-3-70b-instruct,w20,1,Join/join_queries/4,0.3819444444444444,90,54,49,,0,1.0
Player,managed-llama-3-3-70b-instruct,w20,1,Join/join_queries/5,0.75,29,29,29,,0,0.9224137931034483
Player,managed-llama-3-3-70b-instruct,w20,1,Join/join_queries/7,0.8,2,3,2,,0,1.0
Player,managed-llama-3-3-70b-instruct,w20,1,Join/join_queries/8,0.8,2,3,2,,0,1.0
Player,managed-llama-3-3-70b-instruct,w20,1,Join/join_queries/9,0.7000000000000001,2,3,2,,0,1.0
Player,managed-llama-3-3-70b-instruct,w20,1,Join/join_queries/10,0.8,2,3,2,,0,1.0
Player,managed-llama-3-3-70b-instruct,w20,1,Join/join_queries/11,0.4591549295774648,88,54,49,,0,1.0
Player,managed-llama-3-3-70b-instruct,w20,1,Join/join_queries/12,0.5802816901408451,88,54,49,,0,1.0
Player,managed-llama-3-3-70b-instruct,w20,1,Join/join_queries/13,0.4366197183098592,88,54,49,,0,0.9477272727272726
Player,managed-llama-3-3-70b-instruct,w20,1,Join/join_queries/15,0.5739130434782609,12,11,11,,0,1.0
Player,managed-llama-3-3-70b-instruct,w20,1,Join/join_queries/18,0.6260869565217391,12,11,11,,0,1.0
Player,managed-llama-3-3-70b-instruct,w20,1,Join/join_queries/19,0.6956521739130433,12,11,11,,0,1.0
Player,managed-llama-3-3-70b-instruct,w20,1,Mixed/mixed_queries_agg_join/1,0.5813953488372092,25,18,18,,0,1.0
Player,managed-llama-3-3-70b-instruct,w20,1,Mixed/mixed_queries_agg_join/2,0.25,2,2,1,,0,0.75
Player,managed-llama-3-3-70b-instruct,w20,1,Mixed/mixed_queries_filter_agg_join/1,0.0,0,0,0,,1,0.0
Player,managed-llama-3-3-70b-instruct,w20,1,Mixed/mixed_queries_filter_agg_join/2,0.0,0,0,0,,1,0.0
Player,managed-llama-3-3-70b-instruct,w20,1,Mixed/mixed_queries_filter_agg_join/3,0.6666666666666666,1,2,1,,0,1.0
Player,managed-llama-3-3-70b-instruct,w20,1,Mixed/mixed_queries_filter_agg_join/4,0.0,0,0,0,,1,0.0
Player,managed-llama-3-3-70b-instruct,w20,1,Mixed/mixed_queries_filter_agg_join/5,0.2797619047619047,20,8,7,,0,1.0
Player,managed-llama-3-3-70b-instruct,w20,1,Mixed/mixed_queries_filter_agg_join/6,0.6797182914616624,3,2,2,,0,1.0
Player,managed-llama-3-3-70b-instruct,w20,1,Mixed/mixed_queries_filter_agg_join/7,0.32352941176470584,13,4,4,,0,1.0
Player,managed-llama-3-3-70b-instruct,w20,1,Mixed/mixed_queries_filter_agg_join/8,0.0,0,0,0,,1,0.0
Player,managed-llama-3-3-70b-instruct,w20,1,Mixed/mixed_queries_filter_agg_join/9,0.1818181818181818,6,5,1,,0,1.0
Player,managed-llama-3-3-70b-instruct,w20,1,Mixed/mixed_queries_filter_agg_join/10,0.9642857142857143,2,2,2,,0,1.0
Player,managed-llama-3-3-70b-instruct,w20,1,Mixed/mixed_queries_filter_agg_join/11,0.5333333333333333,3,3,2,,0,1.0
Player,managed-llama-3-3-70b-instruct,w20,1,Mixed/mixed_queries_filter_agg_join/12,0.5,1,1,1,,0,1.0
Player,managed-llama-3-3-70b-instruct,w20,1,Mixed/mixed_queries_filter_agg_player/1,0.5689655172413793,17,12,10,,0,1.0
Player,managed-llama-3-3-70b-instruct,w20,1,Mixed/mixed_queries_filter_agg_player/2,1.0,1,1,1,,0,1.0
Player,managed-llama-3-3-70b-instruct,w20,1,Mixed/mixed_queries_filter_agg_player/3,0.21899706025059223,23,28,6,,0,1.0
Player,managed-llama-3-3-70b-instruct,w20,1,Mixed/mixed_queries_filter_agg_player/4,0.6000000000000001,3,2,2,,0,1.0
Player,managed-llama-3-3-70b-instruct,w20,1,Mixed/mixed_queries_filter_agg_player/5,0.18447377330731488,63,52,17,,0,1.0
Player,managed-llama-3-3-70b-instruct,w20,1,Mixed/mixed_queries_filter_agg_player/6,0.25274725274725274,61,30,15,,0,1.0
Player,managed-llama-3-3-70b-instruct,w20,1,Mixed/mixed_queries_filter_join/1,0.0,0,0,0,,1,0.0
Player,managed-llama-3-3-70b-instruct,w20,1,Mixed/mixed_queries_filter_join/2,0.0,0,0,0,,1,0.0
Player,managed-llama-3-3-70b-instruct,w20,1,Mixed/mixed_queries_filter_join/3,0.0,0,0,0,,1,0.0
Player,managed-llama-3-3-70b-instruct,w20,1,Mixed/mixed_queries_filter_join/4,0.0,0,0,0,,1,0.0
Player,managed-llama-3-3-70b-instruct,w20,1,Mixed/mixed_queries_filter_join/5,0.6433566433566433,89,54,49,,0,1.0
Player,managed-llama-3-3-70b-instruct,w20,1,Mixed/mixed_queries_filter_join/6,0.75,11,11,10,,0,1.0
Player,managed-llama-3-3-70b-instruct,w20,1,Mixed/mixed_queries_filter_join/7,0.0,0,0,0,,1,0.0
Player,managed-llama-3-3-70b-instruct,w20,1,Mixed/mixed_queries_filter_join/8,0.0,0,4,0,,1,0.0
Player,managed-llama-3-3-70b-instruct,w20,1,Mixed/mixed_queries_filter_join/9,0.5035971223021583,90,49,44,,0,1.0
Player,managed-llama-3-3-70b-instruct,w20,1,Mixed/mixed_queries_filter_join/10,0.25,9,5,3,,0,1.0
Player,managed-llama-3-3-70b-instruct,w20,1,Mixed/mixed_queries_filter_join/11,0.2934782608695652,16,30,9,,0,1.0
Player,managed-llama-3-3-70b-instruct,w20,1,Mixed/mixed_queries_filter_join/12,0.0,0,0,0,,1,0.0
Player,managed-llama-3-3-70b-instruct,w20,1,Select/select_queries_city/1,0.5977011494252874,29,29,29,,0,1.0
Player,managed-llama-3-3-70b-instruct,w20,1,Select/select_queries_manager/1,0.8125,16,16,16,,0,1.0
Player,managed-llama-3-3-70b-instruct,w20,1,Select/select_queries_player/1,0.8865248226950354,141,141,141,,0,1.0
Player,managed-llama-3-3-70b-instruct,w20,1,Select/select_queries_player/2,0.7322695035460993,141,141,141,,0,1.0
Player,managed-llama-3-3-70b-instruct,w20,1,Select/select_queries_player/3,0.2198581560283688,141,141,141,,0,1.0
Player,managed-llama-3-3-70b-instruct,w20,1,Select/select_queries_player/4,0.4846335697399527,141,141,141,,0,1.0
Player,managed-llama-3-3-70b-instruct,w20,1,Select/select_queries_player/5,0.5957446808510638,141,141,141,,0,1.0
Player,managed-llama-3-3-70b-instruct,w20,1,Select/select_queries_player/6,0.650709219858156,141,141,141,,0,1.0
Player,managed-llama-3-3-70b-instruct,w20,2,Agg/agg_queries/1,0.5,3,7,3,,0,1.0
Player,managed-llama-3-3-70b-instruct,w20,2,Agg/agg_queries/2,0.28614718614718615,23,37,9,,0,1.0
Player,managed-llama-3-3-70b-instruct,w20,2,Agg/agg_queries/3,0.5434527983151828,3,7,3,,0,1.0
Player,managed-llama-3-3-70b-instruct,w20,2,Agg/agg_queries/4,0.2902244981325864,23,37,9,,0,1.0
Player,managed-llama-3-3-70b-instruct,w20,2,Agg/agg_queries/5,0.28614718614718615,23,37,9,,0,1.0
Player,managed-llama-3-3-70b-instruct,w20,2,Agg/agg_queries/6,0.2821987968292653,23,37,9,,0,1.0
Player,managed-llama-3-3-70b-instruct,w20,2,Agg/agg_queries/7,0.2875824791035193,23,37,9,,0,1.0
Player,managed-llama-3-3-70b-instruct,w20,2,Agg/agg_queries/8,0.3338050492471414,3,8,2,,0,1.0
Player,managed-llama-3-3-70b-instruct,w20,2,Agg/agg_queries/9,0.3397129186602871,3,8,2,,0,1.0
Player,managed-llama-3-3-70b-instruct,w20,2,Agg/agg_queries/10,0.344320624136619,3,8,2,,0,1.0
Player,managed-llama-3-3-70b-instruct,w20,2,Filter/filter_queries_city/1,1.0,1,1,1,,0,1.0
Player,managed-llama-3-3-70b-instruct,w20,2,Filter/filter_queries_city/2,0.0,0,0,0,,1,0.0
Player,managed-llama-3-3-70b-instruct,w20,2,Filter/filter_queries_city/3,0.6666666666666666,29,29,29,,0,0.896551724137931
Player,managed-llama-3-3-70b-instruct,w20,2,Filter/filter_queries_city/4,0.0,0,0,0,,1,0.0
Player,managed-llama-3-3-70b-instruct,w20,2,Filter/filter_queries_city/5,0.32142857142857145,27,29,27,,0,0.9012345679012346
Player,managed-llama-3-3-70b-instruct,w20,2,Filter/filter_queries_city/6,0.6666666666666666,6,6,6,,0,0.9444444444444445
Player,managed-llama-3-3-70b-instruct,w20,2,Filter/filter_queries_manager/1,0.6222222222222222,15,15,15,,0,1.0
Player,managed-llama-3-3-70b-instruct,w20,2,Filter/filter_queries_manager/2,0.5,9,7,6,,0,1.0
Player,managed-llama-3-3-70b-instruct,w20,2,Filter/filter_queries_manager/3,0.4946236559139785,15,16,15,,0,1.0
Player,managed-llama-3-3-70b-instruct,w20,2,Filter/filter_queries_manager/4,0.0,0,0,0,,1,0.0
Player,managed-llama-3-3-70b-instruct,w20,2,Filter/filter_queries_manager/5,0.5591397849462366,16,15,15,,0,1.0
Player,managed-llama-3-3-70b-instruct,w20,2,Filter/filter_queries_manager/6,0.5,14,14,14,,0,1.0
Player,managed-llama-3-3-70b-instruct,w20,2,Filter/filter_queries_player/1,0.4239316239316239,140,55,55,,0,1.0
Player,managed-llama-3-3-70b-instruct,w20,2,Filter/filter_queries_player/2,0.2582345191040843,126,127,126,,0,1.0
Player,managed-llama-3-3-70b-instruct,w20,2,Filter/filter_queries_player/3,0.5225225225225224,17,20,12,,0,1.0
Player,managed-llama-3-3-70b-instruct,w20,2,Filter/filter_queries_player/4,0.0,1,0,0,,0,1.0
Player,managed-llama-3-3-70b-instruct,w20,2,Filter/filter_queries_player/5,0.5419103313840156,107,64,62,,0,1.0
Player,managed-llama-3-3-70b-instruct,w20,2,Filter/filter_queries_player/6,0.6666666666666666,1,1,1,,0,1.0
Player,managed-llama-3-3-70b-instruct,w20,2,Filter/filter_queries_player/7,0.3945578231292517,15,34,12,,0,1.0
Player,managed-llama-3-3-70b-instruct,w20,2,Filter/filter_queries_player/8,0.41379310344827586,19,39,15,,0,1.0
Player,managed-llama-3-3-70b-instruct,w20,2,Filter/filter_queries_player/9,0.7151515151515152,28,27,26,,0,1.0
Player,managed-llama-3-3-70b-instruct,w20,2,Filter/filter_queries_player/10,0.0,0,1,0,,1,0.0
Player,managed-llama-3-3-70b-instruct,w20,2,Filter/filter_queries_player/11,0.6040914560770156,139,138,138,,0,1.0
Player,managed-llama-3-3-70b-instruct,w20,2,Filter/filter_queries_player/12,0.0,2,0,0,,0,1.0
Player,managed-llama-3-3-70b-instruct,w20,2,Filter/filter_queries_player/13,0.45442176870748296,124,121,116,,0,1.0
Player,managed-llama-3-3-70b-instruct,w20,2,Filter/filter_queries_player/14,0.39999999999999997,140,115,115,,0,1.0
Player,managed-llama-3-3-70b-instruct,w20,2,Filter/filter_queries_player/15,0.29523809523809524,140,140,140,,0,1.0
Player,managed-llama-3-3-70b-instruct,w20,2,Filter/filter_queries_player/16,0.3228070175438596,31,64,31,,0,1.0
Player,managed-llama-3-3-70b-instruct,w20,2,Filter/filter_queries_player/17,0.5810397553516818,57,52,50,,0,1.0
Player,managed-llama-3-3-70b-instruct,w20,2,Filter/filter_queries_player/18,0.3188405797101449,38,77,38,,0,1.0
Player,managed-llama-3-3-70b-instruct,w20,2,Filter/filter_queries_player/19,0.5128205128205129,12,14,10,,0,1.0
Player,managed-llama-3-3-70b-instruct,w20,2,Filter/filter_queries_player/20,0.6250000000000001,7,9,6,,0,1.0
Player,managed-llama-3-3-70b-instruct,w20,2,Filter/filter_queries_player/21,0.0,0,0,0,,1,0.0
Player,managed-llama-3-3-70b-instruct,w20,2,Filter/filter_queries_player/22,0.0,0,0,0,,1,0.0
Player,managed-llama-3-3-70b-instruct,w20,2,Filter/filter_queries_player/23,0.0,0,0,0,,1,0.0
Player,managed-llama-3-3-70b-instruct,w20,2,Filter/filter_queries_player/24,0.29411764705882354,14,20,8,,0,1.0
Player,managed-llama-3-3-70b-instruct,w20,2,Filter/filter_queries_player/25,0.5412054120541205,134,137,134,,0,1.0
Player,managed-llama-3-3-70b-instruct,w20,2,Filter/filter_queries_player/26,0.35224586288416077,141,141,141,,0,1.0
Player,managed-llama-3-3-70b-instruct,w20,2,Filter/filter_queries_player/27,0.4928571428571429,141,139,139,,0,1.0
Player,managed-llama-3-3-70b-instruct,w20,2,Filter/filter_queries_player/28,0.38770685579196223,141,141,141,,0,1.0
Player,managed-llama-3-3-70b-instruct,w20,2,Filter/filter_queries_player/29,0.29523809523809524,141,139,139,,0,1.0
Player,managed-llama-3-3-70b-instruct,w20,2,Filter/filter_queries_player/30,0.26523297491039427,139,140,138,,0,1.0
Player,managed-llama-3-3-70b-instruct,w20,2,Filter/filter_queries_player/31,0.19354838709677416,28,34,27,,0,1.0
Player,managed-llama-3-3-70b-instruct,w20,2,Filter/filter_queries_player/32,0.17872340425531916,139,96,96,,0,1.0
Player,managed-llama-3-3-70b-instruct,w20,2,Filter/filter_queries_player/33,0.16033755274261605,60,19,19,,0,1.0
Player,managed-llama-3-3-70b-instruct,w20,2,Filter/filter_queries_player/34,0.5207439198855508,110,123,107,,0,1.0
Player,managed-llama-3-3-70b-instruct,w20,2,Filter/filter_queries_player/35,0.0,0,1,0,,1,0.0
Player,managed-llama-3-3-70b-instruct,w20,2,Filter/filter_queries_player/36,0.3157894736842105,14,5,5,,0,1.0
Player,managed-llama-3-3-70b-instruct,w20,2,Filter/filter_queries_team/1,0.7231638418079096,29,30,29,,0,1.0
Player,managed-llama-3-3-70b-instruct,w20,2,Filter/filter_queries_team/2,0.7466666666666667,25,25,25,,0,1.0
Player,managed-llama-3-3-70b-instruct,w20,2,Filter/filter_queries_team/3,0.7166666666666667,20,20,20,,0,1.0
Player,managed-llama-3-3-70b-instruct,w20,2,Filter/filter_queries_team/4,0.0,0,0,0,,1,0.0
Player,managed-llama-3-3-70b-instruct,w20,2,Filter/filter_queries_team/5,0.9540229885057471,29,29,29,,0,1.0
Player,managed-llama-3-3-70b-instruct,w20,2,Filter/filter_queries_team/6,0.7444444444444445,30,30,30,,0,1.0
Player,managed-llama-3-3-70b-instruct,w20,2,Filter/filter_queries_team/7,0.0,0,0,0,,1,0.0
Player,managed-llama-3-3-70b-instruct,w20,2,Filter/filter_queries_team/8,0.0,0,0,0,,1,0.0
Player,managed-llama-3-3-70b-instruct,w20,2,Filter/filter_queries_team/9,0.9565217391304347,23,23,23,,0,1.0
Player,managed-llama-3-3-70b-instruct,w20,2,Filter/filter_queries_team/10,0.7333333333333334,30,30,30,,0,1.0
Player,managed-llama-3-3-70b-instruct,w20,2,Filter/filter_queries_team/11,0.935672514619883,28,29,28,,0,1.0
Player,managed-llama-3-3-70b-instruct,w20,2,Filter/filter_queries_team/12,0.8888888888888888,3,3,3,,0,1.0
Player,managed-llama-3-3-70b-instruct,w20,2,Join/join_queries/2,0.6284722222222222,90,54,49,,0,1.0
Player,managed-llama-3-3-70b-instruct,w20,2,Join/join_queries/4,0.3819444444444444,90,54,49,,0,1.0
Player,managed-llama-3-3-70b-instruct,w20,2,Join/join_queries/5,0.75,29,29,29,,0,0.9224137931034483
Player,managed-llama-3-3-70b-instruct,w20,2,Join/join_queries/7,0.8,2,3,2,,0,1.0
Player,managed-llama-3-3-70b-instruct,w20,2,Join/join_queries/8,0.8,2,3,2,,0,1.0
Player,managed-llama-3-3-70b-instruct,w20,2,Join/join_queries/9,0.7000000000000001,2,3,2,,0,1.0
Player,managed-llama-3-3-70b-instruct,w20,2,Join/join_queries/10,0.8,2,3,2,,0,1.0
Player,managed-llama-3-3-70b-instruct,w20,2,Join/join_queries/11,0.4591549295774648,88,54,49,,0,1.0
Player,managed-llama-3-3-70b-instruct,w20,2,Join/join_queries/12,0.5830985915492957,88,54,49,,0,1.0
Player,managed-llama-3-3-70b-instruct,w20,2,Join/join_queries/13,0.4366197183098592,88,54,49,,0,0.9477272727272726
Player,managed-llama-3-3-70b-instruct,w20,2,Join/join_queries/15,0.5739130434782609,12,11,11,,0,1.0
Player,managed-llama-3-3-70b-instruct,w20,2,Join/join_queries/18,0.6260869565217391,12,11,11,,0,1.0
Player,managed-llama-3-3-70b-instruct,w20,2,Join/join_queries/19,0.6956521739130433,12,11,11,,0,1.0
Player,managed-llama-3-3-70b-instruct,w20,2,Mixed/mixed_queries_agg_join/1,0.5813953488372092,25,18,18,,0,1.0
Player,managed-llama-3-3-70b-instruct,w20,2,Mixed/mixed_queries_agg_join/2,0.25,2,2,1,,0,0.75
Player,managed-llama-3-3-70b-instruct,w20,2,Mixed/mixed_queries_filter_agg_join/1,0.0,0,1,0,,1,0.0
Player,managed-llama-3-3-70b-instruct,w20,2,Mixed/mixed_queries_filter_agg_join/2,0.0,0,0,0,,1,0.0
Player,managed-llama-3-3-70b-instruct,w20,2,Mixed/mixed_queries_filter_agg_join/3,0.6666666666666666,1,2,1,,0,1.0
Player,managed-llama-3-3-70b-instruct,w20,2,Mixed/mixed_queries_filter_agg_join/4,0.0,0,0,0,,1,0.0
Player,managed-llama-3-3-70b-instruct,w20,2,Mixed/mixed_queries_filter_agg_join/5,0.2797619047619047,20,8,7,,0,1.0
Player,managed-llama-3-3-70b-instruct,w20,2,Mixed/mixed_queries_filter_agg_join/6,0.6797182914616624,3,2,2,,0,1.0
Player,managed-llama-3-3-70b-instruct,w20,2,Mixed/mixed_queries_filter_agg_join/7,0.32352941176470584,13,4,4,,0,1.0
Player,managed-llama-3-3-70b-instruct,w20,2,Mixed/mixed_queries_filter_agg_join/8,0.0,0,0,0,,1,0.0
Player,managed-llama-3-3-70b-instruct,w20,2,Mixed/mixed_queries_filter_agg_join/9,0.1818181818181818,6,5,1,,0,1.0
Player,managed-llama-3-3-70b-instruct,w20,2,Mixed/mixed_queries_filter_agg_join/10,0.9642857142857143,2,2,2,,0,1.0
Player,managed-llama-3-3-70b-instruct,w20,2,Mixed/mixed_queries_filter_agg_join/11,0.5333333333333333,3,3,2,,0,1.0
Player,managed-llama-3-3-70b-instruct,w20,2,Mixed/mixed_queries_filter_agg_join/12,0.5,1,1,1,,0,1.0
Player,managed-llama-3-3-70b-instruct,w20,2,Mixed/mixed_queries_filter_agg_player/1,0.5689655172413793,17,12,10,,0,1.0
Player,managed-llama-3-3-70b-instruct,w20,2,Mixed/mixed_queries_filter_agg_player/2,1.0,1,1,1,,0,1.0
Player,managed-llama-3-3-70b-instruct,w20,2,Mixed/mixed_queries_filter_agg_player/3,0.21478557832269624,23,29,6,,0,1.0
Player,managed-llama-3-3-70b-instruct,w20,2,Mixed/mixed_queries_filter_agg_player/4,0.6000000000000001,3,2,2,,0,1.0
Player,managed-llama-3-3-70b-instruct,w20,2,Mixed/mixed_queries_filter_agg_player/5,0.18465706356548167,63,52,17,,0,1.0
Player,managed-llama-3-3-70b-instruct,w20,2,Mixed/mixed_queries_filter_agg_player/6,0.24175824175824176,61,30,15,,0,1.0
Player,managed-llama-3-3-70b-instruct,w20,2,Mixed/mixed_queries_filter_join/1,0.0,0,1,0,,1,0.0
Player,managed-llama-3-3-70b-instruct,w20,2,Mixed/mixed_queries_filter_join/2,0.0,0,0,0,,1,0.0
Player,managed-llama-3-3-70b-instruct,w20,2,Mixed/mixed_queries_filter_join/3,0.0,0,0,0,,1,0.0
Player,managed-llama-3-3-70b-instruct,w20,2,Mixed/mixed_queries_filter_join/4,0.0,0,0,0,,1,0.0
Player,managed-llama-3-3-70b-instruct,w20,2,Mixed/mixed_queries_filter_join/5,0.6433566433566433,89,54,49,,0,1.0
Player,managed-llama-3-3-70b-instruct,w20,2,Mixed/mixed_queries_filter_join/6,0.75,11,11,10,,0,1.0
Player,managed-llama-3-3-70b-instruct,w20,2,Mixed/mixed_queries_filter_join/7,0.0,0,0,0,,1,0.0
Player,managed-llama-3-3-70b-instruct,w20,2,Mixed/mixed_queries_filter_join/8,0.0,0,4,0,,1,0.0
Player,managed-llama-3-3-70b-instruct,w20,2,Mixed/mixed_queries_filter_join/9,0.5035971223021583,90,49,44,,0,1.0
Player,managed-llama-3-3-70b-instruct,w20,2,Mixed/mixed_queries_filter_join/10,0.25,9,5,3,,0,1.0
Player,managed-llama-3-3-70b-instruct,w20,2,Mixed/mixed_queries_filter_join/11,0.3111111111111111,16,29,9,,0,1.0
Player,managed-llama-3-3-70b-instruct,w20,2,Mixed/mixed_queries_filter_join/12,0.0,0,0,0,,1,0.0
Player,managed-llama-3-3-70b-instruct,w20,2,Select/select_queries_city/1,0.5977011494252874,29,29,29,,0,1.0
Player,managed-llama-3-3-70b-instruct,w20,2,Select/select_queries_manager/1,0.8125,16,16,16,,0,1.0
Player,managed-llama-3-3-70b-instruct,w20,2,Select/select_queries_player/1,0.8865248226950354,141,141,141,,0,1.0
Player,managed-llama-3-3-70b-instruct,w20,2,Select/select_queries_player/2,0.7340425531914894,141,141,141,,0,1.0
Player,managed-llama-3-3-70b-instruct,w20,2,Select/select_queries_player/3,0.2198581560283688,141,141,141,,0,1.0
Player,managed-llama-3-3-70b-instruct,w20,2,Select/select_queries_player/4,0.48699763593380613,141,141,141,,0,1.0
Player,managed-llama-3-3-70b-instruct,w20,2,Select/select_queries_player/5,0.5957446808510638,141,141,141,,0,1.0
Player,managed-llama-3-3-70b-instruct,w20,2,Select/select_queries_player/6,0.6524822695035462,141,141,141,,0,1.0
Player,managed-llama-3-3-70b-instruct,w20,3,Agg/agg_queries/1,0.5,3,7,3,,0,1.0
Player,managed-llama-3-3-70b-instruct,w20,3,Agg/agg_queries/2,0.28614718614718615,23,37,9,,0,1.0
Player,managed-llama-3-3-70b-instruct,w20,3,Agg/agg_queries/3,0.5434527983151828,3,7,3,,0,1.0
Player,managed-llama-3-3-70b-instruct,w20,3,Agg/agg_queries/4,0.2902244981325864,23,37,9,,0,1.0
Player,managed-llama-3-3-70b-instruct,w20,3,Agg/agg_queries/5,0.28614718614718615,23,37,9,,0,1.0
Player,managed-llama-3-3-70b-instruct,w20,3,Agg/agg_queries/6,0.2821987968292653,23,37,9,,0,1.0
Player,managed-llama-3-3-70b-instruct,w20,3,Agg/agg_queries/7,0.2875824791035193,23,37,9,,0,1.0
Player,managed-llama-3-3-70b-instruct,w20,3,Agg/agg_queries/8,0.30598796180987964,3,9,2,,0,1.0
Player,managed-llama-3-3-70b-instruct,w20,3,Agg/agg_queries/9,0.30833333333333335,3,9,2,,0,1.0
Player,managed-llama-3-3-70b-instruct,w20,3,Agg/agg_queries/10,0.312827011118378,3,9,2,,0,1.0
Player,managed-llama-3-3-70b-instruct,w20,3,Filter/filter_queries_city/1,1.0,1,1,1,,0,1.0
Player,managed-llama-3-3-70b-instruct,w20,3,Filter/filter_queries_city/2,0.0,0,0,0,,1,0.0
Player,managed-llama-3-3-70b-instruct,w20,3,Filter/filter_queries_city/3,0.6666666666666666,29,29,29,,0,0.896551724137931
Player,managed-llama-3-3-70b-instruct,w20,3,Filter/filter_queries_city/4,0.0,0,0,0,,1,0.0
Player,managed-llama-3-3-70b-instruct,w20,3,Filter/filter_queries_city/5,0.32142857142857145,27,29,27,,0,0.9012345679012346
Player,managed-llama-3-3-70b-instruct,w20,3,Filter/filter_queries_city/6,0.6666666666666666,6,6,6,,0,0.9444444444444445
Player,managed-llama-3-3-70b-instruct,w20,3,Filter/filter_queries_manager/1,0.6,15,15,15,,0,1.0
Player,managed-llama-3-3-70b-instruct,w20,3,Filter/filter_queries_manager/2,0.5,9,7,6,,0,1.0
Player,managed-llama-3-3-70b-instruct,w20,3,Filter/filter_queries_manager/3,0.4731182795698925,15,16,15,,0,1.0
Player,managed-llama-3-3-70b-instruct,w20,3,Filter/filter_queries_manager/4,0.0,0,0,0,,1,0.0
Player,managed-llama-3-3-70b-instruct,w20,3,Filter/filter_queries_manager/5,0.5555555555555556,16,14,14,,0,1.0
Player,managed-llama-3-3-70b-instruct,w20,3,Filter/filter_queries_manager/6,0.4761904761904762,14,14,14,,0,1.0
Player,managed-llama-3-3-70b-instruct,w20,3,Filter/filter_queries_player/1,0.43316412859560066,140,57,57,,0,1.0
Player,managed-llama-3-3-70b-instruct,w20,3,Filter/filter_queries_player/2,0.2582345191040843,126,127,126,,0,1.0
Player,managed-llama-3-3-70b-instruct,w20,3,Filter/filter_queries_player/3,0.5225225225225224,17,20,12,,0,1.0
Player,managed-llama-3-3-70b-instruct,w20,3,Filter/filter_queries_player/4,0.0,1,0,0,,0,1.0
Player,managed-llama-3-3-70b-instruct,w20,3,Filter/filter_queries_player/5,0.5419103313840156,107,64,62,,0,1.0
Player,managed-llama-3-3-70b-instruct,w20,3,Filter/filter_queries_player/6,0.6666666666666666,1,1,1,,0,1.0
Player,managed-llama-3-3-70b-instruct,w20,3,Filter/filter_queries_player/7,0.3945578231292517,15,34,12,,0,1.0
Player,managed-llama-3-3-70b-instruct,w20,3,Filter/filter_queries_player/8,0.3999999999999999,19,41,15,,0,1.0
Player,managed-llama-3-3-70b-instruct,w20,3,Filter/filter_queries_player/9,0.7272727272727272,28,27,26,,0,1.0
Player,managed-llama-3-3-70b-instruct,w20,3,Filter/filter_queries_player/10,0.0,0,1,0,,1,0.0
Player,managed-llama-3-3-70b-instruct,w20,3,Filter/filter_queries_player/11,0.6040914560770156,139,138,138,,0,1.0
Player,managed-llama-3-3-70b-instruct,w20,3,Filter/filter_queries_player/12,0.0,2,0,0,,0,1.0
Player,managed-llama-3-3-70b-instruct,w20,3,Filter/filter_queries_player/13,0.45714285714285713,124,121,116,,0,1.0
Player,managed-llama-3-3-70b-instruct,w20,3,Filter/filter_queries_player/14,0.39999999999999997,140,115,115,,0,1.0
Player,managed-llama-3-3-70b-instruct,w20,3,Filter/filter_queries_player/15,0.29523809523809524,140,140,140,,0,1.0
Player,managed-llama-3-3-70b-instruct,w20,3,Filter/filter_queries_player/16,0.3228070175438596,31,64,31,,0,1.0
Player,managed-llama-3-3-70b-instruct,w20,3,Filter/filter_queries_player/17,0.5810397553516818,57,52,50,,0,1.0
Player,managed-llama-3-3-70b-instruct,w20,3,Filter/filter_queries_player/18,0.32163742690058483,38,76,38,,0,1.0
Player,managed-llama-3-3-70b-instruct,w20,3,Filter/filter_queries_player/19,0.5128205128205129,12,14,10,,0,1.0
Player,managed-llama-3-3-70b-instruct,w20,3,Filter/filter_queries_player/20,0.6250000000000001,7,9,6,,0,1.0
Player,managed-llama-3-3-70b-instruct,w20,3,Filter/filter_queries_player/21,0.0,0,0,0,,1,0.0
Player,managed-llama-3-3-70b-instruct,w20,3,Filter/filter_queries_player/22,0.0,0,0,0,,1,0.0
Player,managed-llama-3-3-70b-instruct,w20,3,Filter/filter_queries_player/23,0.0,0,0,0,,1,0.0
Player,managed-llama-3-3-70b-instruct,w20,3,Filter/filter_queries_player/24,0.30303030303030304,14,19,8,,0,1.0
Player,managed-llama-3-3-70b-instruct,w20,3,Filter/filter_queries_player/25,0.5387453874538746,134,137,134,,0,1.0
Player,managed-llama-3-3-70b-instruct,w20,3,Filter/filter_queries_player/26,0.35224586288416077,141,141,141,,0,1.0
Player,managed-llama-3-3-70b-instruct,w20,3,Filter/filter_queries_player/27,0.4928571428571429,141,139,139,,0,1.0
Player,managed-llama-3-3-70b-instruct,w20,3,Filter/filter_queries_player/28,0.38770685579196223,141,141,141,,0,1.0
Player,managed-llama-3-3-70b-instruct,w20,3,Filter/filter_queries_player/29,0.2976190476190476,141,139,139,,0,1.0
Player,managed-llama-3-3-70b-instruct,w20,3,Filter/filter_queries_player/30,0.26523297491039427,139,140,138,,0,1.0
Player,managed-llama-3-3-70b-instruct,w20,3,Filter/filter_queries_player/31,0.19047619047619047,28,35,27,,0,1.0
Player,managed-llama-3-3-70b-instruct,w20,3,Filter/filter_queries_player/32,0.17872340425531916,139,96,96,,0,1.0
Player,managed-llama-3-3-70b-instruct,w20,3,Filter/filter_queries_player/33,0.16033755274261605,60,19,19,,0,1.0
Player,managed-llama-3-3-70b-instruct,w20,3,Filter/filter_queries_player/34,0.5178826895565093,110,123,107,,0,1.0
Player,managed-llama-3-3-70b-instruct,w20,3,Filter/filter_queries_player/35,0.0,0,1,0,,1,0.0
Player,managed-llama-3-3-70b-instruct,w20,3,Filter/filter_queries_player/36,0.3157894736842105,14,5,5,,0,1.0
Player,managed-llama-3-3-70b-instruct,w20,3,Filter/filter_queries_team/1,0.7344632768361582,29,30,29,,0,1.0
Player,managed-llama-3-3-70b-instruct,w20,3,Filter/filter_queries_team/2,0.7600000000000001,25,25,25,,0,1.0
Player,managed-llama-3-3-70b-instruct,w20,3,Filter/filter_queries_team/3,0.7166666666666667,20,20,20,,0,1.0
Player,managed-llama-3-3-70b-instruct,w20,3,Filter/filter_queries_team/4,0.0,0,0,0,,1,0.0
Player,managed-llama-3-3-70b-instruct,w20,3,Filter/filter_queries_team/5,0.9540229885057471,29,29,29,,0,1.0
Player,managed-llama-3-3-70b-instruct,w20,3,Filter/filter_queries_team/6,0.7555555555555555,30,30,30,,0,1.0
Player,managed-llama-3-3-70b-instruct,w20,3,Filter/filter_queries_team/7,0.0,0,0,0,,1,0.0
Player,managed-llama-3-3-70b-instruct,w20,3,Filter/filter_queries_team/8,0.0,0,0,0,,1,0.0
Player,managed-llama-3-3-70b-instruct,w20,3,Filter/filter_queries_team/9,0.9565217391304347,23,23,23,,0,1.0
Player,managed-llama-3-3-70b-instruct,w20,3,Filter/filter_queries_team/10,0.7444444444444445,30,30,30,,0,1.0
Player,managed-llama-3-3-70b-instruct,w20,3,Filter/filter_queries_team/11,0.935672514619883,28,29,28,,0,1.0
Player,managed-llama-3-3-70b-instruct,w20,3,Filter/filter_queries_team/12,0.8888888888888888,3,3,3,,0,1.0
Player,managed-llama-3-3-70b-instruct,w20,3,Join/join_queries/2,0.6284722222222222,90,54,49,,0,1.0
Player,managed-llama-3-3-70b-instruct,w20,3,Join/join_queries/4,0.3819444444444444,90,54,49,,0,1.0
Player,managed-llama-3-3-70b-instruct,w20,3,Join/join_queries/5,0.75,29,29,29,,0,0.9224137931034483
Player,managed-llama-3-3-70b-instruct,w20,3,Join/join_queries/7,0.8,2,3,2,,0,1.0
Player,managed-llama-3-3-70b-instruct,w20,3,Join/join_queries/8,0.8,2,3,2,,0,1.0
Player,managed-llama-3-3-70b-instruct,w20,3,Join/join_queries/9,0.7000000000000001,2,3,2,,0,1.0
Player,managed-llama-3-3-70b-instruct,w20,3,Join/join_queries/10,0.8,2,3,2,,0,1.0
Player,managed-llama-3-3-70b-instruct,w20,3,Join/join_queries/11,0.4704225352112676,88,54,49,,0,1.0
Player,managed-llama-3-3-70b-instruct,w20,3,Join/join_queries/12,0.5830985915492957,88,54,49,,0,1.0
Player,managed-llama-3-3-70b-instruct,w20,3,Join/join_queries/13,0.4366197183098592,88,54,49,,0,0.9477272727272726
Player,managed-llama-3-3-70b-instruct,w20,3,Join/join_queries/15,0.5739130434782609,12,11,11,,0,1.0
Player,managed-llama-3-3-70b-instruct,w20,3,Join/join_queries/18,0.6260869565217391,12,11,11,,0,1.0
Player,managed-llama-3-3-70b-instruct,w20,3,Join/join_queries/19,0.6956521739130433,12,11,11,,0,1.0
Player,managed-llama-3-3-70b-instruct,w20,3,Mixed/mixed_queries_agg_join/1,0.5813953488372092,25,18,18,,0,1.0
Player,managed-llama-3-3-70b-instruct,w20,3,Mixed/mixed_queries_agg_join/2,0.25,2,2,1,,0,0.75
Player,managed-llama-3-3-70b-instruct,w20,3,Mixed/mixed_queries_filter_agg_join/1,0.0,0,0,0,,1,0.0
Player,managed-llama-3-3-70b-instruct,w20,3,Mixed/mixed_queries_filter_agg_join/2,0.0,0,0,0,,1,0.0
Player,managed-llama-3-3-70b-instruct,w20,3,Mixed/mixed_queries_filter_agg_join/3,0.6666666666666666,1,2,1,,0,1.0
Player,managed-llama-3-3-70b-instruct,w20,3,Mixed/mixed_queries_filter_agg_join/4,0.0,0,0,0,,1,0.0
Player,managed-llama-3-3-70b-instruct,w20,3,Mixed/mixed_queries_filter_agg_join/5,0.2797619047619047,20,8,7,,0,1.0
Player,managed-llama-3-3-70b-instruct,w20,3,Mixed/mixed_queries_filter_agg_join/6,0.6797182914616624,3,2,2,,0,1.0
Player,managed-llama-3-3-70b-instruct,w20,3,Mixed/mixed_queries_filter_agg_join/7,0.32352941176470584,13,4,4,,0,1.0
Player,managed-llama-3-3-70b-instruct,w20,3,Mixed/mixed_queries_filter_agg_join/8,0.0,0,0,0,,1,0.0
Player,managed-llama-3-3-70b-instruct,w20,3,Mixed/mixed_queries_filter_agg_join/9,0.1818181818181818,6,5,1,,0,1.0
Player,managed-llama-3-3-70b-instruct,w20,3,Mixed/mixed_queries_filter_agg_join/10,0.9642857142857143,2,2,2,,0,1.0
Player,managed-llama-3-3-70b-instruct,w20,3,Mixed/mixed_queries_filter_agg_join/11,0.5333333333333333,3,3,2,,0,1.0
Player,managed-llama-3-3-70b-instruct,w20,3,Mixed/mixed_queries_filter_agg_join/12,0.5,1,1,1,,0,1.0
Player,managed-llama-3-3-70b-instruct,w20,3,Mixed/mixed_queries_filter_agg_player/1,0.5689655172413793,17,12,10,,0,1.0
Player,managed-llama-3-3-70b-instruct,w20,3,Mixed/mixed_queries_filter_agg_player/2,1.0,1,1,1,,0,1.0
Player,managed-llama-3-3-70b-instruct,w20,3,Mixed/mixed_queries_filter_agg_player/3,0.21478557832269624,23,29,6,,0,1.0
Player,managed-llama-3-3-70b-instruct,w20,3,Mixed/mixed_queries_filter_agg_player/4,0.6000000000000001,3,2,2,,0,1.0
Player,managed-llama-3-3-70b-instruct,w20,3,Mixed/mixed_queries_filter_agg_player/5,0.18447377330731488,63,52,17,,0,1.0
Player,managed-llama-3-3-70b-instruct,w20,3,Mixed/mixed_queries_filter_agg_player/6,0.25274725274725274,61,30,15,,0,1.0
Player,managed-llama-3-3-70b-instruct,w20,3,Mixed/mixed_queries_filter_join/1,0.0,0,0,0,,1,0.0
Player,managed-llama-3-3-70b-instruct,w20,3,Mixed/mixed_queries_filter_join/2,0.0,0,0,0,,1,0.0
Player,managed-llama-3-3-70b-instruct,w20,3,Mixed/mixed_queries_filter_join/3,0.0,0,0,0,,1,0.0
Player,managed-llama-3-3-70b-instruct,w20,3,Mixed/mixed_queries_filter_join/4,0.0,0,0,0,,1,0.0
Player,managed-llama-3-3-70b-instruct,w20,3,Mixed/mixed_queries_filter_join/5,0.6433566433566433,89,54,49,,0,1.0
Player,managed-llama-3-3-70b-instruct,w20,3,Mixed/mixed_queries_filter_join/6,0.75,11,11,10,,0,1.0
Player,managed-llama-3-3-70b-instruct,w20,3,Mixed/mixed_queries_filter_join/7,0.0,0,0,0,,1,0.0
Player,managed-llama-3-3-70b-instruct,w20,3,Mixed/mixed_queries_filter_join/8,0.0,0,4,0,,1,0.0
Player,managed-llama-3-3-70b-instruct,w20,3,Mixed/mixed_queries_filter_join/9,0.5107142857142857,90,50,45,,0,1.0
Player,managed-llama-3-3-70b-instruct,w20,3,Mixed/mixed_queries_filter_join/10,0.25,9,5,3,,0,1.0
Player,managed-llama-3-3-70b-instruct,w20,3,Mixed/mixed_queries_filter_join/11,0.2978723404255319,16,31,9,,0,1.0
Player,managed-llama-3-3-70b-instruct,w20,3,Mixed/mixed_queries_filter_join/12,0.0,0,0,0,,1,0.0
Player,managed-llama-3-3-70b-instruct,w20,3,Select/select_queries_city/1,0.5977011494252874,29,29,29,,0,1.0
Player,managed-llama-3-3-70b-instruct,w20,3,Select/select_queries_manager/1,0.8125,16,16,16,,0,1.0
Player,managed-llama-3-3-70b-instruct,w20,3,Select/select_queries_player/1,0.8794326241134752,141,141,141,,0,1.0
Player,managed-llama-3-3-70b-instruct,w20,3,Select/select_queries_player/2,0.7340425531914894,141,141,141,,0,1.0
Player,managed-llama-3-3-70b-instruct,w20,3,Select/select_queries_player/3,0.2198581560283688,141,141,141,,0,1.0
Player,managed-llama-3-3-70b-instruct,w20,3,Select/select_queries_player/4,0.4846335697399527,141,141,141,,0,1.0
Player,managed-llama-3-3-70b-instruct,w20,3,Select/select_queries_player/5,0.5957446808510638,141,141,141,,0,1.0
Player,managed-llama-3-3-70b-instruct,w20,3,Select/select_queries_player/6,0.648936170212766,141,141,141,,0,1.0
Player,managed-llama-3-3-70b-instruct,w20,4,Agg/agg_queries/1,0.5,3,7,3,,0,1.0
Player,managed-llama-3-3-70b-instruct,w20,4,Agg/agg_queries/2,0.3249324490297224,23,36,10,,0,1.0
Player,managed-llama-3-3-70b-instruct,w20,4,Agg/agg_queries/3,0.5436808749699537,3,7,3,,0,1.0
Player,managed-llama-3-3-70b-instruct,w20,4,Agg/agg_queries/4,0.33417721402890893,23,36,10,,0,1.0
Player,managed-llama-3-3-70b-instruct,w20,4,Agg/agg_queries/5,0.3249324490297224,23,36,10,,0,1.0
Player,managed-llama-3-3-70b-instruct,w20,4,Agg/agg_queries/6,0.32045640355518495,23,36,10,,0,1.0
Player,managed-llama-3-3-70b-instruct,w20,4,Agg/agg_queries/7,0.3283680396158921,23,36,10,,0,1.0
Player,managed-llama-3-3-70b-instruct,w20,4,Agg/agg_queries/8,0.3338050492471414,3,8,2,,0,1.0
Player,managed-llama-3-3-70b-instruct,w20,4,Agg/agg_queries/9,0.3397129186602871,3,8,2,,0,1.0
Player,managed-llama-3-3-70b-instruct,w20,4,Agg/agg_queries/10,0.344320624136619,3,8,2,,0,1.0
Player,managed-llama-3-3-70b-instruct,w20,4,Filter/filter_queries_city/1,1.0,1,1,1,,0,1.0
Player,managed-llama-3-3-70b-instruct,w20,4,Filter/filter_queries_city/2,0.0,0,0,0,,1,0.0
Player,managed-llama-3-3-70b-instruct,w20,4,Filter/filter_queries_city/3,0.6666666666666666,29,29,29,,0,0.896551724137931
Player,managed-llama-3-3-70b-instruct,w20,4,Filter/filter_queries_city/4,0.0,0,0,0,,1,0.0
Player,managed-llama-3-3-70b-instruct,w20,4,Filter/filter_queries_city/5,0.32142857142857145,27,29,27,,0,0.9012345679012346
Player,managed-llama-3-3-70b-instruct,w20,4,Filter/filter_queries_city/6,0.6666666666666666,6,6,6,,0,0.9444444444444445
Player,managed-llama-3-3-70b-instruct,w20,4,Filter/filter_queries_manager/1,0.6,15,15,15,,0,1.0
Player,managed-llama-3-3-70b-instruct,w20,4,Filter/filter_queries_manager/2,0.5,9,7,6,,0,1.0
Player,managed-llama-3-3-70b-instruct,w20,4,Filter/filter_queries_manager/3,0.4946236559139785,15,16,15,,0,1.0
Player,managed-llama-3-3-70b-instruct,w20,4,Filter/filter_queries_manager/4,0.0,0,0,0,,1,0.0
Player,managed-llama-3-3-70b-instruct,w20,4,Filter/filter_queries_manager/5,0.5591397849462366,16,15,15,,0,1.0
Player,managed-llama-3-3-70b-instruct,w20,4,Filter/filter_queries_manager/6,0.5,14,14,14,,0,1.0
Player,managed-llama-3-3-70b-instruct,w20,4,Filter/filter_queries_player/1,0.42857142857142855,140,56,56,,0,1.0
Player,managed-llama-3-3-70b-instruct,w20,4,Filter/filter_queries_player/2,0.2661396574440053,126,127,126,,0,1.0
Player,managed-llama-3-3-70b-instruct,w20,4,Filter/filter_queries_player/3,0.5225225225225224,17,20,12,,0,1.0
Player,managed-llama-3-3-70b-instruct,w20,4,Filter/filter_queries_player/4,0.0,1,0,0,,0,1.0
Player,managed-llama-3-3-70b-instruct,w20,4,Filter/filter_queries_player/5,0.5372549019607843,107,63,61,,0,1.0
Player,managed-llama-3-3-70b-instruct,w20,4,Filter/filter_queries_player/6,0.6666666666666666,1,1,1,,0,1.0
Player,managed-llama-3-3-70b-instruct,w20,4,Filter/filter_queries_player/7,0.3945578231292517,15,34,12,,0,1.0
Player,managed-llama-3-3-70b-instruct,w20,4,Filter/filter_queries_player/8,0.4067796610169491,19,40,15,,0,1.0
Player,managed-llama-3-3-70b-instruct,w20,4,Filter/filter_queries_player/9,0.7272727272727272,28,27,26,,0,1.0
Player,managed-llama-3-3-70b-instruct,w20,4,Filter/filter_queries_player/10,0.0,0,1,0,,1,0.0
Player,managed-llama-3-3-70b-instruct,w20,4,Filter/filter_queries_player/11,0.601684717208183,139,138,138,,0,1.0
Player,managed-llama-3-3-70b-instruct,w20,4,Filter/filter_queries_player/12,0.0,2,0,0,,0,1.0
Player,managed-llama-3-3-70b-instruct,w20,4,Filter/filter_queries_player/13,0.46258503401360535,124,121,116,,0,1.0
Player,managed-llama-3-3-70b-instruct,w20,4,Filter/filter_queries_player/14,0.39999999999999997,140,115,115,,0,1.0
Player,managed-llama-3-3-70b-instruct,w20,4,Filter/filter_queries_player/15,0.3023809523809524,140,140,140,,0,1.0
Player,managed-llama-3-3-70b-instruct,w20,4,Filter/filter_queries_player/16,0.3297491039426524,31,62,31,,0,1.0
Player,managed-llama-3-3-70b-instruct,w20,4,Filter/filter_queries_player/17,0.5810397553516818,57,52,50,,0,1.0
Player,managed-llama-3-3-70b-instruct,w20,4,Filter/filter_queries_player/18,0.3273809523809524,38,74,38,,0,1.0
Player,managed-llama-3-3-70b-instruct,w20,4,Filter/filter_queries_player/19,0.5128205128205129,12,14,10,,0,1.0
Player,managed-llama-3-3-70b-instruct,w20,4,Filter/filter_queries_player/20,0.6250000000000001,7,9,6,,0,1.0
Player,managed-llama-3-3-70b-instruct,w20,4,Filter/filter_queries_player/21,0.0,0,0,0,,1,0.0
Player,managed-llama-3-3-70b-instruct,w20,4,Filter/filter_queries_player/22,0.0,0,0,0,,1,0.0
Player,managed-llama-3-3-70b-instruct,w20,4,Filter/filter_queries_player/23,0.0,0,0,0,,1,0.0
Player,managed-llama-3-3-70b-instruct,w20,4,Filter/filter_queries_player/24,0.30303030303030304,14,19,8,,0,1.0
Player,managed-llama-3-3-70b-instruct,w20,4,Filter/filter_queries_player/25,0.5436654366543666,134,137,134,,0,1.0
Player,managed-llama-3-3-70b-instruct,w20,4,Filter/filter_queries_player/26,0.3546099290780142,141,141,141,,0,1.0
Player,managed-llama-3-3-70b-instruct,w20,4,Filter/filter_queries_player/27,0.49223416965352457,141,138,138,,0,1.0
Player,managed-llama-3-3-70b-instruct,w20,4,Filter/filter_queries_player/28,0.392434988179669,141,141,141,,0,1.0
Player,managed-llama-3-3-70b-instruct,w20,4,Filter/filter_queries_player/29,0.2976190476190476,141,139,139,,0,1.0
Player,managed-llama-3-3-70b-instruct,w20,4,Filter/filter_queries_player/30,0.2747909199522103,139,140,138,,0,1.0
Player,managed-llama-3-3-70b-instruct,w20,4,Filter/filter_queries_player/31,0.19354838709677416,28,34,27,,0,1.0
Player,managed-llama-3-3-70b-instruct,w20,4,Filter/filter_queries_player/32,0.18233618233618235,139,95,95,,0,1.0
Player,managed-llama-3-3-70b-instruct,w20,4,Filter/filter_queries_player/33,0.16033755274261605,60,19,19,,0,1.0
Player,managed-llama-3-3-70b-instruct,w20,4,Filter/filter_queries_player/34,0.5207439198855507,110,123,107,,0,1.0
Player,managed-llama-3-3-70b-instruct,w20,4,Filter/filter_queries_player/35,0.0,0,1,0,,1,0.0
Player,managed-llama-3-3-70b-instruct,w20,4,Filter/filter_queries_player/36,0.3157894736842105,14,5,5,,0,1.0
Player,managed-llama-3-3-70b-instruct,w20,4,Filter/filter_queries_team/1,0.7457627118644067,29,30,29,,0,1.0
Player,managed-llama-3-3-70b-instruct,w20,4,Filter/filter_queries_team/2,0.7600000000000001,25,25,25,,0,1.0
Player,managed-llama-3-3-70b-instruct,w20,4,Filter/filter_queries_team/3,0.75,20,20,20,,0,1.0
Player,managed-llama-3-3-70b-instruct,w20,4,Filter/filter_queries_team/4,0.0,0,0,0,,1,0.0
Player,managed-llama-3-3-70b-instruct,w20,4,Filter/filter_queries_team/5,0.9540229885057471,29,29,29,,0,1.0
Player,managed-llama-3-3-70b-instruct,w20,4,Filter/filter_queries_team/6,0.7666666666666667,30,30,30,,0,1.0
Player,managed-llama-3-3-70b-instruct,w20,4,Filter/filter_queries_team/7,0.0,0,0,0,,1,0.0
Player,managed-llama-3-3-70b-instruct,w20,4,Filter/filter_queries_team/8,0.0,0,0,0,,1,0.0
Player,managed-llama-3-3-70b-instruct,w20,4,Filter/filter_queries_team/9,0.9565217391304347,23,23,23,,0,1.0
Player,managed-llama-3-3-70b-instruct,w20,4,Filter/filter_queries_team/10,0.7555555555555555,30,30,30,,0,1.0
Player,managed-llama-3-3-70b-instruct,w20,4,Filter/filter_queries_team/11,0.935672514619883,28,29,28,,0,1.0
Player,managed-llama-3-3-70b-instruct,w20,4,Filter/filter_queries_team/12,0.8888888888888888,3,3,3,,0,1.0
Player,managed-llama-3-3-70b-instruct,w20,4,Join/join_queries/2,0.6328671328671329,90,53,49,,0,1.0
Player,managed-llama-3-3-70b-instruct,w20,4,Join/join_queries/4,0.3881118881118881,90,53,49,,0,1.0
Player,managed-llama-3-3-70b-instruct,w20,4,Join/join_queries/5,0.75,29,29,29,,0,0.9224137931034483
Player,managed-llama-3-3-70b-instruct,w20,4,Join/join_queries/7,0.8,2,3,2,,0,1.0
Player,managed-llama-3-3-70b-instruct,w20,4,Join/join_queries/8,0.8,2,3,2,,0,1.0
Player,managed-llama-3-3-70b-instruct,w20,4,Join/join_queries/9,0.7000000000000001,2,3,2,,0,1.0
Player,managed-llama-3-3-70b-instruct,w20,4,Join/join_queries/10,0.8,2,3,2,,0,1.0
Player,managed-llama-3-3-70b-instruct,w20,4,Join/join_queries/11,0.4624113475177305,88,53,49,,0,1.0
Player,managed-llama-3-3-70b-instruct,w20,4,Join/join_queries/12,0.5872340425531914,88,53,49,,0,1.0
Player,managed-llama-3-3-70b-instruct,w20,4,Join/join_queries/13,0.4425531914893616,88,53,49,,0,0.9477272727272726
Player,managed-llama-3-3-70b-instruct,w20,4,Join/join_queries/15,0.5739130434782609,12,11,11,,0,1.0
Player,managed-llama-3-3-70b-instruct,w20,4,Join/join_queries/18,0.6260869565217391,12,11,11,,0,1.0
Player,managed-llama-3-3-70b-instruct,w20,4,Join/join_queries/19,0.6956521739130433,12,11,11,,0,1.0
Player,managed-llama-3-3-70b-instruct,w20,4,Mixed/mixed_queries_agg_join/1,0.5714285714285714,25,17,17,,0,1.0
Player,managed-llama-3-3-70b-instruct,w20,4,Mixed/mixed_queries_agg_join/2,0.25,2,2,1,,0,0.75
Player,managed-llama-3-3-70b-instruct,w20,4,Mixed/mixed_queries_filter_agg_join/1,0.0,0,1,0,,1,0.0
Player,managed-llama-3-3-70b-instruct,w20,4,Mixed/mixed_queries_filter_agg_join/2,0.0,0,0,0,,1,0.0
Player,managed-llama-3-3-70b-instruct,w20,4,Mixed/mixed_queries_filter_agg_join/3,0.6666666666666666,1,2,1,,0,1.0
Player,managed-llama-3-3-70b-instruct,w20,4,Mixed/mixed_queries_filter_agg_join/4,0.0,0,0,0,,1,0.0
Player,managed-llama-3-3-70b-instruct,w20,4,Mixed/mixed_queries_filter_agg_join/5,0.2797619047619047,20,8,7,,0,1.0
Player,managed-llama-3-3-70b-instruct,w20,4,Mixed/mixed_queries_filter_agg_join/6,0.6797182914616624,3,2,2,,0,1.0
Player,managed-llama-3-3-70b-instruct,w20,4,Mixed/mixed_queries_filter_agg_join/7,0.32352941176470584,13,4,4,,0,1.0
Player,managed-llama-3-3-70b-instruct,w20,4,Mixed/mixed_queries_filter_agg_join/8,0.0,0,0,0,,1,0.0
Player,managed-llama-3-3-70b-instruct,w20,4,Mixed/mixed_queries_filter_agg_join/9,0.1818181818181818,6,5,1,,0,1.0
Player,managed-llama-3-3-70b-instruct,w20,4,Mixed/mixed_queries_filter_agg_join/10,0.9642857142857143,2,2,2,,0,1.0
Player,managed-llama-3-3-70b-instruct,w20,4,Mixed/mixed_queries_filter_agg_join/11,0.6714285714285714,3,4,3,,0,1.0
Player,managed-llama-3-3-70b-instruct,w20,4,Mixed/mixed_queries_filter_agg_join/12,0.5,1,1,1,,0,1.0
Player,managed-llama-3-3-70b-instruct,w20,4,Mixed/mixed_queries_filter_agg_player/1,0.5689655172413793,17,12,10,,0,1.0
Player,managed-llama-3-3-70b-instruct,w20,4,Mixed/mixed_queries_filter_agg_player/2,1.0,1,1,1,,0,1.0
Player,managed-llama-3-3-70b-instruct,w20,4,Mixed/mixed_queries_filter_agg_player/3,0.2532471167842347,23,29,7,,0,1.0
Player,managed-llama-3-3-70b-instruct,w20,4,Mixed/mixed_queries_filter_agg_player/4,0.6000000000000001,3,2,2,,0,1.0
Player,managed-llama-3-3-70b-instruct,w20,4,Mixed/mixed_queries_filter_agg_player/5,0.1672657592176556,63,52,16,,0,1.0
Player,managed-llama-3-3-70b-instruct,w20,4,Mixed/mixed_queries_filter_agg_player/6,0.21978021978021978,61,30,14,,0,1.0
Player,managed-llama-3-3-70b-instruct,w20,4,Mixed/mixed_queries_filter_join/1,0.0,0,1,0,,1,0.0
Player,managed-llama-3-3-70b-instruct,w20,4,Mixed/mixed_queries_filter_join/2,0.0,0,0,0,,1,0.0
Player,managed-llama-3-3-70b-instruct,w20,4,Mixed/mixed_queries_filter_join/3,0.0,0,0,0,,1,0.0
Player,managed-llama-3-3-70b-instruct,w20,4,Mixed/mixed_queries_filter_join/4,0.0,0,0,0,,1,0.0
Player,managed-llama-3-3-70b-instruct,w20,4,Mixed/mixed_queries_filter_join/5,0.647887323943662,89,53,49,,0,1.0
Player,managed-llama-3-3-70b-instruct,w20,4,Mixed/mixed_queries_filter_join/6,0.75,11,11,10,,0,1.0
Player,managed-llama-3-3-70b-instruct,w20,4,Mixed/mixed_queries_filter_join/7,0.0,0,0,0,,1,0.0
Player,managed-llama-3-3-70b-instruct,w20,4,Mixed/mixed_queries_filter_join/8,0.0,0,4,0,,1,0.0
Player,managed-llama-3-3-70b-instruct,w20,4,Mixed/mixed_queries_filter_join/9,0.5179856115107914,90,49,45,,0,1.0
Player,managed-llama-3-3-70b-instruct,w20,4,Mixed/mixed_queries_filter_join/10,0.25,9,5,3,,0,1.0
Player,managed-llama-3-3-70b-instruct,w20,4,Mixed/mixed_queries_filter_join/11,0.30434782608695654,16,30,9,,0,1.0
Player,managed-llama-3-3-70b-instruct,w20,4,Mixed/mixed_queries_filter_join/12,0.0,0,0,0,,1,0.0
Player,managed-llama-3-3-70b-instruct,w20,4,Select/select_queries_city/1,0.5977011494252874,29,29,29,,0,1.0
Player,managed-llama-3-3-70b-instruct,w20,4,Select/select_queries_manager/1,0.7916666666666666,16,16,16,,0,1.0
Player,managed-llama-3-3-70b-instruct,w20,4,Select/select_queries_player/1,0.8865248226950354,141,141,141,,0,1.0
Player,managed-llama-3-3-70b-instruct,w20,4,Select/select_queries_player/2,0.7340425531914894,141,141,141,,0,1.0
Player,managed-llama-3-3-70b-instruct,w20,4,Select/select_queries_player/3,0.2198581560283688,141,141,141,,0,1.0
Player,managed-llama-3-3-70b-instruct,w20,4,Select/select_queries_player/4,0.4822695035460993,141,141,141,,0,1.0
Player,managed-llama-3-3-70b-instruct,w20,4,Select/select_queries_player/5,0.5957446808510638,141,141,141,,0,1.0
Player,managed-llama-3-3-70b-instruct,w20,4,Select/select_queries_player/6,0.650709219858156,141,141,141,,0,1.0
Player,managed-llama-3-3-70b-instruct,w20,5,Agg/agg_queries/1,0.5,3,7,3,,0,1.0
Player,managed-llama-3-3-70b-instruct,w20,5,Agg/agg_queries/2,0.28614718614718615,23,37,9,,0,1.0
Player,managed-llama-3-3-70b-instruct,w20,5,Agg/agg_queries/3,0.5434171863224271,3,7,3,,0,1.0
Player,managed-llama-3-3-70b-instruct,w20,5,Agg/agg_queries/4,0.2902244981325864,23,37,9,,0,1.0
Player,managed-llama-3-3-70b-instruct,w20,5,Agg/agg_queries/5,0.28614718614718615,23,37,9,,0,1.0
Player,managed-llama-3-3-70b-instruct,w20,5,Agg/agg_queries/6,0.2821987968292653,23,37,9,,0,1.0
Player,managed-llama-3-3-70b-instruct,w20,5,Agg/agg_queries/7,0.2875824791035193,23,37,9,,0,1.0
Player,managed-llama-3-3-70b-instruct,w20,5,Agg/agg_queries/8,0.3338050492471414,3,8,2,,0,1.0
Player,managed-llama-3-3-70b-instruct,w20,5,Agg/agg_queries/9,0.3397129186602871,3,8,2,,0,1.0
Player,managed-llama-3-3-70b-instruct,w20,5,Agg/agg_queries/10,0.344320624136619,3,8,2,,0,1.0
Player,managed-llama-3-3-70b-instruct,w20,5,Filter/filter_queries_city/1,1.0,1,1,1,,0,1.0
Player,managed-llama-3-3-70b-instruct,w20,5,Filter/filter_queries_city/2,0.0,0,0,0,,1,0.0
Player,managed-llama-3-3-70b-instruct,w20,5,Filter/filter_queries_city/3,0.6666666666666666,29,29,29,,0,0.896551724137931
Player,managed-llama-3-3-70b-instruct,w20,5,Filter/filter_queries_city/4,0.0,0,0,0,,1,0.0
Player,managed-llama-3-3-70b-instruct,w20,5,Filter/filter_queries_city/5,0.32142857142857145,27,29,27,,0,0.9012345679012346
Player,managed-llama-3-3-70b-instruct,w20,5,Filter/filter_queries_city/6,0.6666666666666666,6,6,6,,0,0.9444444444444445
Player,managed-llama-3-3-70b-instruct,w20,5,Filter/filter_queries_manager/1,0.6,15,15,15,,0,1.0
Player,managed-llama-3-3-70b-instruct,w20,5,Filter/filter_queries_manager/2,0.5,9,7,6,,0,1.0
Player,managed-llama-3-3-70b-instruct,w20,5,Filter/filter_queries_manager/3,0.4946236559139785,15,16,15,,0,1.0
Player,managed-llama-3-3-70b-instruct,w20,5,Filter/filter_queries_manager/4,0.0,0,0,0,,1,0.0
Player,managed-llama-3-3-70b-instruct,w20,5,Filter/filter_queries_manager/5,0.5591397849462366,16,15,15,,0,1.0
Player,managed-llama-3-3-70b-instruct,w20,5,Filter/filter_queries_manager/6,0.5,14,14,14,,0,1.0
Player,managed-llama-3-3-70b-instruct,w20,5,Filter/filter_queries_player/1,0.4239316239316239,140,55,55,,0,1.0
Player,managed-llama-3-3-70b-instruct,w20,5,Filter/filter_queries_player/2,0.2555994729907773,126,127,126,,0,1.0
Player,managed-llama-3-3-70b-instruct,w20,5,Filter/filter_queries_player/3,0.5225225225225224,17,20,12,,0,1.0
Player,managed-llama-3-3-70b-instruct,w20,5,Filter/filter_queries_player/4,0.0,1,0,0,,0,1.0
Player,managed-llama-3-3-70b-instruct,w20,5,Filter/filter_queries_player/5,0.5419103313840156,107,64,62,,0,1.0
Player,managed-llama-3-3-70b-instruct,w20,5,Filter/filter_queries_player/6,0.6666666666666666,1,1,1,,0,1.0
Player,managed-llama-3-3-70b-instruct,w20,5,Filter/filter_queries_player/7,0.380952380952381,15,34,12,,0,1.0
Player,managed-llama-3-3-70b-instruct,w20,5,Filter/filter_queries_player/8,0.41379310344827586,19,39,15,,0,1.0
Player,managed-llama-3-3-70b-instruct,w20,5,Filter/filter_queries_player/9,0.7272727272727272,28,27,26,,0,1.0
Player,managed-llama-3-3-70b-instruct,w20,5,Filter/filter_queries_player/10,0.0,0,1,0,,1,0.0
Player,managed-llama-3-3-70b-instruct,w20,5,Filter/filter_queries_player/11,0.6040914560770156,139,138,138,,0,1.0
Player,managed-llama-3-3-70b-instruct,w20,5,Filter/filter_queries_player/12,0.0,2,0,0,,0,1.0
Player,managed-llama-3-3-70b-instruct,w20,5,Filter/filter_queries_player/13,0.45442176870748296,124,121,116,,0,1.0
Player,managed-llama-3-3-70b-instruct,w20,5,Filter/filter_queries_player/14,0.39738562091503266,140,115,115,,0,1.0
Player,managed-llama-3-3-70b-instruct,w20,5,Filter/filter_queries_player/15,0.2976190476190476,140,140,140,,0,1.0
Player,managed-llama-3-3-70b-instruct,w20,5,Filter/filter_queries_player/16,0.3228070175438596,31,64,31,,0,1.0
Player,managed-llama-3-3-70b-instruct,w20,5,Filter/filter_queries_player/17,0.5810397553516818,57,52,50,,0,1.0
Player,managed-llama-3-3-70b-instruct,w20,5,Filter/filter_queries_player/18,0.31578947368421056,38,76,38,,0,1.0
Player,managed-llama-3-3-70b-instruct,w20,5,Filter/filter_queries_player/19,0.5128205128205129,12,14,10,,0,1.0
Player,managed-llama-3-3-70b-instruct,w20,5,Filter/filter_queries_player/20,0.6250000000000001,7,9,6,,0,1.0
Player,managed-llama-3-3-70b-instruct,w20,5,Filter/filter_queries_player/21,0.0,0,0,0,,1,0.0
Player,managed-llama-3-3-70b-instruct,w20,5,Filter/filter_queries_player/22,0.0,0,0,0,,1,0.0
Player,managed-llama-3-3-70b-instruct,w20,5,Filter/filter_queries_player/23,0.0,0,0,0,,1,0.0
Player,managed-llama-3-3-70b-instruct,w20,5,Filter/filter_queries_player/24,0.30303030303030304,14,19,8,,0,1.0
Player,managed-llama-3-3-70b-instruct,w20,5,Filter/filter_queries_player/25,0.5407407407407407,134,136,134,,0,1.0
Player,managed-llama-3-3-70b-instruct,w20,5,Filter/filter_queries_player/26,0.35224586288416077,141,141,141,,0,1.0
Player,managed-llama-3-3-70b-instruct,w20,5,Filter/filter_queries_player/27,0.49462365591397855,141,138,138,,0,1.0
Player,managed-llama-3-3-70b-instruct,w20,5,Filter/filter_queries_player/28,0.3853427895981088,141,141,141,,0,1.0
Player,managed-llama-3-3-70b-instruct,w20,5,Filter/filter_queries_player/29,0.29285714285714287,141,139,139,,0,1.0
Player,managed-llama-3-3-70b-instruct,w20,5,Filter/filter_queries_player/30,0.26523297491039427,139,140,138,,0,1.0
Player,managed-llama-3-3-70b-instruct,w20,5,Filter/filter_queries_player/31,0.19354838709677416,28,34,27,,0,1.0
Player,managed-llama-3-3-70b-instruct,w20,5,Filter/filter_queries_player/32,0.17872340425531916,139,96,96,,0,1.0
Player,managed-llama-3-3-70b-instruct,w20,5,Filter/filter_queries_player/33,0.16033755274261605,60,19,19,,0,1.0
Player,managed-llama-3-3-70b-instruct,w20,5,Filter/filter_queries_player/34,0.5178826895565093,110,123,107,,0,1.0
Player,managed-llama-3-3-70b-instruct,w20,5,Filter/filter_queries_player/35,0.0,0,1,0,,1,0.0
Player,managed-llama-3-3-70b-instruct,w20,5,Filter/filter_queries_player/36,0.3157894736842105,14,5,5,,0,1.0
Player,managed-llama-3-3-70b-instruct,w20,5,Filter/filter_queries_team/1,0.7344632768361582,29,30,29,,0,1.0
Player,managed-llama-3-3-70b-instruct,w20,5,Filter/filter_queries_team/2,0.7466666666666667,25,25,25,,0,1.0
Player,managed-llama-3-3-70b-instruct,w20,5,Filter/filter_queries_team/3,0.7333333333333334,20,20,20,,0,1.0
Player,managed-llama-3-3-70b-instruct,w20,5,Filter/filter_queries_team/4,0.0,0,0,0,,1,0.0
Player,managed-llama-3-3-70b-instruct,w20,5,Filter/filter_queries_team/5,0.9540229885057471,29,29,29,,0,1.0
Player,managed-llama-3-3-70b-instruct,w20,5,Filter/filter_queries_team/6,0.7555555555555555,30,30,30,,0,1.0
Player,managed-llama-3-3-70b-instruct,w20,5,Filter/filter_queries_team/7,0.0,0,0,0,,1,0.0
Player,managed-llama-3-3-70b-instruct,w20,5,Filter/filter_queries_team/8,0.0,0,0,0,,1,0.0
Player,managed-llama-3-3-70b-instruct,w20,5,Filter/filter_queries_team/9,0.9565217391304347,23,23,23,,0,1.0
Player,managed-llama-3-3-70b-instruct,w20,5,Filter/filter_queries_team/10,0.7444444444444445,30,30,30,,0,1.0
Player,managed-llama-3-3-70b-instruct,w20,5,Filter/filter_queries_team/11,0.935672514619883,28,29,28,,0,1.0
Player,managed-llama-3-3-70b-instruct,w20,5,Filter/filter_queries_team/12,0.8888888888888888,3,3,3,,0,1.0
Player,managed-llama-3-3-70b-instruct,w20,5,Join/join_queries/2,0.6188811188811189,90,53,48,,0,1.0
Player,managed-llama-3-3-70b-instruct,w20,5,Join/join_queries/4,0.3706293706293706,90,53,48,,0,1.0
Player,managed-llama-3-3-70b-instruct,w20,5,Join/join_queries/5,0.75,29,29,29,,0,0.9224137931034483
Player,managed-llama-3-3-70b-instruct,w20,5,Join/join_queries/7,0.8,2,3,2,,0,1.0
Player,managed-llama-3-3-70b-instruct,w20,5,Join/join_queries/8,0.8,2,3,2,,0,1.0
Player,managed-llama-3-3-70b-instruct,w20,5,Join/join_queries/9,0.7000000000000001,2,3,2,,0,1.0
Player,managed-llama-3-3-70b-instruct,w20,5,Join/join_queries/10,0.8,2,3,2,,0,1.0
Player,managed-llama-3-3-70b-instruct,w20,5,Join/join_queries/11,0.4624113475177305,88,53,48,,0,1.0
Player,managed-llama-3-3-70b-instruct,w20,5,Join/join_queries/12,0.575886524822695,88,53,48,,0,1.0
Player,managed-llama-3-3-70b-instruct,w20,5,Join/join_queries/13,0.43120567375886526,88,53,48,,0,0.9477272727272726
Player,managed-llama-3-3-70b-instruct,w20,5,Join/join_queries/15,0.5739130434782609,12,11,11,,0,1.0
Player,managed-llama-3-3-70b-instruct,w20,5,Join/join_queries/18,0.6260869565217391,12,11,11,,0,1.0
Player,managed-llama-3-3-70b-instruct,w20,5,Join/join_queries/19,0.6956521739130433,12,11,11,,0,1.0
Player,managed-llama-3-3-70b-instruct,w20,5,Mixed/mixed_queries_agg_join/1,0.5813953488372092,25,18,18,,0,1.0
Player,managed-llama-3-3-70b-instruct,w20,5,Mixed/mixed_queries_agg_join/2,0.25,2,2,1,,0,0.75
Player,managed-llama-3-3-70b-instruct,w20,5,Mixed/mixed_queries_filter_agg_join/1,0.0,0,1,0,,1,0.0
Player,managed-llama-3-3-70b-instruct,w20,5,Mixed/mixed_queries_filter_agg_join/2,0.0,0,0,0,,1,0.0
Player,managed-llama-3-3-70b-instruct,w20,5,Mixed/mixed_queries_filter_agg_join/3,0.6666666666666666,1,2,1,,0,1.0
Player,managed-llama-3-3-70b-instruct,w20,5,Mixed/mixed_queries_filter_agg_join/4,0.0,0,0,0,,1,0.0
Player,managed-llama-3-3-70b-instruct,w20,5,Mixed/mixed_queries_filter_agg_join/5,0.2797619047619047,20,8,7,,0,1.0
Player,managed-llama-3-3-70b-instruct,w20,5,Mixed/mixed_queries_filter_agg_join/6,0.6797182914616624,3,2,2,,0,1.0
Player,managed-llama-3-3-70b-instruct,w20,5,Mixed/mixed_queries_filter_agg_join/7,0.32352941176470584,13,4,4,,0,1.0
Player,managed-llama-3-3-70b-instruct,w20,5,Mixed/mixed_queries_filter_agg_join/8,0.0,0,0,0,,1,0.0
Player,managed-llama-3-3-70b-instruct,w20,5,Mixed/mixed_queries_filter_agg_join/9,0.1818181818181818,6,5,1,,0,1.0
Player,managed-llama-3-3-70b-instruct,w20,5,Mixed/mixed_queries_filter_agg_join/10,0.9642857142857143,2,2,2,,0,1.0
Player,managed-llama-3-3-70b-instruct,w20,5,Mixed/mixed_queries_filter_agg_join/11,0.5333333333333333,3,3,2,,0,1.0
Player,managed-llama-3-3-70b-instruct,w20,5,Mixed/mixed_queries_filter_agg_join/12,0.5,1,1,1,,0,1.0
Player,managed-llama-3-3-70b-instruct,w20,5,Mixed/mixed_queries_filter_agg_player/1,0.5689655172413793,17,12,10,,0,1.0
Player,managed-llama-3-3-70b-instruct,w20,5,Mixed/mixed_queries_filter_agg_player/2,1.0,1,1,1,,0,1.0
Player,managed-llama-3-3-70b-instruct,w20,5,Mixed/mixed_queries_filter_agg_player/3,0.21478557832269624,23,29,6,,0,1.0
Player,managed-llama-3-3-70b-instruct,w20,5,Mixed/mixed_queries_filter_agg_player/4,0.6000000000000001,3,2,2,,0,1.0
Player,managed-llama-3-3-70b-instruct,w20,5,Mixed/mixed_queries_filter_agg_player/5,0.18306519232784824,63,53,17,,0,1.0
Player,managed-llama-3-3-70b-instruct,w20,5,Mixed/mixed_queries_filter_agg_player/6,0.24175824175824176,61,30,15,,0,1.0
Player,managed-llama-3-3-70b-instruct,w20,5,Mixed/mixed_queries_filter_join/1,0.0,0,1,0,,1,0.0
Player,managed-llama-3-3-70b-instruct,w20,5,Mixed/mixed_queries_filter_join/2,0.0,0,0,0,,1,0.0
Player,managed-llama-3-3-70b-instruct,w20,5,Mixed/mixed_queries_filter_join/3,0.0,0,0,0,,1,0.0
Player,managed-llama-3-3-70b-instruct,w20,5,Mixed/mixed_queries_filter_join/4,0.0,0,0,0,,1,0.0
Player,managed-llama-3-3-70b-instruct,w20,5,Mixed/mixed_queries_filter_join/5,0.6338028169014085,89,53,48,,0,1.0
Player,managed-llama-3-3-70b-instruct,w20,5,Mixed/mixed_queries_filter_join/6,0.75,11,11,10,,0,1.0
Player,managed-llama-3-3-70b-instruct,w20,5,Mixed/mixed_queries_filter_join/7,0.0,0,0,0,,1,0.0
Player,managed-llama-3-3-70b-instruct,w20,5,Mixed/mixed_queries_filter_join/8,0.0,0,4,0,,1,0.0
Player,managed-llama-3-3-70b-instruct,w20,5,Mixed/mixed_queries_filter_join/9,0.4963768115942029,90,48,43,,0,1.0
Player,managed-llama-3-3-70b-instruct,w20,5,Mixed/mixed_queries_filter_join/10,0.25,9,5,3,,0,1.0
Player,managed-llama-3-3-70b-instruct,w20,5,Mixed/mixed_queries_filter_join/11,0.30000000000000004,16,29,9,,0,1.0
Player,managed-llama-3-3-70b-instruct,w20,5,Mixed/mixed_queries_filter_join/12,0.0,0,0,0,,1,0.0
Player,managed-llama-3-3-70b-instruct,w20,5,Select/select_queries_city/1,0.5977011494252874,29,29,29,,0,1.0
Player,managed-llama-3-3-70b-instruct,w20,5,Select/select_queries_manager/1,0.7916666666666666,16,16,16,,0,1.0
Player,managed-llama-3-3-70b-instruct,w20,5,Select/select_queries_player/1,0.8865248226950354,141,141,141,,0,1.0
Player,managed-llama-3-3-70b-instruct,w20,5,Select/select_queries_player/2,0.7322695035460993,141,141,141,,0,1.0
Player,managed-llama-3-3-70b-instruct,w20,5,Select/select_queries_player/3,0.2198581560283688,141,141,141,,0,1.0
Player,managed-llama-3-3-70b-instruct,w20,5,Select/select_queries_player/4,0.4846335697399527,141,141,141,,0,1.0
Player,managed-llama-3-3-70b-instruct,w20,5,Select/select_queries_player/5,0.5957446808510638,141,141,141,,0,1.0
Player,managed-llama-3-3-70b-instruct,w20,5,Select/select_queries_player/6,0.650709219858156,141,141,141,,0,1.0
