model,setting,operator,impl,query,repeats,failed,ok,distinct_answers,answer_reproduction,outcome_reproduction,quality_min,quality_max,quality_mean,calls_compared,calls_text_differs
vllm-granite-3-3-8b-instruct,cluster_llm_all,cluster,llm_all,100,5,0,5,1,1.0,1.0,0.0169,0.0169,0.0169,1,0
vllm-granite-3-3-8b-instruct,cluster_llm_all,cluster,llm_all,101,5,0,5,1,1.0,1.0,0.7817,0.7817,0.7817,1,0
vllm-granite-3-3-8b-instruct,cluster_llm_all,cluster,llm_all,102,5,0,5,1,1.0,1.0,1.0,1.0,1.0,1,0
vllm-granite-3-3-8b-instruct,cluster_llm_all,cluster,llm_all,103,5,5,0,0,nan,1.0,,,,0,0
vllm-granite-3-3-8b-instruct,cluster_llm_all,cluster,llm_all,104,5,0,5,1,1.0,1.0,0.8506,0.8506,0.8506,1,0
vllm-granite-3-3-8b-instruct,cluster_llm_all,cluster,llm_all,105,5,0,5,1,1.0,1.0,0.2401,0.2401,0.24010000000000004,1,0
vllm-granite-3-3-8b-instruct,cluster_llm_all,cluster,llm_all,106,5,0,5,3,0.3,0.3,0.0064,0.237,0.12962,1,1
vllm-granite-3-3-8b-instruct,cluster_llm_all,cluster,llm_all,107,5,5,0,0,nan,1.0,,,,0,0
vllm-granite-3-3-8b-instruct,cluster_llm_all,cluster,llm_all,108,5,5,0,0,nan,1.0,,,,0,0
vllm-granite-3-3-8b-instruct,cluster_llm_all,cluster,llm_all,109,5,0,5,1,1.0,1.0,1.0,1.0,1.0,1,0
vllm-granite-3-3-8b-instruct,cluster_llm_all,cluster,llm_all,110,5,5,0,0,nan,1.0,,,,0,0
vllm-granite-3-3-8b-instruct,cluster_llm_all,cluster,llm_all,111,5,0,5,1,1.0,1.0,0.1667,0.1667,0.1667,1,0
vllm-granite-3-3-8b-instruct,cluster_llm_all,cluster,llm_all,112,5,0,5,1,1.0,1.0,0.6056,0.6056,0.6056,1,0
vllm-granite-3-3-8b-instruct,cluster_llm_all,cluster,llm_all,113,5,0,5,1,1.0,1.0,0.2468,0.2468,0.2468,1,1
vllm-granite-3-3-8b-instruct,cluster_llm_all,cluster,llm_all,114,5,0,5,1,1.0,1.0,0.3537,0.3537,0.3537,1,0
vllm-granite-3-3-8b-instruct,cluster_llm_all,cluster,llm_all,115,5,0,5,1,1.0,1.0,1.0,1.0,1.0,1,1
vllm-granite-3-3-8b-instruct,cluster_llm_all,cluster,llm_all,116,5,0,5,1,1.0,1.0,1.0,1.0,1.0,1,0
vllm-granite-3-3-8b-instruct,cluster_llm_all,cluster,llm_all,117,5,0,5,2,0.6,0.6,-0.0479,0.0094,-0.0020599999999999993,1,1
vllm-granite-3-3-8b-instruct,cluster_llm_all,cluster,llm_all,118,5,0,5,1,1.0,1.0,0.7667,0.7667,0.7667,1,0
vllm-granite-3-3-8b-instruct,cluster_llm_all,cluster,llm_all,119,5,0,5,1,1.0,1.0,0.7083,0.7083,0.7083,1,0
vllm-granite-3-3-8b-instruct,cluster_llm_all,cluster,llm_all,120,5,0,5,1,1.0,1.0,-0.1538,-0.1538,-0.1538,1,1
vllm-granite-3-3-8b-instruct,cluster_llm_all,cluster,llm_all,121,5,0,5,3,0.3,0.3,0.2179,0.4389,0.28786,1,1
vllm-granite-3-3-8b-instruct,cluster_llm_all,cluster,llm_all,122,5,5,0,0,nan,1.0,,,,0,0
vllm-granite-3-3-8b-instruct,cluster_llm_all,cluster,llm_all,123,5,0,5,1,1.0,1.0,0.2283,0.2283,0.2283,1,0
vllm-granite-3-3-8b-instruct,cluster_llm_all,cluster,llm_all,124,5,5,0,0,nan,1.0,,,,0,0
vllm-granite-3-3-8b-instruct,cluster_llm_all,cluster,llm_all,125,5,0,5,2,0.4,0.4,0.5637,0.791,0.70008,1,1
vllm-granite-3-3-8b-instruct,cluster_llm_all,cluster,llm_all,126,5,0,5,1,1.0,1.0,1.0,1.0,1.0,1,1
vllm-granite-3-3-8b-instruct,cluster_llm_all,cluster,llm_all,127,5,0,5,1,1.0,1.0,0.0,0.0,0.0,1,1
vllm-granite-3-3-8b-instruct,cluster_llm_all,cluster,llm_all,128,5,5,0,0,nan,1.0,,,,0,0
vllm-granite-3-3-8b-instruct,cluster_llm_all,cluster,llm_all,129,5,0,5,1,1.0,1.0,0.0953,0.0953,0.0953,1,0
vllm-granite-3-3-8b-instruct,cluster_llm_all,cluster,llm_all,200,5,0,5,1,1.0,1.0,0.8103,0.8103,0.8103,1,0
vllm-granite-3-3-8b-instruct,cluster_llm_all,cluster,llm_all,201,5,0,5,1,1.0,1.0,0.3875,0.3875,0.3875,1,1
vllm-granite-3-3-8b-instruct,cluster_llm_all,cluster,llm_all,202,5,0,5,2,0.4,0.4,0.0052,0.1736,0.07256,1,1
vllm-granite-3-3-8b-instruct,cluster_llm_all,cluster,llm_all,203,5,0,5,2,0.4,0.4,0.2987,0.3478,0.32816,1,1
vllm-granite-3-3-8b-instruct,cluster_llm_all,cluster,llm_all,204,5,0,5,1,1.0,1.0,0.6796,0.6796,0.6796,1,1
vllm-granite-3-3-8b-instruct,cluster_llm_all,cluster,llm_all,205,5,0,5,1,1.0,1.0,0.25,0.25,0.25,1,0
vllm-granite-3-3-8b-instruct,cluster_llm_all,cluster,llm_all,206,5,0,5,2,0.4,0.4,0.6396,1.0,0.8558399999999999,1,1
vllm-granite-3-3-8b-instruct,cluster_llm_all,cluster,llm_all,207,5,0,5,1,1.0,1.0,0.3816,0.3816,0.3816,1,0
vllm-granite-3-3-8b-instruct,cluster_llm_all,cluster,llm_all,208,5,0,5,1,1.0,1.0,1.0,1.0,1.0,1,0
vllm-granite-3-3-8b-instruct,cluster_llm_all,cluster,llm_all,209,5,0,5,1,1.0,1.0,0.931,0.931,0.931,1,0
vllm-granite-3-3-8b-instruct,cluster_llm_all,cluster,llm_all,210,5,0,5,1,1.0,1.0,1.0,1.0,1.0,1,0
vllm-granite-3-3-8b-instruct,cluster_llm_all,cluster,llm_all,211,5,0,5,1,1.0,1.0,1.0,1.0,1.0,1,0
vllm-granite-3-3-8b-instruct,cluster_llm_all,cluster,llm_all,212,5,0,5,1,1.0,1.0,0.9895,0.9895,0.9894999999999999,1,1
vllm-granite-3-3-8b-instruct,cluster_llm_all,cluster,llm_all,213,5,0,5,1,1.0,1.0,0.3239,0.3239,0.3239,1,0
vllm-granite-3-3-8b-instruct,cluster_llm_all,cluster,llm_all,214,5,0,5,1,1.0,1.0,0.4027,0.4027,0.4027,1,0
vllm-granite-3-3-8b-instruct,cluster_llm_all,cluster,llm_all,300,5,0,5,1,1.0,1.0,-0.0053,-0.0053,-0.0053,1,1
vllm-granite-3-3-8b-instruct,cluster_llm_all,cluster,llm_all,301,5,0,5,1,1.0,1.0,-0.0924,-0.0924,-0.0924,1,0
vllm-granite-3-3-8b-instruct,cluster_llm_all,cluster,llm_all,302,5,0,5,1,1.0,1.0,-0.0039,-0.0039,-0.0039,1,0
vllm-granite-3-3-8b-instruct,cluster_llm_all,cluster,llm_all,303,5,0,5,1,1.0,1.0,-0.0036,-0.0036,-0.0036,1,0
vllm-granite-3-3-8b-instruct,cluster_llm_all,cluster,llm_all,304,5,0,5,1,1.0,1.0,0.036,0.036,0.036,1,1
vllm-granite-3-3-8b-instruct,cluster_llm_all,cluster,llm_all,305,5,0,5,1,1.0,1.0,0.2381,0.2381,0.23810000000000003,1,0
vllm-granite-3-3-8b-instruct,cluster_llm_all,cluster,llm_all,306,5,0,5,1,1.0,1.0,-0.1951,-0.1951,-0.1951,1,0
vllm-granite-3-3-8b-instruct,cluster_llm_all,cluster,llm_all,307,5,0,5,1,1.0,1.0,0.1818,0.1818,0.1818,1,0
vllm-granite-3-3-8b-instruct,cluster_llm_all,cluster,llm_all,308,5,0,5,1,1.0,1.0,-0.12,-0.12,-0.12,1,0
vllm-granite-3-3-8b-instruct,cluster_llm_all,cluster,llm_all,309,5,0,5,1,1.0,1.0,-0.1667,-0.1667,-0.1667,1,0
vllm-granite-3-3-8b-instruct,cluster_llm_all,cluster,llm_all,310,5,0,5,1,1.0,1.0,-0.1667,-0.1667,-0.1667,1,0
vllm-granite-3-3-8b-instruct,cluster_llm_all,cluster,llm_all,311,5,0,5,1,1.0,1.0,0.2804,0.2804,0.2804,1,0
vllm-granite-3-3-8b-instruct,cluster_llm_all,cluster,llm_all,312,5,0,5,2,0.4,0.4,-0.1607,-0.1364,-0.14612,1,1
vllm-granite-3-3-8b-instruct,cluster_llm_all,cluster,llm_all,313,5,0,5,2,0.6,0.6,-0.1077,0.2623,0.18829999999999997,1,1
vllm-granite-3-3-8b-instruct,cluster_llm_all,cluster,llm_all,314,5,0,5,1,1.0,1.0,-0.2174,-0.2174,-0.21739999999999998,1,0
vllm-granite-3-3-8b-instruct,cluster_llm_one,cluster,llm_one,100,5,5,0,0,nan,1.0,,,,0,0
vllm-granite-3-3-8b-instruct,cluster_llm_one,cluster,llm_one,101,5,5,0,0,nan,1.0,,,,0,0
vllm-granite-3-3-8b-instruct,cluster_llm_one,cluster,llm_one,102,5,5,0,0,nan,1.0,,,,0,0
vllm-granite-3-3-8b-instruct,cluster_llm_one,cluster,llm_one,103,5,5,0,0,nan,1.0,,,,0,0
vllm-granite-3-3-8b-instruct,cluster_llm_one,cluster,llm_one,104,5,5,0,0,nan,1.0,,,,0,0
vllm-granite-3-3-8b-instruct,cluster_llm_one,cluster,llm_one,105,5,0,5,2,0.4,0.4,0.1893,0.3129,0.23874,20,4
vllm-granite-3-3-8b-instruct,cluster_llm_one,cluster,llm_one,106,5,0,5,1,1.0,1.0,0.1502,0.1502,0.1502,20,0
vllm-granite-3-3-8b-instruct,cluster_llm_one,cluster,llm_one,107,5,5,0,0,nan,1.0,,,,0,0
vllm-granite-3-3-8b-instruct,cluster_llm_one,cluster,llm_one,108,5,5,0,0,nan,1.0,,,,0,0
vllm-granite-3-3-8b-instruct,cluster_llm_one,cluster,llm_one,109,5,0,5,5,0.0,0.0,0.0215,0.3867,0.10378000000000001,1,1
vllm-granite-3-3-8b-instruct,cluster_llm_one,cluster,llm_one,110,5,5,0,0,nan,1.0,,,,0,0
vllm-granite-3-3-8b-instruct,cluster_llm_one,cluster,llm_one,111,5,0,5,1,1.0,1.0,1.0,1.0,1.0,5,1
vllm-granite-3-3-8b-instruct,cluster_llm_one,cluster,llm_one,112,5,5,0,0,nan,1.0,,,,0,0
vllm-granite-3-3-8b-instruct,cluster_llm_one,cluster,llm_one,113,5,5,0,0,nan,1.0,,,,0,0
vllm-granite-3-3-8b-instruct,cluster_llm_one,cluster,llm_one,114,5,5,0,0,nan,1.0,,,,0,0
vllm-granite-3-3-8b-instruct,cluster_llm_one,cluster,llm_one,115,5,0,5,2,0.6,0.6,0.8943,1.0,0.9788600000000001,2,1
vllm-granite-3-3-8b-instruct,cluster_llm_one,cluster,llm_one,116,5,0,5,2,0.4,0.4,0.8721,1.0,0.94884,21,1
vllm-granite-3-3-8b-instruct,cluster_llm_one,cluster,llm_one,117,5,5,0,0,nan,1.0,,,,0,0
vllm-granite-3-3-8b-instruct,cluster_llm_one,cluster,llm_one,118,5,5,0,0,nan,1.0,,,,0,0
vllm-granite-3-3-8b-instruct,cluster_llm_one,cluster,llm_one,119,5,5,0,0,nan,1.0,,,,0,0
vllm-granite-3-3-8b-instruct,cluster_llm_one,cluster,llm_one,120,5,5,0,0,nan,1.0,,,,0,0
vllm-granite-3-3-8b-instruct,cluster_llm_one,cluster,llm_one,121,5,5,0,0,nan,1.0,,,,0,0
vllm-granite-3-3-8b-instruct,cluster_llm_one,cluster,llm_one,122,5,0,5,1,1.0,1.0,0.0465,0.0465,0.0465,30,0
vllm-granite-3-3-8b-instruct,cluster_llm_one,cluster,llm_one,123,5,5,0,0,nan,1.0,,,,0,0
vllm-granite-3-3-8b-instruct,cluster_llm_one,cluster,llm_one,124,5,5,0,0,nan,1.0,,,,0,0
vllm-granite-3-3-8b-instruct,cluster_llm_one,cluster,llm_one,125,5,5,0,0,nan,1.0,,,,0,0
vllm-granite-3-3-8b-instruct,cluster_llm_one,cluster,llm_one,126,5,5,0,0,nan,1.0,,,,0,0
vllm-granite-3-3-8b-instruct,cluster_llm_one,cluster,llm_one,127,5,2,3,1,1.0,0.4,1.0,1.0,1.0,20,4
vllm-granite-3-3-8b-instruct,cluster_llm_one,cluster,llm_one,128,5,5,0,0,nan,1.0,,,,0,0
vllm-granite-3-3-8b-instruct,cluster_llm_one,cluster,llm_one,129,5,0,5,4,0.1,0.1,0.0375,0.2311,0.08618,1,1
vllm-granite-3-3-8b-instruct,cluster_llm_one,cluster,llm_one,200,5,5,0,0,nan,1.0,,,,0,0
vllm-granite-3-3-8b-instruct,cluster_llm_one,cluster,llm_one,201,5,5,0,0,nan,1.0,,,,0,0
vllm-granite-3-3-8b-instruct,cluster_llm_one,cluster,llm_one,202,5,5,0,0,nan,1.0,,,,0,0
vllm-granite-3-3-8b-instruct,cluster_llm_one,cluster,llm_one,203,5,0,5,1,1.0,1.0,0.0,0.0,0.0,9,0
vllm-granite-3-3-8b-instruct,cluster_llm_one,cluster,llm_one,204,5,5,0,0,nan,1.0,,,,0,0
vllm-granite-3-3-8b-instruct,cluster_llm_one,cluster,llm_one,205,5,0,5,1,1.0,1.0,0.2136,0.2136,0.2136,12,0
vllm-granite-3-3-8b-instruct,cluster_llm_one,cluster,llm_one,206,5,1,4,1,1.0,0.6,0.0,0.0,0.0,22,0
vllm-granite-3-3-8b-instruct,cluster_llm_one,cluster,llm_one,207,5,5,0,0,nan,1.0,,,,0,0
vllm-granite-3-3-8b-instruct,cluster_llm_one,cluster,llm_one,208,5,5,0,0,nan,1.0,,,,0,0
vllm-granite-3-3-8b-instruct,cluster_llm_one,cluster,llm_one,209,5,5,0,0,nan,1.0,,,,0,0
vllm-granite-3-3-8b-instruct,cluster_llm_one,cluster,llm_one,210,5,5,0,0,nan,1.0,,,,0,0
vllm-granite-3-3-8b-instruct,cluster_llm_one,cluster,llm_one,211,5,0,5,1,1.0,1.0,0.0925,0.0925,0.0925,21,0
vllm-granite-3-3-8b-instruct,cluster_llm_one,cluster,llm_one,212,5,5,0,0,nan,1.0,,,,0,0
vllm-granite-3-3-8b-instruct,cluster_llm_one,cluster,llm_one,213,5,5,0,0,nan,1.0,,,,0,0
vllm-granite-3-3-8b-instruct,cluster_llm_one,cluster,llm_one,214,5,5,0,0,nan,1.0,,,,0,0
vllm-granite-3-3-8b-instruct,cluster_llm_one,cluster,llm_one,300,5,5,0,0,nan,1.0,,,,0,0
vllm-granite-3-3-8b-instruct,cluster_llm_one,cluster,llm_one,301,5,0,5,1,1.0,1.0,-0.0721,-0.0721,-0.0721,15,0
vllm-granite-3-3-8b-instruct,cluster_llm_one,cluster,llm_one,302,5,5,0,0,nan,1.0,,,,0,0
vllm-granite-3-3-8b-instruct,cluster_llm_one,cluster,llm_one,303,5,0,5,2,0.4,0.4,-0.0443,0.0011,-0.01706,16,1
vllm-granite-3-3-8b-instruct,cluster_llm_one,cluster,llm_one,304,5,5,0,0,nan,1.0,,,,0,0
vllm-granite-3-3-8b-instruct,cluster_llm_one,cluster,llm_one,305,5,0,5,1,1.0,1.0,-0.1818,-0.1818,-0.1818,8,0
vllm-granite-3-3-8b-instruct,cluster_llm_one,cluster,llm_one,306,5,0,5,2,0.4,0.4,-0.2353,-0.1951,-0.21922000000000003,6,1
vllm-granite-3-3-8b-instruct,cluster_llm_one,cluster,llm_one,307,5,0,5,1,1.0,1.0,-0.0435,-0.0435,-0.0435,1,1
vllm-granite-3-3-8b-instruct,cluster_llm_one,cluster,llm_one,308,5,0,5,1,1.0,1.0,-0.0829,-0.0829,-0.0829,8,0
vllm-granite-3-3-8b-instruct,cluster_llm_one,cluster,llm_one,309,5,0,5,1,1.0,1.0,-0.1667,-0.1667,-0.1667,1,1
vllm-granite-3-3-8b-instruct,cluster_llm_one,cluster,llm_one,310,5,0,5,1,1.0,1.0,-0.1667,-0.1667,-0.1667,1,1
vllm-granite-3-3-8b-instruct,cluster_llm_one,cluster,llm_one,311,5,0,5,2,0.6,0.6,0.0201,0.0855,0.03318,6,1
vllm-granite-3-3-8b-instruct,cluster_llm_one,cluster,llm_one,312,5,2,3,1,1.0,0.4,0.1216,0.1216,0.1216,11,0
vllm-granite-3-3-8b-instruct,cluster_llm_one,cluster,llm_one,313,5,0,5,2,0.4,0.4,-0.0112,0.0,-0.00448,2,1
vllm-granite-3-3-8b-instruct,cluster_llm_one,cluster,llm_one,314,5,0,5,1,1.0,1.0,0.0439,0.0439,0.0439,7,1
vllm-granite-3-3-8b-instruct,impute_llm_all,impute,llm_all,100,5,0,5,1,1.0,1.0,0.5625,0.5625,0.5625,1,0
vllm-granite-3-3-8b-instruct,impute_llm_all,impute,llm_all,101,5,0,5,2,0.6,0.6,0.1667,0.25,0.18336,1,1
vllm-granite-3-3-8b-instruct,impute_llm_all,impute,llm_all,102,5,0,5,4,0.1,0.1,0.2812,0.3125,0.29372,1,1
vllm-granite-3-3-8b-instruct,impute_llm_all,impute,llm_all,103,5,0,5,4,0.1,0.1,0.1,0.15,0.11000000000000001,1,1
vllm-granite-3-3-8b-instruct,impute_llm_all,impute,llm_all,104,5,0,5,1,1.0,1.0,1.0,1.0,1.0,1,0
vllm-granite-3-3-8b-instruct,impute_llm_all,impute,llm_all,105,5,0,5,1,1.0,1.0,0.8667,0.8667,0.8667,1,0
vllm-granite-3-3-8b-instruct,impute_llm_all,impute,llm_all,106,5,5,0,0,nan,1.0,,,,0,0
vllm-granite-3-3-8b-instruct,impute_llm_all,impute,llm_all,107,5,5,0,0,nan,1.0,,,,0,0
vllm-granite-3-3-8b-instruct,impute_llm_all,impute,llm_all,108,5,0,5,2,0.4,0.4,0.75,0.75,0.75,1,1
vllm-granite-3-3-8b-instruct,impute_llm_all,impute,llm_all,109,5,0,5,2,0.6,0.6,0.0,0.0,0.0,1,1
vllm-granite-3-3-8b-instruct,impute_llm_all,impute,llm_all,110,5,0,5,1,1.0,1.0,0.0,0.0,0.0,1,0
vllm-granite-3-3-8b-instruct,impute_llm_all,impute,llm_all,111,5,0,5,1,1.0,1.0,0.75,0.75,0.75,1,0
vllm-granite-3-3-8b-instruct,impute_llm_all,impute,llm_all,112,5,0,5,1,1.0,1.0,0.6,0.6,0.6,1,0
vllm-granite-3-3-8b-instruct,impute_llm_all,impute,llm_all,113,5,0,5,1,1.0,1.0,1.0,1.0,1.0,1,0
vllm-granite-3-3-8b-instruct,impute_llm_all,impute,llm_all,114,5,0,5,5,0.0,0.0,0.0,0.0,0.0,1,1
vllm-granite-3-3-8b-instruct,impute_llm_all,impute,llm_all,115,5,0,5,1,1.0,1.0,1.0,1.0,1.0,1,0
vllm-granite-3-3-8b-instruct,impute_llm_all,impute,llm_all,116,5,0,5,2,0.4,0.4,0.0,0.0,0.0,1,1
vllm-granite-3-3-8b-instruct,impute_llm_all,impute,llm_all,117,5,0,5,2,0.6,0.6,0.0,0.0,0.0,1,1
vllm-granite-3-3-8b-instruct,impute_llm_all,impute,llm_all,118,5,0,5,2,0.6,0.6,0.0,0.0,0.0,1,1
vllm-granite-3-3-8b-instruct,impute_llm_all,impute,llm_all,119,5,0,5,3,0.3,0.3,0.0,0.0,0.0,1,1
vllm-granite-3-3-8b-instruct,impute_llm_all,impute,llm_all,120,5,0,5,1,1.0,1.0,0.7857,0.7857,0.7857,1,0
vllm-granite-3-3-8b-instruct,impute_llm_all,impute,llm_all,121,5,0,5,1,1.0,1.0,1.0,1.0,1.0,1,1
vllm-granite-3-3-8b-instruct,impute_llm_all,impute,llm_all,122,5,0,5,1,1.0,1.0,0.5,0.5,0.5,1,0
vllm-granite-3-3-8b-instruct,impute_llm_all,impute,llm_all,123,5,0,5,1,1.0,1.0,0.8125,0.8125,0.8125,1,0
vllm-granite-3-3-8b-instruct,impute_llm_all,impute,llm_all,124,5,0,5,1,1.0,1.0,1.0,1.0,1.0,1,1
vllm-granite-3-3-8b-instruct,impute_llm_all,impute,llm_all,125,5,0,5,2,0.6,0.6,0.0,0.0,0.0,1,1
vllm-granite-3-3-8b-instruct,impute_llm_all,impute,llm_all,126,5,0,5,1,1.0,1.0,0.0,0.0,0.0,1,0
vllm-granite-3-3-8b-instruct,impute_llm_all,impute,llm_all,127,5,0,5,1,1.0,1.0,0.0,0.0,0.0,1,0
vllm-granite-3-3-8b-instruct,impute_llm_all,impute,llm_all,128,5,0,5,1,1.0,1.0,0.5,0.5,0.5,1,0
vllm-granite-3-3-8b-instruct,impute_llm_all,impute,llm_all,129,5,0,5,1,1.0,1.0,0.25,0.25,0.25,1,0
vllm-granite-3-3-8b-instruct,impute_llm_all,impute,llm_all,200,5,5,0,0,nan,1.0,,,,0,0
vllm-granite-3-3-8b-instruct,impute_llm_all,impute,llm_all,201,5,0,5,5,0.0,0.0,0.1111,0.1111,0.1111,1,1
vllm-granite-3-3-8b-instruct,impute_llm_all,impute,llm_all,202,5,0,5,4,0.1,0.1,0.63,0.64,0.638,1,1
vllm-granite-3-3-8b-instruct,impute_llm_all,impute,llm_all,203,5,0,5,3,0.2,0.2,0.7,0.72,0.712,1,1
vllm-granite-3-3-8b-instruct,impute_llm_all,impute,llm_all,204,5,0,5,3,0.3,0.3,0.02,0.02,0.02,1,1
vllm-granite-3-3-8b-instruct,impute_llm_all,impute,llm_all,205,5,0,5,5,0.0,0.0,0.0,0.0,0.0,1,1
vllm-granite-3-3-8b-instruct,impute_llm_all,impute,llm_all,206,5,0,5,2,0.6,0.6,0.92,0.94,0.924,1,1
vllm-granite-3-3-8b-instruct,impute_llm_all,impute,llm_all,207,5,0,5,5,0.0,0.0,0.1607,0.25,0.20712000000000003,1,1
vllm-granite-3-3-8b-instruct,impute_llm_all,impute,llm_all,208,5,0,5,4,0.1,0.1,0.08,0.08,0.08,1,1
vllm-granite-3-3-8b-instruct,impute_llm_all,impute,llm_all,209,5,0,5,2,0.4,0.4,0.9,0.92,0.908,1,1
vllm-granite-3-3-8b-instruct,impute_llm_all,impute,llm_all,210,5,0,5,1,1.0,1.0,0.5714,0.5714,0.5714,1,0
vllm-granite-3-3-8b-instruct,impute_llm_all,impute,llm_all,211,5,0,5,1,1.0,1.0,0.0,0.0,0.0,1,0
vllm-granite-3-3-8b-instruct,impute_llm_all,impute,llm_all,212,5,0,5,2,0.4,0.4,0.0,0.0,0.0,1,1
vllm-granite-3-3-8b-instruct,impute_llm_all,impute,llm_all,213,5,0,5,3,0.3,0.3,0.0,0.0,0.0,1,1
vllm-granite-3-3-8b-instruct,impute_llm_all,impute,llm_all,214,5,0,5,1,1.0,1.0,0.0,0.0,0.0,1,0
vllm-granite-3-3-8b-instruct,impute_llm_all,impute,llm_all,215,5,0,5,1,1.0,1.0,1.0,1.0,1.0,1,1
vllm-granite-3-3-8b-instruct,impute_llm_all,impute,llm_all,216,5,0,5,1,1.0,1.0,0.8571,0.8571,0.8571,1,0
vllm-granite-3-3-8b-instruct,impute_llm_all,impute,llm_all,217,5,0,5,1,1.0,1.0,0.9189,0.9189,0.9189,1,0
vllm-granite-3-3-8b-instruct,impute_llm_all,impute,llm_all,218,5,0,5,1,1.0,1.0,1.0,1.0,1.0,1,0
vllm-granite-3-3-8b-instruct,impute_llm_all,impute,llm_all,219,5,0,5,1,1.0,1.0,1.0,1.0,1.0,1,0
vllm-granite-3-3-8b-instruct,impute_llm_all,impute,llm_all,220,5,0,5,5,0.0,0.0,0.6667,0.7121,0.6969799999999999,1,1
vllm-granite-3-3-8b-instruct,impute_llm_all,impute,llm_all,221,5,0,5,5,0.0,0.0,0.0043,0.013,0.006039999999999999,1,1
vllm-granite-3-3-8b-instruct,impute_llm_all,impute,llm_all,222,5,0,5,4,0.1,0.1,0.0,0.0,0.0,1,1
vllm-granite-3-3-8b-instruct,impute_llm_all,impute,llm_all,223,5,0,5,2,0.4,0.4,0.6154,0.6154,0.6154,1,1
vllm-granite-3-3-8b-instruct,impute_llm_all,impute,llm_all,224,5,0,5,1,1.0,1.0,0.1429,0.1429,0.1429,1,0
vllm-granite-3-3-8b-instruct,impute_llm_all,impute,llm_all,225,5,0,5,1,1.0,1.0,0.0,0.0,0.0,1,0
vllm-granite-3-3-8b-instruct,impute_llm_all,impute,llm_all,226,5,0,5,1,1.0,1.0,1.0,1.0,1.0,1,0
vllm-granite-3-3-8b-instruct,impute_llm_all,impute,llm_all,227,5,0,5,4,0.1,0.1,0.9048,0.9524,0.9301600000000001,1,1
vllm-granite-3-3-8b-instruct,impute_llm_all,impute,llm_all,228,5,5,0,0,nan,1.0,,,,0,0
vllm-granite-3-3-8b-instruct,impute_llm_all,impute,llm_all,229,5,5,0,0,nan,1.0,,,,0,0
vllm-granite-3-3-8b-instruct,impute_llm_all,impute,llm_all,300,5,0,5,1,1.0,1.0,0.4,0.4,0.4,1,0
vllm-granite-3-3-8b-instruct,impute_llm_all,impute,llm_all,301,5,0,5,1,1.0,1.0,0.2,0.2,0.2,1,0
vllm-granite-3-3-8b-instruct,impute_llm_all,impute,llm_all,302,5,0,5,1,1.0,1.0,0.5,0.5,0.5,1,0
vllm-granite-3-3-8b-instruct,impute_llm_all,impute,llm_all,303,5,0,5,1,1.0,1.0,0.375,0.375,0.375,1,0
vllm-granite-3-3-8b-instruct,impute_llm_all,impute,llm_all,304,5,0,5,1,1.0,1.0,0.0,0.0,0.0,1,1
vllm-granite-3-3-8b-instruct,impute_llm_all,impute,llm_all,305,5,0,5,1,1.0,1.0,0.3333,0.3333,0.3333,1,0
vllm-granite-3-3-8b-instruct,impute_llm_all,impute,llm_all,306,5,0,5,1,1.0,1.0,0.2,0.2,0.2,1,0
vllm-granite-3-3-8b-instruct,impute_llm_all,impute,llm_all,307,5,0,5,2,0.6,0.6,0.25,0.25,0.25,1,1
vllm-granite-3-3-8b-instruct,impute_llm_all,impute,llm_all,308,5,0,5,1,1.0,1.0,0.25,0.25,0.25,1,0
vllm-granite-3-3-8b-instruct,impute_llm_all,impute,llm_all,309,5,0,5,2,0.6,0.6,0.25,0.25,0.25,1,1
vllm-granite-3-3-8b-instruct,impute_llm_all,impute,llm_all,310,5,0,5,1,1.0,1.0,0.125,0.125,0.125,1,0
vllm-granite-3-3-8b-instruct,impute_llm_all,impute,llm_all,311,5,0,5,1,1.0,1.0,0.2,0.2,0.2,1,0
vllm-granite-3-3-8b-instruct,impute_llm_all,impute,llm_all,312,5,0,5,1,1.0,1.0,0.2,0.2,0.2,1,0
vllm-granite-3-3-8b-instruct,impute_llm_all,impute,llm_all,313,5,0,5,1,1.0,1.0,0.4,0.4,0.4,1,0
vllm-granite-3-3-8b-instruct,impute_llm_all,impute,llm_all,314,5,0,5,1,1.0,1.0,0.4,0.4,0.4,1,0
vllm-granite-3-3-8b-instruct,impute_llm_one,impute,llm_one,100,5,5,0,0,nan,1.0,,,,0,0
vllm-granite-3-3-8b-instruct,impute_llm_one,impute,llm_one,101,5,5,0,0,nan,1.0,,,,0,0
vllm-granite-3-3-8b-instruct,impute_llm_one,impute,llm_one,102,5,5,0,0,nan,1.0,,,,0,0
vllm-granite-3-3-8b-instruct,impute_llm_one,impute,llm_one,103,5,5,0,0,nan,1.0,,,,0,0
vllm-granite-3-3-8b-instruct,impute_llm_one,impute,llm_one,104,5,5,0,0,nan,1.0,,,,0,0
vllm-granite-3-3-8b-instruct,impute_llm_one,impute,llm_one,105,5,0,5,5,0.0,0.0,0.2444,0.2444,0.2444,32,14
vllm-granite-3-3-8b-instruct,impute_llm_one,impute,llm_one,106,5,5,0,0,nan,1.0,,,,0,0
vllm-granite-3-3-8b-instruct,impute_llm_one,impute,llm_one,107,5,5,0,0,nan,1.0,,,,0,0
vllm-granite-3-3-8b-instruct,impute_llm_one,impute,llm_one,108,5,5,0,0,nan,1.0,,,,0,0
vllm-granite-3-3-8b-instruct,impute_llm_one,impute,llm_one,109,5,0,5,2,0.4,0.4,0.0,0.0,0.0,6,1
vllm-granite-3-3-8b-instruct,impute_llm_one,impute,llm_one,110,5,5,0,0,nan,1.0,,,,0,0
vllm-granite-3-3-8b-instruct,impute_llm_one,impute,llm_one,111,5,5,0,0,nan,1.0,,,,0,0
vllm-granite-3-3-8b-instruct,impute_llm_one,impute,llm_one,112,5,0,5,1,1.0,1.0,0.6,0.6,0.6,5,0
vllm-granite-3-3-8b-instruct,impute_llm_one,impute,llm_one,113,5,0,5,1,1.0,1.0,0.1667,0.1667,0.1667,6,0
vllm-granite-3-3-8b-instruct,impute_llm_one,impute,llm_one,114,5,0,5,4,0.1,0.1,0.0,0.0,0.0,6,3
vllm-granite-3-3-8b-instruct,impute_llm_one,impute,llm_one,115,5,0,5,1,1.0,1.0,1.0,1.0,1.0,6,0
vllm-granite-3-3-8b-instruct,impute_llm_one,impute,llm_one,116,5,5,0,0,nan,1.0,,,,0,0
vllm-granite-3-3-8b-instruct,impute_llm_one,impute,llm_one,117,5,4,1,1,nan,0.6,0.1667,0.1667,0.1667,0,0
vllm-granite-3-3-8b-instruct,impute_llm_one,impute,llm_one,118,5,5,0,0,nan,1.0,,,,0,0
vllm-granite-3-3-8b-instruct,impute_llm_one,impute,llm_one,119,5,5,0,0,nan,1.0,,,,0,0
vllm-granite-3-3-8b-instruct,impute_llm_one,impute,llm_one,120,5,0,5,1,1.0,1.0,0.7857,0.7857,0.7857,13,5
vllm-granite-3-3-8b-instruct,impute_llm_one,impute,llm_one,121,5,0,5,1,1.0,1.0,0.9,0.9,0.9,9,4
vllm-granite-3-3-8b-instruct,impute_llm_one,impute,llm_one,122,5,0,5,1,1.0,1.0,0.0,0.0,0.0,6,1
vllm-granite-3-3-8b-instruct,impute_llm_one,impute,llm_one,123,5,5,0,0,nan,1.0,,,,0,0
vllm-granite-3-3-8b-instruct,impute_llm_one,impute,llm_one,124,5,5,0,0,nan,1.0,,,,0,0
vllm-granite-3-3-8b-instruct,impute_llm_one,impute,llm_one,125,5,5,0,0,nan,1.0,,,,0,0
vllm-granite-3-3-8b-instruct,impute_llm_one,impute,llm_one,126,5,5,0,0,nan,1.0,,,,0,0
vllm-granite-3-3-8b-instruct,impute_llm_one,impute,llm_one,127,5,5,0,0,nan,1.0,,,,0,0
vllm-granite-3-3-8b-instruct,impute_llm_one,impute,llm_one,128,5,0,5,1,1.0,1.0,0.7,0.7,0.7,9,0
vllm-granite-3-3-8b-instruct,impute_llm_one,impute,llm_one,129,5,0,5,1,1.0,1.0,0.25,0.25,0.25,7,0
vllm-granite-3-3-8b-instruct,impute_llm_one,impute,llm_one,200,5,0,5,3,0.2,0.2,0.85,0.875,0.865,40,2
vllm-granite-3-3-8b-instruct,impute_llm_one,impute,llm_one,201,5,5,0,0,nan,1.0,,,,0,0
vllm-granite-3-3-8b-instruct,impute_llm_one,impute,llm_one,202,5,0,5,3,0.3,0.3,0.6,0.61,0.608,100,2
vllm-granite-3-3-8b-instruct,impute_llm_one,impute,llm_one,203,5,5,0,0,nan,1.0,,,,0,0
vllm-granite-3-3-8b-instruct,impute_llm_one,impute,llm_one,204,5,5,0,0,nan,1.0,,,,0,0
vllm-granite-3-3-8b-instruct,impute_llm_one,impute,llm_one,205,5,5,0,0,nan,1.0,,,,0,0
vllm-granite-3-3-8b-instruct,impute_llm_one,impute,llm_one,206,5,0,5,1,1.0,1.0,0.96,0.96,0.96,50,14
vllm-granite-3-3-8b-instruct,impute_llm_one,impute,llm_one,207,5,0,5,5,0.0,0.0,0.1607,0.1786,0.16428,56,11
vllm-granite-3-3-8b-instruct,impute_llm_one,impute,llm_one,208,5,0,5,5,0.0,0.0,0.26,0.32,0.296,50,5
vllm-granite-3-3-8b-instruct,impute_llm_one,impute,llm_one,209,5,5,0,0,nan,1.0,,,,0,0
vllm-granite-3-3-8b-instruct,impute_llm_one,impute,llm_one,210,5,0,5,1,1.0,1.0,0.5714,0.5714,0.5714,21,0
vllm-granite-3-3-8b-instruct,impute_llm_one,impute,llm_one,211,5,0,5,4,0.1,0.1,0.1154,0.1154,0.11539999999999999,26,4
vllm-granite-3-3-8b-instruct,impute_llm_one,impute,llm_one,212,5,0,5,4,0.1,0.1,0.0,0.0,0.0,30,10
vllm-granite-3-3-8b-instruct,impute_llm_one,impute,llm_one,213,5,0,5,5,0.0,0.0,0.0,0.0,0.0,29,18
vllm-granite-3-3-8b-instruct,impute_llm_one,impute,llm_one,214,5,5,0,0,nan,1.0,,,,0,0
vllm-granite-3-3-8b-instruct,impute_llm_one,impute,llm_one,215,5,0,5,1,1.0,1.0,1.0,1.0,1.0,30,0
vllm-granite-3-3-8b-instruct,impute_llm_one,impute,llm_one,216,5,0,5,1,1.0,1.0,0.8571,0.8571,0.8571,7,0
vllm-granite-3-3-8b-instruct,impute_llm_one,impute,llm_one,217,5,0,5,2,0.6,0.6,0.8649,0.8649,0.8649000000000001,37,17
vllm-granite-3-3-8b-instruct,impute_llm_one,impute,llm_one,218,5,0,5,1,1.0,1.0,1.0,1.0,1.0,42,8
vllm-granite-3-3-8b-instruct,impute_llm_one,impute,llm_one,219,5,0,5,1,1.0,1.0,1.0,1.0,1.0,42,0
vllm-granite-3-3-8b-instruct,impute_llm_one,impute,llm_one,220,5,5,0,0,nan,1.0,,,,0,0
vllm-granite-3-3-8b-instruct,impute_llm_one,impute,llm_one,221,5,0,5,4,0.1,0.1,0.8442,0.8528,0.84764,231,4
vllm-granite-3-3-8b-instruct,impute_llm_one,impute,llm_one,222,5,0,5,5,0.0,0.0,0.0,0.0,0.0,25,23
vllm-granite-3-3-8b-instruct,impute_llm_one,impute,llm_one,223,5,5,0,0,nan,1.0,,,,0,0
vllm-granite-3-3-8b-instruct,impute_llm_one,impute,llm_one,224,5,0,5,1,1.0,1.0,0.119,0.119,0.119,42,13
vllm-granite-3-3-8b-instruct,impute_llm_one,impute,llm_one,225,5,0,5,3,0.2,0.2,0.0,0.0,0.0,24,2
vllm-granite-3-3-8b-instruct,impute_llm_one,impute,llm_one,226,5,0,5,1,1.0,1.0,0.9333,0.9333,0.9333,30,0
vllm-granite-3-3-8b-instruct,impute_llm_one,impute,llm_one,227,5,1,4,2,0.3333333333333333,0.2,0.9365,0.9365,0.9365,63,2
vllm-granite-3-3-8b-instruct,impute_llm_one,impute,llm_one,228,5,5,0,0,nan,1.0,,,,0,0
vllm-granite-3-3-8b-instruct,impute_llm_one,impute,llm_one,229,5,5,0,0,nan,1.0,,,,0,0
vllm-granite-3-3-8b-instruct,match_llm_all,match,llm_all,100,5,0,5,1,1.0,1.0,1.0,1.0,1.0,1,0
vllm-granite-3-3-8b-instruct,match_llm_all,match,llm_all,101,5,5,0,0,nan,1.0,,,,0,0
vllm-granite-3-3-8b-instruct,match_llm_all,match,llm_all,102,5,5,0,0,nan,1.0,,,,0,0
vllm-granite-3-3-8b-instruct,match_llm_all,match,llm_all,103,5,5,0,0,nan,1.0,,,,0,0
vllm-granite-3-3-8b-instruct,match_llm_all,match,llm_all,104,5,5,0,0,nan,1.0,,,,0,0
vllm-granite-3-3-8b-instruct,match_llm_all,match,llm_all,105,5,0,5,2,0.4,0.4,0.8,0.9565,0.8939,1,1
vllm-granite-3-3-8b-instruct,match_llm_all,match,llm_all,106,5,0,5,1,1.0,1.0,0.9333,0.9333,0.9333,1,0
vllm-granite-3-3-8b-instruct,match_llm_all,match,llm_all,107,5,0,5,1,1.0,1.0,0.9286,0.9286,0.9286,1,0
vllm-granite-3-3-8b-instruct,match_llm_all,match,llm_all,108,5,5,0,0,nan,1.0,,,,0,0
vllm-granite-3-3-8b-instruct,match_llm_all,match,llm_all,109,5,5,0,0,nan,1.0,,,,0,0
vllm-granite-3-3-8b-instruct,match_llm_all,match,llm_all,110,5,0,5,1,1.0,1.0,0.0,0.0,0.0,1,1
vllm-granite-3-3-8b-instruct,match_llm_all,match,llm_all,111,5,0,5,1,1.0,1.0,0.0,0.0,0.0,1,0
vllm-granite-3-3-8b-instruct,match_llm_all,match,llm_all,112,5,0,5,1,1.0,1.0,0.4,0.4,0.4,1,0
vllm-granite-3-3-8b-instruct,match_llm_all,match,llm_all,113,5,5,0,0,nan,1.0,,,,0,0
vllm-granite-3-3-8b-instruct,match_llm_all,match,llm_all,114,5,0,5,1,1.0,1.0,1.0,1.0,1.0,1,0
vllm-granite-3-3-8b-instruct,match_llm_all,match,llm_all,115,5,5,0,0,nan,1.0,,,,0,0
vllm-granite-3-3-8b-instruct,match_llm_all,match,llm_all,116,5,0,5,1,1.0,1.0,0.625,0.625,0.625,1,0
vllm-granite-3-3-8b-instruct,match_llm_all,match,llm_all,117,5,0,5,4,0.1,0.1,0.7073,0.8182,0.78224,1,1
vllm-granite-3-3-8b-instruct,match_llm_all,match,llm_all,118,5,0,5,1,1.0,1.0,1.0,1.0,1.0,1,0
vllm-granite-3-3-8b-instruct,match_llm_all,match,llm_all,119,5,5,0,0,nan,1.0,,,,0,0
vllm-granite-3-3-8b-instruct,match_llm_all,match,llm_all,120,5,5,0,0,nan,1.0,,,,0,0
vllm-granite-3-3-8b-instruct,match_llm_all,match,llm_all,121,5,0,5,1,1.0,1.0,0.8333,0.8333,0.8333,1,0
vllm-granite-3-3-8b-instruct,match_llm_all,match,llm_all,122,5,0,5,3,0.3,0.3,0.029,0.5,0.12350000000000001,1,1
vllm-granite-3-3-8b-instruct,match_llm_all,match,llm_all,123,5,5,0,0,nan,1.0,,,,0,0
vllm-granite-3-3-8b-instruct,match_llm_all,match,llm_all,124,5,5,0,0,nan,1.0,,,,0,0
vllm-granite-3-3-8b-instruct,match_llm_all,match,llm_all,125,5,5,0,0,nan,1.0,,,,0,0
vllm-granite-3-3-8b-instruct,match_llm_all,match,llm_all,126,5,5,0,0,nan,1.0,,,,0,0
vllm-granite-3-3-8b-instruct,match_llm_all,match,llm_all,127,5,5,0,0,nan,1.0,,,,0,0
vllm-granite-3-3-8b-instruct,match_llm_all,match,llm_all,128,5,5,0,0,nan,1.0,,,,0,0
vllm-granite-3-3-8b-instruct,match_llm_all,match,llm_all,129,5,5,0,0,nan,1.0,,,,0,0
vllm-granite-3-3-8b-instruct,match_llm_all,match,llm_all,200,5,0,5,2,0.6,0.6,0.0,0.4571,0.09142,1,1
vllm-granite-3-3-8b-instruct,match_llm_all,match,llm_all,201,5,0,5,4,0.1,0.1,0.375,0.8333,0.6636200000000001,1,1
vllm-granite-3-3-8b-instruct,match_llm_all,match,llm_all,202,5,0,5,1,1.0,1.0,0.5,0.5,0.5,1,0
vllm-granite-3-3-8b-instruct,match_llm_all,match,llm_all,203,5,0,5,1,1.0,1.0,1.0,1.0,1.0,1,0
vllm-granite-3-3-8b-instruct,match_llm_all,match,llm_all,204,5,0,5,1,1.0,1.0,0.5,0.5,0.5,1,0
vllm-granite-3-3-8b-instruct,match_llm_all,match,llm_all,205,5,0,5,1,1.0,1.0,0.0,0.0,0.0,1,0
vllm-granite-3-3-8b-instruct,match_llm_all,match,llm_all,206,5,0,5,1,1.0,1.0,1.0,1.0,1.0,1,0
vllm-granite-3-3-8b-instruct,match_llm_all,match,llm_all,207,5,0,5,1,1.0,1.0,0.9286,0.9286,0.9286,1,0
vllm-granite-3-3-8b-instruct,match_llm_all,match,llm_all,208,5,0,5,1,1.0,1.0,0.8571,0.8571,0.8571,1,1
vllm-granite-3-3-8b-instruct,match_llm_all,match,llm_all,209,5,0,5,2,0.6,0.6,0.8,0.8571,0.84568,1,1
vllm-granite-3-3-8b-instruct,match_llm_all,match,llm_all,210,5,0,5,1,1.0,1.0,0.8571,0.8571,0.8571,1,0
vllm-granite-3-3-8b-instruct,match_llm_all,match,llm_all,211,5,0,5,2,0.6,0.6,0.8649,0.9524,0.9349000000000001,1,1
vllm-granite-3-3-8b-instruct,match_llm_all,match,llm_all,212,5,0,5,2,0.4,0.4,0.7429,0.7778,0.75686,1,1
vllm-granite-3-3-8b-instruct,match_llm_all,match,llm_all,213,5,0,5,1,1.0,1.0,1.0,1.0,1.0,1,0
vllm-granite-3-3-8b-instruct,match_llm_all,match,llm_all,214,5,0,5,1,1.0,1.0,1.0,1.0,1.0,1,0
vllm-granite-3-3-8b-instruct,match_llm_all,match,llm_all,300,5,0,5,1,1.0,1.0,0.5,0.5,0.5,1,0
vllm-granite-3-3-8b-instruct,match_llm_all,match,llm_all,301,5,0,5,1,1.0,1.0,0.5,0.5,0.5,1,0
vllm-granite-3-3-8b-instruct,match_llm_all,match,llm_all,302,5,0,5,1,1.0,1.0,0.6667,0.6667,0.6667,1,0
vllm-granite-3-3-8b-instruct,match_llm_all,match,llm_all,303,5,0,5,1,1.0,1.0,0.4,0.4,0.4,1,0
vllm-granite-3-3-8b-instruct,match_llm_all,match,llm_all,304,5,0,5,1,1.0,1.0,0.3636,0.3636,0.3636,1,0
vllm-granite-3-3-8b-instruct,match_llm_all,match,llm_all,305,5,0,5,1,1.0,1.0,0.3226,0.3226,0.3226,1,0
vllm-granite-3-3-8b-instruct,match_llm_all,match,llm_all,306,5,0,5,1,1.0,1.0,0.3333,0.3333,0.3333,1,0
vllm-granite-3-3-8b-instruct,match_llm_all,match,llm_all,307,5,0,5,1,1.0,1.0,0.5714,0.5714,0.5714,1,0
vllm-granite-3-3-8b-instruct,match_llm_all,match,llm_all,308,5,0,5,1,1.0,1.0,1.0,1.0,1.0,1,0
vllm-granite-3-3-8b-instruct,match_llm_all,match,llm_all,309,5,0,5,1,1.0,1.0,0.2222,0.2222,0.2222,1,0
vllm-granite-3-3-8b-instruct,match_llm_all,match,llm_all,310,5,0,5,2,0.6,0.6,0.0,0.3333,0.06666,1,1
vllm-granite-3-3-8b-instruct,match_llm_all,match,llm_all,311,5,0,5,1,1.0,1.0,0.5455,0.5455,0.5455,1,0
vllm-granite-3-3-8b-instruct,match_llm_all,match,llm_all,312,5,0,5,1,1.0,1.0,0.8,0.8,0.8,1,0
vllm-granite-3-3-8b-instruct,match_llm_all,match,llm_all,313,5,0,5,1,1.0,1.0,0.75,0.75,0.75,1,0
vllm-granite-3-3-8b-instruct,match_llm_all,match,llm_all,314,5,0,5,1,1.0,1.0,0.1667,0.1667,0.1667,1,0
vllm-granite-3-3-8b-instruct,match_llm_one,match,llm_one,100,5,0,5,5,0.0,0.0,0.1417,0.1488,0.14498,85,8
vllm-granite-3-3-8b-instruct,match_llm_one,match,llm_one,101,5,0,5,4,0.1,0.1,0.7407,0.8333,0.7748,260,5
vllm-granite-3-3-8b-instruct,match_llm_one,match,llm_one,102,5,0,5,1,1.0,1.0,0.5333,0.5333,0.5333,92,0
vllm-granite-3-3-8b-instruct,match_llm_one,match,llm_one,103,5,0,5,5,0.0,0.0,0.1194,0.169,0.14506000000000002,160,6
vllm-granite-3-3-8b-instruct,match_llm_one,match,llm_one,104,5,0,5,4,0.1,0.1,0.2069,0.2222,0.2144,100,3
vllm-granite-3-3-8b-instruct,match_llm_one,match,llm_one,105,5,0,5,1,1.0,1.0,0.5,0.5,0.5,168,0
vllm-granite-3-3-8b-instruct,match_llm_one,match,llm_one,106,5,0,5,1,1.0,1.0,0.6,0.6,0.6,144,0
vllm-granite-3-3-8b-instruct,match_llm_one,match,llm_one,107,5,0,5,5,0.0,0.0,0.4348,0.4545,0.44656,154,4
vllm-granite-3-3-8b-instruct,match_llm_one,match,llm_one,108,5,0,5,5,0.0,0.0,0.2295,0.2414,0.23658,336,8
vllm-granite-3-3-8b-instruct,match_llm_one,match,llm_one,109,5,0,5,5,0.0,0.0,0.2976,0.3195,0.31273999999999996,144,5
vllm-granite-3-3-8b-instruct,match_llm_one,match,llm_one,110,5,0,5,1,1.0,1.0,0.3333,0.3333,0.3333,144,0
vllm-granite-3-3-8b-instruct,match_llm_one,match,llm_one,111,5,0,5,1,1.0,1.0,0.0,0.0,0.0,96,0
vllm-granite-3-3-8b-instruct,match_llm_one,match,llm_one,112,5,0,5,1,1.0,1.0,1.0,1.0,1.0,2,0
vllm-granite-3-3-8b-instruct,match_llm_one,match,llm_one,113,5,5,0,0,nan,1.0,,,,0,0
vllm-granite-3-3-8b-instruct,match_llm_one,match,llm_one,114,5,0,5,1,1.0,1.0,1.0,1.0,1.0,117,0
vllm-granite-3-3-8b-instruct,match_llm_one,match,llm_one,115,5,0,5,5,0.0,0.0,0.6707,0.6748,0.6715199999999999,315,6
vllm-granite-3-3-8b-instruct,match_llm_one,match,llm_one,116,5,0,5,2,0.6,0.6,0.5854,0.6,0.5970799999999999,90,1
vllm-granite-3-3-8b-instruct,match_llm_one,match,llm_one,117,5,0,5,5,0.0,0.0,0.6076,0.6203,0.6156200000000001,175,6
vllm-granite-3-3-8b-instruct,match_llm_one,match,llm_one,118,5,0,5,5,0.0,0.0,0.1644,0.1714,0.16812,258,17
vllm-granite-3-3-8b-instruct,match_llm_one,match,llm_one,119,5,0,5,1,1.0,1.0,0.4225,0.4225,0.4225,44,0
vllm-granite-3-3-8b-instruct,match_llm_one,match,llm_one,120,5,0,5,3,0.3,0.3,0.0211,0.0212,0.02112,297,2
vllm-granite-3-3-8b-instruct,match_llm_one,match,llm_one,121,5,0,5,2,0.4,0.4,0.7692,0.8333,0.80766,1426,1
vllm-granite-3-3-8b-instruct,match_llm_one,match,llm_one,122,5,0,5,1,1.0,1.0,0.6667,0.6667,0.6667,400,0
vllm-granite-3-3-8b-instruct,match_llm_one,match,llm_one,123,5,0,5,2,0.4,0.4,0.8,0.8372,0.82232,161,1
vllm-granite-3-3-8b-instruct,match_llm_one,match,llm_one,124,5,0,5,5,0.0,0.0,0.2128,0.3043,0.24904,60,7
vllm-granite-3-3-8b-instruct,match_llm_one,match,llm_one,125,5,0,5,2,0.6,0.6,0.2857,0.3077,0.29009999999999997,572,1
vllm-granite-3-3-8b-instruct,match_llm_one,match,llm_one,126,5,0,5,5,0.0,0.0,0.303,0.3265,0.31216,1056,9
vllm-granite-3-3-8b-instruct,match_llm_one,match,llm_one,127,5,0,5,5,0.0,0.0,0.1429,0.1486,0.14548,525,17
vllm-granite-3-3-8b-instruct,match_llm_one,match,llm_one,128,5,0,5,5,0.0,0.0,0.1471,0.1538,0.1502,120,18
vllm-granite-3-3-8b-instruct,match_llm_one,match,llm_one,129,5,0,5,5,0.0,0.0,0.3182,0.3516,0.33978,840,8
vllm-granite-3-3-8b-instruct,match_llm_one,match,llm_one,200,5,0,5,2,0.4,0.4,0.9333,1.0,0.95998,270,1
vllm-granite-3-3-8b-instruct,match_llm_one,match,llm_one,201,5,0,5,1,1.0,1.0,0.9091,0.9091,0.9091000000000001,442,0
vllm-granite-3-3-8b-instruct,match_llm_one,match,llm_one,202,5,0,5,1,1.0,1.0,1.0,1.0,1.0,384,0
vllm-granite-3-3-8b-instruct,match_llm_one,match,llm_one,203,5,0,5,2,0.4,0.4,0.8,1.0,0.8800000000000001,304,1
vllm-granite-3-3-8b-instruct,match_llm_one,match,llm_one,204,5,0,5,1,1.0,1.0,0.8,0.8,0.8,108,0
vllm-granite-3-3-8b-instruct,match_llm_one,match,llm_one,205,5,0,5,1,1.0,1.0,0.0,0.0,0.0,299,0
vllm-granite-3-3-8b-instruct,match_llm_one,match,llm_one,206,5,0,5,1,1.0,1.0,0.96,0.96,0.96,247,0
vllm-granite-3-3-8b-instruct,match_llm_one,match,llm_one,207,5,0,5,1,1.0,1.0,0.7273,0.7273,0.7273,210,0
vllm-granite-3-3-8b-instruct,match_llm_one,match,llm_one,208,5,0,5,1,1.0,1.0,0.6,0.6,0.6,225,0
vllm-granite-3-3-8b-instruct,match_llm_one,match,llm_one,209,5,0,5,1,1.0,1.0,0.9091,0.9091,0.9091000000000001,100,0
vllm-granite-3-3-8b-instruct,match_llm_one,match,llm_one,210,5,0,5,2,0.4,0.4,0.4,0.4444,0.41776,25,1
vllm-granite-3-3-8b-instruct,match_llm_one,match,llm_one,211,5,0,5,5,0.0,0.0,0.6,0.6667,0.63966,484,5
vllm-granite-3-3-8b-instruct,match_llm_one,match,llm_one,212,5,0,5,3,0.2,0.2,0.4242,0.4706,0.44542000000000004,330,2
vllm-granite-3-3-8b-instruct,match_llm_one,match,llm_one,213,5,0,5,1,1.0,1.0,1.0,1.0,1.0,36,0
vllm-granite-3-3-8b-instruct,match_llm_one,match,llm_one,214,5,0,5,1,1.0,1.0,1.0,1.0,1.0,90,0
vllm-granite-3-3-8b-instruct,match_llm_one,match,llm_one,300,5,5,0,0,nan,1.0,,,,0,0
vllm-granite-3-3-8b-instruct,match_llm_one,match,llm_one,301,5,5,0,0,nan,1.0,,,,0,0
vllm-granite-3-3-8b-instruct,match_llm_one,match,llm_one,302,5,5,0,0,nan,1.0,,,,0,0
vllm-granite-3-3-8b-instruct,match_llm_one,match,llm_one,303,5,0,5,1,1.0,1.0,0.5,0.5,0.5,40,0
vllm-granite-3-3-8b-instruct,match_llm_one,match,llm_one,304,5,5,0,0,nan,1.0,,,,0,0
vllm-granite-3-3-8b-instruct,match_llm_one,match,llm_one,305,5,5,0,0,nan,1.0,,,,0,0
vllm-granite-3-3-8b-instruct,match_llm_one,match,llm_one,306,5,5,0,0,nan,1.0,,,,0,0
vllm-granite-3-3-8b-instruct,match_llm_one,match,llm_one,307,5,0,5,3,0.2,0.2,0.25,0.3333,0.29046,140,2
vllm-granite-3-3-8b-instruct,match_llm_one,match,llm_one,308,5,0,5,2,0.6,0.6,0.4,0.4444,0.43552,54,1
vllm-granite-3-3-8b-instruct,match_llm_one,match,llm_one,309,5,5,0,0,nan,1.0,,,,0,0
vllm-granite-3-3-8b-instruct,match_llm_one,match,llm_one,310,5,3,2,2,0.0,0.3,0.1818,0.1905,0.18614999999999998,45,1
vllm-granite-3-3-8b-instruct,match_llm_one,match,llm_one,311,5,5,0,0,nan,1.0,,,,0,0
vllm-granite-3-3-8b-instruct,match_llm_one,match,llm_one,312,5,5,0,0,nan,1.0,,,,0,0
vllm-granite-3-3-8b-instruct,match_llm_one,match,llm_one,313,5,0,5,5,0.0,0.0,0.2,0.2308,0.21962,60,6
vllm-granite-3-3-8b-instruct,match_llm_one,match,llm_one,314,5,5,0,0,nan,1.0,,,,0,0
vllm-granite-3-3-8b-instruct,match_llm_semi,match,llm_semi,100,5,0,5,2,0.6,0.6,0.383,0.4091,0.38822,17,2
vllm-granite-3-3-8b-instruct,match_llm_semi,match,llm_semi,101,5,0,5,1,1.0,1.0,1.0,1.0,1.0,10,0
vllm-granite-3-3-8b-instruct,match_llm_semi,match,llm_semi,102,5,0,5,3,0.2,0.2,0.7143,0.7805,0.7275400000000001,23,3
vllm-granite-3-3-8b-instruct,match_llm_semi,match,llm_semi,103,5,0,5,1,1.0,1.0,0.1,0.1,0.1,10,0
vllm-granite-3-3-8b-instruct,match_llm_semi,match,llm_semi,104,5,0,5,1,1.0,1.0,0.5714,0.5714,0.5714,10,0
vllm-granite-3-3-8b-instruct,match_llm_semi,match,llm_semi,105,5,0,5,1,1.0,1.0,0.75,0.75,0.75,14,2
vllm-granite-3-3-8b-instruct,match_llm_semi,match,llm_semi,106,5,0,5,1,1.0,1.0,0.6364,0.6364,0.6364,12,3
vllm-granite-3-3-8b-instruct,match_llm_semi,match,llm_semi,107,5,0,5,1,1.0,1.0,1.0,1.0,1.0,14,0
vllm-granite-3-3-8b-instruct,match_llm_semi,match,llm_semi,108,5,0,5,1,1.0,1.0,0.9231,0.9231,0.9231,14,0
vllm-granite-3-3-8b-instruct,match_llm_semi,match,llm_semi,109,5,0,5,2,0.4,0.4,0.0,0.0,0.0,12,3
vllm-granite-3-3-8b-instruct,match_llm_semi,match,llm_semi,110,5,0,5,3,0.2,0.2,0.4211,0.4444,0.43507999999999997,24,7
vllm-granite-3-3-8b-instruct,match_llm_semi,match,llm_semi,111,5,0,5,3,0.3,0.3,0.1429,0.1538,0.14508000000000001,24,5
vllm-granite-3-3-8b-instruct,match_llm_semi,match,llm_semi,112,5,0,5,1,1.0,1.0,0.0,0.0,0.0,1,0
vllm-granite-3-3-8b-instruct,match_llm_semi,match,llm_semi,113,5,5,0,0,nan,1.0,,,,0,0
vllm-granite-3-3-8b-instruct,match_llm_semi,match,llm_semi,114,5,0,5,3,0.3,0.3,0.3636,0.4,0.37088,13,5
vllm-granite-3-3-8b-instruct,match_llm_semi,match,llm_semi,115,5,0,5,2,0.6,0.6,0.9206,0.9206,0.9206,63,1
vllm-granite-3-3-8b-instruct,match_llm_semi,match,llm_semi,116,5,0,5,1,1.0,1.0,0.7429,0.7429,0.7429,18,0
vllm-granite-3-3-8b-instruct,match_llm_semi,match,llm_semi,117,5,0,5,2,0.6,0.6,0.7857,0.8,0.78856,35,1
vllm-granite-3-3-8b-instruct,match_llm_semi,match,llm_semi,118,5,0,5,1,1.0,1.0,1.0,1.0,1.0,6,0
vllm-granite-3-3-8b-instruct,match_llm_semi,match,llm_semi,119,5,0,5,2,0.4,0.4,0.3448,0.4828,0.4,11,1
vllm-granite-3-3-8b-instruct,match_llm_semi,match,llm_semi,120,5,0,5,4,0.1,0.1,0.0465,0.0488,0.047400000000000005,27,3
vllm-granite-3-3-8b-instruct,match_llm_semi,match,llm_semi,121,5,0,5,3,0.2,0.2,0.7,0.7778,0.7458400000000001,31,5
vllm-granite-3-3-8b-instruct,match_llm_semi,match,llm_semi,122,5,0,5,2,0.6,0.6,0.0909,0.0952,0.09176,20,1
vllm-granite-3-3-8b-instruct,match_llm_semi,match,llm_semi,123,5,0,5,4,0.1,0.1,0.6667,0.717,0.68666,23,7
vllm-granite-3-3-8b-instruct,match_llm_semi,match,llm_semi,124,5,0,5,2,0.4,0.4,0.35,0.4,0.37,15,1
vllm-granite-3-3-8b-instruct,match_llm_semi,match,llm_semi,125,5,0,5,2,0.4,0.4,0.1667,0.1739,0.16958,22,1
vllm-granite-3-3-8b-instruct,match_llm_semi,match,llm_semi,126,5,0,5,1,1.0,1.0,0.0,0.0,0.0,48,2
vllm-granite-3-3-8b-instruct,match_llm_semi,match,llm_semi,127,5,0,5,5,0.0,0.0,0.0833,0.1111,0.08886000000000001,21,4
vllm-granite-3-3-8b-instruct,match_llm_semi,match,llm_semi,128,5,0,5,5,0.0,0.0,0.0,0.0,0.0,24,6
vllm-granite-3-3-8b-instruct,match_llm_semi,match,llm_semi,129,5,0,5,5,0.0,0.0,0.5217,0.5652,0.5565,24,4
vllm-granite-3-3-8b-instruct,match_llm_semi,match,llm_semi,200,5,0,5,1,1.0,1.0,0.6957,0.6957,0.6957,27,3
vllm-granite-3-3-8b-instruct,match_llm_semi,match,llm_semi,201,5,1,4,2,0.3333333333333333,0.2,0.5714,0.5714,0.5714,17,1
vllm-granite-3-3-8b-instruct,match_llm_semi,match,llm_semi,202,5,5,0,0,nan,1.0,,,,0,0
vllm-granite-3-3-8b-instruct,match_llm_semi,match,llm_semi,203,5,0,5,1,1.0,1.0,0.5714,0.5714,0.5714,16,0
vllm-granite-3-3-8b-instruct,match_llm_semi,match,llm_semi,204,5,0,5,2,0.6,0.6,0.5455,0.5455,0.5455,9,2
vllm-granite-3-3-8b-instruct,match_llm_semi,match,llm_semi,205,5,0,5,1,1.0,1.0,0.2667,0.2667,0.2667,13,0
vllm-granite-3-3-8b-instruct,match_llm_semi,match,llm_semi,206,5,0,5,1,1.0,1.0,0.9231,0.9231,0.9231,13,0
vllm-granite-3-3-8b-instruct,match_llm_semi,match,llm_semi,207,5,0,5,1,1.0,1.0,1.0,1.0,1.0,14,0
vllm-granite-3-3-8b-instruct,match_llm_semi,match,llm_semi,208,5,0,5,1,1.0,1.0,0.8148,0.8148,0.8148,15,1
vllm-granite-3-3-8b-instruct,match_llm_semi,match,llm_semi,209,5,0,5,1,1.0,1.0,0.75,0.75,0.75,10,1
vllm-granite-3-3-8b-instruct,match_llm_semi,match,llm_semi,210,5,0,5,1,1.0,1.0,0.8889,0.8889,0.8888999999999999,5,1
vllm-granite-3-3-8b-instruct,match_llm_semi,match,llm_semi,211,5,0,5,1,1.0,1.0,0.9524,0.9524,0.9524000000000001,22,1
vllm-granite-3-3-8b-instruct,match_llm_semi,match,llm_semi,212,5,0,5,1,1.0,1.0,0.7778,0.7778,0.7778,15,3
vllm-granite-3-3-8b-instruct,match_llm_semi,match,llm_semi,213,5,0,5,1,1.0,1.0,1.0,1.0,1.0,6,1
vllm-granite-3-3-8b-instruct,match_llm_semi,match,llm_semi,214,5,0,5,1,1.0,1.0,1.0,1.0,1.0,9,2
vllm-granite-3-3-8b-instruct,match_llm_semi,match,llm_semi,300,5,0,5,5,0.0,0.0,0.1429,0.1429,0.1429,12,6
vllm-granite-3-3-8b-instruct,match_llm_semi,match,llm_semi,301,5,0,5,5,0.0,0.0,0.4,0.4,0.4,5,2
vllm-granite-3-3-8b-instruct,match_llm_semi,match,llm_semi,302,5,0,5,2,0.6,0.6,0.6667,0.8889,0.84446,5,2
vllm-granite-3-3-8b-instruct,match_llm_semi,match,llm_semi,303,5,0,5,5,0.0,0.0,0.1818,0.1818,0.1818,8,4
vllm-granite-3-3-8b-instruct,match_llm_semi,match,llm_semi,304,5,0,5,5,0.0,0.0,0.5263,0.6316,0.56842,12,7
vllm-granite-3-3-8b-instruct,match_llm_semi,match,llm_semi,305,5,0,5,5,0.0,0.0,0.35,0.35,0.35,29,11
vllm-granite-3-3-8b-instruct,match_llm_semi,match,llm_semi,306,5,0,5,5,0.0,0.0,0.3636,0.3636,0.3636,6,3
vllm-granite-3-3-8b-instruct,match_llm_semi,match,llm_semi,307,5,0,5,5,0.0,0.0,0.2857,0.2857,0.2857,5,4
vllm-granite-3-3-8b-instruct,match_llm_semi,match,llm_semi,308,5,0,5,5,0.0,0.0,0.2222,0.2222,0.2222,6,2
vllm-granite-3-3-8b-instruct,match_llm_semi,match,llm_semi,309,5,0,5,5,0.0,0.0,0.16,0.16,0.16,19,7
vllm-granite-3-3-8b-instruct,match_llm_semi,match,llm_semi,310,5,0,5,5,0.0,0.0,0.0,0.0,0.0,5,3
vllm-granite-3-3-8b-instruct,match_llm_semi,match,llm_semi,311,5,0,5,4,0.1,0.1,0.5714,0.5714,0.5714,8,4
vllm-granite-3-3-8b-instruct,match_llm_semi,match,llm_semi,312,5,0,5,5,0.0,0.0,0.25,0.25,0.25,5,3
vllm-granite-3-3-8b-instruct,match_llm_semi,match,llm_semi,313,5,0,5,1,1.0,1.0,0.8,0.8,0.8,5,0
vllm-granite-3-3-8b-instruct,match_llm_semi,match,llm_semi,314,5,0,5,5,0.0,0.0,0.0,0.0,0.0,12,10
vllm-granite-3-3-8b-instruct,multi_llm_all,multi,llm_all,1,5,5,0,0,nan,1.0,,,,0,0
vllm-granite-3-3-8b-instruct,multi_llm_all,multi,llm_all,10,5,5,0,0,nan,1.0,,,,0,0
vllm-granite-3-3-8b-instruct,multi_llm_all,multi,llm_all,11,5,5,0,0,nan,1.0,,,,0,0
vllm-granite-3-3-8b-instruct,multi_llm_all,multi,llm_all,12,5,5,0,0,nan,1.0,,,,0,0
vllm-granite-3-3-8b-instruct,multi_llm_all,multi,llm_all,13,5,5,0,0,nan,1.0,,,,0,0
vllm-granite-3-3-8b-instruct,multi_llm_all,multi,llm_all,14,5,5,0,0,nan,1.0,,,,0,0
vllm-granite-3-3-8b-instruct,multi_llm_all,multi,llm_all,15,5,4,1,1,nan,0.6,0.0,0.0,0.0,0,0
vllm-granite-3-3-8b-instruct,multi_llm_all,multi,llm_all,16,5,5,0,0,nan,1.0,,,,0,0
vllm-granite-3-3-8b-instruct,multi_llm_all,multi,llm_all,17,5,5,0,0,nan,1.0,,,,0,0
vllm-granite-3-3-8b-instruct,multi_llm_all,multi,llm_all,18,5,5,0,0,nan,1.0,,,,0,0
vllm-granite-3-3-8b-instruct,multi_llm_all,multi,llm_all,19,5,5,0,0,nan,1.0,,,,0,0
vllm-granite-3-3-8b-instruct,multi_llm_all,multi,llm_all,2,5,5,0,0,nan,1.0,,,,0,0
vllm-granite-3-3-8b-instruct,multi_llm_all,multi,llm_all,20,5,5,0,0,nan,1.0,,,,0,0
vllm-granite-3-3-8b-instruct,multi_llm_all,multi,llm_all,21,5,5,0,0,nan,1.0,,,,0,0
vllm-granite-3-3-8b-instruct,multi_llm_all,multi,llm_all,22,5,5,0,0,nan,1.0,,,,0,0
vllm-granite-3-3-8b-instruct,multi_llm_all,multi,llm_all,23,5,5,0,0,nan,1.0,,,,0,0
vllm-granite-3-3-8b-instruct,multi_llm_all,multi,llm_all,24,5,5,0,0,nan,1.0,,,,0,0
vllm-granite-3-3-8b-instruct,multi_llm_all,multi,llm_all,25,5,5,0,0,nan,1.0,,,,0,0
vllm-granite-3-3-8b-instruct,multi_llm_all,multi,llm_all,26,5,5,0,0,nan,1.0,,,,0,0
vllm-granite-3-3-8b-instruct,multi_llm_all,multi,llm_all,27,5,5,0,0,nan,1.0,,,,0,0
vllm-granite-3-3-8b-instruct,multi_llm_all,multi,llm_all,28,5,5,0,0,nan,1.0,,,,0,0
vllm-granite-3-3-8b-instruct,multi_llm_all,multi,llm_all,29,5,5,0,0,nan,1.0,,,,0,0
vllm-granite-3-3-8b-instruct,multi_llm_all,multi,llm_all,3,5,5,0,0,nan,1.0,,,,0,0
vllm-granite-3-3-8b-instruct,multi_llm_all,multi,llm_all,30,5,5,0,0,nan,1.0,,,,0,0
vllm-granite-3-3-8b-instruct,multi_llm_all,multi,llm_all,31,5,5,0,0,nan,1.0,,,,0,0
vllm-granite-3-3-8b-instruct,multi_llm_all,multi,llm_all,32,5,5,0,0,nan,1.0,,,,0,0
vllm-granite-3-3-8b-instruct,multi_llm_all,multi,llm_all,33,5,5,0,0,nan,1.0,,,,0,0
vllm-granite-3-3-8b-instruct,multi_llm_all,multi,llm_all,34,5,5,0,0,nan,1.0,,,,0,0
vllm-granite-3-3-8b-instruct,multi_llm_all,multi,llm_all,35,5,5,0,0,nan,1.0,,,,0,0
vllm-granite-3-3-8b-instruct,multi_llm_all,multi,llm_all,36,5,5,0,0,nan,1.0,,,,0,0
vllm-granite-3-3-8b-instruct,multi_llm_all,multi,llm_all,37,5,5,0,0,nan,1.0,,,,0,0
vllm-granite-3-3-8b-instruct,multi_llm_all,multi,llm_all,38,5,5,0,0,nan,1.0,,,,0,0
vllm-granite-3-3-8b-instruct,multi_llm_all,multi,llm_all,39,5,5,0,0,nan,1.0,,,,0,0
vllm-granite-3-3-8b-instruct,multi_llm_all,multi,llm_all,4,5,5,0,0,nan,1.0,,,,0,0
vllm-granite-3-3-8b-instruct,multi_llm_all,multi,llm_all,40,5,5,0,0,nan,1.0,,,,0,0
vllm-granite-3-3-8b-instruct,multi_llm_all,multi,llm_all,41,5,5,0,0,nan,1.0,,,,0,0
vllm-granite-3-3-8b-instruct,multi_llm_all,multi,llm_all,42,5,5,0,0,nan,1.0,,,,0,0
vllm-granite-3-3-8b-instruct,multi_llm_all,multi,llm_all,43,5,5,0,0,nan,1.0,,,,0,0
vllm-granite-3-3-8b-instruct,multi_llm_all,multi,llm_all,44,5,5,0,0,nan,1.0,,,,0,0
vllm-granite-3-3-8b-instruct,multi_llm_all,multi,llm_all,45,5,5,0,0,nan,1.0,,,,0,0
vllm-granite-3-3-8b-instruct,multi_llm_all,multi,llm_all,46,5,5,0,0,nan,1.0,,,,0,0
vllm-granite-3-3-8b-instruct,multi_llm_all,multi,llm_all,47,5,5,0,0,nan,1.0,,,,0,0
vllm-granite-3-3-8b-instruct,multi_llm_all,multi,llm_all,48,5,5,0,0,nan,1.0,,,,0,0
vllm-granite-3-3-8b-instruct,multi_llm_all,multi,llm_all,49,5,5,0,0,nan,1.0,,,,0,0
vllm-granite-3-3-8b-instruct,multi_llm_all,multi,llm_all,5,5,5,0,0,nan,1.0,,,,0,0
vllm-granite-3-3-8b-instruct,multi_llm_all,multi,llm_all,50,5,5,0,0,nan,1.0,,,,0,0
vllm-granite-3-3-8b-instruct,multi_llm_all,multi,llm_all,51,5,5,0,0,nan,1.0,,,,0,0
vllm-granite-3-3-8b-instruct,multi_llm_all,multi,llm_all,52,5,5,0,0,nan,1.0,,,,0,0
vllm-granite-3-3-8b-instruct,multi_llm_all,multi,llm_all,53,5,5,0,0,nan,1.0,,,,0,0
vllm-granite-3-3-8b-instruct,multi_llm_all,multi,llm_all,54,5,5,0,0,nan,1.0,,,,0,0
vllm-granite-3-3-8b-instruct,multi_llm_all,multi,llm_all,55,5,5,0,0,nan,1.0,,,,0,0
vllm-granite-3-3-8b-instruct,multi_llm_all,multi,llm_all,56,5,5,0,0,nan,1.0,,,,0,0
vllm-granite-3-3-8b-instruct,multi_llm_all,multi,llm_all,57,5,5,0,0,nan,1.0,,,,0,0
vllm-granite-3-3-8b-instruct,multi_llm_all,multi,llm_all,58,5,5,0,0,nan,1.0,,,,0,0
vllm-granite-3-3-8b-instruct,multi_llm_all,multi,llm_all,59,5,5,0,0,nan,1.0,,,,0,0
vllm-granite-3-3-8b-instruct,multi_llm_all,multi,llm_all,6,5,5,0,0,nan,1.0,,,,0,0
vllm-granite-3-3-8b-instruct,multi_llm_all,multi,llm_all,60,5,5,0,0,nan,1.0,,,,0,0
vllm-granite-3-3-8b-instruct,multi_llm_all,multi,llm_all,7,5,5,0,0,nan,1.0,,,,0,0
vllm-granite-3-3-8b-instruct,multi_llm_all,multi,llm_all,8,5,5,0,0,nan,1.0,,,,0,0
vllm-granite-3-3-8b-instruct,multi_llm_all,multi,llm_all,9,5,5,0,0,nan,1.0,,,,0,0
vllm-granite-3-3-8b-instruct,order_llm_all,order,llm_all,0,5,5,0,0,nan,1.0,,,,0,0
vllm-granite-3-3-8b-instruct,order_llm_all,order,llm_all,1,5,5,0,0,nan,1.0,,,,0,0
vllm-granite-3-3-8b-instruct,order_llm_all,order,llm_all,10,5,5,0,0,nan,1.0,,,,0,0
vllm-granite-3-3-8b-instruct,order_llm_all,order,llm_all,11,5,5,0,0,nan,1.0,,,,0,0
vllm-granite-3-3-8b-instruct,order_llm_all,order,llm_all,12,5,5,0,0,nan,1.0,,,,0,0
vllm-granite-3-3-8b-instruct,order_llm_all,order,llm_all,13,5,5,0,0,nan,1.0,,,,0,0
vllm-granite-3-3-8b-instruct,order_llm_all,order,llm_all,14,5,5,0,0,nan,1.0,,,,0,0
vllm-granite-3-3-8b-instruct,order_llm_all,order,llm_all,15,5,5,0,0,nan,1.0,,,,0,0
vllm-granite-3-3-8b-instruct,order_llm_all,order,llm_all,16,5,5,0,0,nan,1.0,,,,0,0
vllm-granite-3-3-8b-instruct,order_llm_all,order,llm_all,17,5,5,0,0,nan,1.0,,,,0,0
vllm-granite-3-3-8b-instruct,order_llm_all,order,llm_all,18,5,5,0,0,nan,1.0,,,,0,0
vllm-granite-3-3-8b-instruct,order_llm_all,order,llm_all,19,5,5,0,0,nan,1.0,,,,0,0
vllm-granite-3-3-8b-instruct,order_llm_all,order,llm_all,2,5,5,0,0,nan,1.0,,,,0,0
vllm-granite-3-3-8b-instruct,order_llm_all,order,llm_all,20,5,5,0,0,nan,1.0,,,,0,0
vllm-granite-3-3-8b-instruct,order_llm_all,order,llm_all,21,5,5,0,0,nan,1.0,,,,0,0
vllm-granite-3-3-8b-instruct,order_llm_all,order,llm_all,22,5,5,0,0,nan,1.0,,,,0,0
vllm-granite-3-3-8b-instruct,order_llm_all,order,llm_all,23,5,5,0,0,nan,1.0,,,,0,0
vllm-granite-3-3-8b-instruct,order_llm_all,order,llm_all,24,5,5,0,0,nan,1.0,,,,0,0
vllm-granite-3-3-8b-instruct,order_llm_all,order,llm_all,25,5,5,0,0,nan,1.0,,,,0,0
vllm-granite-3-3-8b-instruct,order_llm_all,order,llm_all,26,5,5,0,0,nan,1.0,,,,0,0
vllm-granite-3-3-8b-instruct,order_llm_all,order,llm_all,27,5,0,5,2,0.6,0.6,0.0,1.0,0.8,1,1
vllm-granite-3-3-8b-instruct,order_llm_all,order,llm_all,28,5,5,0,0,nan,1.0,,,,0,0
vllm-granite-3-3-8b-instruct,order_llm_all,order,llm_all,29,5,3,2,1,1.0,0.4,1.0,1.0,1.0,1,1
vllm-granite-3-3-8b-instruct,order_llm_all,order,llm_all,3,5,5,0,0,nan,1.0,,,,0,0
vllm-granite-3-3-8b-instruct,order_llm_all,order,llm_all,4,5,5,0,0,nan,1.0,,,,0,0
vllm-granite-3-3-8b-instruct,order_llm_all,order,llm_all,5,5,5,0,0,nan,1.0,,,,0,0
vllm-granite-3-3-8b-instruct,order_llm_all,order,llm_all,6,5,0,5,1,1.0,1.0,1.0,1.0,1.0,1,0
vllm-granite-3-3-8b-instruct,order_llm_all,order,llm_all,7,5,0,5,2,0.6,0.6,0.0,1.0,0.8,1,1
vllm-granite-3-3-8b-instruct,order_llm_all,order,llm_all,8,5,5,0,0,nan,1.0,,,,0,0
vllm-granite-3-3-8b-instruct,order_llm_all,order,llm_all,9,5,5,0,0,nan,1.0,,,,0,0
vllm-granite-3-3-8b-instruct,order_llm_one-heap,order,llm_one,0,5,5,0,0,nan,1.0,,,,0,0
vllm-granite-3-3-8b-instruct,order_llm_one-heap,order,llm_one,1,5,5,0,0,nan,1.0,,,,0,0
vllm-granite-3-3-8b-instruct,order_llm_one-heap,order,llm_one,10,5,0,5,1,1.0,1.0,0.9,0.9,0.9,12,0
vllm-granite-3-3-8b-instruct,order_llm_one-heap,order,llm_one,11,5,5,0,0,nan,1.0,,,,0,0
vllm-granite-3-3-8b-instruct,order_llm_one-heap,order,llm_one,12,5,5,0,0,nan,1.0,,,,0,0
vllm-granite-3-3-8b-instruct,order_llm_one-heap,order,llm_one,13,5,5,0,0,nan,1.0,,,,0,0
vllm-granite-3-3-8b-instruct,order_llm_one-heap,order,llm_one,14,5,0,5,1,1.0,1.0,0.8095,0.8095,0.8095000000000001,22,0
vllm-granite-3-3-8b-instruct,order_llm_one-heap,order,llm_one,15,5,5,0,0,nan,1.0,,,,0,0
vllm-granite-3-3-8b-instruct,order_llm_one-heap,order,llm_one,16,5,5,0,0,nan,1.0,,,,0,0
vllm-granite-3-3-8b-instruct,order_llm_one-heap,order,llm_one,17,5,5,0,0,nan,1.0,,,,0,0
vllm-granite-3-3-8b-instruct,order_llm_one-heap,order,llm_one,18,5,5,0,0,nan,1.0,,,,0,0
vllm-granite-3-3-8b-instruct,order_llm_one-heap,order,llm_one,19,5,5,0,0,nan,1.0,,,,0,0
vllm-granite-3-3-8b-instruct,order_llm_one-heap,order,llm_one,2,5,4,1,1,nan,0.6,0.5,0.5,0.5,0,0
vllm-granite-3-3-8b-instruct,order_llm_one-heap,order,llm_one,20,5,5,0,0,nan,1.0,,,,0,0
vllm-granite-3-3-8b-instruct,order_llm_one-heap,order,llm_one,21,5,5,0,0,nan,1.0,,,,0,0
vllm-granite-3-3-8b-instruct,order_llm_one-heap,order,llm_one,22,5,0,5,1,1.0,1.0,0.9333,0.9333,0.9333,14,0
vllm-granite-3-3-8b-instruct,order_llm_one-heap,order,llm_one,23,5,1,4,3,0.16666666666666666,0.1,0.0,0.0,0.0,28,2
vllm-granite-3-3-8b-instruct,order_llm_one-heap,order,llm_one,24,5,0,5,1,1.0,1.0,0.5,0.5,0.5,9,0
vllm-granite-3-3-8b-instruct,order_llm_one-heap,order,llm_one,25,5,0,5,1,1.0,1.0,0.0,0.0,0.0,22,0
vllm-granite-3-3-8b-instruct,order_llm_one-heap,order,llm_one,26,5,0,5,1,1.0,1.0,0.4,0.4,0.4,12,0
vllm-granite-3-3-8b-instruct,order_llm_one-heap,order,llm_one,27,5,5,0,0,nan,1.0,,,,0,0
vllm-granite-3-3-8b-instruct,order_llm_one-heap,order,llm_one,28,5,0,5,1,1.0,1.0,0.0,0.0,0.0,28,0
vllm-granite-3-3-8b-instruct,order_llm_one-heap,order,llm_one,29,5,0,5,2,0.6,0.6,0.0,0.0,0.0,27,2
vllm-granite-3-3-8b-instruct,order_llm_one-heap,order,llm_one,3,5,5,0,0,nan,1.0,,,,0,0
vllm-granite-3-3-8b-instruct,order_llm_one-heap,order,llm_one,4,5,5,0,0,nan,1.0,,,,0,0
vllm-granite-3-3-8b-instruct,order_llm_one-heap,order,llm_one,5,5,5,0,0,nan,1.0,,,,0,0
vllm-granite-3-3-8b-instruct,order_llm_one-heap,order,llm_one,6,5,0,5,1,1.0,1.0,0.0,0.0,0.0,19,0
vllm-granite-3-3-8b-instruct,order_llm_one-heap,order,llm_one,7,5,5,0,0,nan,1.0,,,,0,0
vllm-granite-3-3-8b-instruct,order_llm_one-heap,order,llm_one,8,5,5,0,0,nan,1.0,,,,0,0
vllm-granite-3-3-8b-instruct,order_llm_one-heap,order,llm_one,9,5,0,5,1,1.0,1.0,0.3333,0.3333,0.3333,19,0
vllm-granite-3-3-8b-instruct,order_llm_one-simple,order,llm_one,0,5,5,0,0,nan,1.0,,,,0,0
vllm-granite-3-3-8b-instruct,order_llm_one-simple,order,llm_one,1,5,5,0,0,nan,1.0,,,,0,0
vllm-granite-3-3-8b-instruct,order_llm_one-simple,order,llm_one,10,5,0,5,1,1.0,1.0,0.7,0.7,0.7,20,0
vllm-granite-3-3-8b-instruct,order_llm_one-simple,order,llm_one,11,5,5,0,0,nan,1.0,,,,0,0
vllm-granite-3-3-8b-instruct,order_llm_one-simple,order,llm_one,12,5,5,0,0,nan,1.0,,,,0,0
vllm-granite-3-3-8b-instruct,order_llm_one-simple,order,llm_one,13,5,5,0,0,nan,1.0,,,,0,0
vllm-granite-3-3-8b-instruct,order_llm_one-simple,order,llm_one,14,5,5,0,0,nan,1.0,,,,0,0
vllm-granite-3-3-8b-instruct,order_llm_one-simple,order,llm_one,15,5,5,0,0,nan,1.0,,,,0,0
vllm-granite-3-3-8b-instruct,order_llm_one-simple,order,llm_one,16,5,5,0,0,nan,1.0,,,,0,0
vllm-granite-3-3-8b-instruct,order_llm_one-simple,order,llm_one,17,5,5,0,0,nan,1.0,,,,0,0
vllm-granite-3-3-8b-instruct,order_llm_one-simple,order,llm_one,18,5,5,0,0,nan,1.0,,,,0,0
vllm-granite-3-3-8b-instruct,order_llm_one-simple,order,llm_one,19,5,5,0,0,nan,1.0,,,,0,0
vllm-granite-3-3-8b-instruct,order_llm_one-simple,order,llm_one,2,5,5,0,0,nan,1.0,,,,0,0
vllm-granite-3-3-8b-instruct,order_llm_one-simple,order,llm_one,20,5,5,0,0,nan,1.0,,,,0,0
vllm-granite-3-3-8b-instruct,order_llm_one-simple,order,llm_one,21,5,5,0,0,nan,1.0,,,,0,0
vllm-granite-3-3-8b-instruct,order_llm_one-simple,order,llm_one,22,5,0,5,2,0.6,0.6,0.8667,0.9333,0.88002,30,3
vllm-granite-3-3-8b-instruct,order_llm_one-simple,order,llm_one,23,5,5,0,0,nan,1.0,,,,0,0
vllm-granite-3-3-8b-instruct,order_llm_one-simple,order,llm_one,24,5,0,5,1,1.0,1.0,1.0,1.0,1.0,12,0
vllm-granite-3-3-8b-instruct,order_llm_one-simple,order,llm_one,25,5,0,5,1,1.0,1.0,1.0,1.0,1.0,182,4
vllm-granite-3-3-8b-instruct,order_llm_one-simple,order,llm_one,26,5,0,5,3,0.3,0.3,0.5,0.8,0.62,20,2
vllm-granite-3-3-8b-instruct,order_llm_one-simple,order,llm_one,27,5,5,0,0,nan,1.0,,,,0,0
vllm-granite-3-3-8b-instruct,order_llm_one-simple,order,llm_one,28,5,0,5,1,1.0,1.0,1.0,1.0,1.0,240,9
vllm-granite-3-3-8b-instruct,order_llm_one-simple,order,llm_one,29,5,0,5,2,0.6,0.6,1.0,1.0,1.0,240,9
vllm-granite-3-3-8b-instruct,order_llm_one-simple,order,llm_one,3,5,5,0,0,nan,1.0,,,,0,0
vllm-granite-3-3-8b-instruct,order_llm_one-simple,order,llm_one,4,5,5,0,0,nan,1.0,,,,0,0
vllm-granite-3-3-8b-instruct,order_llm_one-simple,order,llm_one,5,5,5,0,0,nan,1.0,,,,0,0
vllm-granite-3-3-8b-instruct,order_llm_one-simple,order,llm_one,6,5,0,5,3,0.2,0.2,0.0,0.0,0.0,90,3
vllm-granite-3-3-8b-instruct,order_llm_one-simple,order,llm_one,7,5,5,0,0,nan,1.0,,,,0,0
vllm-granite-3-3-8b-instruct,order_llm_one-simple,order,llm_one,8,5,5,0,0,nan,1.0,,,,0,0
vllm-granite-3-3-8b-instruct,order_llm_one-simple,order,llm_one,9,5,0,5,1,1.0,1.0,0.3333,0.3333,0.3333,90,0
vllm-granite-3-3-8b-instruct,order_llm_semi,order,llm_semi,0,5,5,0,0,nan,1.0,,,,0,0
vllm-granite-3-3-8b-instruct,order_llm_semi,order,llm_semi,1,5,1,4,4,0.0,0.0,0.6667,1.0,0.916675,11,5
vllm-granite-3-3-8b-instruct,order_llm_semi,order,llm_semi,10,5,0,5,1,1.0,1.0,0.7,0.7,0.7,5,0
vllm-granite-3-3-8b-instruct,order_llm_semi,order,llm_semi,11,5,5,0,0,nan,1.0,,,,0,0
vllm-granite-3-3-8b-instruct,order_llm_semi,order,llm_semi,12,5,5,0,0,nan,1.0,,,,0,0
vllm-granite-3-3-8b-instruct,order_llm_semi,order,llm_semi,13,5,5,0,0,nan,1.0,,,,0,0
vllm-granite-3-3-8b-instruct,order_llm_semi,order,llm_semi,14,5,0,5,2,0.6,0.6,0.7619,0.8571,0.8380599999999999,7,1
vllm-granite-3-3-8b-instruct,order_llm_semi,order,llm_semi,15,5,0,5,2,0.6,0.6,0.8095,0.9048,0.88574,7,1
vllm-granite-3-3-8b-instruct,order_llm_semi,order,llm_semi,16,5,0,5,2,0.6,0.6,0.6,0.6667,0.61334,6,1
vllm-granite-3-3-8b-instruct,order_llm_semi,order,llm_semi,17,5,0,5,2,0.4,0.4,0.7619,0.8095,0.79046,7,1
vllm-granite-3-3-8b-instruct,order_llm_semi,order,llm_semi,18,5,0,5,1,1.0,1.0,0.6667,0.6667,0.6667,4,2
vllm-granite-3-3-8b-instruct,order_llm_semi,order,llm_semi,19,5,0,5,1,1.0,1.0,0.6889,0.6889,0.6889,10,0
vllm-granite-3-3-8b-instruct,order_llm_semi,order,llm_semi,2,5,0,5,1,1.0,1.0,1.0,1.0,1.0,7,0
vllm-granite-3-3-8b-instruct,order_llm_semi,order,llm_semi,20,5,1,4,3,0.16666666666666666,0.1,0.9111,0.9333,0.9222,10,3
vllm-granite-3-3-8b-instruct,order_llm_semi,order,llm_semi,21,5,0,5,5,0.0,0.0,0.8095,0.9048,0.8285600000000001,30,8
vllm-granite-3-3-8b-instruct,order_llm_semi,order,llm_semi,22,5,0,5,2,0.4,0.4,0.8667,0.9333,0.89334,6,1
vllm-granite-3-3-8b-instruct,order_llm_semi,order,llm_semi,23,5,0,5,2,0.6,0.6,0.6667,1.0,0.73336,35,6
vllm-granite-3-3-8b-instruct,order_llm_semi,order,llm_semi,24,5,0,5,1,1.0,1.0,0.8333,0.8333,0.8333,4,0
vllm-granite-3-3-8b-instruct,order_llm_semi,order,llm_semi,25,5,0,5,1,1.0,1.0,1.0,1.0,1.0,14,3
vllm-granite-3-3-8b-instruct,order_llm_semi,order,llm_semi,26,5,0,5,1,1.0,1.0,0.6,0.6,0.6,5,1
vllm-granite-3-3-8b-instruct,order_llm_semi,order,llm_semi,27,5,0,5,2,0.4,0.4,0.9,0.9,0.9,16,2
vllm-granite-3-3-8b-instruct,order_llm_semi,order,llm_semi,28,5,0,5,1,1.0,1.0,0.0,0.0,0.0,16,0
vllm-granite-3-3-8b-instruct,order_llm_semi,order,llm_semi,29,5,0,5,1,1.0,1.0,0.0,0.0,0.0,16,2
vllm-granite-3-3-8b-instruct,order_llm_semi,order,llm_semi,3,5,0,5,1,1.0,1.0,0.0,0.0,0.0,7,2
vllm-granite-3-3-8b-instruct,order_llm_semi,order,llm_semi,4,5,5,0,0,nan,1.0,,,,0,0
vllm-granite-3-3-8b-instruct,order_llm_semi,order,llm_semi,5,5,5,0,0,nan,1.0,,,,0,0
vllm-granite-3-3-8b-instruct,order_llm_semi,order,llm_semi,6,5,5,0,0,nan,1.0,,,,0,0
vllm-granite-3-3-8b-instruct,order_llm_semi,order,llm_semi,7,5,5,0,0,nan,1.0,,,,0,0
vllm-granite-3-3-8b-instruct,order_llm_semi,order,llm_semi,8,5,5,0,0,nan,1.0,,,,0,0
vllm-granite-3-3-8b-instruct,order_llm_semi,order,llm_semi,9,5,5,0,0,nan,1.0,,,,0,0
vllm-granite-3-3-8b-instruct,select_llm_all,select,llm_all,100,5,5,0,0,nan,1.0,,,,0,0
vllm-granite-3-3-8b-instruct,select_llm_all,select,llm_all,101,5,0,5,1,1.0,1.0,0.8571,0.8571,0.8571,1,0
vllm-granite-3-3-8b-instruct,select_llm_all,select,llm_all,102,5,0,5,1,1.0,1.0,0.5385,0.5385,0.5385,1,0
vllm-granite-3-3-8b-instruct,select_llm_all,select,llm_all,103,5,0,5,2,0.6,0.6,0.5714,0.75,0.71428,1,1
vllm-granite-3-3-8b-instruct,select_llm_all,select,llm_all,104,5,0,5,1,1.0,1.0,0.2857,0.2857,0.2857,1,1
vllm-granite-3-3-8b-instruct,select_llm_all,select,llm_all,105,5,0,5,1,1.0,1.0,0.7692,0.7692,0.7692,1,0
vllm-granite-3-3-8b-instruct,select_llm_all,select,llm_all,106,5,0,5,1,1.0,1.0,1.0,1.0,1.0,1,0
vllm-granite-3-3-8b-instruct,select_llm_all,select,llm_all,107,5,0,5,1,1.0,1.0,0.5,0.5,0.5,1,0
vllm-granite-3-3-8b-instruct,select_llm_all,select,llm_all,108,5,5,0,0,nan,1.0,,,,0,0
vllm-granite-3-3-8b-instruct,select_llm_all,select,llm_all,109,5,0,5,1,1.0,1.0,0.7368,0.7368,0.7368,1,0
vllm-granite-3-3-8b-instruct,select_llm_all,select,llm_all,110,5,0,5,3,0.2,0.2,0.381,0.4444,0.40972,1,1
vllm-granite-3-3-8b-instruct,select_llm_all,select,llm_all,111,5,5,0,0,nan,1.0,,,,0,0
vllm-granite-3-3-8b-instruct,select_llm_all,select,llm_all,112,5,5,0,0,nan,1.0,,,,0,0
vllm-granite-3-3-8b-instruct,select_llm_all,select,llm_all,113,5,0,5,2,0.4,0.4,0.4,0.4082,0.40492,1,1
vllm-granite-3-3-8b-instruct,select_llm_all,select,llm_all,114,5,0,5,3,0.2,0.2,0.8333,1.0,0.9095000000000001,1,1
vllm-granite-3-3-8b-instruct,select_llm_all,select,llm_all,115,5,5,0,0,nan,1.0,,,,0,0
vllm-granite-3-3-8b-instruct,select_llm_all,select,llm_all,116,5,5,0,0,nan,1.0,,,,0,0
vllm-granite-3-3-8b-instruct,select_llm_all,select,llm_all,117,5,0,5,2,0.4,0.4,0.4286,0.4706,0.44539999999999996,1,1
vllm-granite-3-3-8b-instruct,select_llm_all,select,llm_all,118,5,5,0,0,nan,1.0,,,,0,0
vllm-granite-3-3-8b-instruct,select_llm_all,select,llm_all,119,5,0,5,1,1.0,1.0,0.1429,0.1429,0.1429,1,0
vllm-granite-3-3-8b-instruct,select_llm_all,select,llm_all,120,5,5,0,0,nan,1.0,,,,0,0
vllm-granite-3-3-8b-instruct,select_llm_all,select,llm_all,121,5,0,5,1,1.0,1.0,0.8571,0.8571,0.8571,1,0
vllm-granite-3-3-8b-instruct,select_llm_all,select,llm_all,122,5,0,5,1,1.0,1.0,0.9231,0.9231,0.9231,1,0
vllm-granite-3-3-8b-instruct,select_llm_all,select,llm_all,123,5,0,5,2,0.4,0.4,0.5,0.75,0.6,1,1
vllm-granite-3-3-8b-instruct,select_llm_all,select,llm_all,124,5,0,5,2,0.4,0.4,0.8,0.8889,0.8355600000000001,1,1
vllm-granite-3-3-8b-instruct,select_llm_all,select,llm_all,125,5,0,5,3,0.2,0.2,0.6667,0.8,0.70904,1,1
vllm-granite-3-3-8b-instruct,select_llm_all,select,llm_all,126,5,5,0,0,nan,1.0,,,,0,0
vllm-granite-3-3-8b-instruct,select_llm_all,select,llm_all,127,5,5,0,0,nan,1.0,,,,0,0
vllm-granite-3-3-8b-instruct,select_llm_all,select,llm_all,128,5,0,5,2,0.4,0.4,0.6286,0.6377,0.63224,1,1
vllm-granite-3-3-8b-instruct,select_llm_all,select,llm_all,129,5,5,0,0,nan,1.0,,,,0,0
vllm-granite-3-3-8b-instruct,select_llm_all,select,llm_all,200,5,0,5,1,1.0,1.0,1.0,1.0,1.0,1,0
vllm-granite-3-3-8b-instruct,select_llm_all,select,llm_all,201,5,0,5,1,1.0,1.0,1.0,1.0,1.0,1,0
vllm-granite-3-3-8b-instruct,select_llm_all,select,llm_all,202,5,0,5,1,1.0,1.0,0.7692,0.7692,0.7692,1,0
vllm-granite-3-3-8b-instruct,select_llm_all,select,llm_all,203,5,0,5,1,1.0,1.0,1.0,1.0,1.0,1,0
vllm-granite-3-3-8b-instruct,select_llm_all,select,llm_all,204,5,4,1,1,nan,0.6,0.5263,0.5263,0.5263,0,0
vllm-granite-3-3-8b-instruct,select_llm_all,select,llm_all,205,5,0,5,1,1.0,1.0,1.0,1.0,1.0,1,0
vllm-granite-3-3-8b-instruct,select_llm_all,select,llm_all,206,5,0,5,1,1.0,1.0,0.8571,0.8571,0.8571,1,0
vllm-granite-3-3-8b-instruct,select_llm_all,select,llm_all,207,5,0,5,1,1.0,1.0,0.6667,0.6667,0.6667,1,0
vllm-granite-3-3-8b-instruct,select_llm_all,select,llm_all,208,5,0,5,1,1.0,1.0,0.9333,0.9333,0.9333,1,0
vllm-granite-3-3-8b-instruct,select_llm_all,select,llm_all,209,5,0,5,2,0.4,0.4,0.8,1.0,0.9199999999999999,1,1
vllm-granite-3-3-8b-instruct,select_llm_all,select,llm_all,210,5,0,5,1,1.0,1.0,1.0,1.0,1.0,1,0
vllm-granite-3-3-8b-instruct,select_llm_all,select,llm_all,211,5,0,5,1,1.0,1.0,0.4706,0.4706,0.4706,1,0
vllm-granite-3-3-8b-instruct,select_llm_all,select,llm_all,212,5,0,5,1,1.0,1.0,1.0,1.0,1.0,1,0
vllm-granite-3-3-8b-instruct,select_llm_all,select,llm_all,213,5,0,5,1,1.0,1.0,0.875,0.875,0.875,1,0
vllm-granite-3-3-8b-instruct,select_llm_all,select,llm_all,214,5,0,5,1,1.0,1.0,0.4615,0.4615,0.4615,1,0
vllm-granite-3-3-8b-instruct,select_llm_all,select,llm_all,300,5,0,5,1,1.0,1.0,1.0,1.0,1.0,1,0
vllm-granite-3-3-8b-instruct,select_llm_all,select,llm_all,301,5,0,5,1,1.0,1.0,0.8889,0.8889,0.8888999999999999,1,0
vllm-granite-3-3-8b-instruct,select_llm_all,select,llm_all,302,5,0,5,1,1.0,1.0,1.0,1.0,1.0,1,0
vllm-granite-3-3-8b-instruct,select_llm_all,select,llm_all,303,5,0,5,1,1.0,1.0,0.4,0.4,0.4,1,0
vllm-granite-3-3-8b-instruct,select_llm_all,select,llm_all,304,5,0,5,2,0.6,0.6,0.5,0.5714,0.5571200000000001,1,1
vllm-granite-3-3-8b-instruct,select_llm_all,select,llm_all,305,5,0,5,2,0.6,0.6,0.8,1.0,0.96,1,1
vllm-granite-3-3-8b-instruct,select_llm_all,select,llm_all,306,5,0,5,1,1.0,1.0,1.0,1.0,1.0,1,1
vllm-granite-3-3-8b-instruct,select_llm_all,select,llm_all,307,5,0,5,1,1.0,1.0,1.0,1.0,1.0,1,0
vllm-granite-3-3-8b-instruct,select_llm_all,select,llm_all,308,5,0,5,1,1.0,1.0,1.0,1.0,1.0,1,0
vllm-granite-3-3-8b-instruct,select_llm_all,select,llm_all,309,5,0,5,4,0.1,0.1,0.75,0.8966,0.8170999999999999,1,1
vllm-granite-3-3-8b-instruct,select_llm_all,select,llm_all,310,5,0,5,2,0.6,0.6,0.8333,0.88,0.8426400000000001,1,1
vllm-granite-3-3-8b-instruct,select_llm_all,select,llm_all,311,5,0,5,1,1.0,1.0,0.8,0.8,0.8,1,0
vllm-granite-3-3-8b-instruct,select_llm_all,select,llm_all,312,5,0,5,1,1.0,1.0,0.8,0.8,0.8,1,0
vllm-granite-3-3-8b-instruct,select_llm_all,select,llm_all,313,5,0,5,1,1.0,1.0,1.0,1.0,1.0,1,0
vllm-granite-3-3-8b-instruct,select_llm_all,select,llm_all,314,5,0,5,1,1.0,1.0,0.8571,0.8571,0.8571,1,0
vllm-granite-3-3-8b-instruct,select_llm_one,select,llm_one,100,5,0,5,1,1.0,1.0,0.24,0.24,0.24,22,0
vllm-granite-3-3-8b-instruct,select_llm_one,select,llm_one,101,5,0,5,1,1.0,1.0,0.9231,0.9231,0.9231,10,0
vllm-granite-3-3-8b-instruct,select_llm_one,select,llm_one,102,5,0,5,1,1.0,1.0,0.6,0.6,0.6,58,0
vllm-granite-3-3-8b-instruct,select_llm_one,select,llm_one,103,5,0,5,1,1.0,1.0,0.7143,0.7143,0.7143,34,0
vllm-granite-3-3-8b-instruct,select_llm_one,select,llm_one,104,5,0,5,1,1.0,1.0,1.0,1.0,1.0,10,0
vllm-granite-3-3-8b-instruct,select_llm_one,select,llm_one,105,5,0,5,1,1.0,1.0,0.9091,0.9091,0.9091000000000001,72,0
vllm-granite-3-3-8b-instruct,select_llm_one,select,llm_one,106,5,0,5,1,1.0,1.0,1.0,1.0,1.0,13,0
vllm-granite-3-3-8b-instruct,select_llm_one,select,llm_one,107,5,0,5,1,1.0,1.0,0.8571,0.8571,0.8571,62,0
vllm-granite-3-3-8b-instruct,select_llm_one,select,llm_one,108,5,0,5,1,1.0,1.0,0.8571,0.8571,0.8571,22,0
vllm-granite-3-3-8b-instruct,select_llm_one,select,llm_one,109,5,0,5,1,1.0,1.0,0.6667,0.6667,0.6667,10,0
vllm-granite-3-3-8b-instruct,select_llm_one,select,llm_one,110,5,0,5,3,0.2,0.2,0.4167,0.4348,0.42394,45,2
vllm-granite-3-3-8b-instruct,select_llm_one,select,llm_one,111,5,0,5,1,1.0,1.0,0.4762,0.4762,0.47620000000000007,22,0
vllm-granite-3-3-8b-instruct,select_llm_one,select,llm_one,112,5,0,5,1,1.0,1.0,1.0,1.0,1.0,30,0
vllm-granite-3-3-8b-instruct,select_llm_one,select,llm_one,113,5,0,5,1,1.0,1.0,0.4681,0.4681,0.4681,62,0
vllm-granite-3-3-8b-instruct,select_llm_one,select,llm_one,114,5,0,5,1,1.0,1.0,1.0,1.0,1.0,12,0
vllm-granite-3-3-8b-instruct,select_llm_one,select,llm_one,115,5,5,0,0,nan,1.0,,,,0,0
vllm-granite-3-3-8b-instruct,select_llm_one,select,llm_one,116,5,5,0,0,nan,1.0,,,,0,0
vllm-granite-3-3-8b-instruct,select_llm_one,select,llm_one,117,5,0,5,1,1.0,1.0,0.5,0.5,0.5,100,0
vllm-granite-3-3-8b-instruct,select_llm_one,select,llm_one,118,5,0,5,1,1.0,1.0,0.2105,0.2105,0.2105,34,0
vllm-granite-3-3-8b-instruct,select_llm_one,select,llm_one,119,5,0,5,1,1.0,1.0,0.12,0.12,0.12,50,0
vllm-granite-3-3-8b-instruct,select_llm_one,select,llm_one,120,5,0,5,4,0.1,0.1,0.2222,0.2857,0.25428,50,2
vllm-granite-3-3-8b-instruct,select_llm_one,select,llm_one,121,5,0,5,1,1.0,1.0,1.0,1.0,1.0,26,0
vllm-granite-3-3-8b-instruct,select_llm_one,select,llm_one,122,5,0,5,1,1.0,1.0,1.0,1.0,1.0,50,0
vllm-granite-3-3-8b-instruct,select_llm_one,select,llm_one,123,5,0,5,1,1.0,1.0,0.9091,0.9091,0.9091000000000001,27,0
vllm-granite-3-3-8b-instruct,select_llm_one,select,llm_one,124,5,0,5,1,1.0,1.0,1.0,1.0,1.0,27,0
vllm-granite-3-3-8b-instruct,select_llm_one,select,llm_one,125,5,0,5,2,0.4,0.4,0.9333,1.0,0.97332,50,1
vllm-granite-3-3-8b-instruct,select_llm_one,select,llm_one,126,5,0,5,1,1.0,1.0,0.5294,0.5294,0.5294,50,0
vllm-granite-3-3-8b-instruct,select_llm_one,select,llm_one,127,5,0,5,1,1.0,1.0,0.4,0.4,0.4,24,0
vllm-granite-3-3-8b-instruct,select_llm_one,select,llm_one,128,5,0,5,1,1.0,1.0,0.9362,0.9362,0.9362,56,0
vllm-granite-3-3-8b-instruct,select_llm_one,select,llm_one,129,5,0,5,2,0.4,0.4,0.4923,0.4923,0.4923,56,2
vllm-granite-3-3-8b-instruct,select_llm_one,select,llm_one,200,5,5,0,0,nan,1.0,,,,0,0
vllm-granite-3-3-8b-instruct,select_llm_one,select,llm_one,201,5,0,5,1,1.0,1.0,0.0,0.0,0.0,25,0
vllm-granite-3-3-8b-instruct,select_llm_one,select,llm_one,202,5,0,5,1,1.0,1.0,0.5714,0.5714,0.5714,12,0
vllm-granite-3-3-8b-instruct,select_llm_one,select,llm_one,203,5,0,5,1,1.0,1.0,0.6667,0.6667,0.6667,9,0
vllm-granite-3-3-8b-instruct,select_llm_one,select,llm_one,204,5,0,5,1,1.0,1.0,1.0,1.0,1.0,21,0
vllm-granite-3-3-8b-instruct,select_llm_one,select,llm_one,205,5,0,5,1,1.0,1.0,0.8,0.8,0.8,10,0
vllm-granite-3-3-8b-instruct,select_llm_one,select,llm_one,206,5,0,5,1,1.0,1.0,0.8571,0.8571,0.8571,6,0
vllm-granite-3-3-8b-instruct,select_llm_one,select,llm_one,207,5,0,5,2,0.6,0.6,0.0,0.6667,0.13334,6,1
vllm-granite-3-3-8b-instruct,select_llm_one,select,llm_one,208,5,0,5,1,1.0,1.0,0.9333,0.9333,0.9333,13,0
vllm-granite-3-3-8b-instruct,select_llm_one,select,llm_one,209,5,0,5,1,1.0,1.0,1.0,1.0,1.0,9,0
vllm-granite-3-3-8b-instruct,select_llm_one,select,llm_one,210,5,0,5,1,1.0,1.0,0.8333,0.8333,0.8333,31,0
vllm-granite-3-3-8b-instruct,select_llm_one,select,llm_one,211,5,0,5,1,1.0,1.0,0.6667,0.6667,0.6667,31,0
vllm-granite-3-3-8b-instruct,select_llm_one,select,llm_one,212,5,5,0,0,nan,1.0,,,,0,0
vllm-granite-3-3-8b-instruct,select_llm_one,select,llm_one,213,5,0,5,1,1.0,1.0,0.5333,0.5333,0.5333,40,0
vllm-granite-3-3-8b-instruct,select_llm_one,select,llm_one,214,5,5,0,0,nan,1.0,,,,0,0
vllm-granite-3-3-8b-instruct,select_llm_one,select,llm_one,300,5,5,0,0,nan,1.0,,,,0,0
vllm-granite-3-3-8b-instruct,select_llm_one,select,llm_one,301,5,0,5,1,1.0,1.0,0.75,0.75,0.75,15,0
vllm-granite-3-3-8b-instruct,select_llm_one,select,llm_one,302,5,0,5,1,1.0,1.0,0.8889,0.8889,0.8888999999999999,7,0
vllm-granite-3-3-8b-instruct,select_llm_one,select,llm_one,303,5,0,5,1,1.0,1.0,0.5,0.5,0.5,8,0
vllm-granite-3-3-8b-instruct,select_llm_one,select,llm_one,304,5,0,5,1,1.0,1.0,0.0,0.0,0.0,10,0
vllm-granite-3-3-8b-instruct,select_llm_one,select,llm_one,305,5,0,5,1,1.0,1.0,0.5,0.5,0.5,8,0
vllm-granite-3-3-8b-instruct,select_llm_one,select,llm_one,306,5,5,0,0,nan,1.0,,,,0,0
vllm-granite-3-3-8b-instruct,select_llm_one,select,llm_one,307,5,5,0,0,nan,1.0,,,,0,0
vllm-granite-3-3-8b-instruct,select_llm_one,select,llm_one,308,5,0,5,1,1.0,1.0,1.0,1.0,1.0,16,0
vllm-granite-3-3-8b-instruct,select_llm_one,select,llm_one,309,5,5,0,0,nan,1.0,,,,0,0
vllm-granite-3-3-8b-instruct,select_llm_one,select,llm_one,310,5,0,5,1,1.0,1.0,0.7778,0.7778,0.7778,34,0
vllm-granite-3-3-8b-instruct,select_llm_one,select,llm_one,311,5,5,0,0,nan,1.0,,,,0,0
vllm-granite-3-3-8b-instruct,select_llm_one,select,llm_one,312,5,5,0,0,nan,1.0,,,,0,0
vllm-granite-3-3-8b-instruct,select_llm_one,select,llm_one,313,5,5,0,0,nan,1.0,,,,0,0
vllm-granite-3-3-8b-instruct,select_llm_one,select,llm_one,314,5,5,0,0,nan,1.0,,,,0,0
vllm-llama-3-3-70b-instruct,cluster_llm_all,cluster,llm_all,100,5,0,5,1,1.0,1.0,0.5715,0.5715,0.5715,1,0
vllm-llama-3-3-70b-instruct,cluster_llm_all,cluster,llm_all,101,5,0,5,1,1.0,1.0,0.9181,0.9181,0.9181000000000001,1,0
vllm-llama-3-3-70b-instruct,cluster_llm_all,cluster,llm_all,102,5,0,5,1,1.0,1.0,1.0,1.0,1.0,1,0
vllm-llama-3-3-70b-instruct,cluster_llm_all,cluster,llm_all,103,5,0,5,1,1.0,1.0,0.7903,0.7903,0.7903,1,0
vllm-llama-3-3-70b-instruct,cluster_llm_all,cluster,llm_all,104,5,0,5,2,0.6,0.6,0.6177,0.795,0.7595400000000001,1,1
vllm-llama-3-3-70b-instruct,cluster_llm_all,cluster,llm_all,105,5,0,5,1,1.0,1.0,0.6204,0.6204,0.6204,1,0
vllm-llama-3-3-70b-instruct,cluster_llm_all,cluster,llm_all,106,5,0,5,1,1.0,1.0,0.3642,0.3642,0.3642,1,1
vllm-llama-3-3-70b-instruct,cluster_llm_all,cluster,llm_all,107,5,0,5,1,1.0,1.0,1.0,1.0,1.0,1,0
vllm-llama-3-3-70b-instruct,cluster_llm_all,cluster,llm_all,108,5,0,5,1,1.0,1.0,0.4026,0.4026,0.40259999999999996,1,0
vllm-llama-3-3-70b-instruct,cluster_llm_all,cluster,llm_all,109,5,0,5,1,1.0,1.0,0.4943,0.4943,0.4943000000000001,1,0
vllm-llama-3-3-70b-instruct,cluster_llm_all,cluster,llm_all,110,5,0,5,1,1.0,1.0,1.0,1.0,1.0,1,0
vllm-llama-3-3-70b-instruct,cluster_llm_all,cluster,llm_all,111,5,0,5,2,0.6,0.6,0.1667,1.0,0.33336,1,1
vllm-llama-3-3-70b-instruct,cluster_llm_all,cluster,llm_all,112,5,0,5,1,1.0,1.0,0.8221,0.8221,0.8221,1,0
vllm-llama-3-3-70b-instruct,cluster_llm_all,cluster,llm_all,113,5,0,5,1,1.0,1.0,0.8598,0.8598,0.8598000000000001,1,0
vllm-llama-3-3-70b-instruct,cluster_llm_all,cluster,llm_all,114,5,0,5,2,0.6,0.6,0.2707,0.2798,0.27252,1,1
vllm-llama-3-3-70b-instruct,cluster_llm_all,cluster,llm_all,115,5,0,5,1,1.0,1.0,1.0,1.0,1.0,1,0
vllm-llama-3-3-70b-instruct,cluster_llm_all,cluster,llm_all,116,5,0,5,1,1.0,1.0,1.0,1.0,1.0,1,0
vllm-llama-3-3-70b-instruct,cluster_llm_all,cluster,llm_all,117,5,0,5,3,0.2,0.2,0.215,0.2227,0.219,1,1
vllm-llama-3-3-70b-instruct,cluster_llm_all,cluster,llm_all,118,5,0,5,1,1.0,1.0,1.0,1.0,1.0,1,0
vllm-llama-3-3-70b-instruct,cluster_llm_all,cluster,llm_all,119,5,0,5,1,1.0,1.0,0.3288,0.3288,0.3288,1,0
vllm-llama-3-3-70b-instruct,cluster_llm_all,cluster,llm_all,120,5,0,5,1,1.0,1.0,0.0,0.0,0.0,1,0
vllm-llama-3-3-70b-instruct,cluster_llm_all,cluster,llm_all,121,5,0,5,1,1.0,1.0,0.4389,0.4389,0.4389,1,0
vllm-llama-3-3-70b-instruct,cluster_llm_all,cluster,llm_all,122,5,0,5,1,1.0,1.0,0.6936,0.6936,0.6936,1,0
vllm-llama-3-3-70b-instruct,cluster_llm_all,cluster,llm_all,123,5,0,5,1,1.0,1.0,0.7284,0.7284,0.7284,1,0
vllm-llama-3-3-70b-instruct,cluster_llm_all,cluster,llm_all,124,5,0,5,1,1.0,1.0,0.0,0.0,0.0,1,0
vllm-llama-3-3-70b-instruct,cluster_llm_all,cluster,llm_all,125,5,0,5,2,0.6,0.6,0.5637,0.791,0.6091599999999999,1,1
vllm-llama-3-3-70b-instruct,cluster_llm_all,cluster,llm_all,126,5,0,5,1,1.0,1.0,0.8998,0.8998,0.8998000000000002,1,0
vllm-llama-3-3-70b-instruct,cluster_llm_all,cluster,llm_all,127,5,0,5,1,1.0,1.0,1.0,1.0,1.0,1,0
vllm-llama-3-3-70b-instruct,cluster_llm_all,cluster,llm_all,128,5,0,5,1,1.0,1.0,0.5636,0.5636,0.5636,1,0
vllm-llama-3-3-70b-instruct,cluster_llm_all,cluster,llm_all,129,5,0,5,4,0.1,0.1,0.1045,0.2387,0.15806,1,1
vllm-llama-3-3-70b-instruct,cluster_llm_all,cluster,llm_all,200,5,0,5,1,1.0,1.0,1.0,1.0,1.0,1,0
vllm-llama-3-3-70b-instruct,cluster_llm_all,cluster,llm_all,201,5,0,5,1,1.0,1.0,0.2906,0.2906,0.2906,1,0
vllm-llama-3-3-70b-instruct,cluster_llm_all,cluster,llm_all,202,5,0,5,1,1.0,1.0,0.7661,0.7661,0.7661,1,0
vllm-llama-3-3-70b-instruct,cluster_llm_all,cluster,llm_all,203,5,0,5,1,1.0,1.0,0.4296,0.4296,0.4295999999999999,1,0
vllm-llama-3-3-70b-instruct,cluster_llm_all,cluster,llm_all,204,5,0,5,1,1.0,1.0,0.6796,0.6796,0.6796,1,0
vllm-llama-3-3-70b-instruct,cluster_llm_all,cluster,llm_all,205,5,0,5,1,1.0,1.0,0.3864,0.3864,0.3864,1,0
vllm-llama-3-3-70b-instruct,cluster_llm_all,cluster,llm_all,206,5,0,5,1,1.0,1.0,0.8348,0.8348,0.8347999999999999,1,0
vllm-llama-3-3-70b-instruct,cluster_llm_all,cluster,llm_all,207,5,0,5,3,0.3,0.3,0.5862,0.7427,0.7008,1,1
vllm-llama-3-3-70b-instruct,cluster_llm_all,cluster,llm_all,208,5,0,5,1,1.0,1.0,1.0,1.0,1.0,1,0
vllm-llama-3-3-70b-instruct,cluster_llm_all,cluster,llm_all,209,5,0,5,2,0.6,0.6,0.7041,0.8647,0.73622,1,1
vllm-llama-3-3-70b-instruct,cluster_llm_all,cluster,llm_all,210,5,0,5,1,1.0,1.0,0.5369,0.5369,0.5369,1,0
vllm-llama-3-3-70b-instruct,cluster_llm_all,cluster,llm_all,211,5,3,2,1,1.0,0.4,0.2443,0.2443,0.2443,1,0
vllm-llama-3-3-70b-instruct,cluster_llm_all,cluster,llm_all,212,5,0,5,1,1.0,1.0,0.9841,0.9841,0.9841,1,0
vllm-llama-3-3-70b-instruct,cluster_llm_all,cluster,llm_all,213,5,0,5,1,1.0,1.0,0.6142,0.6142,0.6142,1,0
vllm-llama-3-3-70b-instruct,cluster_llm_all,cluster,llm_all,214,5,0,5,1,1.0,1.0,0.4027,0.4027,0.4027,1,0
vllm-llama-3-3-70b-instruct,cluster_llm_all,cluster,llm_all,300,5,0,5,1,1.0,1.0,0.0087,0.0087,0.0087,1,0
vllm-llama-3-3-70b-instruct,cluster_llm_all,cluster,llm_all,301,5,0,5,1,1.0,1.0,-0.0169,-0.0169,-0.0169,1,0
vllm-llama-3-3-70b-instruct,cluster_llm_all,cluster,llm_all,302,5,0,5,1,1.0,1.0,0.016,0.016,0.016,1,1
vllm-llama-3-3-70b-instruct,cluster_llm_all,cluster,llm_all,303,5,0,5,1,1.0,1.0,0.0011,0.0011,0.0011,1,0
vllm-llama-3-3-70b-instruct,cluster_llm_all,cluster,llm_all,304,5,5,0,0,nan,1.0,,,,0,0
vllm-llama-3-3-70b-instruct,cluster_llm_all,cluster,llm_all,305,5,0,5,1,1.0,1.0,0.1818,0.1818,0.1818,1,0
vllm-llama-3-3-70b-instruct,cluster_llm_all,cluster,llm_all,306,5,0,5,2,0.6,0.6,-0.1951,-0.1667,-0.17237999999999998,1,1
vllm-llama-3-3-70b-instruct,cluster_llm_all,cluster,llm_all,307,5,0,5,1,1.0,1.0,0.1818,0.1818,0.1818,1,0
vllm-llama-3-3-70b-instruct,cluster_llm_all,cluster,llm_all,308,5,0,5,1,1.0,1.0,-0.1782,-0.1782,-0.1782,1,0
vllm-llama-3-3-70b-instruct,cluster_llm_all,cluster,llm_all,309,5,0,5,1,1.0,1.0,-0.1667,-0.1667,-0.1667,1,0
vllm-llama-3-3-70b-instruct,cluster_llm_all,cluster,llm_all,310,5,0,5,1,1.0,1.0,-0.1667,-0.1667,-0.1667,1,0
vllm-llama-3-3-70b-instruct,cluster_llm_all,cluster,llm_all,311,5,0,5,1,1.0,1.0,0.062,0.062,0.062,1,1
vllm-llama-3-3-70b-instruct,cluster_llm_all,cluster,llm_all,312,5,0,5,1,1.0,1.0,0.0426,0.0426,0.0426,1,0
vllm-llama-3-3-70b-instruct,cluster_llm_all,cluster,llm_all,313,5,0,5,1,1.0,1.0,-0.1803,-0.1803,-0.1803,1,0
vllm-llama-3-3-70b-instruct,cluster_llm_all,cluster,llm_all,314,5,0,5,1,1.0,1.0,0.2696,0.2696,0.2696,1,0
vllm-llama-3-3-70b-instruct,cluster_llm_one,cluster,llm_one,100,5,0,5,1,1.0,1.0,0.8384,0.8384,0.8384,24,0
vllm-llama-3-3-70b-instruct,cluster_llm_one,cluster,llm_one,101,5,0,5,1,1.0,1.0,0.8804,0.8804,0.8804000000000001,72,0
vllm-llama-3-3-70b-instruct,cluster_llm_one,cluster,llm_one,102,5,0,5,1,1.0,1.0,1.0,1.0,1.0,34,0
vllm-llama-3-3-70b-instruct,cluster_llm_one,cluster,llm_one,103,5,0,5,1,1.0,1.0,1.0,1.0,1.0,30,0
vllm-llama-3-3-70b-instruct,cluster_llm_one,cluster,llm_one,104,5,0,5,1,1.0,1.0,0.4236,0.4236,0.4236,20,0
vllm-llama-3-3-70b-instruct,cluster_llm_one,cluster,llm_one,105,5,0,5,1,1.0,1.0,0.4557,0.4557,0.45570000000000005,20,0
vllm-llama-3-3-70b-instruct,cluster_llm_one,cluster,llm_one,106,5,0,5,1,1.0,1.0,0.4144,0.4144,0.4144,20,0
vllm-llama-3-3-70b-instruct,cluster_llm_one,cluster,llm_one,107,5,0,5,1,1.0,1.0,1.0,1.0,1.0,23,0
vllm-llama-3-3-70b-instruct,cluster_llm_one,cluster,llm_one,108,5,0,5,1,1.0,1.0,0.3699,0.3699,0.3699,50,0
vllm-llama-3-3-70b-instruct,cluster_llm_one,cluster,llm_one,109,5,0,5,1,1.0,1.0,0.4943,0.4943,0.4943000000000001,45,0
vllm-llama-3-3-70b-instruct,cluster_llm_one,cluster,llm_one,110,5,0,5,1,1.0,1.0,0.8245,0.8245,0.8245000000000001,24,0
vllm-llama-3-3-70b-instruct,cluster_llm_one,cluster,llm_one,111,5,0,5,1,1.0,1.0,1.0,1.0,1.0,5,0
vllm-llama-3-3-70b-instruct,cluster_llm_one,cluster,llm_one,112,5,0,5,1,1.0,1.0,1.0,1.0,1.0,23,0
vllm-llama-3-3-70b-instruct,cluster_llm_one,cluster,llm_one,113,5,0,5,1,1.0,1.0,0.8708,0.8708,0.8708,23,0
vllm-llama-3-3-70b-instruct,cluster_llm_one,cluster,llm_one,114,5,0,5,1,1.0,1.0,0.298,0.298,0.298,30,0
vllm-llama-3-3-70b-instruct,cluster_llm_one,cluster,llm_one,115,5,0,5,1,1.0,1.0,1.0,1.0,1.0,30,0
vllm-llama-3-3-70b-instruct,cluster_llm_one,cluster,llm_one,116,5,0,5,1,1.0,1.0,1.0,1.0,1.0,26,0
vllm-llama-3-3-70b-instruct,cluster_llm_one,cluster,llm_one,117,5,0,5,3,0.2,0.2,0.0991,0.1194,0.11057999999999998,2,1
vllm-llama-3-3-70b-instruct,cluster_llm_one,cluster,llm_one,118,5,0,5,1,1.0,1.0,1.0,1.0,1.0,42,0
vllm-llama-3-3-70b-instruct,cluster_llm_one,cluster,llm_one,119,5,0,5,1,1.0,1.0,0.3288,0.3288,0.3288,8,0
vllm-llama-3-3-70b-instruct,cluster_llm_one,cluster,llm_one,120,5,0,5,1,1.0,1.0,0.0625,0.0625,0.0625,6,0
vllm-llama-3-3-70b-instruct,cluster_llm_one,cluster,llm_one,121,5,0,5,1,1.0,1.0,0.6022,0.6022,0.6022,19,0
vllm-llama-3-3-70b-instruct,cluster_llm_one,cluster,llm_one,122,5,0,5,1,1.0,1.0,0.1729,0.1729,0.1729,30,0
vllm-llama-3-3-70b-instruct,cluster_llm_one,cluster,llm_one,123,5,0,5,1,1.0,1.0,0.4323,0.4323,0.4323,42,0
vllm-llama-3-3-70b-instruct,cluster_llm_one,cluster,llm_one,124,5,0,5,1,1.0,1.0,0.0,0.0,0.0,26,0
vllm-llama-3-3-70b-instruct,cluster_llm_one,cluster,llm_one,125,5,0,5,3,0.2,0.2,0.3143,0.5637,0.40774,1,1
vllm-llama-3-3-70b-instruct,cluster_llm_one,cluster,llm_one,126,5,0,5,1,1.0,1.0,1.0,1.0,1.0,20,1
vllm-llama-3-3-70b-instruct,cluster_llm_one,cluster,llm_one,127,5,0,5,1,1.0,1.0,1.0,1.0,1.0,20,0
vllm-llama-3-3-70b-instruct,cluster_llm_one,cluster,llm_one,128,5,0,5,1,1.0,1.0,0.4779,0.4779,0.4779,32,0
vllm-llama-3-3-70b-instruct,cluster_llm_one,cluster,llm_one,129,5,0,5,1,1.0,1.0,0.4726,0.4726,0.4726,35,0
vllm-llama-3-3-70b-instruct,cluster_llm_one,cluster,llm_one,200,5,0,5,1,1.0,1.0,0.117,0.117,0.11700000000000002,15,1
vllm-llama-3-3-70b-instruct,cluster_llm_one,cluster,llm_one,201,5,0,5,2,0.6,0.6,0.3184,0.3437,0.32346,26,1
vllm-llama-3-3-70b-instruct,cluster_llm_one,cluster,llm_one,202,5,0,5,1,1.0,1.0,0.5601,0.5601,0.5601,15,0
vllm-llama-3-3-70b-instruct,cluster_llm_one,cluster,llm_one,203,5,0,5,2,0.4,0.4,0.1692,0.2612,0.2244,5,1
vllm-llama-3-3-70b-instruct,cluster_llm_one,cluster,llm_one,204,5,0,5,1,1.0,1.0,0.5639,0.5639,0.5639,31,0
vllm-llama-3-3-70b-instruct,cluster_llm_one,cluster,llm_one,205,5,0,5,1,1.0,1.0,0.3077,0.3077,0.3077,12,0
vllm-llama-3-3-70b-instruct,cluster_llm_one,cluster,llm_one,206,5,0,5,1,1.0,1.0,0.133,0.133,0.133,22,0
vllm-llama-3-3-70b-instruct,cluster_llm_one,cluster,llm_one,207,5,0,5,1,1.0,1.0,0.2044,0.2044,0.2044,29,0
vllm-llama-3-3-70b-instruct,cluster_llm_one,cluster,llm_one,208,5,0,5,1,1.0,1.0,0.2939,0.2939,0.2939,11,0
vllm-llama-3-3-70b-instruct,cluster_llm_one,cluster,llm_one,209,5,0,5,1,1.0,1.0,0.457,0.457,0.457,19,0
vllm-llama-3-3-70b-instruct,cluster_llm_one,cluster,llm_one,210,5,0,5,1,1.0,1.0,0.7103,0.7103,0.7103,13,0
vllm-llama-3-3-70b-instruct,cluster_llm_one,cluster,llm_one,211,5,0,5,1,1.0,1.0,0.673,0.673,0.673,21,0
vllm-llama-3-3-70b-instruct,cluster_llm_one,cluster,llm_one,212,5,0,5,1,1.0,1.0,0.8398,0.8398,0.8398,85,1
vllm-llama-3-3-70b-instruct,cluster_llm_one,cluster,llm_one,213,5,0,5,1,1.0,1.0,0.4473,0.4473,0.4473,13,0
vllm-llama-3-3-70b-instruct,cluster_llm_one,cluster,llm_one,214,5,0,5,2,0.4,0.4,0.1926,0.1968,0.19512000000000002,15,1
vllm-llama-3-3-70b-instruct,cluster_llm_one,cluster,llm_one,300,5,0,5,1,1.0,1.0,0.0062,0.0062,0.0062,34,0
vllm-llama-3-3-70b-instruct,cluster_llm_one,cluster,llm_one,301,5,0,5,1,1.0,1.0,-0.039,-0.039,-0.039,15,0
vllm-llama-3-3-70b-instruct,cluster_llm_one,cluster,llm_one,302,5,0,5,1,1.0,1.0,0.1336,0.1336,0.1336,22,0
vllm-llama-3-3-70b-instruct,cluster_llm_one,cluster,llm_one,303,5,0,5,1,1.0,1.0,0.1077,0.1077,0.10769999999999999,16,0
vllm-llama-3-3-70b-instruct,cluster_llm_one,cluster,llm_one,304,5,0,5,1,1.0,1.0,-0.0437,-0.0437,-0.0437,14,0
vllm-llama-3-3-70b-instruct,cluster_llm_one,cluster,llm_one,305,5,0,5,1,1.0,1.0,0.0476,0.0476,0.0476,8,0
vllm-llama-3-3-70b-instruct,cluster_llm_one,cluster,llm_one,306,5,0,5,1,1.0,1.0,-0.1951,-0.1951,-0.1951,7,0
vllm-llama-3-3-70b-instruct,cluster_llm_one,cluster,llm_one,307,5,0,5,1,1.0,1.0,0.0476,0.0476,0.0476,8,0
vllm-llama-3-3-70b-instruct,cluster_llm_one,cluster,llm_one,308,5,0,5,1,1.0,1.0,-0.0481,-0.0481,-0.0481,8,0
vllm-llama-3-3-70b-instruct,cluster_llm_one,cluster,llm_one,309,5,0,5,1,1.0,1.0,0.0541,0.0541,0.0541,7,0
vllm-llama-3-3-70b-instruct,cluster_llm_one,cluster,llm_one,310,5,0,5,1,1.0,1.0,0.0541,0.0541,0.0541,7,0
vllm-llama-3-3-70b-instruct,cluster_llm_one,cluster,llm_one,311,5,0,5,1,1.0,1.0,-0.037,-0.037,-0.037,16,0
vllm-llama-3-3-70b-instruct,cluster_llm_one,cluster,llm_one,312,5,0,5,2,0.4,0.4,0.1489,0.1748,0.16444,1,1
vllm-llama-3-3-70b-instruct,cluster_llm_one,cluster,llm_one,313,5,0,5,1,1.0,1.0,-0.2273,-0.2273,-0.2273,9,0
vllm-llama-3-3-70b-instruct,cluster_llm_one,cluster,llm_one,314,5,0,5,1,1.0,1.0,0.2696,0.2696,0.2696,8,0
vllm-llama-3-3-70b-instruct,impute_llm_all,impute,llm_all,100,5,0,5,1,1.0,1.0,0.8125,0.8125,0.8125,1,0
vllm-llama-3-3-70b-instruct,impute_llm_all,impute,llm_all,101,5,0,5,1,1.0,1.0,0.8333,0.8333,0.8333,1,0
vllm-llama-3-3-70b-instruct,impute_llm_all,impute,llm_all,102,5,0,5,1,1.0,1.0,0.5938,0.5938,0.5938,1,0
vllm-llama-3-3-70b-instruct,impute_llm_all,impute,llm_all,103,5,0,5,2,0.4,0.4,0.55,0.6,0.5700000000000001,1,1
vllm-llama-3-3-70b-instruct,impute_llm_all,impute,llm_all,104,5,0,5,1,1.0,1.0,1.0,1.0,1.0,1,0
vllm-llama-3-3-70b-instruct,impute_llm_all,impute,llm_all,105,5,0,5,1,1.0,1.0,0.9778,0.9778,0.9778,1,0
vllm-llama-3-3-70b-instruct,impute_llm_all,impute,llm_all,106,5,0,5,1,1.0,1.0,1.0,1.0,1.0,1,0
vllm-llama-3-3-70b-instruct,impute_llm_all,impute,llm_all,107,5,0,5,2,0.4,0.4,0.25,0.25,0.25,1,1
vllm-llama-3-3-70b-instruct,impute_llm_all,impute,llm_all,108,5,0,5,1,1.0,1.0,0.625,0.625,0.625,1,0
vllm-llama-3-3-70b-instruct,impute_llm_all,impute,llm_all,109,5,0,5,1,1.0,1.0,0.0,0.0,0.0,1,0
vllm-llama-3-3-70b-instruct,impute_llm_all,impute,llm_all,110,5,0,5,1,1.0,1.0,0.5,0.5,0.5,1,0
vllm-llama-3-3-70b-instruct,impute_llm_all,impute,llm_all,111,5,0,5,1,1.0,1.0,1.0,1.0,1.0,1,0
vllm-llama-3-3-70b-instruct,impute_llm_all,impute,llm_all,112,5,0,5,1,1.0,1.0,0.6,0.6,0.6,1,0
vllm-llama-3-3-70b-instruct,impute_llm_all,impute,llm_all,113,5,0,5,1,1.0,1.0,1.0,1.0,1.0,1,0
vllm-llama-3-3-70b-instruct,impute_llm_all,impute,llm_all,114,5,0,5,2,0.6,0.6,0.0,0.0,0.0,1,1
vllm-llama-3-3-70b-instruct,impute_llm_all,impute,llm_all,115,5,0,5,1,1.0,1.0,1.0,1.0,1.0,1,0
vllm-llama-3-3-70b-instruct,impute_llm_all,impute,llm_all,116,5,0,5,3,0.3,0.3,0.0,0.0,0.0,1,1
vllm-llama-3-3-70b-instruct,impute_llm_all,impute,llm_all,117,5,0,5,2,0.4,0.4,0.8333,1.0,0.89998,1,1
vllm-llama-3-3-70b-instruct,impute_llm_all,impute,llm_all,118,5,0,5,1,1.0,1.0,0.0,0.0,0.0,1,1
vllm-llama-3-3-70b-instruct,impute_llm_all,impute,llm_all,119,5,0,5,3,0.3,0.3,0.0,0.0,0.0,1,1
vllm-llama-3-3-70b-instruct,impute_llm_all,impute,llm_all,120,5,0,5,1,1.0,1.0,0.9286,0.9286,0.9286,1,0
vllm-llama-3-3-70b-instruct,impute_llm_all,impute,llm_all,121,5,0,5,1,1.0,1.0,1.0,1.0,1.0,1,1
vllm-llama-3-3-70b-instruct,impute_llm_all,impute,llm_all,122,5,0,5,2,0.4,0.4,0.5,1.0,0.8,1,1
vllm-llama-3-3-70b-instruct,impute_llm_all,impute,llm_all,123,5,0,5,1,1.0,1.0,1.0,1.0,1.0,1,0
vllm-llama-3-3-70b-instruct,impute_llm_all,impute,llm_all,124,5,0,5,1,1.0,1.0,1.0,1.0,1.0,1,1
vllm-llama-3-3-70b-instruct,impute_llm_all,impute,llm_all,125,5,0,5,1,1.0,1.0,0.0,0.0,0.0,1,0
vllm-llama-3-3-70b-instruct,impute_llm_all,impute,llm_all,126,5,0,5,2,0.4,0.4,0.0,0.0,0.0,1,1
vllm-llama-3-3-70b-instruct,impute_llm_all,impute,llm_all,127,5,0,5,1,1.0,1.0,0.0,0.0,0.0,1,0
vllm-llama-3-3-70b-instruct,impute_llm_all,impute,llm_all,128,5,0,5,1,1.0,1.0,0.9,0.9,0.9,1,0
vllm-llama-3-3-70b-instruct,impute_llm_all,impute,llm_all,129,5,0,5,1,1.0,1.0,0.25,0.25,0.25,1,0
vllm-llama-3-3-70b-instruct,impute_llm_all,impute,llm_all,200,5,0,5,1,1.0,1.0,0.0,0.0,0.0,1,0
vllm-llama-3-3-70b-instruct,impute_llm_all,impute,llm_all,201,5,0,5,4,0.1,0.1,0.5556,0.6111,0.5889,1,1
vllm-llama-3-3-70b-instruct,impute_llm_all,impute,llm_all,202,5,0,5,2,0.4,0.4,0.8,0.8,0.8,1,1
vllm-llama-3-3-70b-instruct,impute_llm_all,impute,llm_all,203,5,0,5,2,0.6,0.6,0.83,0.84,0.8379999999999999,1,1
vllm-llama-3-3-70b-instruct,impute_llm_all,impute,llm_all,204,5,0,5,1,1.0,1.0,0.0,0.0,0.0,1,0
vllm-llama-3-3-70b-instruct,impute_llm_all,impute,llm_all,205,5,0,5,5,0.0,0.0,0.0,0.0,0.0,1,1
vllm-llama-3-3-70b-instruct,impute_llm_all,impute,llm_all,206,5,0,5,1,1.0,1.0,1.0,1.0,1.0,1,0
vllm-llama-3-3-70b-instruct,impute_llm_all,impute,llm_all,207,5,0,5,5,0.0,0.0,0.1964,0.2321,0.21069999999999997,1,1
vllm-llama-3-3-70b-instruct,impute_llm_all,impute,llm_all,208,5,5,0,0,nan,1.0,,,,0,0
vllm-llama-3-3-70b-instruct,impute_llm_all,impute,llm_all,209,5,0,5,2,0.6,0.6,0.94,0.96,0.9559999999999998,1,1
vllm-llama-3-3-70b-instruct,impute_llm_all,impute,llm_all,210,5,0,5,1,1.0,1.0,1.0,1.0,1.0,1,0
vllm-llama-3-3-70b-instruct,impute_llm_all,impute,llm_all,211,5,0,5,1,1.0,1.0,0.8846,0.8846,0.8846,1,0
vllm-llama-3-3-70b-instruct,impute_llm_all,impute,llm_all,212,5,0,5,5,0.0,0.0,0.0,0.0,0.0,1,1
vllm-llama-3-3-70b-instruct,impute_llm_all,impute,llm_all,213,5,0,5,4,0.1,0.1,0.0,0.0,0.0,1,1
vllm-llama-3-3-70b-instruct,impute_llm_all,impute,llm_all,214,5,0,5,3,0.2,0.2,0.0,0.0909,0.018179999999999998,1,1
vllm-llama-3-3-70b-instruct,impute_llm_all,impute,llm_all,215,5,0,5,1,1.0,1.0,1.0,1.0,1.0,1,0
vllm-llama-3-3-70b-instruct,impute_llm_all,impute,llm_all,216,5,0,5,1,1.0,1.0,1.0,1.0,1.0,1,0
vllm-llama-3-3-70b-instruct,impute_llm_all,impute,llm_all,217,5,0,5,1,1.0,1.0,0.0,0.0,0.0,1,0
vllm-llama-3-3-70b-instruct,impute_llm_all,impute,llm_all,218,5,0,5,1,1.0,1.0,1.0,1.0,1.0,1,0
vllm-llama-3-3-70b-instruct,impute_llm_all,impute,llm_all,219,5,0,5,1,1.0,1.0,1.0,1.0,1.0,1,0
vllm-llama-3-3-70b-instruct,impute_llm_all,impute,llm_all,220,5,0,5,1,1.0,1.0,0.9091,0.9091,0.9091000000000001,1,0
vllm-llama-3-3-70b-instruct,impute_llm_all,impute,llm_all,221,5,0,5,1,1.0,1.0,0.9351,0.9351,0.9351,1,0
vllm-llama-3-3-70b-instruct,impute_llm_all,impute,llm_all,222,5,0,5,3,0.3,0.3,0.0,0.0,0.0,1,1
vllm-llama-3-3-70b-instruct,impute_llm_all,impute,llm_all,223,5,0,5,2,0.4,0.4,0.7115,0.7115,0.7115,1,1
vllm-llama-3-3-70b-instruct,impute_llm_all,impute,llm_all,224,5,0,5,1,1.0,1.0,0.0952,0.0952,0.0952,1,0
vllm-llama-3-3-70b-instruct,impute_llm_all,impute,llm_all,225,5,0,5,1,1.0,1.0,0.0,0.0,0.0,1,0
vllm-llama-3-3-70b-instruct,impute_llm_all,impute,llm_all,226,5,0,5,1,1.0,1.0,0.0,0.0,0.0,1,0
vllm-llama-3-3-70b-instruct,impute_llm_all,impute,llm_all,227,5,0,5,1,1.0,1.0,0.9683,0.9683,0.9682999999999999,1,0
vllm-llama-3-3-70b-instruct,impute_llm_all,impute,llm_all,228,5,0,5,1,1.0,1.0,0.0,0.0,0.0,1,0
vllm-llama-3-3-70b-instruct,impute_llm_all,impute,llm_all,229,5,0,5,5,0.0,0.0,0.0333,0.0333,0.0333,1,1
vllm-llama-3-3-70b-instruct,impute_llm_all,impute,llm_all,300,5,0,5,1,1.0,1.0,0.6,0.6,0.6,1,0
vllm-llama-3-3-70b-instruct,impute_llm_all,impute,llm_all,301,5,0,5,1,1.0,1.0,0.2,0.2,0.2,1,0
vllm-llama-3-3-70b-instruct,impute_llm_all,impute,llm_all,302,5,0,5,1,1.0,1.0,0.625,0.625,0.625,1,0
vllm-llama-3-3-70b-instruct,impute_llm_all,impute,llm_all,303,5,0,5,1,1.0,1.0,0.5,0.5,0.5,1,0
vllm-llama-3-3-70b-instruct,impute_llm_all,impute,llm_all,304,5,0,5,1,1.0,1.0,0.3333,0.3333,0.3333,1,0
vllm-llama-3-3-70b-instruct,impute_llm_all,impute,llm_all,305,5,0,5,2,0.4,0.4,0.1667,0.1667,0.1667,1,1
vllm-llama-3-3-70b-instruct,impute_llm_all,impute,llm_all,306,5,0,5,2,0.6,0.6,0.2,0.2,0.2,1,1
vllm-llama-3-3-70b-instruct,impute_llm_all,impute,llm_all,307,5,0,5,1,1.0,1.0,0.375,0.375,0.375,1,0
vllm-llama-3-3-70b-instruct,impute_llm_all,impute,llm_all,308,5,0,5,1,1.0,1.0,0.5,0.5,0.5,1,0
vllm-llama-3-3-70b-instruct,impute_llm_all,impute,llm_all,309,5,0,5,2,0.6,0.6,0.25,0.25,0.25,1,1
vllm-llama-3-3-70b-instruct,impute_llm_all,impute,llm_all,310,5,0,5,2,0.4,0.4,0.125,0.125,0.125,1,1
vllm-llama-3-3-70b-instruct,impute_llm_all,impute,llm_all,311,5,0,5,1,1.0,1.0,0.2,0.2,0.2,1,0
vllm-llama-3-3-70b-instruct,impute_llm_all,impute,llm_all,312,5,0,5,2,0.6,0.6,0.2,0.2,0.2,1,1
vllm-llama-3-3-70b-instruct,impute_llm_all,impute,llm_all,313,5,0,5,1,1.0,1.0,0.4,0.4,0.4,1,0
vllm-llama-3-3-70b-instruct,impute_llm_all,impute,llm_all,314,5,0,5,1,1.0,1.0,0.4,0.4,0.4,1,0
vllm-llama-3-3-70b-instruct,impute_llm_one,impute,llm_one,100,5,0,5,1,1.0,1.0,0.6875,0.6875,0.6875,14,0
vllm-llama-3-3-70b-instruct,impute_llm_one,impute,llm_one,101,5,0,5,1,1.0,1.0,0.3333,0.3333,0.3333,12,0
vllm-llama-3-3-70b-instruct,impute_llm_one,impute,llm_one,102,5,0,5,3,0.3,0.3,0.25,0.3125,0.28121999999999997,14,2
vllm-llama-3-3-70b-instruct,impute_llm_one,impute,llm_one,103,5,0,5,2,0.6,0.6,0.55,0.55,0.55,41,7
vllm-llama-3-3-70b-instruct,impute_llm_one,impute,llm_one,104,5,0,5,2,0.6,0.6,0.2273,0.2273,0.2273,19,1
vllm-llama-3-3-70b-instruct,impute_llm_one,impute,llm_one,105,5,0,5,3,0.2,0.2,0.5111,0.7556,0.61778,32,2
vllm-llama-3-3-70b-instruct,impute_llm_one,impute,llm_one,106,5,0,5,1,1.0,1.0,0.5833,0.5833,0.5833,55,4
vllm-llama-3-3-70b-instruct,impute_llm_one,impute,llm_one,107,5,0,5,1,1.0,1.0,0.25,0.25,0.25,12,0
vllm-llama-3-3-70b-instruct,impute_llm_one,impute,llm_one,108,5,0,5,2,0.6,0.6,0.875,1.0,0.975,8,1
vllm-llama-3-3-70b-instruct,impute_llm_one,impute,llm_one,109,5,0,5,1,1.0,1.0,0.0,0.0,0.0,6,0
vllm-llama-3-3-70b-instruct,impute_llm_one,impute,llm_one,110,5,0,5,1,1.0,1.0,0.0,0.0,0.0,4,0
vllm-llama-3-3-70b-instruct,impute_llm_one,impute,llm_one,111,5,0,5,1,1.0,1.0,0.0,0.0,0.0,4,0
vllm-llama-3-3-70b-instruct,impute_llm_one,impute,llm_one,112,5,0,5,2,0.6,0.6,0.6,0.6,0.6,5,1
vllm-llama-3-3-70b-instruct,impute_llm_one,impute,llm_one,113,5,0,5,1,1.0,1.0,1.0,1.0,1.0,6,0
vllm-llama-3-3-70b-instruct,impute_llm_one,impute,llm_one,114,5,0,5,3,0.3,0.3,0.0,0.0,0.0,6,2
vllm-llama-3-3-70b-instruct,impute_llm_one,impute,llm_one,115,5,0,5,1,1.0,1.0,0.8333,0.8333,0.8333,6,0
vllm-llama-3-3-70b-instruct,impute_llm_one,impute,llm_one,116,5,5,0,0,nan,1.0,,,,0,0
vllm-llama-3-3-70b-instruct,impute_llm_one,impute,llm_one,117,5,0,5,1,1.0,1.0,0.0,0.0,0.0,6,0
vllm-llama-3-3-70b-instruct,impute_llm_one,impute,llm_one,118,5,0,5,1,1.0,1.0,0.3333,0.3333,0.3333,6,0
vllm-llama-3-3-70b-instruct,impute_llm_one,impute,llm_one,119,5,0,5,2,0.6,0.6,0.0,0.0,0.0,6,1
vllm-llama-3-3-70b-instruct,impute_llm_one,impute,llm_one,120,5,0,5,1,1.0,1.0,0.7857,0.7857,0.7857,13,0
vllm-llama-3-3-70b-instruct,impute_llm_one,impute,llm_one,121,5,0,5,1,1.0,1.0,1.0,1.0,1.0,9,0
vllm-llama-3-3-70b-instruct,impute_llm_one,impute,llm_one,122,5,0,5,3,0.3,0.3,0.5,0.5,0.5,6,2
vllm-llama-3-3-70b-instruct,impute_llm_one,impute,llm_one,123,5,0,5,2,0.6,0.6,0.25,0.25,0.25,15,1
vllm-llama-3-3-70b-instruct,impute_llm_one,impute,llm_one,124,5,0,5,1,1.0,1.0,1.0,1.0,1.0,5,0
vllm-llama-3-3-70b-instruct,impute_llm_one,impute,llm_one,125,5,0,5,2,0.6,0.6,0.0,0.0,0.0,5,1
vllm-llama-3-3-70b-instruct,impute_llm_one,impute,llm_one,126,5,0,5,2,0.4,0.4,0.0,0.0,0.0,5,1
vllm-llama-3-3-70b-instruct,impute_llm_one,impute,llm_one,127,5,0,5,1,1.0,1.0,0.0,0.0,0.0,1,0
vllm-llama-3-3-70b-instruct,impute_llm_one,impute,llm_one,128,5,0,5,1,1.0,1.0,0.8,0.8,0.8,9,0
vllm-llama-3-3-70b-instruct,impute_llm_one,impute,llm_one,129,5,0,5,1,1.0,1.0,0.25,0.25,0.25,7,0
vllm-llama-3-3-70b-instruct,impute_llm_one,impute,llm_one,200,5,0,5,1,1.0,1.0,0.05,0.05,0.05,40,0
vllm-llama-3-3-70b-instruct,impute_llm_one,impute,llm_one,201,5,0,5,2,0.4,0.4,0.7593,0.7593,0.7593,54,1
vllm-llama-3-3-70b-instruct,impute_llm_one,impute,llm_one,202,5,0,5,1,1.0,1.0,0.75,0.75,0.75,100,0
vllm-llama-3-3-70b-instruct,impute_llm_one,impute,llm_one,203,5,5,0,0,nan,1.0,,,,0,0
vllm-llama-3-3-70b-instruct,impute_llm_one,impute,llm_one,204,5,0,5,1,1.0,1.0,0.02,0.02,0.02,50,0
vllm-llama-3-3-70b-instruct,impute_llm_one,impute,llm_one,205,5,0,5,5,0.0,0.0,0.0,0.0,0.0,103,16
vllm-llama-3-3-70b-instruct,impute_llm_one,impute,llm_one,206,5,0,5,1,1.0,1.0,1.0,1.0,1.0,50,0
vllm-llama-3-3-70b-instruct,impute_llm_one,impute,llm_one,207,5,0,5,4,0.1,0.1,0.1964,0.2321,0.21069999999999997,56,3
vllm-llama-3-3-70b-instruct,impute_llm_one,impute,llm_one,208,5,0,5,3,0.3,0.3,0.42,0.42,0.42000000000000004,50,2
vllm-llama-3-3-70b-instruct,impute_llm_one,impute,llm_one,209,5,0,5,1,1.0,1.0,0.94,0.94,0.9399999999999998,50,3
vllm-llama-3-3-70b-instruct,impute_llm_one,impute,llm_one,210,5,0,5,1,1.0,1.0,0.7143,0.7143,0.7143,21,0
vllm-llama-3-3-70b-instruct,impute_llm_one,impute,llm_one,211,5,0,5,2,0.6,0.6,0.7308,0.7692,0.73848,26,1
vllm-llama-3-3-70b-instruct,impute_llm_one,impute,llm_one,212,5,0,5,5,0.0,0.0,0.0,0.0,0.0,30,3
vllm-llama-3-3-70b-instruct,impute_llm_one,impute,llm_one,213,5,0,5,5,0.0,0.0,0.0,0.0,0.0,29,9
vllm-llama-3-3-70b-instruct,impute_llm_one,impute,llm_one,214,5,0,5,5,0.0,0.0,0.0909,0.0909,0.0909,11,1
vllm-llama-3-3-70b-instruct,impute_llm_one,impute,llm_one,215,5,0,5,1,1.0,1.0,1.0,1.0,1.0,30,0
vllm-llama-3-3-70b-instruct,impute_llm_one,impute,llm_one,216,5,0,5,1,1.0,1.0,1.0,1.0,1.0,7,0
vllm-llama-3-3-70b-instruct,impute_llm_one,impute,llm_one,217,5,0,5,1,1.0,1.0,0.8649,0.8649,0.8649000000000001,37,0
vllm-llama-3-3-70b-instruct,impute_llm_one,impute,llm_one,218,5,0,5,1,1.0,1.0,1.0,1.0,1.0,42,0
vllm-llama-3-3-70b-instruct,impute_llm_one,impute,llm_one,219,5,0,5,1,1.0,1.0,0.9524,0.9524,0.9524000000000001,42,0
vllm-llama-3-3-70b-instruct,impute_llm_one,impute,llm_one,220,5,0,5,1,1.0,1.0,0.0,0.0,0.0,66,0
vllm-llama-3-3-70b-instruct,impute_llm_one,impute,llm_one,221,5,0,5,2,0.4,0.4,0.9307,0.9351,0.9324600000000001,231,1
vllm-llama-3-3-70b-instruct,impute_llm_one,impute,llm_one,222,5,0,5,4,0.1,0.1,0.0,0.0,0.0,25,4
vllm-llama-3-3-70b-instruct,impute_llm_one,impute,llm_one,223,5,0,5,2,0.4,0.4,0.6346,0.6346,0.6346,52,1
vllm-llama-3-3-70b-instruct,impute_llm_one,impute,llm_one,224,5,0,5,1,1.0,1.0,0.0952,0.0952,0.0952,42,0
vllm-llama-3-3-70b-instruct,impute_llm_one,impute,llm_one,225,5,0,5,3,0.2,0.2,0.625,0.7917,0.70836,24,4
vllm-llama-3-3-70b-instruct,impute_llm_one,impute,llm_one,226,5,0,5,1,1.0,1.0,0.8,0.8,0.8,30,0
vllm-llama-3-3-70b-instruct,impute_llm_one,impute,llm_one,227,5,0,5,1,1.0,1.0,0.9841,0.9841,0.9841,63,0
vllm-llama-3-3-70b-instruct,impute_llm_one,impute,llm_one,228,5,0,5,4,0.1,0.1,0.0,0.0,0.0,35,4
vllm-llama-3-3-70b-instruct,impute_llm_one,impute,llm_one,229,5,0,5,3,0.3,0.3,0.0333,0.0333,0.0333,30,2
vllm-llama-3-3-70b-instruct,match_llm_all,match,llm_all,100,5,0,5,1,1.0,1.0,1.0,1.0,1.0,1,0
vllm-llama-3-3-70b-instruct,match_llm_all,match,llm_all,101,5,0,5,1,1.0,1.0,1.0,1.0,1.0,1,0
vllm-llama-3-3-70b-instruct,match_llm_all,match,llm_all,102,5,0,5,1,1.0,1.0,0.6818,0.6818,0.6818,1,0
vllm-llama-3-3-70b-instruct,match_llm_all,match,llm_all,103,5,0,5,1,1.0,1.0,0.1538,0.1538,0.1538,1,0
vllm-llama-3-3-70b-instruct,match_llm_all,match,llm_all,104,5,0,5,2,0.4,0.4,0.1702,0.5714,0.41092000000000006,1,1
vllm-llama-3-3-70b-instruct,match_llm_all,match,llm_all,105,5,0,5,1,1.0,1.0,0.9565,0.9565,0.9564999999999999,1,0
vllm-llama-3-3-70b-instruct,match_llm_all,match,llm_all,106,5,0,5,1,1.0,1.0,0.7273,0.7273,0.7273,1,0
vllm-llama-3-3-70b-instruct,match_llm_all,match,llm_all,107,5,0,5,1,1.0,1.0,1.0,1.0,1.0,1,0
vllm-llama-3-3-70b-instruct,match_llm_all,match,llm_all,108,5,0,5,1,1.0,1.0,0.9231,0.9231,0.9231,1,0
vllm-llama-3-3-70b-instruct,match_llm_all,match,llm_all,109,5,0,5,3,0.3,0.3,0.88,0.9231,0.8994199999999999,1,1
vllm-llama-3-3-70b-instruct,match_llm_all,match,llm_all,110,5,0,5,1,1.0,1.0,0.5714,0.5714,0.5714,1,0
vllm-llama-3-3-70b-instruct,match_llm_all,match,llm_all,111,5,0,5,1,1.0,1.0,1.0,1.0,1.0,1,0
vllm-llama-3-3-70b-instruct,match_llm_all,match,llm_all,112,5,0,5,1,1.0,1.0,1.0,1.0,1.0,1,0
vllm-llama-3-3-70b-instruct,match_llm_all,match,llm_all,113,5,0,5,1,1.0,1.0,0.4444,0.4444,0.4444,1,0
vllm-llama-3-3-70b-instruct,match_llm_all,match,llm_all,114,5,0,5,1,1.0,1.0,1.0,1.0,1.0,1,0
vllm-llama-3-3-70b-instruct,match_llm_all,match,llm_all,115,5,0,5,1,1.0,1.0,0.9841,0.9841,0.9841,1,0
vllm-llama-3-3-70b-instruct,match_llm_all,match,llm_all,116,5,0,5,1,1.0,1.0,0.9,0.9,0.9,1,0
vllm-llama-3-3-70b-instruct,match_llm_all,match,llm_all,117,5,0,5,1,1.0,1.0,0.9608,0.9608,0.9608000000000001,1,0
vllm-llama-3-3-70b-instruct,match_llm_all,match,llm_all,118,5,0,5,1,1.0,1.0,1.0,1.0,1.0,1,0
vllm-llama-3-3-70b-instruct,match_llm_all,match,llm_all,119,5,5,0,0,nan,1.0,,,,0,0
vllm-llama-3-3-70b-instruct,match_llm_all,match,llm_all,120,5,2,3,1,1.0,0.4,0.0667,0.0667,0.0667,1,0
vllm-llama-3-3-70b-instruct,match_llm_all,match,llm_all,121,5,0,5,1,1.0,1.0,0.8333,0.8333,0.8333,1,0
vllm-llama-3-3-70b-instruct,match_llm_all,match,llm_all,122,5,0,5,1,1.0,1.0,0.1905,0.1905,0.1905,1,0
vllm-llama-3-3-70b-instruct,match_llm_all,match,llm_all,123,5,0,5,1,1.0,1.0,0.5172,0.5172,0.5172,1,0
vllm-llama-3-3-70b-instruct,match_llm_all,match,llm_all,124,5,0,5,3,0.3,0.3,0.2,0.3226,0.26454,1,1
vllm-llama-3-3-70b-instruct,match_llm_all,match,llm_all,125,5,0,5,1,1.0,1.0,0.3333,0.3333,0.3333,1,0
vllm-llama-3-3-70b-instruct,match_llm_all,match,llm_all,126,5,0,5,4,0.1,0.1,0.4444,0.5625,0.509,1,1
vllm-llama-3-3-70b-instruct,match_llm_all,match,llm_all,127,5,0,5,1,1.0,1.0,0.0,0.0,0.0,1,0
vllm-llama-3-3-70b-instruct,match_llm_all,match,llm_all,128,5,0,5,1,1.0,1.0,0.08,0.08,0.08,1,0
vllm-llama-3-3-70b-instruct,match_llm_all,match,llm_all,129,5,0,5,1,1.0,1.0,0.9362,0.9362,0.9362,1,0
vllm-llama-3-3-70b-instruct,match_llm_all,match,llm_all,200,5,0,5,1,1.0,1.0,1.0,1.0,1.0,1,0
vllm-llama-3-3-70b-instruct,match_llm_all,match,llm_all,201,5,0,5,1,1.0,1.0,0.9091,0.9091,0.9091000000000001,1,0
vllm-llama-3-3-70b-instruct,match_llm_all,match,llm_all,202,5,0,5,1,1.0,1.0,1.0,1.0,1.0,1,0
vllm-llama-3-3-70b-instruct,match_llm_all,match,llm_all,203,5,0,5,1,1.0,1.0,1.0,1.0,1.0,1,0
vllm-llama-3-3-70b-instruct,match_llm_all,match,llm_all,204,5,0,5,1,1.0,1.0,0.8571,0.8571,0.8571,1,1
vllm-llama-3-3-70b-instruct,match_llm_all,match,llm_all,205,5,0,5,5,0.0,0.0,0.1333,0.3077,0.20057999999999998,1,1
vllm-llama-3-3-70b-instruct,match_llm_all,match,llm_all,206,5,0,5,1,1.0,1.0,1.0,1.0,1.0,1,0
vllm-llama-3-3-70b-instruct,match_llm_all,match,llm_all,207,5,0,5,1,1.0,1.0,0.9286,0.9286,0.9286,1,1
vllm-llama-3-3-70b-instruct,match_llm_all,match,llm_all,208,5,0,5,1,1.0,1.0,0.8,0.8,0.8,1,0
vllm-llama-3-3-70b-instruct,match_llm_all,match,llm_all,209,5,2,3,1,1.0,0.4,0.75,0.75,0.75,1,0
vllm-llama-3-3-70b-instruct,match_llm_all,match,llm_all,210,5,0,5,1,1.0,1.0,0.8889,0.8889,0.8888999999999999,1,0
vllm-llama-3-3-70b-instruct,match_llm_all,match,llm_all,211,5,0,5,1,1.0,1.0,0.9231,0.9231,0.9231,1,0
vllm-llama-3-3-70b-instruct,match_llm_all,match,llm_all,212,5,0,5,1,1.0,1.0,0.8,0.8,0.8,1,0
vllm-llama-3-3-70b-instruct,match_llm_all,match,llm_all,213,5,0,5,1,1.0,1.0,1.0,1.0,1.0,1,1
vllm-llama-3-3-70b-instruct,match_llm_all,match,llm_all,214,5,0,5,1,1.0,1.0,1.0,1.0,1.0,1,1
vllm-llama-3-3-70b-instruct,match_llm_all,match,llm_all,300,5,0,5,1,1.0,1.0,0.5,0.5,0.5,1,0
vllm-llama-3-3-70b-instruct,match_llm_all,match,llm_all,301,5,0,5,1,1.0,1.0,0.5,0.5,0.5,1,0
vllm-llama-3-3-70b-instruct,match_llm_all,match,llm_all,302,5,0,5,1,1.0,1.0,1.0,1.0,1.0,1,0
vllm-llama-3-3-70b-instruct,match_llm_all,match,llm_all,303,5,0,5,1,1.0,1.0,0.3333,0.3333,0.3333,1,0
vllm-llama-3-3-70b-instruct,match_llm_all,match,llm_all,304,5,0,5,1,1.0,1.0,0.6154,0.6154,0.6154,1,0
vllm-llama-3-3-70b-instruct,match_llm_all,match,llm_all,305,5,0,5,1,1.0,1.0,0.7619,0.7619,0.7619,1,0
vllm-llama-3-3-70b-instruct,match_llm_all,match,llm_all,306,5,0,5,1,1.0,1.0,0.6667,0.6667,0.6667,1,0
vllm-llama-3-3-70b-instruct,match_llm_all,match,llm_all,307,5,0,5,3,0.2,0.2,0.4444,0.6667,0.55556,1,1
vllm-llama-3-3-70b-instruct,match_llm_all,match,llm_all,308,5,0,5,2,0.4,0.4,0.6,0.75,0.6599999999999999,1,1
vllm-llama-3-3-70b-instruct,match_llm_all,match,llm_all,309,5,0,5,1,1.0,1.0,0.4,0.4,0.4,1,0
vllm-llama-3-3-70b-instruct,match_llm_all,match,llm_all,310,5,0,5,1,1.0,1.0,0.0,0.0,0.0,1,0
vllm-llama-3-3-70b-instruct,match_llm_all,match,llm_all,311,5,0,5,1,1.0,1.0,0.8333,0.8333,0.8333,1,0
vllm-llama-3-3-70b-instruct,match_llm_all,match,llm_all,312,5,0,5,2,0.4,0.4,0.25,0.2857,0.26428,1,1
vllm-llama-3-3-70b-instruct,match_llm_all,match,llm_all,313,5,0,5,1,1.0,1.0,0.8889,0.8889,0.8888999999999999,1,0
vllm-llama-3-3-70b-instruct,match_llm_all,match,llm_all,314,5,0,5,2,0.6,0.6,0.4444,0.4444,0.4444,1,1
vllm-llama-3-3-70b-instruct,match_llm_one,match,llm_one,100,5,0,5,2,0.4,0.4,0.0968,0.0973,0.09709999999999999,85,1
vllm-llama-3-3-70b-instruct,match_llm_one,match,llm_one,101,5,0,5,4,0.1,0.1,0.5263,0.5556,0.54086,260,6
vllm-llama-3-3-70b-instruct,match_llm_one,match,llm_one,102,5,0,5,2,0.6,0.6,0.7111,0.7273,0.71434,92,1
vllm-llama-3-3-70b-instruct,match_llm_one,match,llm_one,103,5,0,5,3,0.3,0.3,0.1429,0.1455,0.14445999999999998,160,2
vllm-llama-3-3-70b-instruct,match_llm_one,match,llm_one,104,5,0,5,2,0.6,0.6,0.2105,0.2222,0.21986,100,2
vllm-llama-3-3-70b-instruct,match_llm_one,match,llm_one,105,5,5,0,0,nan,1.0,,,,0,0
vllm-llama-3-3-70b-instruct,match_llm_one,match,llm_one,106,5,5,0,0,nan,1.0,,,,0,0
vllm-llama-3-3-70b-instruct,match_llm_one,match,llm_one,107,5,0,5,5,0.0,0.0,0.7,0.7568,0.72588,154,5
vllm-llama-3-3-70b-instruct,match_llm_one,match,llm_one,108,5,0,5,4,0.1,0.1,0.5333,0.6207,0.58114,336,3
vllm-llama-3-3-70b-instruct,match_llm_one,match,llm_one,109,5,0,5,1,1.0,1.0,0.4103,0.4103,0.4103,144,0
vllm-llama-3-3-70b-instruct,match_llm_one,match,llm_one,110,5,0,5,1,1.0,1.0,0.3333,0.3333,0.3333,144,0
vllm-llama-3-3-70b-instruct,match_llm_one,match,llm_one,111,5,0,5,1,1.0,1.0,1.0,1.0,1.0,96,0
vllm-llama-3-3-70b-instruct,match_llm_one,match,llm_one,112,5,0,5,1,1.0,1.0,1.0,1.0,1.0,2,0
vllm-llama-3-3-70b-instruct,match_llm_one,match,llm_one,113,5,0,5,3,0.2,0.2,0.3077,0.3077,0.3077,300,89
vllm-llama-3-3-70b-instruct,match_llm_one,match,llm_one,114,5,0,5,1,1.0,1.0,0.6667,0.6667,0.6667,117,0
vllm-llama-3-3-70b-instruct,match_llm_one,match,llm_one,115,5,0,5,5,0.0,0.0,0.6519,0.6705,0.6614800000000001,315,9
vllm-llama-3-3-70b-instruct,match_llm_one,match,llm_one,116,5,0,5,2,0.4,0.4,0.8235,0.84,0.8301000000000001,90,1
vllm-llama-3-3-70b-instruct,match_llm_one,match,llm_one,117,5,0,5,4,0.1,0.1,0.5618,0.5682,0.565,175,2
vllm-llama-3-3-70b-instruct,match_llm_one,match,llm_one,118,5,0,5,2,0.6,0.6,0.1935,0.1967,0.19606,258,3
vllm-llama-3-3-70b-instruct,match_llm_one,match,llm_one,119,5,5,0,0,nan,1.0,,,,0,0
vllm-llama-3-3-70b-instruct,match_llm_one,match,llm_one,120,5,5,0,0,nan,1.0,,,,0,0
vllm-llama-3-3-70b-instruct,match_llm_one,match,llm_one,121,5,0,5,1,1.0,1.0,0.9231,0.9231,0.9231,1426,0
vllm-llama-3-3-70b-instruct,match_llm_one,match,llm_one,122,5,0,5,1,1.0,1.0,1.0,1.0,1.0,400,0
vllm-llama-3-3-70b-instruct,match_llm_one,match,llm_one,123,5,0,5,1,1.0,1.0,0.8136,0.8136,0.8135999999999999,161,0
vllm-llama-3-3-70b-instruct,match_llm_one,match,llm_one,124,5,5,0,0,nan,1.0,,,,0,0
vllm-llama-3-3-70b-instruct,match_llm_one,match,llm_one,125,5,0,5,1,1.0,1.0,0.3333,0.3333,0.3333,572,0
vllm-llama-3-3-70b-instruct,match_llm_one,match,llm_one,126,5,0,5,3,0.2,0.2,0.5373,0.5455,0.5405800000000001,1056,2
vllm-llama-3-3-70b-instruct,match_llm_one,match,llm_one,127,5,0,5,1,1.0,1.0,0.2759,0.2759,0.2759,525,0
vllm-llama-3-3-70b-instruct,match_llm_one,match,llm_one,128,5,5,0,0,nan,1.0,,,,0,0
vllm-llama-3-3-70b-instruct,match_llm_one,match,llm_one,129,5,0,5,5,0.0,0.0,0.2235,0.2353,0.2266,840,20
vllm-llama-3-3-70b-instruct,match_llm_one,match,llm_one,200,5,0,5,1,1.0,1.0,1.0,1.0,1.0,270,0
vllm-llama-3-3-70b-instruct,match_llm_one,match,llm_one,201,5,0,5,1,1.0,1.0,1.0,1.0,1.0,442,0
vllm-llama-3-3-70b-instruct,match_llm_one,match,llm_one,202,5,0,5,1,1.0,1.0,1.0,1.0,1.0,384,0
vllm-llama-3-3-70b-instruct,match_llm_one,match,llm_one,203,5,0,5,1,1.0,1.0,1.0,1.0,1.0,304,0
vllm-llama-3-3-70b-instruct,match_llm_one,match,llm_one,204,5,0,5,1,1.0,1.0,0.5714,0.5714,0.5714,108,0
vllm-llama-3-3-70b-instruct,match_llm_one,match,llm_one,205,5,0,5,1,1.0,1.0,0.5,0.5,0.5,299,0
vllm-llama-3-3-70b-instruct,match_llm_one,match,llm_one,206,5,0,5,4,0.1,0.1,0.7,0.7826,0.75366,247,3
vllm-llama-3-3-70b-instruct,match_llm_one,match,llm_one,207,5,0,5,2,0.6,0.6,0.6667,0.7273,0.7151799999999999,210,1
vllm-llama-3-3-70b-instruct,match_llm_one,match,llm_one,208,5,0,5,1,1.0,1.0,0.5455,0.5455,0.5455,225,0
vllm-llama-3-3-70b-instruct,match_llm_one,match,llm_one,209,5,0,5,3,0.2,0.2,0.6667,0.75,0.6990399999999999,100,2
vllm-llama-3-3-70b-instruct,match_llm_one,match,llm_one,210,5,0,5,1,1.0,1.0,0.7273,0.7273,0.7273,25,0
vllm-llama-3-3-70b-instruct,match_llm_one,match,llm_one,211,5,0,5,2,0.6,0.6,0.8085,0.8261,0.82258,484,1
vllm-llama-3-3-70b-instruct,match_llm_one,match,llm_one,212,5,0,5,3,0.3,0.3,0.6957,0.7111,0.7018599999999999,330,3
vllm-llama-3-3-70b-instruct,match_llm_one,match,llm_one,213,5,0,5,1,1.0,1.0,1.0,1.0,1.0,36,0
vllm-llama-3-3-70b-instruct,match_llm_one,match,llm_one,214,5,0,5,1,1.0,1.0,1.0,1.0,1.0,90,0
vllm-llama-3-3-70b-instruct,match_llm_one,match,llm_one,300,5,5,0,0,nan,1.0,,,,0,0
vllm-llama-3-3-70b-instruct,match_llm_one,match,llm_one,301,5,5,0,0,nan,1.0,,,,0,0
vllm-llama-3-3-70b-instruct,match_llm_one,match,llm_one,302,5,5,0,0,nan,1.0,,,,0,0
vllm-llama-3-3-70b-instruct,match_llm_one,match,llm_one,303,5,5,0,0,nan,1.0,,,,0,0
vllm-llama-3-3-70b-instruct,match_llm_one,match,llm_one,304,5,5,0,0,nan,1.0,,,,0,0
vllm-llama-3-3-70b-instruct,match_llm_one,match,llm_one,305,5,5,0,0,nan,1.0,,,,0,0
vllm-llama-3-3-70b-instruct,match_llm_one,match,llm_one,306,5,5,0,0,nan,1.0,,,,0,0
vllm-llama-3-3-70b-instruct,match_llm_one,match,llm_one,307,5,5,0,0,nan,1.0,,,,0,0
vllm-llama-3-3-70b-instruct,match_llm_one,match,llm_one,308,5,5,0,0,nan,1.0,,,,0,0
vllm-llama-3-3-70b-instruct,match_llm_one,match,llm_one,309,5,5,0,0,nan,1.0,,,,0,0
vllm-llama-3-3-70b-instruct,match_llm_one,match,llm_one,310,5,0,5,1,1.0,1.0,0.3636,0.3636,0.3636,45,0
vllm-llama-3-3-70b-instruct,match_llm_one,match,llm_one,311,5,5,0,0,nan,1.0,,,,0,0
vllm-llama-3-3-70b-instruct,match_llm_one,match,llm_one,312,5,5,0,0,nan,1.0,,,,0,0
vllm-llama-3-3-70b-instruct,match_llm_one,match,llm_one,313,5,5,0,0,nan,1.0,,,,0,0
vllm-llama-3-3-70b-instruct,match_llm_one,match,llm_one,314,5,5,0,0,nan,1.0,,,,0,0
vllm-llama-3-3-70b-instruct,match_llm_semi,match,llm_semi,100,5,0,5,1,1.0,1.0,0.9,0.9,0.9,17,2
vllm-llama-3-3-70b-instruct,match_llm_semi,match,llm_semi,101,5,0,5,1,1.0,1.0,1.0,1.0,1.0,10,0
vllm-llama-3-3-70b-instruct,match_llm_semi,match,llm_semi,102,5,0,5,2,0.6,0.6,0.7111,0.7442,0.7177199999999999,23,1
vllm-llama-3-3-70b-instruct,match_llm_semi,match,llm_semi,103,5,0,5,1,1.0,1.0,0.2,0.2,0.2,10,0
vllm-llama-3-3-70b-instruct,match_llm_semi,match,llm_semi,104,5,0,5,1,1.0,1.0,0.5714,0.5714,0.5714,10,0
vllm-llama-3-3-70b-instruct,match_llm_semi,match,llm_semi,105,5,0,5,1,1.0,1.0,0.9167,0.9167,0.9167,14,7
vllm-llama-3-3-70b-instruct,match_llm_semi,match,llm_semi,106,5,0,5,1,1.0,1.0,0.9333,0.9333,0.9333,12,5
vllm-llama-3-3-70b-instruct,match_llm_semi,match,llm_semi,107,5,0,5,1,1.0,1.0,1.0,1.0,1.0,14,0
vllm-llama-3-3-70b-instruct,match_llm_semi,match,llm_semi,108,5,0,5,1,1.0,1.0,0.88,0.88,0.8800000000000001,14,0
vllm-llama-3-3-70b-instruct,match_llm_semi,match,llm_semi,109,5,0,5,1,1.0,1.0,0.6,0.6,0.6,12,2
vllm-llama-3-3-70b-instruct,match_llm_semi,match,llm_semi,110,5,0,5,2,0.4,0.4,0.25,0.375,0.325,24,8
vllm-llama-3-3-70b-instruct,match_llm_semi,match,llm_semi,111,5,0,5,1,1.0,1.0,0.25,0.25,0.25,24,7
vllm-llama-3-3-70b-instruct,match_llm_semi,match,llm_semi,112,5,0,5,1,1.0,1.0,1.0,1.0,1.0,1,0
vllm-llama-3-3-70b-instruct,match_llm_semi,match,llm_semi,113,5,0,5,1,1.0,1.0,0.6667,0.6667,0.6667,15,10
vllm-llama-3-3-70b-instruct,match_llm_semi,match,llm_semi,114,5,0,5,3,0.2,0.2,0.4,0.4444,0.40888,13,5
vllm-llama-3-3-70b-instruct,match_llm_semi,match,llm_semi,115,5,0,5,1,1.0,1.0,0.9683,0.9683,0.9682999999999999,63,0
vllm-llama-3-3-70b-instruct,match_llm_semi,match,llm_semi,116,5,0,5,1,1.0,1.0,0.9,0.9,0.9,18,0
vllm-llama-3-3-70b-instruct,match_llm_semi,match,llm_semi,117,5,0,5,2,0.6,0.6,0.8,0.8,0.8,35,1
vllm-llama-3-3-70b-instruct,match_llm_semi,match,llm_semi,118,5,0,5,1,1.0,1.0,1.0,1.0,1.0,6,0
vllm-llama-3-3-70b-instruct,match_llm_semi,match,llm_semi,119,5,0,5,1,1.0,1.0,0.6207,0.6207,0.6207,11,0
vllm-llama-3-3-70b-instruct,match_llm_semi,match,llm_semi,120,5,0,5,4,0.1,0.1,0.0526,0.1081,0.07454000000000001,27,2
vllm-llama-3-3-70b-instruct,match_llm_semi,match,llm_semi,121,5,0,5,1,1.0,1.0,0.6667,0.6667,0.6667,31,7
vllm-llama-3-3-70b-instruct,match_llm_semi,match,llm_semi,122,5,0,5,3,0.3,0.3,0.2105,0.2222,0.21986,20,3
vllm-llama-3-3-70b-instruct,match_llm_semi,match,llm_semi,123,5,0,5,1,1.0,1.0,0.8136,0.8136,0.8135999999999999,23,0
vllm-llama-3-3-70b-instruct,match_llm_semi,match,llm_semi,124,5,0,5,1,1.0,1.0,0.3243,0.3243,0.3243,15,1
vllm-llama-3-3-70b-instruct,match_llm_semi,match,llm_semi,125,5,0,5,1,1.0,1.0,0.1667,0.1667,0.1667,22,0
vllm-llama-3-3-70b-instruct,match_llm_semi,match,llm_semi,126,5,0,5,1,1.0,1.0,0.0,0.0,0.0,48,1
vllm-llama-3-3-70b-instruct,match_llm_semi,match,llm_semi,127,5,0,5,3,0.3,0.3,0.3125,0.4127,0.33554,21,7
vllm-llama-3-3-70b-instruct,match_llm_semi,match,llm_semi,128,5,0,5,1,1.0,1.0,0.3333,0.3333,0.3333,24,0
vllm-llama-3-3-70b-instruct,match_llm_semi,match,llm_semi,129,5,0,5,1,1.0,1.0,0.875,0.875,0.875,24,0
vllm-llama-3-3-70b-instruct,match_llm_semi,match,llm_semi,200,5,0,5,1,1.0,1.0,0.8,0.8,0.8,27,0
vllm-llama-3-3-70b-instruct,match_llm_semi,match,llm_semi,201,5,0,5,2,0.4,0.4,0.8571,0.9231,0.8967,17,1
vllm-llama-3-3-70b-instruct,match_llm_semi,match,llm_semi,202,5,0,5,1,1.0,1.0,1.0,1.0,1.0,24,0
vllm-llama-3-3-70b-instruct,match_llm_semi,match,llm_semi,203,5,0,5,1,1.0,1.0,1.0,1.0,1.0,16,1
vllm-llama-3-3-70b-instruct,match_llm_semi,match,llm_semi,204,5,0,5,1,1.0,1.0,0.6667,0.6667,0.6667,9,0
vllm-llama-3-3-70b-instruct,match_llm_semi,match,llm_semi,205,5,0,5,1,1.0,1.0,0.8,0.8,0.8,13,0
vllm-llama-3-3-70b-instruct,match_llm_semi,match,llm_semi,206,5,0,5,3,0.3,0.3,0.5556,0.7,0.59968,13,2
vllm-llama-3-3-70b-instruct,match_llm_semi,match,llm_semi,207,5,0,5,2,0.4,0.4,0.8462,0.88,0.8664799999999999,14,1
vllm-llama-3-3-70b-instruct,match_llm_semi,match,llm_semi,208,5,0,5,1,1.0,1.0,0.9231,0.9231,0.9231,15,1
vllm-llama-3-3-70b-instruct,match_llm_semi,match,llm_semi,209,5,0,5,1,1.0,1.0,1.0,1.0,1.0,10,0
vllm-llama-3-3-70b-instruct,match_llm_semi,match,llm_semi,210,5,0,5,1,1.0,1.0,0.8889,0.8889,0.8888999999999999,5,0
vllm-llama-3-3-70b-instruct,match_llm_semi,match,llm_semi,211,5,0,5,1,1.0,1.0,0.9756,0.9756,0.9756,22,0
vllm-llama-3-3-70b-instruct,match_llm_semi,match,llm_semi,212,5,0,5,1,1.0,1.0,0.7778,0.7778,0.7778,15,0
vllm-llama-3-3-70b-instruct,match_llm_semi,match,llm_semi,213,5,0,5,1,1.0,1.0,1.0,1.0,1.0,6,0
vllm-llama-3-3-70b-instruct,match_llm_semi,match,llm_semi,214,5,0,5,1,1.0,1.0,1.0,1.0,1.0,9,1
vllm-llama-3-3-70b-instruct,match_llm_semi,match,llm_semi,300,5,0,5,2,0.6,0.6,0.1429,0.1429,0.1429,12,1
vllm-llama-3-3-70b-instruct,match_llm_semi,match,llm_semi,301,5,0,5,1,1.0,1.0,0.8,0.8,0.8,5,0
vllm-llama-3-3-70b-instruct,match_llm_semi,match,llm_semi,302,5,0,5,1,1.0,1.0,0.8889,0.8889,0.8888999999999999,5,0
vllm-llama-3-3-70b-instruct,match_llm_semi,match,llm_semi,303,5,0,5,1,1.0,1.0,0.5455,0.5455,0.5455,8,0
vllm-llama-3-3-70b-instruct,match_llm_semi,match,llm_semi,304,5,0,5,1,1.0,1.0,0.7368,0.7368,0.7368,12,0
vllm-llama-3-3-70b-instruct,match_llm_semi,match,llm_semi,305,5,0,5,3,0.3,0.3,0.35,0.35,0.35,29,1
vllm-llama-3-3-70b-instruct,match_llm_semi,match,llm_semi,306,5,0,5,1,1.0,1.0,0.9091,0.9091,0.9091000000000001,6,0
vllm-llama-3-3-70b-instruct,match_llm_semi,match,llm_semi,307,5,0,5,4,0.1,0.1,0.5714,0.5714,0.5714,5,1
vllm-llama-3-3-70b-instruct,match_llm_semi,match,llm_semi,308,5,0,5,1,1.0,1.0,0.4444,0.4444,0.4444,6,0
vllm-llama-3-3-70b-instruct,match_llm_semi,match,llm_semi,309,5,0,5,1,1.0,1.0,0.24,0.24,0.24,19,0
vllm-llama-3-3-70b-instruct,match_llm_semi,match,llm_semi,310,5,0,5,2,0.6,0.6,0.2857,0.2857,0.2857,5,1
vllm-llama-3-3-70b-instruct,match_llm_semi,match,llm_semi,311,5,0,5,1,1.0,1.0,0.7143,0.7143,0.7143,8,0
vllm-llama-3-3-70b-instruct,match_llm_semi,match,llm_semi,312,5,0,5,1,1.0,1.0,0.5,0.5,0.5,5,0
vllm-llama-3-3-70b-instruct,match_llm_semi,match,llm_semi,313,5,0,5,1,1.0,1.0,0.8,0.8,0.8,5,0
vllm-llama-3-3-70b-instruct,match_llm_semi,match,llm_semi,314,5,0,5,1,1.0,1.0,0.2667,0.2667,0.2667,12,0
vllm-llama-3-3-70b-instruct,multi_llm_all,multi,llm_all,1,5,0,5,3,0.2,0.2,0.0,0.0,0.0,137,49
vllm-llama-3-3-70b-instruct,multi_llm_all,multi,llm_all,10,5,0,5,1,1.0,1.0,1.0,1.0,1.0,14,5
vllm-llama-3-3-70b-instruct,multi_llm_all,multi,llm_all,11,5,5,0,0,nan,1.0,,,,0,0
vllm-llama-3-3-70b-instruct,multi_llm_all,multi,llm_all,12,5,5,0,0,nan,1.0,,,,0,0
vllm-llama-3-3-70b-instruct,multi_llm_all,multi,llm_all,13,5,0,5,1,1.0,1.0,1.0,1.0,1.0,6,4
vllm-llama-3-3-70b-instruct,multi_llm_all,multi,llm_all,14,5,5,0,0,nan,1.0,,,,0,0
vllm-llama-3-3-70b-instruct,multi_llm_all,multi,llm_all,15,5,0,5,2,0.6,0.6,0.0,1.0,0.2,24,15
vllm-llama-3-3-70b-instruct,multi_llm_all,multi,llm_all,16,5,0,5,1,1.0,1.0,0.0,0.0,0.0,8,0
vllm-llama-3-3-70b-instruct,multi_llm_all,multi,llm_all,17,5,0,5,1,1.0,1.0,0.0,0.0,0.0,51,24
vllm-llama-3-3-70b-instruct,multi_llm_all,multi,llm_all,18,5,0,5,2,0.6,0.6,0.0,1.0,0.2,2,1
vllm-llama-3-3-70b-instruct,multi_llm_all,multi,llm_all,19,5,0,5,1,1.0,1.0,0.0,0.0,0.0,5,2
vllm-llama-3-3-70b-instruct,multi_llm_all,multi,llm_all,2,5,0,5,1,1.0,1.0,1.0,1.0,1.0,34,11
vllm-llama-3-3-70b-instruct,multi_llm_all,multi,llm_all,20,5,0,5,3,0.3,0.3,0.0,1.0,0.6,7,2
vllm-llama-3-3-70b-instruct,multi_llm_all,multi,llm_all,21,5,0,5,3,0.3,0.3,0.0,0.0,0.0,2,2
vllm-llama-3-3-70b-instruct,multi_llm_all,multi,llm_all,22,5,0,5,1,1.0,1.0,1.0,1.0,1.0,27,4
vllm-llama-3-3-70b-instruct,multi_llm_all,multi,llm_all,23,5,0,5,2,0.4,0.4,0.0,0.0,0.0,30,10
vllm-llama-3-3-70b-instruct,multi_llm_all,multi,llm_all,24,5,0,5,2,0.6,0.6,0.0,0.0,0.0,23,4
vllm-llama-3-3-70b-instruct,multi_llm_all,multi,llm_all,25,5,0,5,3,0.2,0.2,0.0,1.0,0.4,63,16
vllm-llama-3-3-70b-instruct,multi_llm_all,multi,llm_all,26,5,0,5,2,0.4,0.4,0.0,0.0,0.0,54,13
vllm-llama-3-3-70b-instruct,multi_llm_all,multi,llm_all,27,5,0,5,4,0.1,0.1,0.0,0.0,0.0,225,142
vllm-llama-3-3-70b-instruct,multi_llm_all,multi,llm_all,28,5,0,5,2,0.6,0.6,0.0,0.0,0.0,281,118
vllm-llama-3-3-70b-instruct,multi_llm_all,multi,llm_all,29,5,0,5,1,1.0,1.0,0.0,0.0,0.0,25,9
vllm-llama-3-3-70b-instruct,multi_llm_all,multi,llm_all,3,5,0,5,1,1.0,1.0,1.0,1.0,1.0,276,86
vllm-llama-3-3-70b-instruct,multi_llm_all,multi,llm_all,30,5,0,5,2,0.4,0.4,0.0,0.0,0.0,25,6
vllm-llama-3-3-70b-instruct,multi_llm_all,multi,llm_all,31,5,0,5,4,0.1,0.1,0.0,0.0,0.0,27,1
vllm-llama-3-3-70b-instruct,multi_llm_all,multi,llm_all,32,5,0,5,4,0.1,0.1,0.0,0.0,0.0,152,58
vllm-llama-3-3-70b-instruct,multi_llm_all,multi,llm_all,33,5,0,5,1,1.0,1.0,1.0,1.0,1.0,5,2
vllm-llama-3-3-70b-instruct,multi_llm_all,multi,llm_all,34,5,0,5,3,0.3,0.3,0.0,0.0,0.0,252,106
vllm-llama-3-3-70b-instruct,multi_llm_all,multi,llm_all,35,5,0,5,2,0.4,0.4,0.0,0.0,0.0,43,17
vllm-llama-3-3-70b-instruct,multi_llm_all,multi,llm_all,36,5,3,2,1,1.0,0.4,1.0,1.0,1.0,13,3
vllm-llama-3-3-70b-instruct,multi_llm_all,multi,llm_all,37,5,0,5,1,1.0,1.0,1.0,1.0,1.0,40,18
vllm-llama-3-3-70b-instruct,multi_llm_all,multi,llm_all,38,5,0,5,1,1.0,1.0,1.0,1.0,1.0,18,7
vllm-llama-3-3-70b-instruct,multi_llm_all,multi,llm_all,39,5,0,5,2,0.6,0.6,0.0,0.0,0.0,98,39
vllm-llama-3-3-70b-instruct,multi_llm_all,multi,llm_all,4,5,0,5,2,0.4,0.4,0.0,1.0,0.6,27,9
vllm-llama-3-3-70b-instruct,multi_llm_all,multi,llm_all,40,5,0,5,4,0.1,0.1,0.0,0.0,0.0,618,243
vllm-llama-3-3-70b-instruct,multi_llm_all,multi,llm_all,41,5,0,5,4,0.1,0.1,0.0,0.0,0.0,79,26
vllm-llama-3-3-70b-instruct,multi_llm_all,multi,llm_all,42,5,0,5,1,1.0,1.0,0.0,0.0,0.0,31,7
vllm-llama-3-3-70b-instruct,multi_llm_all,multi,llm_all,43,5,0,5,4,0.1,0.1,0.0,0.0,0.0,30,17
vllm-llama-3-3-70b-instruct,multi_llm_all,multi,llm_all,44,5,0,5,1,1.0,1.0,0.0,0.0,0.0,44,12
vllm-llama-3-3-70b-instruct,multi_llm_all,multi,llm_all,45,5,5,0,0,nan,1.0,,,,0,0
vllm-llama-3-3-70b-instruct,multi_llm_all,multi,llm_all,46,5,0,5,4,0.1,0.1,0.0,0.0,0.0,280,151
vllm-llama-3-3-70b-instruct,multi_llm_all,multi,llm_all,47,5,0,5,1,1.0,1.0,0.0,0.0,0.0,112,48
vllm-llama-3-3-70b-instruct,multi_llm_all,multi,llm_all,48,5,5,0,0,nan,1.0,,,,0,0
vllm-llama-3-3-70b-instruct,multi_llm_all,multi,llm_all,49,5,0,5,1,1.0,1.0,0.0,0.0,0.0,115,74
vllm-llama-3-3-70b-instruct,multi_llm_all,multi,llm_all,5,5,0,5,1,1.0,1.0,0.0,0.0,0.0,18,6
vllm-llama-3-3-70b-instruct,multi_llm_all,multi,llm_all,50,5,0,5,1,1.0,1.0,0.0,0.0,0.0,259,92
vllm-llama-3-3-70b-instruct,multi_llm_all,multi,llm_all,51,5,0,5,1,1.0,1.0,1.0,1.0,1.0,235,64
vllm-llama-3-3-70b-instruct,multi_llm_all,multi,llm_all,52,5,0,5,1,1.0,1.0,0.0,0.0,0.0,13,4
vllm-llama-3-3-70b-instruct,multi_llm_all,multi,llm_all,53,5,0,5,2,0.4,0.4,0.0,1.0,0.6,266,75
vllm-llama-3-3-70b-instruct,multi_llm_all,multi,llm_all,54,5,0,5,1,1.0,1.0,1.0,1.0,1.0,36,12
vllm-llama-3-3-70b-instruct,multi_llm_all,multi,llm_all,55,5,5,0,0,nan,1.0,,,,0,0
vllm-llama-3-3-70b-instruct,multi_llm_all,multi,llm_all,56,5,0,5,2,0.4,0.4,0.0,0.0,0.0,166,48
vllm-llama-3-3-70b-instruct,multi_llm_all,multi,llm_all,57,5,0,5,2,0.4,0.4,0.0,1.0,0.6,20,5
vllm-llama-3-3-70b-instruct,multi_llm_all,multi,llm_all,58,5,0,5,2,0.6,0.6,0.0,0.0,0.0,2,1
vllm-llama-3-3-70b-instruct,multi_llm_all,multi,llm_all,59,5,0,5,1,1.0,1.0,1.0,1.0,1.0,4,2
vllm-llama-3-3-70b-instruct,multi_llm_all,multi,llm_all,6,5,0,5,2,0.4,0.4,0.0,0.0,0.0,68,30
vllm-llama-3-3-70b-instruct,multi_llm_all,multi,llm_all,60,5,0,5,1,1.0,1.0,1.0,1.0,1.0,232,86
vllm-llama-3-3-70b-instruct,multi_llm_all,multi,llm_all,7,5,0,5,1,1.0,1.0,1.0,1.0,1.0,137,50
vllm-llama-3-3-70b-instruct,multi_llm_all,multi,llm_all,8,5,0,5,2,0.6,0.6,0.0,0.0,0.0,72,15
vllm-llama-3-3-70b-instruct,multi_llm_all,multi,llm_all,9,5,0,5,1,1.0,1.0,0.0,0.0,0.0,208,94
vllm-llama-3-3-70b-instruct,order_llm_all,order,llm_all,0,5,0,5,1,1.0,1.0,1.0,1.0,1.0,1,0
vllm-llama-3-3-70b-instruct,order_llm_all,order,llm_all,1,5,0,5,1,1.0,1.0,0.6,0.6,0.6,1,1
vllm-llama-3-3-70b-instruct,order_llm_all,order,llm_all,10,5,0,5,1,1.0,1.0,0.9,0.9,0.9,1,0
vllm-llama-3-3-70b-instruct,order_llm_all,order,llm_all,11,5,0,5,1,1.0,1.0,0.8333,0.8333,0.8333,1,0
vllm-llama-3-3-70b-instruct,order_llm_all,order,llm_all,12,5,0,5,1,1.0,1.0,0.0,0.0,0.0,1,0
vllm-llama-3-3-70b-instruct,order_llm_all,order,llm_all,13,5,0,5,1,1.0,1.0,1.0,1.0,1.0,1,0
vllm-llama-3-3-70b-instruct,order_llm_all,order,llm_all,14,5,0,5,1,1.0,1.0,0.2381,0.2381,0.23810000000000003,1,0
vllm-llama-3-3-70b-instruct,order_llm_all,order,llm_all,15,5,0,5,1,1.0,1.0,0.381,0.381,0.381,1,1
vllm-llama-3-3-70b-instruct,order_llm_all,order,llm_all,16,5,0,5,1,1.0,1.0,0.8,0.8,0.8,1,0
vllm-llama-3-3-70b-instruct,order_llm_all,order,llm_all,17,5,0,5,1,1.0,1.0,0.7143,0.7143,0.7143,1,0
vllm-llama-3-3-70b-instruct,order_llm_all,order,llm_all,18,5,0,5,1,1.0,1.0,0.8333,0.8333,0.8333,1,0
vllm-llama-3-3-70b-instruct,order_llm_all,order,llm_all,19,5,0,5,2,0.4,0.4,0.8444,0.8667,0.8533200000000001,1,1
vllm-llama-3-3-70b-instruct,order_llm_all,order,llm_all,2,5,0,5,1,1.0,1.0,0.5,0.5,0.5,1,0
vllm-llama-3-3-70b-instruct,order_llm_all,order,llm_all,20,5,0,5,1,1.0,1.0,0.8889,0.8889,0.8888999999999999,1,0
vllm-llama-3-3-70b-instruct,order_llm_all,order,llm_all,21,5,0,5,1,1.0,1.0,0.5714,0.5714,0.5714,1,1
vllm-llama-3-3-70b-instruct,order_llm_all,order,llm_all,22,5,0,5,1,1.0,1.0,0.8667,0.8667,0.8667,1,1
vllm-llama-3-3-70b-instruct,order_llm_all,order,llm_all,23,5,0,5,1,1.0,1.0,0.0,0.0,0.0,1,0
vllm-llama-3-3-70b-instruct,order_llm_all,order,llm_all,24,5,0,5,1,1.0,1.0,1.0,1.0,1.0,1,0
vllm-llama-3-3-70b-instruct,order_llm_all,order,llm_all,25,5,0,5,1,1.0,1.0,0.6667,0.6667,0.6667,1,0
vllm-llama-3-3-70b-instruct,order_llm_all,order,llm_all,26,5,0,5,1,1.0,1.0,0.2,0.2,0.2,1,0
vllm-llama-3-3-70b-instruct,order_llm_all,order,llm_all,27,5,0,5,2,0.4,0.4,1.0,1.0,1.0,1,1
vllm-llama-3-3-70b-instruct,order_llm_all,order,llm_all,28,5,0,5,2,0.6,0.6,0.0,1.0,0.2,1,1
vllm-llama-3-3-70b-instruct,order_llm_all,order,llm_all,29,5,0,5,1,1.0,1.0,1.0,1.0,1.0,1,0
vllm-llama-3-3-70b-instruct,order_llm_all,order,llm_all,3,5,0,5,1,1.0,1.0,1.0,1.0,1.0,1,0
vllm-llama-3-3-70b-instruct,order_llm_all,order,llm_all,4,5,0,5,1,1.0,1.0,0.0,0.0,0.0,1,0
vllm-llama-3-3-70b-instruct,order_llm_all,order,llm_all,5,5,0,5,1,1.0,1.0,1.0,1.0,1.0,1,0
vllm-llama-3-3-70b-instruct,order_llm_all,order,llm_all,6,5,0,5,1,1.0,1.0,1.0,1.0,1.0,1,0
vllm-llama-3-3-70b-instruct,order_llm_all,order,llm_all,7,5,0,5,1,1.0,1.0,1.0,1.0,1.0,1,0
vllm-llama-3-3-70b-instruct,order_llm_all,order,llm_all,8,5,0,5,1,1.0,1.0,0.0,0.0,0.0,1,0
vllm-llama-3-3-70b-instruct,order_llm_all,order,llm_all,9,5,0,5,1,1.0,1.0,0.8333,0.8333,0.8333,1,0
vllm-llama-3-3-70b-instruct,order_llm_one-heap,order,llm_one,0,5,0,5,1,1.0,1.0,1.0,1.0,1.0,26,0
vllm-llama-3-3-70b-instruct,order_llm_one-heap,order,llm_one,1,5,0,5,1,1.0,1.0,0.8333,0.8333,0.8333,20,0
vllm-llama-3-3-70b-instruct,order_llm_one-heap,order,llm_one,10,5,0,5,1,1.0,1.0,0.9,0.9,0.9,12,0
vllm-llama-3-3-70b-instruct,order_llm_one-heap,order,llm_one,11,5,0,5,1,1.0,1.0,0.8333,0.8333,0.8333,74,0
vllm-llama-3-3-70b-instruct,order_llm_one-heap,order,llm_one,12,5,4,1,1,nan,0.6,0.0,0.0,0.0,0,0
vllm-llama-3-3-70b-instruct,order_llm_one-heap,order,llm_one,13,5,5,0,0,nan,1.0,,,,0,0
vllm-llama-3-3-70b-instruct,order_llm_one-heap,order,llm_one,14,5,0,5,1,1.0,1.0,0.8095,0.8095,0.8095000000000001,18,0
vllm-llama-3-3-70b-instruct,order_llm_one-heap,order,llm_one,15,5,0,5,2,0.6,0.6,0.5714,0.619,0.5809200000000001,11,1
vllm-llama-3-3-70b-instruct,order_llm_one-heap,order,llm_one,16,5,0,5,1,1.0,1.0,0.8,0.8,0.8,17,0
vllm-llama-3-3-70b-instruct,order_llm_one-heap,order,llm_one,17,5,0,5,1,1.0,1.0,0.7619,0.7619,0.7619,23,0
vllm-llama-3-3-70b-instruct,order_llm_one-heap,order,llm_one,18,5,0,5,1,1.0,1.0,0.6667,0.6667,0.6667,9,0
vllm-llama-3-3-70b-instruct,order_llm_one-heap,order,llm_one,19,5,5,0,0,nan,1.0,,,,0,0
vllm-llama-3-3-70b-instruct,order_llm_one-heap,order,llm_one,2,5,0,5,1,1.0,1.0,0.5,0.5,0.5,16,0
vllm-llama-3-3-70b-instruct,order_llm_one-heap,order,llm_one,20,5,0,5,1,1.0,1.0,0.9333,0.9333,0.9333,29,1
vllm-llama-3-3-70b-instruct,order_llm_one-heap,order,llm_one,21,5,5,0,0,nan,1.0,,,,0,0
vllm-llama-3-3-70b-instruct,order_llm_one-heap,order,llm_one,22,5,0,5,1,1.0,1.0,0.8667,0.8667,0.8667,17,0
vllm-llama-3-3-70b-instruct,order_llm_one-heap,order,llm_one,23,5,0,5,1,1.0,1.0,1.0,1.0,1.0,37,1
vllm-llama-3-3-70b-instruct,order_llm_one-heap,order,llm_one,24,5,0,5,1,1.0,1.0,0.8333,0.8333,0.8333,8,0
vllm-llama-3-3-70b-instruct,order_llm_one-heap,order,llm_one,25,5,0,5,2,0.6,0.6,0.0,1.0,0.2,19,1
vllm-llama-3-3-70b-instruct,order_llm_one-heap,order,llm_one,26,5,0,5,1,1.0,1.0,0.3,0.3,0.3,9,1
vllm-llama-3-3-70b-instruct,order_llm_one-heap,order,llm_one,27,5,0,5,1,1.0,1.0,1.0,1.0,1.0,58,0
vllm-llama-3-3-70b-instruct,order_llm_one-heap,order,llm_one,28,5,0,5,1,1.0,1.0,1.0,1.0,1.0,32,0
vllm-llama-3-3-70b-instruct,order_llm_one-heap,order,llm_one,29,5,0,5,1,1.0,1.0,1.0,1.0,1.0,24,0
vllm-llama-3-3-70b-instruct,order_llm_one-heap,order,llm_one,3,5,0,5,1,1.0,1.0,1.0,1.0,1.0,17,0
vllm-llama-3-3-70b-instruct,order_llm_one-heap,order,llm_one,4,5,5,0,0,nan,1.0,,,,0,0
vllm-llama-3-3-70b-instruct,order_llm_one-heap,order,llm_one,5,5,0,5,1,1.0,1.0,0.3333,0.3333,0.3333,12,0
vllm-llama-3-3-70b-instruct,order_llm_one-heap,order,llm_one,6,5,0,5,1,1.0,1.0,1.0,1.0,1.0,30,0
vllm-llama-3-3-70b-instruct,order_llm_one-heap,order,llm_one,7,5,0,5,1,1.0,1.0,0.6667,0.6667,0.6667,103,0
vllm-llama-3-3-70b-instruct,order_llm_one-heap,order,llm_one,8,5,0,5,1,1.0,1.0,0.9,0.9,0.9,51,0
vllm-llama-3-3-70b-instruct,order_llm_one-heap,order,llm_one,9,5,0,5,1,1.0,1.0,1.0,1.0,1.0,33,0
vllm-llama-3-3-70b-instruct,order_llm_one-simple,order,llm_one,0,5,0,5,1,1.0,1.0,1.0,1.0,1.0,110,0
vllm-llama-3-3-70b-instruct,order_llm_one-simple,order,llm_one,1,5,0,5,1,1.0,1.0,0.8,0.8,0.8,110,0
vllm-llama-3-3-70b-instruct,order_llm_one-simple,order,llm_one,10,5,0,5,1,1.0,1.0,0.8,0.8,0.8,20,0
vllm-llama-3-3-70b-instruct,order_llm_one-simple,order,llm_one,11,5,0,5,1,1.0,1.0,1.0,1.0,1.0,1190,28
vllm-llama-3-3-70b-instruct,order_llm_one-simple,order,llm_one,12,5,5,0,0,nan,1.0,,,,0,0
vllm-llama-3-3-70b-instruct,order_llm_one-simple,order,llm_one,13,5,5,0,0,nan,1.0,,,,0,0
vllm-llama-3-3-70b-instruct,order_llm_one-simple,order,llm_one,14,5,0,5,1,1.0,1.0,0.8571,0.8571,0.8571,42,0
vllm-llama-3-3-70b-instruct,order_llm_one-simple,order,llm_one,15,5,0,5,1,1.0,1.0,0.6667,0.6667,0.6667,42,0
vllm-llama-3-3-70b-instruct,order_llm_one-simple,order,llm_one,16,5,0,5,1,1.0,1.0,0.8667,0.8667,0.8667,30,0
vllm-llama-3-3-70b-instruct,order_llm_one-simple,order,llm_one,17,5,0,5,1,1.0,1.0,0.9048,0.9048,0.9048,42,0
vllm-llama-3-3-70b-instruct,order_llm_one-simple,order,llm_one,18,5,0,5,1,1.0,1.0,0.8333,0.8333,0.8333,12,0
vllm-llama-3-3-70b-instruct,order_llm_one-simple,order,llm_one,19,5,5,0,0,nan,1.0,,,,0,0
vllm-llama-3-3-70b-instruct,order_llm_one-simple,order,llm_one,2,5,0,5,2,0.6,0.6,0.5,0.6667,0.6333599999999999,42,2
vllm-llama-3-3-70b-instruct,order_llm_one-simple,order,llm_one,20,5,0,5,3,0.2,0.2,0.8889,0.9111,0.9066600000000001,90,2
vllm-llama-3-3-70b-instruct,order_llm_one-simple,order,llm_one,21,5,5,0,0,nan,1.0,,,,0,0
vllm-llama-3-3-70b-instruct,order_llm_one-simple,order,llm_one,22,5,0,5,1,1.0,1.0,0.8667,0.8667,0.8667,30,0
vllm-llama-3-3-70b-instruct,order_llm_one-simple,order,llm_one,23,5,0,5,1,1.0,1.0,0.0,0.0,0.0,1190,17
vllm-llama-3-3-70b-instruct,order_llm_one-simple,order,llm_one,24,5,0,5,1,1.0,1.0,1.0,1.0,1.0,12,0
vllm-llama-3-3-70b-instruct,order_llm_one-simple,order,llm_one,25,5,0,5,1,1.0,1.0,1.0,1.0,1.0,182,2
vllm-llama-3-3-70b-instruct,order_llm_one-simple,order,llm_one,26,5,0,5,2,0.6,0.6,0.3,0.4,0.38,20,1
vllm-llama-3-3-70b-instruct,order_llm_one-simple,order,llm_one,27,5,0,5,1,1.0,1.0,0.9,0.9,0.9,240,1
vllm-llama-3-3-70b-instruct,order_llm_one-simple,order,llm_one,28,5,0,5,1,1.0,1.0,0.0,0.0,0.0,240,6
vllm-llama-3-3-70b-instruct,order_llm_one-simple,order,llm_one,29,5,0,5,3,0.3,0.3,0.6667,1.0,0.93334,240,6
vllm-llama-3-3-70b-instruct,order_llm_one-simple,order,llm_one,3,5,0,5,1,1.0,1.0,0.6667,0.6667,0.6667,42,0
vllm-llama-3-3-70b-instruct,order_llm_one-simple,order,llm_one,4,5,5,0,0,nan,1.0,,,,0,0
vllm-llama-3-3-70b-instruct,order_llm_one-simple,order,llm_one,5,5,0,5,2,0.6,0.6,0.6667,0.8333,0.79998,42,3
vllm-llama-3-3-70b-instruct,order_llm_one-simple,order,llm_one,6,5,0,5,2,0.4,0.4,0.8333,1.0,0.9333199999999999,90,2
vllm-llama-3-3-70b-instruct,order_llm_one-simple,order,llm_one,7,5,0,5,2,0.4,0.4,0.6667,0.6667,0.6667,552,17
vllm-llama-3-3-70b-instruct,order_llm_one-simple,order,llm_one,8,5,0,5,2,0.4,0.4,0.8,0.9,0.86,272,3
vllm-llama-3-3-70b-instruct,order_llm_one-simple,order,llm_one,9,5,0,5,1,1.0,1.0,0.8333,0.8333,0.8333,90,1
vllm-llama-3-3-70b-instruct,order_llm_semi,order,llm_semi,0,5,5,0,0,nan,1.0,,,,0,0
vllm-llama-3-3-70b-instruct,order_llm_semi,order,llm_semi,1,5,0,5,2,0.6,0.6,0.8,1.0,0.96,11,1
vllm-llama-3-3-70b-instruct,order_llm_semi,order,llm_semi,10,5,0,5,1,1.0,1.0,0.8,0.8,0.8,5,0
vllm-llama-3-3-70b-instruct,order_llm_semi,order,llm_semi,11,5,5,0,0,nan,1.0,,,,0,0
vllm-llama-3-3-70b-instruct,order_llm_semi,order,llm_semi,12,5,5,0,0,nan,1.0,,,,0,0
vllm-llama-3-3-70b-instruct,order_llm_semi,order,llm_semi,13,5,0,5,2,0.4,0.4,0.0,0.0,0.0,16,1
vllm-llama-3-3-70b-instruct,order_llm_semi,order,llm_semi,14,5,0,5,1,1.0,1.0,0.7143,0.7143,0.7143,7,0
vllm-llama-3-3-70b-instruct,order_llm_semi,order,llm_semi,15,5,0,5,1,1.0,1.0,0.6667,0.6667,0.6667,7,1
vllm-llama-3-3-70b-instruct,order_llm_semi,order,llm_semi,16,5,5,0,0,nan,1.0,,,,0,0
vllm-llama-3-3-70b-instruct,order_llm_semi,order,llm_semi,17,5,0,5,1,1.0,1.0,0.7143,0.7143,0.7143,7,0
vllm-llama-3-3-70b-instruct,order_llm_semi,order,llm_semi,18,5,0,5,1,1.0,1.0,0.6667,0.6667,0.6667,4,0
vllm-llama-3-3-70b-instruct,order_llm_semi,order,llm_semi,19,5,5,0,0,nan,1.0,,,,0,0
vllm-llama-3-3-70b-instruct,order_llm_semi,order,llm_semi,2,5,3,2,1,1.0,0.4,1.0,1.0,1.0,7,0
vllm-llama-3-3-70b-instruct,order_llm_semi,order,llm_semi,20,5,5,0,0,nan,1.0,,,,0,0
vllm-llama-3-3-70b-instruct,order_llm_semi,order,llm_semi,21,5,5,0,0,nan,1.0,,,,0,0
vllm-llama-3-3-70b-instruct,order_llm_semi,order,llm_semi,22,5,0,5,1,1.0,1.0,0.7333,0.7333,0.7333,6,1
vllm-llama-3-3-70b-instruct,order_llm_semi,order,llm_semi,23,5,0,5,2,0.6,0.6,0.0,0.0,0.0,35,3
vllm-llama-3-3-70b-instruct,order_llm_semi,order,llm_semi,24,5,0,5,1,1.0,1.0,0.8333,0.8333,0.8333,4,0
vllm-llama-3-3-70b-instruct,order_llm_semi,order,llm_semi,25,5,0,5,2,0.4,0.4,1.0,1.0,1.0,14,2
vllm-llama-3-3-70b-instruct,order_llm_semi,order,llm_semi,26,5,0,5,1,1.0,1.0,0.4,0.4,0.4,5,0
vllm-llama-3-3-70b-instruct,order_llm_semi,order,llm_semi,27,5,0,5,1,1.0,1.0,0.9333,0.9333,0.9333,16,0
vllm-llama-3-3-70b-instruct,order_llm_semi,order,llm_semi,28,5,0,5,1,1.0,1.0,0.0,0.0,0.0,16,0
vllm-llama-3-3-70b-instruct,order_llm_semi,order,llm_semi,29,5,0,5,1,1.0,1.0,0.0,0.0,0.0,16,0
vllm-llama-3-3-70b-instruct,order_llm_semi,order,llm_semi,3,5,5,0,0,nan,1.0,,,,0,0
vllm-llama-3-3-70b-instruct,order_llm_semi,order,llm_semi,4,5,5,0,0,nan,1.0,,,,0,0
vllm-llama-3-3-70b-instruct,order_llm_semi,order,llm_semi,5,5,5,0,0,nan,1.0,,,,0,0
vllm-llama-3-3-70b-instruct,order_llm_semi,order,llm_semi,6,5,5,0,0,nan,1.0,,,,0,0
vllm-llama-3-3-70b-instruct,order_llm_semi,order,llm_semi,7,5,0,5,1,1.0,1.0,0.0,0.0,0.0,24,1
vllm-llama-3-3-70b-instruct,order_llm_semi,order,llm_semi,8,5,5,0,0,nan,1.0,,,,0,0
vllm-llama-3-3-70b-instruct,order_llm_semi,order,llm_semi,9,5,0,5,1,1.0,1.0,0.5,0.5,0.5,10,0
vllm-llama-3-3-70b-instruct,select_llm_all,select,llm_all,100,5,0,5,1,1.0,1.0,0.375,0.375,0.375,1,0
vllm-llama-3-3-70b-instruct,select_llm_all,select,llm_all,101,5,0,5,2,0.4,0.4,0.75,0.8571,0.81426,1,1
vllm-llama-3-3-70b-instruct,select_llm_all,select,llm_all,102,5,0,5,1,1.0,1.0,0.9474,0.9474,0.9474,1,0
vllm-llama-3-3-70b-instruct,select_llm_all,select,llm_all,103,5,0,5,2,0.4,0.4,0.8,0.9091,0.8436400000000001,1,1
vllm-llama-3-3-70b-instruct,select_llm_all,select,llm_all,104,5,0,5,1,1.0,1.0,0.8333,0.8333,0.8333,1,0
vllm-llama-3-3-70b-instruct,select_llm_all,select,llm_all,105,5,0,5,1,1.0,1.0,0.8333,0.8333,0.8333,1,0
vllm-llama-3-3-70b-instruct,select_llm_all,select,llm_all,106,5,0,5,1,1.0,1.0,0.9333,0.9333,0.9333,1,0
vllm-llama-3-3-70b-instruct,select_llm_all,select,llm_all,107,5,0,5,1,1.0,1.0,0.75,0.75,0.75,1,0
vllm-llama-3-3-70b-instruct,select_llm_all,select,llm_all,108,5,0,5,1,1.0,1.0,0.75,0.75,0.75,1,0
vllm-llama-3-3-70b-instruct,select_llm_all,select,llm_all,109,5,0,5,1,1.0,1.0,0.7059,0.7059,0.7059,1,0
vllm-llama-3-3-70b-instruct,select_llm_all,select,llm_all,110,5,0,5,2,0.4,0.4,0.6154,0.6667,0.6359199999999999,1,1
vllm-llama-3-3-70b-instruct,select_llm_all,select,llm_all,111,5,0,5,1,1.0,1.0,0.5882,0.5882,0.5882,1,0
vllm-llama-3-3-70b-instruct,select_llm_all,select,llm_all,112,5,0,5,1,1.0,1.0,0.6667,0.6667,0.6667,1,0
vllm-llama-3-3-70b-instruct,select_llm_all,select,llm_all,113,5,0,5,1,1.0,1.0,0.9524,0.9524,0.9524000000000001,1,0
vllm-llama-3-3-70b-instruct,select_llm_all,select,llm_all,114,5,0,5,1,1.0,1.0,1.0,1.0,1.0,1,0
vllm-llama-3-3-70b-instruct,select_llm_all,select,llm_all,115,5,0,5,1,1.0,1.0,0.7333,0.7333,0.7333,1,0
vllm-llama-3-3-70b-instruct,select_llm_all,select,llm_all,116,5,0,5,1,1.0,1.0,0.2439,0.2439,0.2439,1,0
vllm-llama-3-3-70b-instruct,select_llm_all,select,llm_all,117,5,0,5,1,1.0,1.0,1.0,1.0,1.0,1,0
vllm-llama-3-3-70b-instruct,select_llm_all,select,llm_all,118,5,0,5,1,1.0,1.0,1.0,1.0,1.0,1,0
vllm-llama-3-3-70b-instruct,select_llm_all,select,llm_all,119,5,0,5,1,1.0,1.0,0.12,0.12,0.12,1,0
vllm-llama-3-3-70b-instruct,select_llm_all,select,llm_all,120,5,0,5,1,1.0,1.0,0.9691,0.9691,0.9690999999999999,1,1
vllm-llama-3-3-70b-instruct,select_llm_all,select,llm_all,121,5,0,5,1,1.0,1.0,1.0,1.0,1.0,1,0
vllm-llama-3-3-70b-instruct,select_llm_all,select,llm_all,122,5,0,5,1,1.0,1.0,1.0,1.0,1.0,1,0
vllm-llama-3-3-70b-instruct,select_llm_all,select,llm_all,123,5,0,5,1,1.0,1.0,1.0,1.0,1.0,1,0
vllm-llama-3-3-70b-instruct,select_llm_all,select,llm_all,124,5,0,5,1,1.0,1.0,1.0,1.0,1.0,1,0
vllm-llama-3-3-70b-instruct,select_llm_all,select,llm_all,125,5,0,5,1,1.0,1.0,0.9231,0.9231,0.9231,1,0
vllm-llama-3-3-70b-instruct,select_llm_all,select,llm_all,126,5,0,5,2,0.4,0.4,0.7826,0.8,0.78956,1,1
vllm-llama-3-3-70b-instruct,select_llm_all,select,llm_all,127,5,0,5,1,1.0,1.0,0.5455,0.5455,0.5455,1,0
vllm-llama-3-3-70b-instruct,select_llm_all,select,llm_all,128,5,0,5,2,0.4,0.4,0.6897,0.7119,0.70302,1,1
vllm-llama-3-3-70b-instruct,select_llm_all,select,llm_all,129,5,0,5,1,1.0,1.0,0.4658,0.4658,0.46579999999999994,1,0
vllm-llama-3-3-70b-instruct,select_llm_all,select,llm_all,200,5,0,5,1,1.0,1.0,1.0,1.0,1.0,1,0
vllm-llama-3-3-70b-instruct,select_llm_all,select,llm_all,201,5,0,5,1,1.0,1.0,1.0,1.0,1.0,1,0
vllm-llama-3-3-70b-instruct,select_llm_all,select,llm_all,202,5,0,5,1,1.0,1.0,0.7143,0.7143,0.7143,1,1
vllm-llama-3-3-70b-instruct,select_llm_all,select,llm_all,203,5,0,5,1,1.0,1.0,1.0,1.0,1.0,1,0
vllm-llama-3-3-70b-instruct,select_llm_all,select,llm_all,204,5,0,5,1,1.0,1.0,1.0,1.0,1.0,1,0
vllm-llama-3-3-70b-instruct,select_llm_all,select,llm_all,205,5,0,5,1,1.0,1.0,0.8,0.8,0.8,1,0
vllm-llama-3-3-70b-instruct,select_llm_all,select,llm_all,206,5,0,5,1,1.0,1.0,0.8571,0.8571,0.8571,1,0
vllm-llama-3-3-70b-instruct,select_llm_all,select,llm_all,207,5,0,5,1,1.0,1.0,0.6667,0.6667,0.6667,1,0
vllm-llama-3-3-70b-instruct,select_llm_all,select,llm_all,208,5,0,5,1,1.0,1.0,0.7778,0.7778,0.7778,1,0
vllm-llama-3-3-70b-instruct,select_llm_all,select,llm_all,209,5,0,5,1,1.0,1.0,1.0,1.0,1.0,1,0
vllm-llama-3-3-70b-instruct,select_llm_all,select,llm_all,210,5,0,5,1,1.0,1.0,0.9091,0.9091,0.9091000000000001,1,0
vllm-llama-3-3-70b-instruct,select_llm_all,select,llm_all,211,5,0,5,1,1.0,1.0,0.9524,0.9524,0.9524000000000001,1,0
vllm-llama-3-3-70b-instruct,select_llm_all,select,llm_all,212,5,0,5,1,1.0,1.0,1.0,1.0,1.0,1,0
vllm-llama-3-3-70b-instruct,select_llm_all,select,llm_all,213,5,0,5,1,1.0,1.0,0.7778,0.7778,0.7778,1,0
vllm-llama-3-3-70b-instruct,select_llm_all,select,llm_all,214,5,0,5,1,1.0,1.0,0.4615,0.4615,0.4615,1,0
vllm-llama-3-3-70b-instruct,select_llm_all,select,llm_all,300,5,0,5,1,1.0,1.0,1.0,1.0,1.0,1,0
vllm-llama-3-3-70b-instruct,select_llm_all,select,llm_all,301,5,0,5,1,1.0,1.0,1.0,1.0,1.0,1,0
vllm-llama-3-3-70b-instruct,select_llm_all,select,llm_all,302,5,0,5,1,1.0,1.0,1.0,1.0,1.0,1,0
vllm-llama-3-3-70b-instruct,select_llm_all,select,llm_all,303,5,0,5,1,1.0,1.0,0.6667,0.6667,0.6667,1,0
vllm-llama-3-3-70b-instruct,select_llm_all,select,llm_all,304,5,0,5,1,1.0,1.0,1.0,1.0,1.0,1,0
vllm-llama-3-3-70b-instruct,select_llm_all,select,llm_all,305,5,0,5,1,1.0,1.0,0.5714,0.5714,0.5714,1,0
vllm-llama-3-3-70b-instruct,select_llm_all,select,llm_all,306,5,0,5,1,1.0,1.0,1.0,1.0,1.0,1,0
vllm-llama-3-3-70b-instruct,select_llm_all,select,llm_all,307,5,0,5,1,1.0,1.0,1.0,1.0,1.0,1,0
vllm-llama-3-3-70b-instruct,select_llm_all,select,llm_all,308,5,0,5,2,0.6,0.6,0.75,0.8571,0.77142,1,1
vllm-llama-3-3-70b-instruct,select_llm_all,select,llm_all,309,5,0,5,1,1.0,1.0,0.8462,0.8462,0.8462,1,0
vllm-llama-3-3-70b-instruct,select_llm_all,select,llm_all,310,5,0,5,2,0.6,0.6,0.9167,1.0,0.9333600000000001,1,1
vllm-llama-3-3-70b-instruct,select_llm_all,select,llm_all,311,5,0,5,1,1.0,1.0,1.0,1.0,1.0,1,0
vllm-llama-3-3-70b-instruct,select_llm_all,select,llm_all,312,5,0,5,1,1.0,1.0,0.8571,0.8571,0.8571,1,0
vllm-llama-3-3-70b-instruct,select_llm_all,select,llm_all,313,5,0,5,1,1.0,1.0,1.0,1.0,1.0,1,0
vllm-llama-3-3-70b-instruct,select_llm_all,select,llm_all,314,5,0,5,1,1.0,1.0,0.8889,0.8889,0.8888999999999999,1,0
vllm-llama-3-3-70b-instruct,select_llm_one,select,llm_one,100,5,0,5,1,1.0,1.0,0.24,0.24,0.24,22,0
vllm-llama-3-3-70b-instruct,select_llm_one,select,llm_one,101,5,0,5,1,1.0,1.0,0.8,0.8,0.8,10,0
vllm-llama-3-3-70b-instruct,select_llm_one,select,llm_one,102,5,0,5,1,1.0,1.0,0.8571,0.8571,0.8571,58,0
vllm-llama-3-3-70b-instruct,select_llm_one,select,llm_one,103,5,0,5,1,1.0,1.0,0.9091,0.9091,0.9091000000000001,34,0
vllm-llama-3-3-70b-instruct,select_llm_one,select,llm_one,104,5,0,5,1,1.0,1.0,1.0,1.0,1.0,10,0
vllm-llama-3-3-70b-instruct,select_llm_one,select,llm_one,105,5,0,5,1,1.0,1.0,1.0,1.0,1.0,72,0
vllm-llama-3-3-70b-instruct,select_llm_one,select,llm_one,106,5,0,5,1,1.0,1.0,1.0,1.0,1.0,13,0
vllm-llama-3-3-70b-instruct,select_llm_one,select,llm_one,107,5,0,5,1,1.0,1.0,0.6,0.6,0.6,62,0
vllm-llama-3-3-70b-instruct,select_llm_one,select,llm_one,108,5,0,5,2,0.4,0.4,0.6667,0.75,0.71668,22,1
vllm-llama-3-3-70b-instruct,select_llm_one,select,llm_one,109,5,0,5,1,1.0,1.0,0.7778,0.7778,0.7778,10,0
vllm-llama-3-3-70b-instruct,select_llm_one,select,llm_one,110,5,5,0,0,nan,1.0,,,,0,0
vllm-llama-3-3-70b-instruct,select_llm_one,select,llm_one,111,5,0,5,4,0.1,0.1,0.5263,0.5882,0.56278,22,2
vllm-llama-3-3-70b-instruct,select_llm_one,select,llm_one,112,5,0,5,1,1.0,1.0,0.8571,0.8571,0.8571,30,0
vllm-llama-3-3-70b-instruct,select_llm_one,select,llm_one,113,5,0,5,2,0.6,0.6,0.6667,0.7097,0.7011000000000001,62,2
vllm-llama-3-3-70b-instruct,select_llm_one,select,llm_one,114,5,0,5,1,1.0,1.0,1.0,1.0,1.0,12,0
vllm-llama-3-3-70b-instruct,select_llm_one,select,llm_one,115,5,5,0,0,nan,1.0,,,,0,0
vllm-llama-3-3-70b-instruct,select_llm_one,select,llm_one,116,5,0,5,1,1.0,1.0,0.2326,0.2326,0.2326,43,0
vllm-llama-3-3-70b-instruct,select_llm_one,select,llm_one,117,5,0,5,2,0.6,0.6,0.8,0.9231,0.82462,100,2
vllm-llama-3-3-70b-instruct,select_llm_one,select,llm_one,118,5,5,0,0,nan,1.0,,,,0,0
vllm-llama-3-3-70b-instruct,select_llm_one,select,llm_one,119,5,0,5,1,1.0,1.0,0.12,0.12,0.12,50,0
vllm-llama-3-3-70b-instruct,select_llm_one,select,llm_one,120,5,0,5,1,1.0,1.0,0.9574,0.9574,0.9574,50,0
vllm-llama-3-3-70b-instruct,select_llm_one,select,llm_one,121,5,0,5,1,1.0,1.0,1.0,1.0,1.0,26,0
vllm-llama-3-3-70b-instruct,select_llm_one,select,llm_one,122,5,0,5,1,1.0,1.0,1.0,1.0,1.0,50,0
vllm-llama-3-3-70b-instruct,select_llm_one,select,llm_one,123,5,0,5,1,1.0,1.0,0.8333,0.8333,0.8333,27,0
vllm-llama-3-3-70b-instruct,select_llm_one,select,llm_one,124,5,0,5,1,1.0,1.0,1.0,1.0,1.0,27,0
vllm-llama-3-3-70b-instruct,select_llm_one,select,llm_one,125,5,0,5,1,1.0,1.0,0.9231,0.9231,0.9231,50,0
vllm-llama-3-3-70b-instruct,select_llm_one,select,llm_one,126,5,5,0,0,nan,1.0,,,,0,0
vllm-llama-3-3-70b-instruct,select_llm_one,select,llm_one,127,5,0,5,1,1.0,1.0,0.4,0.4,0.4,24,0
vllm-llama-3-3-70b-instruct,select_llm_one,select,llm_one,128,5,0,5,3,0.2,0.2,0.8679,0.8846,0.87124,56,2
vllm-llama-3-3-70b-instruct,select_llm_one,select,llm_one,129,5,0,5,5,0.0,0.0,0.5,0.5455,0.518,56,4
vllm-llama-3-3-70b-instruct,select_llm_one,select,llm_one,200,5,2,3,1,1.0,0.4,0.625,0.625,0.625,11,0
vllm-llama-3-3-70b-instruct,select_llm_one,select,llm_one,201,5,0,5,1,1.0,1.0,0.8571,0.8571,0.8571,25,0
vllm-llama-3-3-70b-instruct,select_llm_one,select,llm_one,202,5,0,5,1,1.0,1.0,0.9091,0.9091,0.9091000000000001,12,0
vllm-llama-3-3-70b-instruct,select_llm_one,select,llm_one,203,5,0,5,1,1.0,1.0,0.6667,0.6667,0.6667,9,0
vllm-llama-3-3-70b-instruct,select_llm_one,select,llm_one,204,5,0,5,1,1.0,1.0,0.8333,0.8333,0.8333,21,0
vllm-llama-3-3-70b-instruct,select_llm_one,select,llm_one,205,5,0,5,1,1.0,1.0,0.6667,0.6667,0.6667,10,0
vllm-llama-3-3-70b-instruct,select_llm_one,select,llm_one,206,5,0,5,1,1.0,1.0,1.0,1.0,1.0,6,0
vllm-llama-3-3-70b-instruct,select_llm_one,select,llm_one,207,5,0,5,1,1.0,1.0,0.4,0.4,0.4,6,0
vllm-llama-3-3-70b-instruct,select_llm_one,select,llm_one,208,5,0,5,1,1.0,1.0,0.8235,0.8235,0.8234999999999999,13,0
vllm-llama-3-3-70b-instruct,select_llm_one,select,llm_one,209,5,0,5,1,1.0,1.0,0.8571,0.8571,0.8571,9,0
vllm-llama-3-3-70b-instruct,select_llm_one,select,llm_one,210,5,0,5,1,1.0,1.0,0.7692,0.7692,0.7692,31,0
vllm-llama-3-3-70b-instruct,select_llm_one,select,llm_one,211,5,0,5,2,0.6,0.6,0.5789,0.5946,0.59146,31,1
vllm-llama-3-3-70b-instruct,select_llm_one,select,llm_one,212,5,0,5,1,1.0,1.0,0.6,0.6,0.6,40,0
vllm-llama-3-3-70b-instruct,select_llm_one,select,llm_one,213,5,0,5,3,0.2,0.2,0.4516,0.4828,0.46387999999999996,40,2
vllm-llama-3-3-70b-instruct,select_llm_one,select,llm_one,214,5,0,5,1,1.0,1.0,0.5385,0.5385,0.5385,19,0
vllm-llama-3-3-70b-instruct,select_llm_one,select,llm_one,300,5,0,5,1,1.0,1.0,0.8,0.8,0.8,14,0
vllm-llama-3-3-70b-instruct,select_llm_one,select,llm_one,301,5,0,5,1,1.0,1.0,1.0,1.0,1.0,15,0
vllm-llama-3-3-70b-instruct,select_llm_one,select,llm_one,302,5,0,5,1,1.0,1.0,0.8333,0.8333,0.8333,7,0
vllm-llama-3-3-70b-instruct,select_llm_one,select,llm_one,303,5,0,5,1,1.0,1.0,0.5714,0.5714,0.5714,8,0
vllm-llama-3-3-70b-instruct,select_llm_one,select,llm_one,304,5,0,5,1,1.0,1.0,0.6154,0.6154,0.6154,10,0
vllm-llama-3-3-70b-instruct,select_llm_one,select,llm_one,305,5,0,5,1,1.0,1.0,0.4444,0.4444,0.4444,8,0
vllm-llama-3-3-70b-instruct,select_llm_one,select,llm_one,306,5,0,5,1,1.0,1.0,0.0,0.0,0.0,14,0
vllm-llama-3-3-70b-instruct,select_llm_one,select,llm_one,307,5,0,5,1,1.0,1.0,0.6667,0.6667,0.6667,8,0
vllm-llama-3-3-70b-instruct,select_llm_one,select,llm_one,308,5,0,5,1,1.0,1.0,0.75,0.75,0.75,16,0
vllm-llama-3-3-70b-instruct,select_llm_one,select,llm_one,309,5,0,5,2,0.6,0.6,0.7857,0.8276,0.81922,34,1
vllm-llama-3-3-70b-instruct,select_llm_one,select,llm_one,310,5,0,5,1,1.0,1.0,0.7692,0.7692,0.7692,34,0
vllm-llama-3-3-70b-instruct,select_llm_one,select,llm_one,311,5,0,5,1,1.0,1.0,0.6667,0.6667,0.6667,22,0
vllm-llama-3-3-70b-instruct,select_llm_one,select,llm_one,312,5,0,5,1,1.0,1.0,0.0,0.0,0.0,15,0
vllm-llama-3-3-70b-instruct,select_llm_one,select,llm_one,313,5,5,0,0,nan,1.0,,,,0,0
vllm-llama-3-3-70b-instruct,select_llm_one,select,llm_one,314,5,0,5,1,1.0,1.0,0.0,0.0,0.0,22,0
managed-gpt-oss-120b,cluster_llm_all,cluster,llm_all,100,5,0,5,1,1.0,1.0,0.6961,0.6961,0.6961,1,1
managed-gpt-oss-120b,cluster_llm_all,cluster,llm_all,101,5,0,5,2,0.6,0.6,0.9584,1.0,0.9667200000000001,1,1
managed-gpt-oss-120b,cluster_llm_all,cluster,llm_all,102,5,0,5,1,1.0,1.0,1.0,1.0,1.0,1,1
managed-gpt-oss-120b,cluster_llm_all,cluster,llm_all,103,5,0,5,1,1.0,1.0,1.0,1.0,1.0,1,1
managed-gpt-oss-120b,cluster_llm_all,cluster,llm_all,104,5,0,5,2,0.6,0.6,0.795,1.0,0.836,1,1
managed-gpt-oss-120b,cluster_llm_all,cluster,llm_all,105,5,0,5,1,1.0,1.0,0.799,0.799,0.799,1,1
managed-gpt-oss-120b,cluster_llm_all,cluster,llm_all,106,5,0,5,3,0.3,0.3,0.316,0.4144,0.38468,1,1
managed-gpt-oss-120b,cluster_llm_all,cluster,llm_all,107,5,0,5,1,1.0,1.0,1.0,1.0,1.0,1,0
managed-gpt-oss-120b,cluster_llm_all,cluster,llm_all,108,5,0,5,2,0.4,0.4,0.3963,0.4026,0.39882,1,1
managed-gpt-oss-120b,cluster_llm_all,cluster,llm_all,109,5,0,5,1,1.0,1.0,1.0,1.0,1.0,1,1
managed-gpt-oss-120b,cluster_llm_all,cluster,llm_all,110,5,0,5,1,1.0,1.0,0.868,0.868,0.868,1,1
managed-gpt-oss-120b,cluster_llm_all,cluster,llm_all,111,5,0,5,1,1.0,1.0,1.0,1.0,1.0,1,1
managed-gpt-oss-120b,cluster_llm_all,cluster,llm_all,112,5,0,5,2,0.4,0.4,0.8221,1.0,0.9288399999999999,1,1
managed-gpt-oss-120b,cluster_llm_all,cluster,llm_all,113,5,0,5,4,0.1,0.1,0.0648,0.908,0.42153999999999997,1,1
managed-gpt-oss-120b,cluster_llm_all,cluster,llm_all,114,5,0,5,4,0.1,0.1,0.3458,0.3661,0.35292,1,1
managed-gpt-oss-120b,cluster_llm_all,cluster,llm_all,115,5,0,5,1,1.0,1.0,1.0,1.0,1.0,1,1
managed-gpt-oss-120b,cluster_llm_all,cluster,llm_all,116,5,0,5,1,1.0,1.0,1.0,1.0,1.0,1,0
managed-gpt-oss-120b,cluster_llm_all,cluster,llm_all,117,5,0,5,5,0.0,0.0,0.2444,0.5549,0.35747999999999996,1,1
managed-gpt-oss-120b,cluster_llm_all,cluster,llm_all,118,5,0,5,1,1.0,1.0,1.0,1.0,1.0,1,1
managed-gpt-oss-120b,cluster_llm_all,cluster,llm_all,119,5,0,5,1,1.0,1.0,1.0,1.0,1.0,1,1
managed-gpt-oss-120b,cluster_llm_all,cluster,llm_all,120,5,0,5,1,1.0,1.0,0.1892,0.1892,0.1892,1,1
managed-gpt-oss-120b,cluster_llm_all,cluster,llm_all,121,5,0,5,2,0.6,0.6,0.4389,0.6027,0.56994,1,1
managed-gpt-oss-120b,cluster_llm_all,cluster,llm_all,122,5,0,5,1,1.0,1.0,1.0,1.0,1.0,1,1
managed-gpt-oss-120b,cluster_llm_all,cluster,llm_all,123,5,0,5,3,0.2,0.2,0.6472,0.7284,0.6796800000000001,1,1
managed-gpt-oss-120b,cluster_llm_all,cluster,llm_all,124,5,0,5,1,1.0,1.0,0.0,0.0,0.0,1,1
managed-gpt-oss-120b,cluster_llm_all,cluster,llm_all,125,5,0,5,2,0.6,0.6,0.3063,0.791,0.40324,1,1
managed-gpt-oss-120b,cluster_llm_all,cluster,llm_all,126,5,0,5,2,0.4,0.4,0.9555,1.0,0.9733,1,1
managed-gpt-oss-120b,cluster_llm_all,cluster,llm_all,127,5,0,5,1,1.0,1.0,0.5628,0.5628,0.5628,1,1
managed-gpt-oss-120b,cluster_llm_all,cluster,llm_all,128,5,0,5,2,0.6,0.6,0.6054,0.6304,0.6104,1,1
managed-gpt-oss-120b,cluster_llm_all,cluster,llm_all,129,5,0,5,4,0.1,0.1,0.1924,0.2673,0.22759999999999997,1,1
managed-gpt-oss-120b,cluster_llm_all,cluster,llm_all,200,5,0,5,2,0.6,0.6,0.8103,1.0,0.84824,1,1
managed-gpt-oss-120b,cluster_llm_all,cluster,llm_all,201,5,0,5,5,0.0,0.0,0.4762,0.5504,0.50692,1,1
managed-gpt-oss-120b,cluster_llm_all,cluster,llm_all,202,5,0,5,2,0.4,0.4,0.565,0.7661,0.68566,1,1
managed-gpt-oss-120b,cluster_llm_all,cluster,llm_all,203,5,0,5,2,0.6,0.6,0.2987,0.3478,0.33798,1,1
managed-gpt-oss-120b,cluster_llm_all,cluster,llm_all,204,5,0,5,1,1.0,1.0,0.6796,0.6796,0.6796,1,1
managed-gpt-oss-120b,cluster_llm_all,cluster,llm_all,205,5,0,5,1,1.0,1.0,1.0,1.0,1.0,1,1
managed-gpt-oss-120b,cluster_llm_all,cluster,llm_all,206,5,0,5,2,0.4,0.4,0.7745,1.0,0.8647,1,1
managed-gpt-oss-120b,cluster_llm_all,cluster,llm_all,207,5,0,5,4,0.1,0.1,0.4393,0.5576,0.50698,1,1
managed-gpt-oss-120b,cluster_llm_all,cluster,llm_all,208,5,0,5,1,1.0,1.0,1.0,1.0,1.0,1,1
managed-gpt-oss-120b,cluster_llm_all,cluster,llm_all,209,5,0,5,1,1.0,1.0,1.0,1.0,1.0,1,1
managed-gpt-oss-120b,cluster_llm_all,cluster,llm_all,210,5,0,5,2,0.6,0.6,0.7872,1.0,0.9574400000000001,1,1
managed-gpt-oss-120b,cluster_llm_all,cluster,llm_all,211,5,0,5,2,0.4,0.4,0.9108,1.0,0.94648,1,1
managed-gpt-oss-120b,cluster_llm_all,cluster,llm_all,212,5,0,5,1,1.0,1.0,1.0,1.0,1.0,1,1
managed-gpt-oss-120b,cluster_llm_all,cluster,llm_all,213,5,0,5,3,0.2,0.2,0.6142,1.0,0.8013999999999999,1,1
managed-gpt-oss-120b,cluster_llm_all,cluster,llm_all,214,5,0,5,2,0.6,0.6,0.5238,0.5832,0.53568,1,1
managed-gpt-oss-120b,cluster_llm_all,cluster,llm_all,300,5,0,5,5,0.0,0.0,-0.0096,0.0292,0.0158,1,1
managed-gpt-oss-120b,cluster_llm_all,cluster,llm_all,301,5,0,5,3,0.3,0.3,-0.0594,-0.02,-0.0318,1,1
managed-gpt-oss-120b,cluster_llm_all,cluster,llm_all,302,5,0,5,3,0.3,0.3,-0.0246,0.03,-0.0012600000000000003,1,1
managed-gpt-oss-120b,cluster_llm_all,cluster,llm_all,303,5,0,5,2,0.6,0.6,0.0011,0.0442,0.009720000000000001,1,1
managed-gpt-oss-120b,cluster_llm_all,cluster,llm_all,304,5,0,5,5,0.0,0.0,0.0021,0.2143,0.07905999999999999,1,1
managed-gpt-oss-120b,cluster_llm_all,cluster,llm_all,305,5,0,5,1,1.0,1.0,0.0476,0.0476,0.0476,1,1
managed-gpt-oss-120b,cluster_llm_all,cluster,llm_all,306,5,0,5,2,0.4,0.4,-0.1951,0.1463,0.009740000000000009,1,1
managed-gpt-oss-120b,cluster_llm_all,cluster,llm_all,307,5,0,5,1,1.0,1.0,0.1818,0.1818,0.1818,1,0
managed-gpt-oss-120b,cluster_llm_all,cluster,llm_all,308,5,0,5,1,1.0,1.0,0.1016,0.1016,0.1016,1,1
managed-gpt-oss-120b,cluster_llm_all,cluster,llm_all,309,5,0,5,1,1.0,1.0,-0.1667,-0.1667,-0.1667,1,1
managed-gpt-oss-120b,cluster_llm_all,cluster,llm_all,310,5,0,5,1,1.0,1.0,-0.1667,-0.1667,-0.1667,1,1
managed-gpt-oss-120b,cluster_llm_all,cluster,llm_all,311,5,0,5,2,0.6,0.6,0.0304,0.062,0.05567999999999999,1,1
managed-gpt-oss-120b,cluster_llm_all,cluster,llm_all,312,5,0,5,1,1.0,1.0,0.0909,0.0909,0.0909,1,1
managed-gpt-oss-120b,cluster_llm_all,cluster,llm_all,313,5,0,5,3,0.3,0.3,-0.2966,-0.1803,-0.22014,1,1
managed-gpt-oss-120b,cluster_llm_all,cluster,llm_all,314,5,0,5,2,0.4,0.4,0.2696,0.2696,0.2696,1,1
managed-gpt-oss-120b,cluster_llm_one,cluster,llm_one,100,5,0,5,2,0.6,0.6,0.6961,0.8364,0.72416,24,12
managed-gpt-oss-120b,cluster_llm_one,cluster,llm_one,101,5,0,5,3,0.2,0.2,0.8789,0.9181,0.8967,72,19
managed-gpt-oss-120b,cluster_llm_one,cluster,llm_one,102,5,0,5,1,1.0,1.0,1.0,1.0,1.0,34,5
managed-gpt-oss-120b,cluster_llm_one,cluster,llm_one,103,5,0,5,1,1.0,1.0,1.0,1.0,1.0,1,1
managed-gpt-oss-120b,cluster_llm_one,cluster,llm_one,104,5,0,5,3,0.2,0.2,0.0918,0.4236,0.22284,3,2
managed-gpt-oss-120b,cluster_llm_one,cluster,llm_one,105,5,0,5,1,1.0,1.0,0.3129,0.3129,0.3129,3,3
managed-gpt-oss-120b,cluster_llm_one,cluster,llm_one,106,5,0,5,2,0.4,0.4,0.1112,0.1502,0.1268,1,1
managed-gpt-oss-120b,cluster_llm_one,cluster,llm_one,107,5,0,5,1,1.0,1.0,1.0,1.0,1.0,23,10
managed-gpt-oss-120b,cluster_llm_one,cluster,llm_one,108,5,0,5,2,0.6,0.6,0.4057,0.4182,0.4157,42,20
managed-gpt-oss-120b,cluster_llm_one,cluster,llm_one,109,5,0,5,1,1.0,1.0,0.4943,0.4943,0.4943000000000001,45,5
managed-gpt-oss-120b,cluster_llm_one,cluster,llm_one,110,5,0,5,2,0.6,0.6,0.8378,0.9623,0.8627,3,1
managed-gpt-oss-120b,cluster_llm_one,cluster,llm_one,111,5,0,5,1,1.0,1.0,1.0,1.0,1.0,2,1
managed-gpt-oss-120b,cluster_llm_one,cluster,llm_one,112,5,0,5,2,0.6,0.6,0.8221,1.0,0.9644199999999999,23,7
managed-gpt-oss-120b,cluster_llm_one,cluster,llm_one,113,5,0,5,4,0.1,0.1,0.7545,0.8704,0.80106,2,2
managed-gpt-oss-120b,cluster_llm_one,cluster,llm_one,114,5,0,5,4,0.1,0.1,0.3298,0.4158,0.37912,1,1
managed-gpt-oss-120b,cluster_llm_one,cluster,llm_one,115,5,0,5,1,1.0,1.0,1.0,1.0,1.0,30,17
managed-gpt-oss-120b,cluster_llm_one,cluster,llm_one,116,5,0,5,1,1.0,1.0,1.0,1.0,1.0,26,9
managed-gpt-oss-120b,cluster_llm_one,cluster,llm_one,117,5,0,5,5,0.0,0.0,0.5428,0.6239,0.5799399999999999,12,5
managed-gpt-oss-120b,cluster_llm_one,cluster,llm_one,118,5,0,5,1,1.0,1.0,1.0,1.0,1.0,42,8
managed-gpt-oss-120b,cluster_llm_one,cluster,llm_one,119,5,0,5,2,0.4,0.4,0.8372,1.0,0.93488,1,1
managed-gpt-oss-120b,cluster_llm_one,cluster,llm_one,120,5,0,5,1,1.0,1.0,0.1892,0.1892,0.1892,1,1
managed-gpt-oss-120b,cluster_llm_one,cluster,llm_one,121,5,0,5,1,1.0,1.0,0.6027,0.6027,0.6027,19,6
managed-gpt-oss-120b,cluster_llm_one,cluster,llm_one,122,5,0,5,5,0.0,0.0,0.2124,0.242,0.22632,2,1
managed-gpt-oss-120b,cluster_llm_one,cluster,llm_one,123,5,0,5,2,0.6,0.6,0.4992,0.5708,0.55648,42,9
managed-gpt-oss-120b,cluster_llm_one,cluster,llm_one,124,5,0,5,2,0.6,0.6,-0.0755,0.0,-0.015099999999999999,1,1
managed-gpt-oss-120b,cluster_llm_one,cluster,llm_one,125,5,0,5,4,0.1,0.1,0.4232,0.791,0.59352,26,21
managed-gpt-oss-120b,cluster_llm_one,cluster,llm_one,126,5,0,5,1,1.0,1.0,0.9555,0.9555,0.9555,1,1
managed-gpt-oss-120b,cluster_llm_one,cluster,llm_one,127,5,0,5,2,0.6,0.6,0.5274,0.5628,0.55572,1,1
managed-gpt-oss-120b,cluster_llm_one,cluster,llm_one,128,5,0,5,1,1.0,1.0,0.5074,0.5074,0.5074,32,18
managed-gpt-oss-120b,cluster_llm_one,cluster,llm_one,129,5,0,5,2,0.4,0.4,0.3952,0.5835,0.5081800000000001,1,1
managed-gpt-oss-120b,cluster_llm_one,cluster,llm_one,200,5,0,5,2,0.4,0.4,0.8103,1.0,0.8861800000000001,1,1
managed-gpt-oss-120b,cluster_llm_one,cluster,llm_one,201,5,0,5,5,0.0,0.0,0.5213,0.556,0.5401400000000001,49,31
managed-gpt-oss-120b,cluster_llm_one,cluster,llm_one,202,5,0,5,5,0.0,0.0,0.1709,0.4914,0.33912,1,1
managed-gpt-oss-120b,cluster_llm_one,cluster,llm_one,203,5,0,5,2,0.6,0.6,0.0649,0.3478,0.12147999999999999,9,5
managed-gpt-oss-120b,cluster_llm_one,cluster,llm_one,204,5,0,5,2,0.6,0.6,0.6172,0.7286,0.7063200000000001,1,1
managed-gpt-oss-120b,cluster_llm_one,cluster,llm_one,205,5,0,5,1,1.0,1.0,0.5055,0.5055,0.5055,12,2
managed-gpt-oss-120b,cluster_llm_one,cluster,llm_one,206,5,0,5,2,0.4,0.4,0.3946,0.467,0.43804,1,1
managed-gpt-oss-120b,cluster_llm_one,cluster,llm_one,207,5,0,5,5,0.0,0.0,0.2029,0.5048,0.32348,5,3
managed-gpt-oss-120b,cluster_llm_one,cluster,llm_one,208,5,0,5,4,0.1,0.1,0.3946,0.7857,0.5201,1,1
managed-gpt-oss-120b,cluster_llm_one,cluster,llm_one,209,5,0,5,2,0.6,0.6,0.4121,0.581,0.44588,19,9
managed-gpt-oss-120b,cluster_llm_one,cluster,llm_one,210,5,0,5,3,0.3,0.3,0.4715,0.7103,0.6240600000000001,1,1
managed-gpt-oss-120b,cluster_llm_one,cluster,llm_one,211,5,0,5,4,0.1,0.1,0.6622,0.7666,0.72092,1,1
managed-gpt-oss-120b,cluster_llm_one,cluster,llm_one,212,5,0,5,5,0.0,0.0,0.8314,0.8621,0.8463799999999999,8,6
managed-gpt-oss-120b,cluster_llm_one,cluster,llm_one,213,5,0,5,4,0.1,0.1,0.4129,0.7484,0.62034,1,1
managed-gpt-oss-120b,cluster_llm_one,cluster,llm_one,214,5,0,5,4,0.1,0.1,0.3718,0.4081,0.39086000000000004,26,24
managed-gpt-oss-120b,cluster_llm_one,cluster,llm_one,300,5,0,5,3,0.2,0.2,-0.0235,-0.0104,-0.01888,34,14
managed-gpt-oss-120b,cluster_llm_one,cluster,llm_one,301,5,0,5,3,0.3,0.3,-0.0872,-0.02,-0.03736,2,1
managed-gpt-oss-120b,cluster_llm_one,cluster,llm_one,302,5,0,5,4,0.1,0.1,-0.0268,0.2362,0.10464,2,1
managed-gpt-oss-120b,cluster_llm_one,cluster,llm_one,303,5,0,5,1,1.0,1.0,0.0796,0.0796,0.0796,1,1
managed-gpt-oss-120b,cluster_llm_one,cluster,llm_one,304,5,0,5,3,0.3,0.3,-0.1246,-0.0437,-0.0696,1,1
managed-gpt-oss-120b,cluster_llm_one,cluster,llm_one,305,5,0,5,2,0.6,0.6,-0.0526,0.0476,0.02756,1,1
managed-gpt-oss-120b,cluster_llm_one,cluster,llm_one,306,5,0,5,2,0.4,0.4,-0.1951,-0.1951,-0.1951,1,0
managed-gpt-oss-120b,cluster_llm_one,cluster,llm_one,307,5,0,5,2,0.6,0.6,0.0476,0.1818,0.07443999999999999,1,1
managed-gpt-oss-120b,cluster_llm_one,cluster,llm_one,308,5,0,5,2,0.6,0.6,-0.1782,-0.0481,-0.15218,1,1
managed-gpt-oss-120b,cluster_llm_one,cluster,llm_one,309,5,0,5,1,1.0,1.0,-0.1667,-0.1667,-0.1667,7,5
managed-gpt-oss-120b,cluster_llm_one,cluster,llm_one,310,5,0,5,1,1.0,1.0,-0.1667,-0.1667,-0.1667,7,6
managed-gpt-oss-120b,cluster_llm_one,cluster,llm_one,311,5,0,5,2,0.4,0.4,-0.0005,0.0096,0.00556,14,7
managed-gpt-oss-120b,cluster_llm_one,cluster,llm_one,312,5,0,5,3,0.2,0.2,0.1489,0.2553,0.20258000000000004,1,1
managed-gpt-oss-120b,cluster_llm_one,cluster,llm_one,313,5,0,5,2,0.4,0.4,-0.2143,-0.1077,-0.17165999999999998,1,1
managed-gpt-oss-120b,cluster_llm_one,cluster,llm_one,314,5,0,5,1,1.0,1.0,0.1579,0.1579,0.1579,8,2
managed-gpt-oss-120b,impute_llm_all,impute,llm_all,100,5,0,5,5,0.0,0.0,0.5625,0.6875,0.6,1,1
managed-gpt-oss-120b,impute_llm_all,impute,llm_all,101,5,0,5,3,0.2,0.2,0.5,0.9167,0.71666,1,1
managed-gpt-oss-120b,impute_llm_all,impute,llm_all,102,5,0,5,5,0.0,0.0,0.625,0.7188,0.675,1,1
managed-gpt-oss-120b,impute_llm_all,impute,llm_all,103,5,0,5,4,0.1,0.1,0.0,0.6,0.36,1,1
managed-gpt-oss-120b,impute_llm_all,impute,llm_all,104,5,0,5,1,1.0,1.0,1.0,1.0,1.0,1,0
managed-gpt-oss-120b,impute_llm_all,impute,llm_all,105,5,0,5,5,0.0,0.0,0.8,0.8667,0.83554,1,1
managed-gpt-oss-120b,impute_llm_all,impute,llm_all,106,5,0,5,1,1.0,1.0,1.0,1.0,1.0,1,0
managed-gpt-oss-120b,impute_llm_all,impute,llm_all,107,5,0,5,5,0.0,0.0,0.5,0.9167,0.70002,1,1
managed-gpt-oss-120b,impute_llm_all,impute,llm_all,108,5,0,5,1,1.0,1.0,1.0,1.0,1.0,1,1
managed-gpt-oss-120b,impute_llm_all,impute,llm_all,109,5,0,5,5,0.0,0.0,0.0,0.0,0.0,1,1
managed-gpt-oss-120b,impute_llm_all,impute,llm_all,110,5,0,5,4,0.1,0.1,0.25,0.25,0.25,1,1
managed-gpt-oss-120b,impute_llm_all,impute,llm_all,111,5,0,5,1,1.0,1.0,1.0,1.0,1.0,1,0
managed-gpt-oss-120b,impute_llm_all,impute,llm_all,112,5,0,5,1,1.0,1.0,0.6,0.6,0.6,1,1
managed-gpt-oss-120b,impute_llm_all,impute,llm_all,113,5,0,5,1,1.0,1.0,1.0,1.0,1.0,1,0
managed-gpt-oss-120b,impute_llm_all,impute,llm_all,114,5,0,5,2,0.6,0.6,0.8333,1.0,0.9666600000000001,1,1
managed-gpt-oss-120b,impute_llm_all,impute,llm_all,115,5,0,5,2,0.4,0.4,0.8333,1.0,0.9333199999999999,1,1
managed-gpt-oss-120b,impute_llm_all,impute,llm_all,116,5,0,5,4,0.1,0.1,0.0,0.0,0.0,1,1
managed-gpt-oss-120b,impute_llm_all,impute,llm_all,117,5,0,5,1,1.0,1.0,1.0,1.0,1.0,1,1
managed-gpt-oss-120b,impute_llm_all,impute,llm_all,118,5,0,5,2,0.6,0.6,0.0,0.0,0.0,1,1
managed-gpt-oss-120b,impute_llm_all,impute,llm_all,119,5,0,5,1,1.0,1.0,0.0,0.0,0.0,1,1
managed-gpt-oss-120b,impute_llm_all,impute,llm_all,120,5,0,5,1,1.0,1.0,0.8571,0.8571,0.8571,1,1
managed-gpt-oss-120b,impute_llm_all,impute,llm_all,121,5,0,5,1,1.0,1.0,1.0,1.0,1.0,1,0
managed-gpt-oss-120b,impute_llm_all,impute,llm_all,122,5,0,5,2,0.6,0.6,0.5,0.5,0.5,1,1
managed-gpt-oss-120b,impute_llm_all,impute,llm_all,123,5,0,5,1,1.0,1.0,1.0,1.0,1.0,1,1
managed-gpt-oss-120b,impute_llm_all,impute,llm_all,124,5,0,5,1,1.0,1.0,1.0,1.0,1.0,1,0
managed-gpt-oss-120b,impute_llm_all,impute,llm_all,125,5,0,5,4,0.1,0.1,0.8,1.0,0.8800000000000001,1,1
managed-gpt-oss-120b,impute_llm_all,impute,llm_all,126,5,0,5,3,0.3,0.3,0.0,0.0,0.0,1,1
managed-gpt-oss-120b,impute_llm_all,impute,llm_all,127,5,0,5,1,1.0,1.0,0.0,0.0,0.0,1,1
managed-gpt-oss-120b,impute_llm_all,impute,llm_all,128,5,0,5,2,0.6,0.6,0.6,0.6,0.6,1,1
managed-gpt-oss-120b,impute_llm_all,impute,llm_all,129,5,0,5,5,0.0,0.0,0.25,0.5,0.3,1,1
managed-gpt-oss-120b,impute_llm_all,impute,llm_all,200,5,0,5,1,1.0,1.0,1.0,1.0,1.0,1,1
managed-gpt-oss-120b,impute_llm_all,impute,llm_all,201,5,0,5,4,0.1,0.1,0.463,0.7407,0.57038,1,1
managed-gpt-oss-120b,impute_llm_all,impute,llm_all,202,5,0,5,5,0.0,0.0,0.64,0.7,0.6719999999999999,1,1
managed-gpt-oss-120b,impute_llm_all,impute,llm_all,203,5,0,5,5,0.0,0.0,0.0,0.74,0.43599999999999994,1,1
managed-gpt-oss-120b,impute_llm_all,impute,llm_all,204,5,0,5,4,0.1,0.1,0.0,0.08,0.032,1,1
managed-gpt-oss-120b,impute_llm_all,impute,llm_all,205,5,0,5,5,0.0,0.0,0.534,0.6699,0.58836,1,1
managed-gpt-oss-120b,impute_llm_all,impute,llm_all,206,5,0,5,1,1.0,1.0,1.0,1.0,1.0,1,1
managed-gpt-oss-120b,impute_llm_all,impute,llm_all,207,5,0,5,2,0.6,0.6,0.9107,1.0,0.98214,1,1
managed-gpt-oss-120b,impute_llm_all,impute,llm_all,208,5,0,5,3,0.2,0.2,0.7,0.74,0.716,1,1
managed-gpt-oss-120b,impute_llm_all,impute,llm_all,209,5,0,5,2,0.4,0.4,0.98,1.0,0.9879999999999999,1,1
managed-gpt-oss-120b,impute_llm_all,impute,llm_all,210,5,0,5,1,1.0,1.0,1.0,1.0,1.0,1,1
managed-gpt-oss-120b,impute_llm_all,impute,llm_all,211,5,0,5,1,1.0,1.0,1.0,1.0,1.0,1,1
managed-gpt-oss-120b,impute_llm_all,impute,llm_all,212,5,0,5,4,0.1,0.1,0.0,0.0,0.0,1,1
managed-gpt-oss-120b,impute_llm_all,impute,llm_all,213,5,0,5,5,0.0,0.0,0.1379,0.8621,0.57932,1,1
managed-gpt-oss-120b,impute_llm_all,impute,llm_all,214,5,0,5,5,0.0,0.0,0.0,0.2727,0.05454,1,1
managed-gpt-oss-120b,impute_llm_all,impute,llm_all,215,5,0,5,1,1.0,1.0,1.0,1.0,1.0,1,1
managed-gpt-oss-120b,impute_llm_all,impute,llm_all,216,5,0,5,1,1.0,1.0,1.0,1.0,1.0,1,1
managed-gpt-oss-120b,impute_llm_all,impute,llm_all,217,5,0,5,5,0.0,0.0,0.027,0.9189,0.21080000000000002,1,1
managed-gpt-oss-120b,impute_llm_all,impute,llm_all,218,5,0,5,1,1.0,1.0,1.0,1.0,1.0,1,0
managed-gpt-oss-120b,impute_llm_all,impute,llm_all,219,5,0,5,1,1.0,1.0,1.0,1.0,1.0,1,0
managed-gpt-oss-120b,impute_llm_all,impute,llm_all,220,5,0,5,5,0.0,0.0,0.0152,0.9394,0.7454400000000001,1,1
managed-gpt-oss-120b,impute_llm_all,impute,llm_all,221,5,0,5,5,0.0,0.0,0.9437,0.9567,0.9498000000000001,1,1
managed-gpt-oss-120b,impute_llm_all,impute,llm_all,222,5,0,5,5,0.0,0.0,0.0,0.0,0.0,1,1
managed-gpt-oss-120b,impute_llm_all,impute,llm_all,223,5,0,5,4,0.1,0.1,0.0,0.7115,0.29614,1,1
managed-gpt-oss-120b,impute_llm_all,impute,llm_all,224,5,0,5,1,1.0,1.0,0.1429,0.1429,0.1429,1,1
managed-gpt-oss-120b,impute_llm_all,impute,llm_all,225,5,0,5,3,0.2,0.2,0.0417,0.9167,0.3917,1,1
managed-gpt-oss-120b,impute_llm_all,impute,llm_all,226,5,0,5,4,0.1,0.1,0.7333,0.9,0.8666600000000001,1,1
managed-gpt-oss-120b,impute_llm_all,impute,llm_all,227,5,0,5,1,1.0,1.0,0.9841,0.9841,0.9841,1,1
managed-gpt-oss-120b,impute_llm_all,impute,llm_all,228,5,0,5,5,0.0,0.0,0.0,0.0,0.0,1,1
managed-gpt-oss-120b,impute_llm_all,impute,llm_all,229,5,0,5,3,0.2,0.2,0.0,0.0333,0.006660000000000001,1,1
managed-gpt-oss-120b,impute_llm_all,impute,llm_all,300,5,0,5,2,0.6,0.6,0.8,0.8,0.8,1,1
managed-gpt-oss-120b,impute_llm_all,impute,llm_all,301,5,0,5,4,0.1,0.1,0.2,0.2,0.2,1,1
managed-gpt-oss-120b,impute_llm_all,impute,llm_all,302,5,0,5,2,0.6,0.6,0.625,0.625,0.625,1,1
managed-gpt-oss-120b,impute_llm_all,impute,llm_all,303,5,0,5,4,0.1,0.1,0.5,0.5,0.5,1,1
managed-gpt-oss-120b,impute_llm_all,impute,llm_all,304,5,0,5,2,0.6,0.6,0.3333,0.3333,0.3333,1,1
managed-gpt-oss-120b,impute_llm_all,impute,llm_all,305,5,0,5,2,0.6,0.6,0.1667,0.1667,0.1667,1,1
managed-gpt-oss-120b,impute_llm_all,impute,llm_all,306,5,0,5,3,0.2,0.2,0.2,0.4,0.32,1,1
managed-gpt-oss-120b,impute_llm_all,impute,llm_all,307,5,0,5,2,0.6,0.6,0.375,0.375,0.375,1,1
managed-gpt-oss-120b,impute_llm_all,impute,llm_all,308,5,0,5,2,0.6,0.6,0.5,0.5,0.5,1,1
managed-gpt-oss-120b,impute_llm_all,impute,llm_all,309,5,0,5,5,0.0,0.0,0.125,0.25,0.225,1,1
managed-gpt-oss-120b,impute_llm_all,impute,llm_all,310,5,0,5,4,0.1,0.1,0.125,0.125,0.125,1,1
managed-gpt-oss-120b,impute_llm_all,impute,llm_all,311,5,0,5,3,0.2,0.2,0.2,0.2,0.2,1,1
managed-gpt-oss-120b,impute_llm_all,impute,llm_all,312,5,0,5,2,0.6,0.6,0.2,0.2,0.2,1,1
managed-gpt-oss-120b,impute_llm_all,impute,llm_all,313,5,0,5,2,0.4,0.4,0.4,0.4,0.4,1,1
managed-gpt-oss-120b,impute_llm_all,impute,llm_all,314,5,0,5,4,0.1,0.1,0.4,0.6,0.48,1,1
managed-gpt-oss-120b,impute_llm_one,impute,llm_one,100,5,0,5,5,0.0,0.0,0.5,0.5,0.5,14,6
managed-gpt-oss-120b,impute_llm_one,impute,llm_one,101,5,0,5,4,0.1,0.1,0.4167,0.5833,0.5,12,6
managed-gpt-oss-120b,impute_llm_one,impute,llm_one,102,5,0,5,5,0.0,0.0,0.5,0.5312,0.51248,14,10
managed-gpt-oss-120b,impute_llm_one,impute,llm_one,103,5,0,5,5,0.0,0.0,0.45,0.5,0.45999999999999996,41,38
managed-gpt-oss-120b,impute_llm_one,impute,llm_one,104,5,0,5,5,0.0,0.0,0.2045,0.2727,0.24089999999999998,19,17
managed-gpt-oss-120b,impute_llm_one,impute,llm_one,105,5,0,5,5,0.0,0.0,0.3556,0.6,0.50224,32,31
managed-gpt-oss-120b,impute_llm_one,impute,llm_one,106,5,0,5,5,0.0,0.0,0.3333,0.5833,0.45,55,49
managed-gpt-oss-120b,impute_llm_one,impute,llm_one,107,5,0,5,5,0.0,0.0,0.6667,1.0,0.81666,12,10
managed-gpt-oss-120b,impute_llm_one,impute,llm_one,108,5,0,5,1,1.0,1.0,1.0,1.0,1.0,8,5
managed-gpt-oss-120b,impute_llm_one,impute,llm_one,109,5,0,5,5,0.0,0.0,0.0,0.0,0.0,6,6
managed-gpt-oss-120b,impute_llm_one,impute,llm_one,110,5,0,5,2,0.4,0.4,0.0,0.0,0.0,4,1
managed-gpt-oss-120b,impute_llm_one,impute,llm_one,111,5,0,5,1,1.0,1.0,0.0,0.0,0.0,4,1
managed-gpt-oss-120b,impute_llm_one,impute,llm_one,112,5,0,5,1,1.0,1.0,0.6,0.6,0.6,5,0
managed-gpt-oss-120b,impute_llm_one,impute,llm_one,113,5,0,5,1,1.0,1.0,1.0,1.0,1.0,6,0
managed-gpt-oss-120b,impute_llm_one,impute,llm_one,114,5,0,5,2,0.6,0.6,0.8333,1.0,0.9666600000000001,6,3
managed-gpt-oss-120b,impute_llm_one,impute,llm_one,115,5,0,5,1,1.0,1.0,0.8333,0.8333,0.8333,6,0
managed-gpt-oss-120b,impute_llm_one,impute,llm_one,116,5,0,5,1,1.0,1.0,0.0,0.0,0.0,6,6
managed-gpt-oss-120b,impute_llm_one,impute,llm_one,117,5,0,5,1,1.0,1.0,0.0,0.0,0.0,6,0
managed-gpt-oss-120b,impute_llm_one,impute,llm_one,118,5,0,5,2,0.6,0.6,0.0,0.0,0.0,6,3
managed-gpt-oss-120b,impute_llm_one,impute,llm_one,119,5,0,5,1,1.0,1.0,0.0,0.0,0.0,6,0
managed-gpt-oss-120b,impute_llm_one,impute,llm_one,120,5,0,5,3,0.2,0.2,0.7857,0.8571,0.81426,13,10
managed-gpt-oss-120b,impute_llm_one,impute,llm_one,121,5,0,5,1,1.0,1.0,1.0,1.0,1.0,9,7
managed-gpt-oss-120b,impute_llm_one,impute,llm_one,122,5,0,5,1,1.0,1.0,0.0,0.0,0.0,6,4
managed-gpt-oss-120b,impute_llm_one,impute,llm_one,123,5,0,5,5,0.0,0.0,0.25,0.25,0.25,15,13
managed-gpt-oss-120b,impute_llm_one,impute,llm_one,124,5,0,5,1,1.0,1.0,1.0,1.0,1.0,5,1
managed-gpt-oss-120b,impute_llm_one,impute,llm_one,125,5,0,5,5,0.0,0.0,0.2,0.6,0.44000000000000006,5,5
managed-gpt-oss-120b,impute_llm_one,impute,llm_one,126,5,0,5,3,0.2,0.2,0.0,0.0,0.0,5,4
managed-gpt-oss-120b,impute_llm_one,impute,llm_one,127,5,0,5,1,1.0,1.0,0.0,0.0,0.0,1,1
managed-gpt-oss-120b,impute_llm_one,impute,llm_one,128,5,0,5,4,0.1,0.1,0.5,0.7,0.6199999999999999,9,7
managed-gpt-oss-120b,impute_llm_one,impute,llm_one,129,5,0,5,5,0.0,0.0,0.25,0.5,0.3,7,7
managed-gpt-oss-120b,impute_llm_one,impute,llm_one,200,5,0,5,5,0.0,0.0,0.225,0.3,0.24500000000000002,40,7
managed-gpt-oss-120b,impute_llm_one,impute,llm_one,201,5,0,5,5,0.0,0.0,0.7407,0.7778,0.7592800000000001,54,13
managed-gpt-oss-120b,impute_llm_one,impute,llm_one,202,5,0,5,5,0.0,0.0,0.66,0.68,0.672,100,16
managed-gpt-oss-120b,impute_llm_one,impute,llm_one,203,5,0,5,5,0.0,0.0,0.61,0.68,0.644,100,50
managed-gpt-oss-120b,impute_llm_one,impute,llm_one,204,5,0,5,5,0.0,0.0,0.02,0.08,0.048,50,41
managed-gpt-oss-120b,impute_llm_one,impute,llm_one,205,5,0,5,5,0.0,0.0,0.8155,0.8932,0.87184,103,62
managed-gpt-oss-120b,impute_llm_one,impute,llm_one,206,5,0,5,1,1.0,1.0,1.0,1.0,1.0,50,8
managed-gpt-oss-120b,impute_llm_one,impute,llm_one,207,5,0,5,5,0.0,0.0,0.9464,1.0,0.96784,56,15
managed-gpt-oss-120b,impute_llm_one,impute,llm_one,208,5,0,5,5,0.0,0.0,0.16,0.22,0.196,50,43
managed-gpt-oss-120b,impute_llm_one,impute,llm_one,209,5,0,5,4,0.1,0.1,0.96,1.0,0.9800000000000001,50,39
managed-gpt-oss-120b,impute_llm_one,impute,llm_one,210,5,0,5,1,1.0,1.0,1.0,1.0,1.0,21,0
managed-gpt-oss-120b,impute_llm_one,impute,llm_one,211,5,0,5,3,0.3,0.3,0.9615,1.0,0.9846,26,2
managed-gpt-oss-120b,impute_llm_one,impute,llm_one,212,5,0,5,5,0.0,0.0,0.0,0.0,0.0,30,26
managed-gpt-oss-120b,impute_llm_one,impute,llm_one,213,5,0,5,5,0.0,0.0,0.1379,0.2069,0.1793,29,17
managed-gpt-oss-120b,impute_llm_one,impute,llm_one,214,5,0,5,5,0.0,0.0,0.0,0.0,0.0,11,5
managed-gpt-oss-120b,impute_llm_one,impute,llm_one,215,5,0,5,1,1.0,1.0,1.0,1.0,1.0,30,4
managed-gpt-oss-120b,impute_llm_one,impute,llm_one,216,5,0,5,1,1.0,1.0,1.0,1.0,1.0,7,0
managed-gpt-oss-120b,impute_llm_one,impute,llm_one,217,5,0,5,5,0.0,0.0,0.1081,0.1622,0.14054,37,28
managed-gpt-oss-120b,impute_llm_one,impute,llm_one,218,5,0,5,1,1.0,1.0,1.0,1.0,1.0,42,37
managed-gpt-oss-120b,impute_llm_one,impute,llm_one,219,5,0,5,1,1.0,1.0,1.0,1.0,1.0,42,5
managed-gpt-oss-120b,impute_llm_one,impute,llm_one,220,5,0,5,5,0.0,0.0,0.0,0.803,0.61516,66,11
managed-gpt-oss-120b,impute_llm_one,impute,llm_one,221,5,0,5,5,0.0,0.0,0.9524,0.9567,0.95326,231,14
managed-gpt-oss-120b,impute_llm_one,impute,llm_one,222,5,0,5,5,0.0,0.0,0.0,0.0,0.0,25,23
managed-gpt-oss-120b,impute_llm_one,impute,llm_one,223,5,0,5,5,0.0,0.0,0.6731,0.7115,0.69614,52,25
managed-gpt-oss-120b,impute_llm_one,impute,llm_one,224,5,0,5,2,0.6,0.6,0.1429,0.1429,0.1429,42,5
managed-gpt-oss-120b,impute_llm_one,impute,llm_one,225,5,0,5,5,0.0,0.0,0.125,0.25,0.2,24,18
managed-gpt-oss-120b,impute_llm_one,impute,llm_one,226,5,0,5,4,0.1,0.1,0.9333,1.0,0.97334,30,16
managed-gpt-oss-120b,impute_llm_one,impute,llm_one,227,5,0,5,1,1.0,1.0,1.0,1.0,1.0,63,2
managed-gpt-oss-120b,impute_llm_one,impute,llm_one,228,5,0,5,5,0.0,0.0,0.4286,0.4571,0.4457,35,13
managed-gpt-oss-120b,impute_llm_one,impute,llm_one,229,5,0,5,5,0.0,0.0,0.0,0.0333,0.013320000000000002,30,28
managed-gpt-oss-120b,match_llm_all,match,llm_all,100,5,0,5,1,1.0,1.0,1.0,1.0,1.0,1,1
managed-gpt-oss-120b,match_llm_all,match,llm_all,101,5,0,5,1,1.0,1.0,1.0,1.0,1.0,1,1
managed-gpt-oss-120b,match_llm_all,match,llm_all,102,5,0,5,1,1.0,1.0,0.8649,0.8649,0.8649000000000001,1,1
managed-gpt-oss-120b,match_llm_all,match,llm_all,103,5,0,5,2,0.6,0.6,0.1538,0.2162,0.16627999999999998,1,1
managed-gpt-oss-120b,match_llm_all,match,llm_all,104,5,0,5,5,0.0,0.0,0.5455,0.7273,0.64764,1,1
managed-gpt-oss-120b,match_llm_all,match,llm_all,105,5,0,5,1,1.0,1.0,0.9565,0.9565,0.9564999999999999,1,1
managed-gpt-oss-120b,match_llm_all,match,llm_all,106,5,0,5,1,1.0,1.0,1.0,1.0,1.0,1,1
managed-gpt-oss-120b,match_llm_all,match,llm_all,107,5,0,5,1,1.0,1.0,1.0,1.0,1.0,1,1
managed-gpt-oss-120b,match_llm_all,match,llm_all,108,5,0,5,3,0.3,0.3,0.9231,1.0,0.9606199999999999,1,1
managed-gpt-oss-120b,match_llm_all,match,llm_all,109,5,0,5,1,1.0,1.0,0.9412,0.9412,0.9412,1,1
managed-gpt-oss-120b,match_llm_all,match,llm_all,110,5,0,5,1,1.0,1.0,0.5714,0.5714,0.5714,1,0
managed-gpt-oss-120b,match_llm_all,match,llm_all,111,5,0,5,2,0.6,0.6,0.0,1.0,0.8,1,1
managed-gpt-oss-120b,match_llm_all,match,llm_all,112,5,0,5,1,1.0,1.0,1.0,1.0,1.0,1,1
managed-gpt-oss-120b,match_llm_all,match,llm_all,113,5,0,5,2,0.6,0.6,0.6667,1.0,0.93334,1,1
managed-gpt-oss-120b,match_llm_all,match,llm_all,114,5,0,5,1,1.0,1.0,1.0,1.0,1.0,1,1
managed-gpt-oss-120b,match_llm_all,match,llm_all,115,5,0,5,1,1.0,1.0,0.9841,0.9841,0.9841,1,0
managed-gpt-oss-120b,match_llm_all,match,llm_all,116,5,0,5,1,1.0,1.0,0.9,0.9,0.9,1,1
managed-gpt-oss-120b,match_llm_all,match,llm_all,117,5,0,5,4,0.1,0.1,0.9412,0.9709,0.9570399999999999,1,1
managed-gpt-oss-120b,match_llm_all,match,llm_all,118,5,0,5,1,1.0,1.0,1.0,1.0,1.0,1,1
managed-gpt-oss-120b,match_llm_all,match,llm_all,119,5,0,5,1,1.0,1.0,1.0,1.0,1.0,1,1
managed-gpt-oss-120b,match_llm_all,match,llm_all,120,5,0,5,2,0.6,0.6,0.6667,1.0,0.93334,1,1
managed-gpt-oss-120b,match_llm_all,match,llm_all,121,5,0,5,2,0.4,0.4,0.8333,0.9231,0.86922,1,1
managed-gpt-oss-120b,match_llm_all,match,llm_all,122,5,0,5,1,1.0,1.0,1.0,1.0,1.0,1,0
managed-gpt-oss-120b,match_llm_all,match,llm_all,123,5,0,5,3,0.2,0.2,0.9583,1.0,0.9748000000000001,1,1
managed-gpt-oss-120b,match_llm_all,match,llm_all,124,5,0,5,1,1.0,1.0,0.9167,0.9167,0.9167,1,1
managed-gpt-oss-120b,match_llm_all,match,llm_all,125,5,0,5,4,0.1,0.1,0.0,0.25,0.14150000000000001,1,1
managed-gpt-oss-120b,match_llm_all,match,llm_all,126,5,0,5,5,0.0,0.0,0.0,0.6667,0.4355399999999999,1,1
managed-gpt-oss-120b,match_llm_all,match,llm_all,127,5,0,5,5,0.0,0.0,0.1786,0.3125,0.2363,1,1
managed-gpt-oss-120b,match_llm_all,match,llm_all,128,5,0,5,4,0.1,0.1,0.5,0.6154,0.55218,1,1
managed-gpt-oss-120b,match_llm_all,match,llm_all,129,5,0,5,5,0.0,0.0,0.8333,0.9167,0.8666600000000001,1,1
managed-gpt-oss-120b,match_llm_all,match,llm_all,200,5,0,5,1,1.0,1.0,1.0,1.0,1.0,1,0
managed-gpt-oss-120b,match_llm_all,match,llm_all,201,5,0,5,2,0.6,0.6,0.9091,1.0,0.9818200000000001,1,1
managed-gpt-oss-120b,match_llm_all,match,llm_all,202,5,0,5,1,1.0,1.0,1.0,1.0,1.0,1,1
managed-gpt-oss-120b,match_llm_all,match,llm_all,203,5,0,5,1,1.0,1.0,1.0,1.0,1.0,1,0
managed-gpt-oss-120b,match_llm_all,match,llm_all,204,5,0,5,4,0.1,0.1,0.6667,0.8571,0.7976,1,1
managed-gpt-oss-120b,match_llm_all,match,llm_all,205,5,0,5,2,0.4,0.4,0.8,1.0,0.9199999999999999,1,1
managed-gpt-oss-120b,match_llm_all,match,llm_all,206,5,0,5,2,0.6,0.6,0.963,1.0,0.9926,1,1
managed-gpt-oss-120b,match_llm_all,match,llm_all,207,5,0,5,2,0.6,0.6,0.9286,0.9655,0.9581200000000001,1,1
managed-gpt-oss-120b,match_llm_all,match,llm_all,208,5,0,5,1,1.0,1.0,0.9231,0.9231,0.9231,1,1
managed-gpt-oss-120b,match_llm_all,match,llm_all,209,5,0,5,1,1.0,1.0,1.0,1.0,1.0,1,1
managed-gpt-oss-120b,match_llm_all,match,llm_all,210,5,0,5,1,1.0,1.0,0.8889,0.8889,0.8888999999999999,1,1
managed-gpt-oss-120b,match_llm_all,match,llm_all,211,5,0,5,2,0.6,0.6,0.9474,0.9744,0.9528000000000001,1,1
managed-gpt-oss-120b,match_llm_all,match,llm_all,212,5,0,5,1,1.0,1.0,0.7778,0.7778,0.7778,1,1
managed-gpt-oss-120b,match_llm_all,match,llm_all,213,5,0,5,1,1.0,1.0,1.0,1.0,1.0,1,0
managed-gpt-oss-120b,match_llm_all,match,llm_all,214,5,0,5,1,1.0,1.0,1.0,1.0,1.0,1,1
managed-gpt-oss-120b,match_llm_all,match,llm_all,300,5,0,5,1,1.0,1.0,0.5,0.5,0.5,1,0
managed-gpt-oss-120b,match_llm_all,match,llm_all,301,5,0,5,1,1.0,1.0,0.8,0.8,0.8,1,0
managed-gpt-oss-120b,match_llm_all,match,llm_all,302,5,0,5,2,0.4,0.4,0.0,0.8889,0.53334,1,1
managed-gpt-oss-120b,match_llm_all,match,llm_all,303,5,0,5,2,0.6,0.6,0.75,0.8571,0.83568,1,1
managed-gpt-oss-120b,match_llm_all,match,llm_all,304,5,0,5,2,0.4,0.4,0.0,0.875,0.525,1,1
managed-gpt-oss-120b,match_llm_all,match,llm_all,305,5,0,5,4,0.1,0.1,0.0,0.7,0.5466799999999999,1,1
managed-gpt-oss-120b,match_llm_all,match,llm_all,306,5,0,5,1,1.0,1.0,0.8,0.8,0.8,1,0
managed-gpt-oss-120b,match_llm_all,match,llm_all,307,5,0,5,4,0.1,0.1,0.2667,0.5714,0.40034000000000003,1,1
managed-gpt-oss-120b,match_llm_all,match,llm_all,308,5,0,5,2,0.4,0.4,0.0,1.0,0.6,1,1
managed-gpt-oss-120b,match_llm_all,match,llm_all,309,5,0,5,1,1.0,1.0,0.4,0.4,0.4,1,1
managed-gpt-oss-120b,match_llm_all,match,llm_all,310,5,0,5,4,0.1,0.1,0.3333,0.6667,0.51334,1,1
managed-gpt-oss-120b,match_llm_all,match,llm_all,311,5,0,5,2,0.6,0.6,0.5714,0.7143,0.6857200000000001,1,1
managed-gpt-oss-120b,match_llm_all,match,llm_all,312,5,0,5,5,0.0,0.0,0.5714,0.8571,0.6833199999999999,1,1
managed-gpt-oss-120b,match_llm_all,match,llm_all,313,5,0,5,1,1.0,1.0,0.8889,0.8889,0.8888999999999999,1,0
managed-gpt-oss-120b,match_llm_all,match,llm_all,314,5,0,5,5,0.0,0.0,0.4,0.5,0.43776000000000004,1,1
managed-gpt-oss-120b,match_llm_one,match,llm_one,100,5,0,5,1,1.0,1.0,1.0,1.0,1.0,85,0
managed-gpt-oss-120b,match_llm_one,match,llm_one,101,5,0,5,1,1.0,1.0,1.0,1.0,1.0,260,0
managed-gpt-oss-120b,match_llm_one,match,llm_one,102,5,0,5,2,0.4,0.4,0.8421,0.8649,0.85578,92,1
managed-gpt-oss-120b,match_llm_one,match,llm_one,103,5,0,5,5,0.0,0.0,0.069,0.1765,0.10596000000000001,160,12
managed-gpt-oss-120b,match_llm_one,match,llm_one,104,5,0,5,5,0.0,0.0,0.3529,0.4706,0.40700000000000003,100,12
managed-gpt-oss-120b,match_llm_one,match,llm_one,105,5,3,2,2,0.0,0.3,0.0,0.1538,0.0769,168,2
managed-gpt-oss-120b,match_llm_one,match,llm_one,106,5,5,0,0,nan,1.0,,,,0,0
managed-gpt-oss-120b,match_llm_one,match,llm_one,107,5,0,5,1,1.0,1.0,1.0,1.0,1.0,154,0
managed-gpt-oss-120b,match_llm_one,match,llm_one,108,5,0,5,5,0.0,0.0,0.5556,0.8182,0.7144999999999999,336,9
managed-gpt-oss-120b,match_llm_one,match,llm_one,109,5,0,5,2,0.4,0.4,0.9231,0.9412,0.93034,144,1
managed-gpt-oss-120b,match_llm_one,match,llm_one,110,5,0,5,2,0.4,0.4,0.5714,0.75,0.67856,144,1
managed-gpt-oss-120b,match_llm_one,match,llm_one,111,5,0,5,2,0.4,0.4,0.6667,1.0,0.86668,96,1
managed-gpt-oss-120b,match_llm_one,match,llm_one,112,5,0,5,1,1.0,1.0,1.0,1.0,1.0,2,0
managed-gpt-oss-120b,match_llm_one,match,llm_one,113,5,0,5,2,0.4,0.4,0.8,1.0,0.8800000000000001,300,242
managed-gpt-oss-120b,match_llm_one,match,llm_one,114,5,5,0,0,nan,1.0,,,,0,0
managed-gpt-oss-120b,match_llm_one,match,llm_one,115,5,0,5,4,0.1,0.1,0.9683,0.9839,0.97596,315,3
managed-gpt-oss-120b,match_llm_one,match,llm_one,116,5,0,5,3,0.3,0.3,0.878,0.9048,0.8952200000000001,90,2
managed-gpt-oss-120b,match_llm_one,match,llm_one,117,5,0,5,2,0.4,0.4,0.96,0.9697,0.9658200000000001,175,1
managed-gpt-oss-120b,match_llm_one,match,llm_one,118,5,0,5,1,1.0,1.0,0.9231,0.9231,0.9231,258,0
managed-gpt-oss-120b,match_llm_one,match,llm_one,119,5,0,5,1,1.0,1.0,1.0,1.0,1.0,44,0
managed-gpt-oss-120b,match_llm_one,match,llm_one,120,5,0,5,3,0.2,0.2,0.8,1.0,0.8914200000000001,297,2
managed-gpt-oss-120b,match_llm_one,match,llm_one,121,5,0,5,1,1.0,1.0,0.9231,0.9231,0.9231,1426,0
managed-gpt-oss-120b,match_llm_one,match,llm_one,122,5,0,5,1,1.0,1.0,1.0,1.0,1.0,400,0
managed-gpt-oss-120b,match_llm_one,match,llm_one,123,5,0,5,3,0.3,0.3,0.9796,1.0,0.99184,161,2
managed-gpt-oss-120b,match_llm_one,match,llm_one,124,5,0,5,2,0.4,0.4,0.913,0.9362,0.92228,60,1
managed-gpt-oss-120b,match_llm_one,match,llm_one,125,5,0,5,2,0.6,0.6,0.6667,0.8,0.77334,572,2
managed-gpt-oss-120b,match_llm_one,match,llm_one,126,5,0,5,5,0.0,0.0,0.2857,0.4375,0.36872,1056,6
managed-gpt-oss-120b,match_llm_one,match,llm_one,127,5,0,5,5,0.0,0.0,0.2683,0.3544,0.32156,525,55
managed-gpt-oss-120b,match_llm_one,match,llm_one,128,5,1,4,2,0.3333333333333333,0.2,0.5714,0.6154,0.5933999999999999,120,1
managed-gpt-oss-120b,match_llm_one,match,llm_one,129,5,0,5,5,0.0,0.0,0.4,0.4651,0.43756000000000006,840,130
managed-gpt-oss-120b,match_llm_one,match,llm_one,200,5,0,5,1,1.0,1.0,1.0,1.0,1.0,270,0
managed-gpt-oss-120b,match_llm_one,match,llm_one,201,5,0,5,1,1.0,1.0,1.0,1.0,1.0,442,0
managed-gpt-oss-120b,match_llm_one,match,llm_one,202,5,0,5,1,1.0,1.0,1.0,1.0,1.0,384,0
managed-gpt-oss-120b,match_llm_one,match,llm_one,203,5,0,5,1,1.0,1.0,1.0,1.0,1.0,304,0
managed-gpt-oss-120b,match_llm_one,match,llm_one,204,5,0,5,3,0.2,0.2,0.5714,0.8,0.70096,108,2
managed-gpt-oss-120b,match_llm_one,match,llm_one,205,5,0,5,3,0.2,0.2,0.5,1.0,0.72,299,2
managed-gpt-oss-120b,match_llm_one,match,llm_one,206,5,0,5,1,1.0,1.0,0.0,0.0,0.0,247,0
managed-gpt-oss-120b,match_llm_one,match,llm_one,207,5,0,5,4,0.1,0.1,0.0,0.1333,0.10664,210,3
managed-gpt-oss-120b,match_llm_one,match,llm_one,208,5,0,5,5,0.0,0.0,0.8,0.9231,0.8565200000000001,225,3
managed-gpt-oss-120b,match_llm_one,match,llm_one,209,5,0,5,1,1.0,1.0,1.0,1.0,1.0,100,0
managed-gpt-oss-120b,match_llm_one,match,llm_one,210,5,0,5,1,1.0,1.0,1.0,1.0,1.0,25,0
managed-gpt-oss-120b,match_llm_one,match,llm_one,211,5,0,5,4,0.1,0.1,0.9048,1.0,0.96632,484,5
managed-gpt-oss-120b,match_llm_one,match,llm_one,212,5,0,5,3,0.3,0.3,0.7368,0.7778,0.7654,330,2
managed-gpt-oss-120b,match_llm_one,match,llm_one,213,5,0,5,1,1.0,1.0,1.0,1.0,1.0,36,0
managed-gpt-oss-120b,match_llm_one,match,llm_one,214,5,0,5,1,1.0,1.0,1.0,1.0,1.0,90,0
managed-gpt-oss-120b,match_llm_one,match,llm_one,300,5,0,5,1,1.0,1.0,0.5,0.5,0.5,60,0
managed-gpt-oss-120b,match_llm_one,match,llm_one,301,5,3,2,1,1.0,0.4,0.6667,0.6667,0.6667,95,0
managed-gpt-oss-120b,match_llm_one,match,llm_one,302,5,4,1,1,nan,0.6,0.5714,0.5714,0.5714,0,0
managed-gpt-oss-120b,match_llm_one,match,llm_one,303,5,0,5,1,1.0,1.0,0.3333,0.3333,0.3333,40,0
managed-gpt-oss-120b,match_llm_one,match,llm_one,304,5,5,0,0,nan,1.0,,,,0,0
managed-gpt-oss-120b,match_llm_one,match,llm_one,305,5,5,0,0,nan,1.0,,,,0,0
managed-gpt-oss-120b,match_llm_one,match,llm_one,306,5,1,4,1,1.0,0.6,0.8,0.8,0.8,36,0
managed-gpt-oss-120b,match_llm_one,match,llm_one,307,5,0,5,5,0.0,0.0,0.1538,0.2857,0.20865999999999998,140,10
managed-gpt-oss-120b,match_llm_one,match,llm_one,308,5,0,5,3,0.2,0.2,0.75,0.8571,0.79284,54,2
managed-gpt-oss-120b,match_llm_one,match,llm_one,309,5,0,5,4,0.1,0.1,0.375,0.4,0.39,152,3
managed-gpt-oss-120b,match_llm_one,match,llm_one,310,5,0,5,4,0.1,0.1,0.3333,0.5,0.44665999999999995,45,3
managed-gpt-oss-120b,match_llm_one,match,llm_one,311,5,0,5,4,0.1,0.1,0.7143,0.8333,0.77104,64,2
managed-gpt-oss-120b,match_llm_one,match,llm_one,312,5,0,5,2,0.4,0.4,0.5714,0.6667,0.6095200000000001,40,1
managed-gpt-oss-120b,match_llm_one,match,llm_one,313,5,0,5,1,1.0,1.0,0.8889,0.8889,0.8888999999999999,60,0
managed-gpt-oss-120b,match_llm_one,match,llm_one,314,5,0,5,3,0.2,0.2,0.5714,0.8,0.65524,228,2
managed-gpt-oss-120b,match_llm_semi,match,llm_semi,100,5,0,5,1,1.0,1.0,0.9,0.9,0.9,17,0
managed-gpt-oss-120b,match_llm_semi,match,llm_semi,101,5,3,2,1,1.0,0.4,1.0,1.0,1.0,10,0
managed-gpt-oss-120b,match_llm_semi,match,llm_semi,102,5,0,5,2,0.6,0.6,0.8421,0.8649,0.8603400000000001,23,1
managed-gpt-oss-120b,match_llm_semi,match,llm_semi,103,5,0,5,5,0.0,0.0,0.1111,0.1333,0.11684000000000001,10,6
managed-gpt-oss-120b,match_llm_semi,match,llm_semi,104,5,0,5,4,0.1,0.1,0.0,0.2857,0.11428,10,4
managed-gpt-oss-120b,match_llm_semi,match,llm_semi,105,5,0,5,3,0.2,0.2,0.1538,0.5882,0.37916,14,2
managed-gpt-oss-120b,match_llm_semi,match,llm_semi,106,5,0,5,3,0.3,0.3,0.25,0.6,0.43664000000000003,12,3
managed-gpt-oss-120b,match_llm_semi,match,llm_semi,107,5,0,5,1,1.0,1.0,1.0,1.0,1.0,14,0
managed-gpt-oss-120b,match_llm_semi,match,llm_semi,108,5,0,5,5,0.0,0.0,0.7,0.8571,0.79426,14,10
managed-gpt-oss-120b,match_llm_semi,match,llm_semi,109,5,0,5,2,0.4,0.4,0.7143,0.7143,0.7143,12,2
managed-gpt-oss-120b,match_llm_semi,match,llm_semi,110,5,0,5,3,0.2,0.2,0.6,0.8,0.72,24,3
managed-gpt-oss-120b,match_llm_semi,match,llm_semi,111,5,0,5,4,0.1,0.1,0.2857,0.5,0.41714,24,3
managed-gpt-oss-120b,match_llm_semi,match,llm_semi,112,5,0,5,2,0.4,0.4,0.0,1.0,0.6,1,1
managed-gpt-oss-120b,match_llm_semi,match,llm_semi,113,5,0,5,4,0.1,0.1,0.6667,0.8,0.77334,15,15
managed-gpt-oss-120b,match_llm_semi,match,llm_semi,114,5,0,5,1,1.0,1.0,1.0,1.0,1.0,13,0
managed-gpt-oss-120b,match_llm_semi,match,llm_semi,115,5,0,5,5,0.0,0.0,0.9244,0.992,0.9570000000000001,63,13
managed-gpt-oss-120b,match_llm_semi,match,llm_semi,116,5,0,5,2,0.6,0.6,0.8718,0.9,0.89436,18,1
managed-gpt-oss-120b,match_llm_semi,match,llm_semi,117,5,0,5,5,0.0,0.0,0.75,0.7805,0.76348,35,9
managed-gpt-oss-120b,match_llm_semi,match,llm_semi,118,5,0,5,1,1.0,1.0,1.0,1.0,1.0,6,0
managed-gpt-oss-120b,match_llm_semi,match,llm_semi,119,5,0,5,2,0.6,0.6,0.6957,0.75,0.73914,11,1
managed-gpt-oss-120b,match_llm_semi,match,llm_semi,120,5,0,5,1,1.0,1.0,0.6667,0.6667,0.6667,27,0
managed-gpt-oss-120b,match_llm_semi,match,llm_semi,121,5,0,5,2,0.6,0.6,0.8571,1.0,0.97142,31,2
managed-gpt-oss-120b,match_llm_semi,match,llm_semi,122,5,0,5,2,0.6,0.6,0.8,1.0,0.96,20,1
managed-gpt-oss-120b,match_llm_semi,match,llm_semi,123,5,0,5,5,0.0,0.0,0.8837,0.9333,0.9137000000000001,23,6
managed-gpt-oss-120b,match_llm_semi,match,llm_semi,124,5,0,5,4,0.1,0.1,0.5556,0.6667,0.6333599999999999,15,4
managed-gpt-oss-120b,match_llm_semi,match,llm_semi,125,5,0,5,4,0.1,0.1,0.2222,0.25,0.23037999999999997,22,5
managed-gpt-oss-120b,match_llm_semi,match,llm_semi,126,5,0,5,5,0.0,0.0,0.2778,0.5116,0.41980000000000006,48,8
managed-gpt-oss-120b,match_llm_semi,match,llm_semi,127,5,0,5,5,0.0,0.0,0.2154,0.3529,0.27382,21,12
managed-gpt-oss-120b,match_llm_semi,match,llm_semi,128,5,0,5,4,0.1,0.1,0.5,0.7273,0.5879,24,4
managed-gpt-oss-120b,match_llm_semi,match,llm_semi,129,5,0,5,5,0.0,0.0,0.7273,0.8182,0.772,24,15
managed-gpt-oss-120b,match_llm_semi,match,llm_semi,200,5,0,5,1,1.0,1.0,1.0,1.0,1.0,27,6
managed-gpt-oss-120b,match_llm_semi,match,llm_semi,201,5,0,5,1,1.0,1.0,1.0,1.0,1.0,17,5
managed-gpt-oss-120b,match_llm_semi,match,llm_semi,202,5,0,5,1,1.0,1.0,1.0,1.0,1.0,24,0
managed-gpt-oss-120b,match_llm_semi,match,llm_semi,203,5,5,0,0,nan,1.0,,,,0,0
managed-gpt-oss-120b,match_llm_semi,match,llm_semi,204,5,5,0,0,nan,1.0,,,,0,0
managed-gpt-oss-120b,match_llm_semi,match,llm_semi,205,5,5,0,0,nan,1.0,,,,0,0
managed-gpt-oss-120b,match_llm_semi,match,llm_semi,206,5,1,4,2,0.3333333333333333,0.2,0.96,1.0,0.98,13,7
managed-gpt-oss-120b,match_llm_semi,match,llm_semi,207,5,0,5,4,0.1,0.1,0.9231,1.0,0.96242,14,8
managed-gpt-oss-120b,match_llm_semi,match,llm_semi,208,5,0,5,1,1.0,1.0,0.9231,0.9231,0.9231,15,9
managed-gpt-oss-120b,match_llm_semi,match,llm_semi,209,5,0,5,1,1.0,1.0,1.0,1.0,1.0,10,6
managed-gpt-oss-120b,match_llm_semi,match,llm_semi,210,5,0,5,1,1.0,1.0,0.8889,0.8889,0.8888999999999999,5,5
managed-gpt-oss-120b,match_llm_semi,match,llm_semi,211,5,0,5,2,0.6,0.6,0.9744,1.0,0.99488,22,13
managed-gpt-oss-120b,match_llm_semi,match,llm_semi,212,5,0,5,1,1.0,1.0,0.7778,0.7778,0.7778,15,9
managed-gpt-oss-120b,match_llm_semi,match,llm_semi,213,5,0,5,1,1.0,1.0,1.0,1.0,1.0,6,3
managed-gpt-oss-120b,match_llm_semi,match,llm_semi,214,5,0,5,1,1.0,1.0,1.0,1.0,1.0,9,5
managed-gpt-oss-120b,match_llm_semi,match,llm_semi,300,5,0,5,4,0.1,0.1,0.25,0.4,0.3338,12,4
managed-gpt-oss-120b,match_llm_semi,match,llm_semi,301,5,0,5,2,0.4,0.4,0.8,0.8,0.8,5,1
managed-gpt-oss-120b,match_llm_semi,match,llm_semi,302,5,0,5,2,0.4,0.4,0.8889,1.0,0.9333400000000001,5,1
managed-gpt-oss-120b,match_llm_semi,match,llm_semi,303,5,0,5,5,0.0,0.0,0.4,0.6,0.46664000000000005,8,4
managed-gpt-oss-120b,match_llm_semi,match,llm_semi,304,5,0,5,1,1.0,1.0,0.8235,0.8235,0.8234999999999999,12,0
managed-gpt-oss-120b,match_llm_semi,match,llm_semi,305,5,0,5,5,0.0,0.0,0.5,0.5926,0.55926,29,8
managed-gpt-oss-120b,match_llm_semi,match,llm_semi,306,5,0,5,1,1.0,1.0,0.9091,0.9091,0.9091000000000001,6,0
managed-gpt-oss-120b,match_llm_semi,match,llm_semi,307,5,0,5,2,0.6,0.6,0.6667,0.6667,0.6667,5,1
managed-gpt-oss-120b,match_llm_semi,match,llm_semi,308,5,0,5,3,0.2,0.2,0.5,0.5,0.5,6,2
managed-gpt-oss-120b,match_llm_semi,match,llm_semi,309,5,0,5,5,0.0,0.0,0.3529,0.4211,0.39381999999999995,19,6
managed-gpt-oss-120b,match_llm_semi,match,llm_semi,310,5,0,5,3,0.2,0.2,0.0,0.5,0.36,5,2
managed-gpt-oss-120b,match_llm_semi,match,llm_semi,311,5,0,5,1,1.0,1.0,0.7143,0.7143,0.7143,8,0
managed-gpt-oss-120b,match_llm_semi,match,llm_semi,312,5,0,5,4,0.1,0.1,0.5,0.5714,0.52856,5,2
managed-gpt-oss-120b,match_llm_semi,match,llm_semi,313,5,0,5,5,0.0,0.0,0.4,0.8889,0.6977800000000001,5,3
managed-gpt-oss-120b,match_llm_semi,match,llm_semi,314,5,0,5,3,0.2,0.2,0.4,0.4,0.4,12,2
managed-gpt-oss-120b,multi_llm_all,multi,llm_all,1,5,0,5,1,1.0,1.0,1.0,1.0,1.0,137,125
managed-gpt-oss-120b,multi_llm_all,multi,llm_all,10,5,0,5,1,1.0,1.0,1.0,1.0,1.0,12,12
managed-gpt-oss-120b,multi_llm_all,multi,llm_all,11,5,0,5,1,1.0,1.0,1.0,1.0,1.0,17,17
managed-gpt-oss-120b,multi_llm_all,multi,llm_all,12,5,0,5,1,1.0,1.0,1.0,1.0,1.0,3212,2555
managed-gpt-oss-120b,multi_llm_all,multi,llm_all,13,5,0,5,2,0.6,0.6,1.0,1.0,1.0,6,5
managed-gpt-oss-120b,multi_llm_all,multi,llm_all,14,5,0,5,1,1.0,1.0,0.0,0.0,0.0,621,621
managed-gpt-oss-120b,multi_llm_all,multi,llm_all,15,5,0,5,1,1.0,1.0,0.0,0.0,0.0,24,24
managed-gpt-oss-120b,multi_llm_all,multi,llm_all,16,5,0,5,2,0.6,0.6,0.0,1.0,0.8,2,2
managed-gpt-oss-120b,multi_llm_all,multi,llm_all,17,5,0,5,1,1.0,1.0,0.0,0.0,0.0,51,39
managed-gpt-oss-120b,multi_llm_all,multi,llm_all,18,5,0,5,1,1.0,1.0,1.0,1.0,1.0,2,2
managed-gpt-oss-120b,multi_llm_all,multi,llm_all,19,5,0,5,4,0.1,0.1,0.0,1.0,0.2,6,6
managed-gpt-oss-120b,multi_llm_all,multi,llm_all,2,5,0,5,1,1.0,1.0,1.0,1.0,1.0,34,26
managed-gpt-oss-120b,multi_llm_all,multi,llm_all,20,5,0,5,1,1.0,1.0,1.0,1.0,1.0,8,7
managed-gpt-oss-120b,multi_llm_all,multi,llm_all,21,5,0,5,2,0.4,0.4,0.0,1.0,0.4,1,1
managed-gpt-oss-120b,multi_llm_all,multi,llm_all,22,5,0,5,1,1.0,1.0,1.0,1.0,1.0,27,27
managed-gpt-oss-120b,multi_llm_all,multi,llm_all,23,5,0,5,1,1.0,1.0,1.0,1.0,1.0,30,30
managed-gpt-oss-120b,multi_llm_all,multi,llm_all,24,5,0,5,1,1.0,1.0,0.0,0.0,0.0,23,22
managed-gpt-oss-120b,multi_llm_all,multi,llm_all,25,5,0,5,3,0.2,0.2,0.0,0.0,0.0,63,59
managed-gpt-oss-120b,multi_llm_all,multi,llm_all,26,5,0,5,2,0.6,0.6,0.0,1.0,0.2,53,50
managed-gpt-oss-120b,multi_llm_all,multi,llm_all,27,5,0,5,2,0.4,0.4,0.0,1.0,0.6,225,194
managed-gpt-oss-120b,multi_llm_all,multi,llm_all,28,5,0,5,1,1.0,1.0,1.0,1.0,1.0,280,229
managed-gpt-oss-120b,multi_llm_all,multi,llm_all,29,5,0,5,1,1.0,1.0,0.0,0.0,0.0,22,20
managed-gpt-oss-120b,multi_llm_all,multi,llm_all,3,5,0,5,1,1.0,1.0,1.0,1.0,1.0,265,253
managed-gpt-oss-120b,multi_llm_all,multi,llm_all,30,5,0,5,3,0.2,0.2,0.0,0.0,0.0,25,22
managed-gpt-oss-120b,multi_llm_all,multi,llm_all,31,5,0,5,4,0.1,0.1,0.0,0.0,0.0,27,25
managed-gpt-oss-120b,multi_llm_all,multi,llm_all,32,5,0,5,5,0.0,0.0,0.0,1.0,0.2,152,137
managed-gpt-oss-120b,multi_llm_all,multi,llm_all,33,5,0,5,1,1.0,1.0,0.0,0.0,0.0,5,5
managed-gpt-oss-120b,multi_llm_all,multi,llm_all,34,5,0,5,5,0.0,0.0,0.0,0.0,0.0,252,232
managed-gpt-oss-120b,multi_llm_all,multi,llm_all,35,5,0,5,1,1.0,1.0,1.0,1.0,1.0,43,35
managed-gpt-oss-120b,multi_llm_all,multi,llm_all,36,5,0,5,1,1.0,1.0,1.0,1.0,1.0,13,12
managed-gpt-oss-120b,multi_llm_all,multi,llm_all,37,5,0,5,4,0.1,0.1,0.0,1.0,0.2,39,35
managed-gpt-oss-120b,multi_llm_all,multi,llm_all,38,5,0,5,1,1.0,1.0,1.0,1.0,1.0,18,16
managed-gpt-oss-120b,multi_llm_all,multi,llm_all,39,5,0,5,1,1.0,1.0,0.0,0.0,0.0,93,86
managed-gpt-oss-120b,multi_llm_all,multi,llm_all,4,5,0,5,2,0.6,0.6,0.0,1.0,0.8,27,20
managed-gpt-oss-120b,multi_llm_all,multi,llm_all,40,5,0,5,1,1.0,1.0,1.0,1.0,1.0,618,572
managed-gpt-oss-120b,multi_llm_all,multi,llm_all,41,5,0,5,1,1.0,1.0,1.0,1.0,1.0,72,67
managed-gpt-oss-120b,multi_llm_all,multi,llm_all,42,5,0,5,1,1.0,1.0,0.0,0.0,0.0,31,24
managed-gpt-oss-120b,multi_llm_all,multi,llm_all,43,5,0,5,3,0.2,0.2,0.0,0.0,0.0,30,29
managed-gpt-oss-120b,multi_llm_all,multi,llm_all,44,5,0,5,1,1.0,1.0,1.0,1.0,1.0,44,41
managed-gpt-oss-120b,multi_llm_all,multi,llm_all,45,5,0,5,2,0.4,0.4,0.0,1.0,0.4,85,73
managed-gpt-oss-120b,multi_llm_all,multi,llm_all,46,5,0,5,2,0.6,0.6,0.0,0.0,0.0,280,270
managed-gpt-oss-120b,multi_llm_all,multi,llm_all,47,5,0,5,2,0.4,0.4,0.0,1.0,0.6,94,84
managed-gpt-oss-120b,multi_llm_all,multi,llm_all,48,5,5,0,0,nan,1.0,,,,0,0
managed-gpt-oss-120b,multi_llm_all,multi,llm_all,49,5,0,5,4,0.1,0.1,0.0,0.0,0.0,116,115
managed-gpt-oss-120b,multi_llm_all,multi,llm_all,5,5,0,5,1,1.0,1.0,1.0,1.0,1.0,18,16
managed-gpt-oss-120b,multi_llm_all,multi,llm_all,50,5,0,5,2,0.4,0.4,0.0,1.0,0.6,247,230
managed-gpt-oss-120b,multi_llm_all,multi,llm_all,51,5,0,5,1,1.0,1.0,1.0,1.0,1.0,235,230
managed-gpt-oss-120b,multi_llm_all,multi,llm_all,52,5,0,5,5,0.0,0.0,0.0,0.0,0.0,13,13
managed-gpt-oss-120b,multi_llm_all,multi,llm_all,53,5,0,5,1,1.0,1.0,0.0,0.0,0.0,265,185
managed-gpt-oss-120b,multi_llm_all,multi,llm_all,54,5,0,5,1,1.0,1.0,1.0,1.0,1.0,35,31
managed-gpt-oss-120b,multi_llm_all,multi,llm_all,55,5,0,5,2,0.6,0.6,0.0,1.0,0.8,274,273
managed-gpt-oss-120b,multi_llm_all,multi,llm_all,56,5,0,5,1,1.0,1.0,1.0,1.0,1.0,153,125
managed-gpt-oss-120b,multi_llm_all,multi,llm_all,57,5,0,5,1,1.0,1.0,1.0,1.0,1.0,20,16
managed-gpt-oss-120b,multi_llm_all,multi,llm_all,58,5,0,5,2,0.6,0.6,0.0,1.0,0.8,2,2
managed-gpt-oss-120b,multi_llm_all,multi,llm_all,59,5,0,5,1,1.0,1.0,1.0,1.0,1.0,4,4
managed-gpt-oss-120b,multi_llm_all,multi,llm_all,6,5,0,5,1,1.0,1.0,1.0,1.0,1.0,65,57
managed-gpt-oss-120b,multi_llm_all,multi,llm_all,60,5,0,5,1,1.0,1.0,1.0,1.0,1.0,232,216
managed-gpt-oss-120b,multi_llm_all,multi,llm_all,7,5,0,5,1,1.0,1.0,1.0,1.0,1.0,137,136
managed-gpt-oss-120b,multi_llm_all,multi,llm_all,8,5,0,5,1,1.0,1.0,0.0,0.0,0.0,73,65
managed-gpt-oss-120b,multi_llm_all,multi,llm_all,9,5,0,5,1,1.0,1.0,0.0,0.0,0.0,208,206
managed-gpt-oss-120b,order_llm_all,order,llm_all,0,5,0,5,1,1.0,1.0,1.0,1.0,1.0,1,0
managed-gpt-oss-120b,order_llm_all,order,llm_all,1,5,0,5,1,1.0,1.0,1.0,1.0,1.0,1,0
managed-gpt-oss-120b,order_llm_all,order,llm_all,10,5,0,5,1,1.0,1.0,0.8,0.8,0.8,1,0
managed-gpt-oss-120b,order_llm_all,order,llm_all,11,5,0,5,2,0.4,0.4,1.0,1.0,1.0,1,1
managed-gpt-oss-120b,order_llm_all,order,llm_all,12,5,0,5,3,0.3,0.3,0.0,1.0,0.60002,1,1
managed-gpt-oss-120b,order_llm_all,order,llm_all,13,5,0,5,3,0.2,0.2,1.0,1.0,1.0,1,1
managed-gpt-oss-120b,order_llm_all,order,llm_all,14,5,0,5,3,0.2,0.2,0.1429,0.9524,0.58098,1,1
managed-gpt-oss-120b,order_llm_all,order,llm_all,15,5,0,5,2,0.6,0.6,0.9524,1.0,0.99048,1,1
managed-gpt-oss-120b,order_llm_all,order,llm_all,16,5,0,5,2,0.4,0.4,0.9333,1.0,0.95998,1,1
managed-gpt-oss-120b,order_llm_all,order,llm_all,17,5,0,5,2,0.6,0.6,0.8571,0.9048,0.86664,1,1
managed-gpt-oss-120b,order_llm_all,order,llm_all,18,5,0,5,2,0.6,0.6,0.8333,1.0,0.86664,1,1
managed-gpt-oss-120b,order_llm_all,order,llm_all,19,5,0,5,1,1.0,1.0,0.9778,0.9778,0.9778,1,0
managed-gpt-oss-120b,order_llm_all,order,llm_all,2,5,0,5,1,1.0,1.0,1.0,1.0,1.0,1,0
managed-gpt-oss-120b,order_llm_all,order,llm_all,20,5,0,5,1,1.0,1.0,0.9778,0.9778,0.9778,1,1
managed-gpt-oss-120b,order_llm_all,order,llm_all,21,5,0,5,5,0.0,0.0,0.9524,1.0,0.9809599999999999,1,1
managed-gpt-oss-120b,order_llm_all,order,llm_all,22,5,0,5,2,0.6,0.6,0.9333,0.9333,0.9333,1,1
managed-gpt-oss-120b,order_llm_all,order,llm_all,23,5,0,5,4,0.1,0.1,1.0,1.0,1.0,1,1
managed-gpt-oss-120b,order_llm_all,order,llm_all,24,5,0,5,1,1.0,1.0,1.0,1.0,1.0,1,0
managed-gpt-oss-120b,order_llm_all,order,llm_all,25,5,0,5,1,1.0,1.0,1.0,1.0,1.0,1,0
managed-gpt-oss-120b,order_llm_all,order,llm_all,26,5,0,5,4,0.1,0.1,0.6,1.0,0.82,1,1
managed-gpt-oss-120b,order_llm_all,order,llm_all,27,5,0,5,2,0.4,0.4,0.9333,1.0,0.95998,1,1
managed-gpt-oss-120b,order_llm_all,order,llm_all,28,5,0,5,1,1.0,1.0,0.6667,0.6667,0.6667,1,0
managed-gpt-oss-120b,order_llm_all,order,llm_all,29,5,0,5,1,1.0,1.0,1.0,1.0,1.0,1,1
managed-gpt-oss-120b,order_llm_all,order,llm_all,3,5,0,5,1,1.0,1.0,1.0,1.0,1.0,1,1
managed-gpt-oss-120b,order_llm_all,order,llm_all,4,5,0,5,1,1.0,1.0,1.0,1.0,1.0,1,0
managed-gpt-oss-120b,order_llm_all,order,llm_all,5,5,0,5,2,0.6,0.6,1.0,1.0,1.0,1,1
managed-gpt-oss-120b,order_llm_all,order,llm_all,6,5,0,5,1,1.0,1.0,1.0,1.0,1.0,1,0
managed-gpt-oss-120b,order_llm_all,order,llm_all,7,5,0,5,2,0.4,0.4,0.8333,1.0,0.89998,1,1
managed-gpt-oss-120b,order_llm_all,order,llm_all,8,5,0,5,1,1.0,1.0,1.0,1.0,1.0,1,0
managed-gpt-oss-120b,order_llm_all,order,llm_all,9,5,0,5,2,0.6,0.6,0.8333,1.0,0.9666600000000001,1,1
managed-gpt-oss-120b,order_llm_one-heap,order,llm_one,0,5,0,5,1,1.0,1.0,1.0,1.0,1.0,31,0
managed-gpt-oss-120b,order_llm_one-heap,order,llm_one,1,5,0,5,1,1.0,1.0,1.0,1.0,1.0,31,0
managed-gpt-oss-120b,order_llm_one-heap,order,llm_one,10,5,0,5,2,0.4,0.4,0.8,0.9,0.86,12,1
managed-gpt-oss-120b,order_llm_one-heap,order,llm_one,11,5,0,5,1,1.0,1.0,1.0,1.0,1.0,58,1
managed-gpt-oss-120b,order_llm_one-heap,order,llm_one,12,5,0,5,2,0.4,0.4,0.6667,1.0,0.86668,14,2
managed-gpt-oss-120b,order_llm_one-heap,order,llm_one,13,5,0,5,3,0.3,0.3,0.0,0.0,0.0,7,3
managed-gpt-oss-120b,order_llm_one-heap,order,llm_one,14,5,0,5,4,0.1,0.1,0.8095,0.9524,0.8762000000000001,16,2
managed-gpt-oss-120b,order_llm_one-heap,order,llm_one,15,5,0,5,1,1.0,1.0,1.0,1.0,1.0,19,0
managed-gpt-oss-120b,order_llm_one-heap,order,llm_one,16,5,0,5,1,1.0,1.0,0.9333,0.9333,0.9333,15,1
managed-gpt-oss-120b,order_llm_one-heap,order,llm_one,17,5,0,5,3,0.2,0.2,0.9048,1.0,0.9619199999999999,7,2
managed-gpt-oss-120b,order_llm_one-heap,order,llm_one,18,5,0,5,2,0.6,0.6,0.8333,1.0,0.86664,8,1
managed-gpt-oss-120b,order_llm_one-heap,order,llm_one,19,5,0,5,2,0.4,0.4,0.9556,0.9778,0.96892,37,1
managed-gpt-oss-120b,order_llm_one-heap,order,llm_one,2,5,0,5,1,1.0,1.0,1.0,1.0,1.0,17,0
managed-gpt-oss-120b,order_llm_one-heap,order,llm_one,20,5,0,5,1,1.0,1.0,0.9778,0.9778,0.9778,33,0
managed-gpt-oss-120b,order_llm_one-heap,order,llm_one,21,5,0,5,5,0.0,0.0,0.9048,0.9524,0.94288,224,4
managed-gpt-oss-120b,order_llm_one-heap,order,llm_one,22,5,0,5,2,0.4,0.4,0.8667,0.9333,0.9066600000000001,12,1
managed-gpt-oss-120b,order_llm_one-heap,order,llm_one,23,5,0,5,1,1.0,1.0,0.0,0.0,0.0,32,1
managed-gpt-oss-120b,order_llm_one-heap,order,llm_one,24,5,0,5,2,0.4,0.4,0.8333,1.0,0.89998,7,1
managed-gpt-oss-120b,order_llm_one-heap,order,llm_one,25,5,0,5,1,1.0,1.0,1.0,1.0,1.0,14,1
managed-gpt-oss-120b,order_llm_one-heap,order,llm_one,26,5,0,5,3,0.3,0.3,0.8,1.0,0.9400000000000001,9,2
managed-gpt-oss-120b,order_llm_one-heap,order,llm_one,27,5,0,5,1,1.0,1.0,1.0,1.0,1.0,50,0
managed-gpt-oss-120b,order_llm_one-heap,order,llm_one,28,5,0,5,1,1.0,1.0,1.0,1.0,1.0,20,2
managed-gpt-oss-120b,order_llm_one-heap,order,llm_one,29,5,0,5,1,1.0,1.0,1.0,1.0,1.0,18,1
managed-gpt-oss-120b,order_llm_one-heap,order,llm_one,3,5,0,5,1,1.0,1.0,1.0,1.0,1.0,9,0
managed-gpt-oss-120b,order_llm_one-heap,order,llm_one,4,5,0,5,1,1.0,1.0,1.0,1.0,1.0,18,1
managed-gpt-oss-120b,order_llm_one-heap,order,llm_one,5,5,0,5,1,1.0,1.0,1.0,1.0,1.0,11,0
managed-gpt-oss-120b,order_llm_one-heap,order,llm_one,6,5,0,5,1,1.0,1.0,1.0,1.0,1.0,30,0
managed-gpt-oss-120b,order_llm_one-heap,order,llm_one,7,5,0,5,3,0.2,0.2,1.0,1.0,1.0,18,1
managed-gpt-oss-120b,order_llm_one-heap,order,llm_one,8,5,0,5,1,1.0,1.0,1.0,1.0,1.0,37,2
managed-gpt-oss-120b,order_llm_one-heap,order,llm_one,9,5,0,5,2,0.4,0.4,0.8333,1.0,0.9333199999999999,25,3
managed-gpt-oss-120b,order_llm_one-simple,order,llm_one,0,5,0,5,1,1.0,1.0,1.0,1.0,1.0,110,0
managed-gpt-oss-120b,order_llm_one-simple,order,llm_one,1,5,0,5,1,1.0,1.0,1.0,1.0,1.0,110,0
managed-gpt-oss-120b,order_llm_one-simple,order,llm_one,10,5,0,5,1,1.0,1.0,0.8,0.8,0.8,20,1
managed-gpt-oss-120b,order_llm_one-simple,order,llm_one,11,5,0,5,1,1.0,1.0,1.0,1.0,1.0,1190,39
managed-gpt-oss-120b,order_llm_one-simple,order,llm_one,12,5,0,5,2,0.6,0.6,0.6667,1.0,0.93334,132,21
managed-gpt-oss-120b,order_llm_one-simple,order,llm_one,13,5,0,5,2,0.6,0.6,0.0,1.0,0.2,240,68
managed-gpt-oss-120b,order_llm_one-simple,order,llm_one,14,5,0,5,5,0.0,0.0,0.8095,0.9524,0.8761800000000001,42,8
managed-gpt-oss-120b,order_llm_one-simple,order,llm_one,15,5,0,5,1,1.0,1.0,1.0,1.0,1.0,42,0
managed-gpt-oss-120b,order_llm_one-simple,order,llm_one,16,5,0,5,2,0.4,0.4,0.9333,1.0,0.95998,30,1
managed-gpt-oss-120b,order_llm_one-simple,order,llm_one,17,5,0,5,2,0.6,0.6,0.9048,0.9524,0.91432,42,4
managed-gpt-oss-120b,order_llm_one-simple,order,llm_one,18,5,0,5,2,0.6,0.6,0.8333,1.0,0.86664,12,1
managed-gpt-oss-120b,order_llm_one-simple,order,llm_one,19,5,0,5,2,0.6,0.6,0.9556,0.9778,0.9733599999999999,90,2
managed-gpt-oss-120b,order_llm_one-simple,order,llm_one,2,5,0,5,1,1.0,1.0,1.0,1.0,1.0,42,0
managed-gpt-oss-120b,order_llm_one-simple,order,llm_one,20,5,0,5,1,1.0,1.0,0.9778,0.9778,0.9778,90,0
managed-gpt-oss-120b,order_llm_one-simple,order,llm_one,21,5,0,5,4,0.1,0.1,0.9524,0.9524,0.9524000000000001,870,53
managed-gpt-oss-120b,order_llm_one-simple,order,llm_one,22,5,0,5,1,1.0,1.0,0.8667,0.8667,0.8667,30,2
managed-gpt-oss-120b,order_llm_one-simple,order,llm_one,23,5,0,5,2,0.4,0.4,0.0,1.0,0.6,1190,66
managed-gpt-oss-120b,order_llm_one-simple,order,llm_one,24,5,0,5,2,0.6,0.6,0.8333,1.0,0.9666600000000001,12,2
managed-gpt-oss-120b,order_llm_one-simple,order,llm_one,25,5,0,5,2,0.6,0.6,1.0,1.0,1.0,182,27
managed-gpt-oss-120b,order_llm_one-simple,order,llm_one,26,5,0,5,3,0.3,0.3,0.9,1.0,0.9199999999999999,20,3
managed-gpt-oss-120b,order_llm_one-simple,order,llm_one,27,5,0,5,1,1.0,1.0,1.0,1.0,1.0,240,0
managed-gpt-oss-120b,order_llm_one-simple,order,llm_one,28,5,0,5,2,0.6,0.6,1.0,1.0,1.0,240,30
managed-gpt-oss-120b,order_llm_one-simple,order,llm_one,29,5,0,5,1,1.0,1.0,1.0,1.0,1.0,240,18
managed-gpt-oss-120b,order_llm_one-simple,order,llm_one,3,5,0,5,1,1.0,1.0,1.0,1.0,1.0,42,0
managed-gpt-oss-120b,order_llm_one-simple,order,llm_one,4,5,0,5,2,0.6,0.6,0.8333,1.0,0.9666600000000001,42,1
managed-gpt-oss-120b,order_llm_one-simple,order,llm_one,5,5,0,5,1,1.0,1.0,1.0,1.0,1.0,42,0
managed-gpt-oss-120b,order_llm_one-simple,order,llm_one,6,5,0,5,1,1.0,1.0,1.0,1.0,1.0,90,0
managed-gpt-oss-120b,order_llm_one-simple,order,llm_one,7,5,0,5,2,0.6,0.6,1.0,1.0,1.0,552,7
managed-gpt-oss-120b,order_llm_one-simple,order,llm_one,8,5,0,5,2,0.6,0.6,1.0,1.0,1.0,272,15
managed-gpt-oss-120b,order_llm_one-simple,order,llm_one,9,5,0,5,2,0.4,0.4,0.8333,1.0,0.9333199999999999,90,8
managed-gpt-oss-120b,order_llm_semi,order,llm_semi,0,5,0,5,4,0.1,0.1,1.0,1.0,1.0,11,11
managed-gpt-oss-120b,order_llm_semi,order,llm_semi,1,5,0,5,5,0.0,0.0,0.0,0.6667,0.33331999999999995,11,11
managed-gpt-oss-120b,order_llm_semi,order,llm_semi,10,5,0,5,3,0.3,0.3,0.7,0.9,0.74,5,4
managed-gpt-oss-120b,order_llm_semi,order,llm_semi,11,5,0,5,5,0.0,0.0,0.6667,1.0,0.86668,35,32
managed-gpt-oss-120b,order_llm_semi,order,llm_semi,12,5,0,5,2,0.4,0.4,0.6667,1.0,0.80002,12,12
managed-gpt-oss-120b,order_llm_semi,order,llm_semi,13,5,0,5,4,0.1,0.1,0.0,0.0,0.0,16,16
managed-gpt-oss-120b,order_llm_semi,order,llm_semi,14,5,0,5,4,0.1,0.1,0.5238,0.7619,0.65712,7,6
managed-gpt-oss-120b,order_llm_semi,order,llm_semi,15,5,0,5,3,0.3,0.3,0.9048,0.9524,0.92384,7,7
managed-gpt-oss-120b,order_llm_semi,order,llm_semi,16,5,0,5,3,0.2,0.2,0.8,0.9333,0.8533200000000001,6,5
managed-gpt-oss-120b,order_llm_semi,order,llm_semi,17,5,0,5,5,0.0,0.0,0.5238,0.8095,0.6857200000000001,7,7
managed-gpt-oss-120b,order_llm_semi,order,llm_semi,18,5,0,5,2,0.6,0.6,0.6667,0.8333,0.70002,4,3
managed-gpt-oss-120b,order_llm_semi,order,llm_semi,19,5,0,5,5,0.0,0.0,0.7556,0.9333,0.8266600000000001,10,9
managed-gpt-oss-120b,order_llm_semi,order,llm_semi,2,5,0,5,3,0.2,0.2,0.5,1.0,0.82,7,2
managed-gpt-oss-120b,order_llm_semi,order,llm_semi,20,5,0,5,5,0.0,0.0,0.7556,0.8889,0.8133600000000001,10,8
managed-gpt-oss-120b,order_llm_semi,order,llm_semi,21,5,0,5,5,0.0,0.0,0.1905,0.4762,0.31428,30,30
managed-gpt-oss-120b,order_llm_semi,order,llm_semi,22,5,0,5,5,0.0,0.0,0.7333,0.8667,0.8,6,6
managed-gpt-oss-120b,order_llm_semi,order,llm_semi,23,5,0,5,3,0.3,0.3,1.0,1.0,1.0,35,32
managed-gpt-oss-120b,order_llm_semi,order,llm_semi,24,5,0,5,2,0.6,0.6,0.8333,1.0,0.9666600000000001,4,4
managed-gpt-oss-120b,order_llm_semi,order,llm_semi,25,5,0,5,3,0.3,0.3,1.0,1.0,1.0,14,12
managed-gpt-oss-120b,order_llm_semi,order,llm_semi,26,5,0,5,4,0.1,0.1,0.6,0.8,0.7,5,5
managed-gpt-oss-120b,order_llm_semi,order,llm_semi,27,5,0,5,5,0.0,0.0,0.5,1.0,0.66666,16,11
managed-gpt-oss-120b,order_llm_semi,order,llm_semi,28,5,0,5,2,0.4,0.4,1.0,1.0,1.0,16,10
managed-gpt-oss-120b,order_llm_semi,order,llm_semi,29,5,0,5,2,0.4,0.4,0.0,1.0,0.6,16,10
managed-gpt-oss-120b,order_llm_semi,order,llm_semi,3,5,0,5,2,0.6,0.6,0.0,0.0,0.0,7,4
managed-gpt-oss-120b,order_llm_semi,order,llm_semi,4,5,0,5,5,0.0,0.0,0.6667,1.0,0.86668,7,7
managed-gpt-oss-120b,order_llm_semi,order,llm_semi,5,5,0,5,2,0.6,0.6,1.0,1.0,1.0,7,5
managed-gpt-oss-120b,order_llm_semi,order,llm_semi,6,5,0,5,2,0.6,0.6,0.8333,1.0,0.9666600000000001,10,6
managed-gpt-oss-120b,order_llm_semi,order,llm_semi,7,5,0,5,5,0.0,0.0,0.0,1.0,0.2,24,17
managed-gpt-oss-120b,order_llm_semi,order,llm_semi,8,5,0,5,1,1.0,1.0,1.0,1.0,1.0,17,1
managed-gpt-oss-120b,order_llm_semi,order,llm_semi,9,5,0,5,2,0.6,0.6,0.1667,0.5,0.43334,10,7
managed-gpt-oss-120b,select_llm_all,select,llm_all,100,5,0,5,1,1.0,1.0,1.0,1.0,1.0,1,0
managed-gpt-oss-120b,select_llm_all,select,llm_all,101,5,0,5,2,0.6,0.6,0.8,0.8571,0.81142,1,1
managed-gpt-oss-120b,select_llm_all,select,llm_all,102,5,0,5,2,0.4,0.4,0.8889,1.0,0.9333400000000001,1,1
managed-gpt-oss-120b,select_llm_all,select,llm_all,103,5,0,5,1,1.0,1.0,1.0,1.0,1.0,1,0
managed-gpt-oss-120b,select_llm_all,select,llm_all,104,5,0,5,2,0.4,0.4,0.9091,1.0,0.96364,1,1
managed-gpt-oss-120b,select_llm_all,select,llm_all,105,5,0,5,1,1.0,1.0,1.0,1.0,1.0,1,0
managed-gpt-oss-120b,select_llm_all,select,llm_all,106,5,0,5,1,1.0,1.0,1.0,1.0,1.0,1,1
managed-gpt-oss-120b,select_llm_all,select,llm_all,107,5,0,5,1,1.0,1.0,1.0,1.0,1.0,1,0
managed-gpt-oss-120b,select_llm_all,select,llm_all,108,5,0,5,3,0.3,0.3,0.5,1.0,0.67142,1,1
managed-gpt-oss-120b,select_llm_all,select,llm_all,109,5,0,5,1,1.0,1.0,0.7778,0.7778,0.7778,1,0
managed-gpt-oss-120b,select_llm_all,select,llm_all,110,5,0,5,1,1.0,1.0,1.0,1.0,1.0,1,0
managed-gpt-oss-120b,select_llm_all,select,llm_all,111,5,0,5,1,1.0,1.0,0.5882,0.5882,0.5882,1,0
managed-gpt-oss-120b,select_llm_all,select,llm_all,112,5,0,5,1,1.0,1.0,1.0,1.0,1.0,1,1
managed-gpt-oss-120b,select_llm_all,select,llm_all,113,5,0,5,1,1.0,1.0,0.9524,0.9524,0.9524000000000001,1,1
managed-gpt-oss-120b,select_llm_all,select,llm_all,114,5,0,5,1,1.0,1.0,1.0,1.0,1.0,1,1
managed-gpt-oss-120b,select_llm_all,select,llm_all,115,5,0,5,1,1.0,1.0,1.0,1.0,1.0,1,1
managed-gpt-oss-120b,select_llm_all,select,llm_all,116,5,0,5,1,1.0,1.0,1.0,1.0,1.0,1,0
managed-gpt-oss-120b,select_llm_all,select,llm_all,117,5,0,5,1,1.0,1.0,1.0,1.0,1.0,1,0
managed-gpt-oss-120b,select_llm_all,select,llm_all,118,5,0,5,2,0.4,0.4,0.8571,1.0,0.91426,1,1
managed-gpt-oss-120b,select_llm_all,select,llm_all,119,5,0,5,1,1.0,1.0,1.0,1.0,1.0,1,1
managed-gpt-oss-120b,select_llm_all,select,llm_all,120,5,0,5,3,0.3,0.3,0.9583,0.9691,0.96478,1,1
managed-gpt-oss-120b,select_llm_all,select,llm_all,121,5,0,5,1,1.0,1.0,0.8571,0.8571,0.8571,1,1
managed-gpt-oss-120b,select_llm_all,select,llm_all,122,5,0,5,1,1.0,1.0,1.0,1.0,1.0,1,1
managed-gpt-oss-120b,select_llm_all,select,llm_all,123,5,0,5,1,1.0,1.0,1.0,1.0,1.0,1,1
managed-gpt-oss-120b,select_llm_all,select,llm_all,124,5,0,5,1,1.0,1.0,1.0,1.0,1.0,1,0
managed-gpt-oss-120b,select_llm_all,select,llm_all,125,5,0,5,1,1.0,1.0,0.8571,0.8571,0.8571,1,1
managed-gpt-oss-120b,select_llm_all,select,llm_all,126,5,0,5,1,1.0,1.0,1.0,1.0,1.0,1,0
managed-gpt-oss-120b,select_llm_all,select,llm_all,127,5,0,5,1,1.0,1.0,0.9091,0.9091,0.9091000000000001,1,0
managed-gpt-oss-120b,select_llm_all,select,llm_all,128,5,0,5,2,0.6,0.6,0.9048,0.9302,0.90988,1,1
managed-gpt-oss-120b,select_llm_all,select,llm_all,129,5,0,5,3,0.3,0.3,0.2727,0.7333,0.40987999999999997,1,1
managed-gpt-oss-120b,select_llm_all,select,llm_all,200,5,0,5,1,1.0,1.0,1.0,1.0,1.0,1,0
managed-gpt-oss-120b,select_llm_all,select,llm_all,201,5,0,5,1,1.0,1.0,1.0,1.0,1.0,1,0
managed-gpt-oss-120b,select_llm_all,select,llm_all,202,5,0,5,2,0.4,0.4,0.7143,0.8333,0.7857000000000001,1,1
managed-gpt-oss-120b,select_llm_all,select,llm_all,203,5,0,5,1,1.0,1.0,1.0,1.0,1.0,1,0
managed-gpt-oss-120b,select_llm_all,select,llm_all,204,5,0,5,1,1.0,1.0,1.0,1.0,1.0,1,0
managed-gpt-oss-120b,select_llm_all,select,llm_all,205,5,0,5,1,1.0,1.0,1.0,1.0,1.0,1,0
managed-gpt-oss-120b,select_llm_all,select,llm_all,206,5,0,5,2,0.6,0.6,0.8571,1.0,0.97142,1,1
managed-gpt-oss-120b,select_llm_all,select,llm_all,207,5,0,5,1,1.0,1.0,0.6667,0.6667,0.6667,1,0
managed-gpt-oss-120b,select_llm_all,select,llm_all,208,5,0,5,2,0.4,0.4,0.9333,1.0,0.97332,1,1
managed-gpt-oss-120b,select_llm_all,select,llm_all,209,5,0,5,1,1.0,1.0,1.0,1.0,1.0,1,0
managed-gpt-oss-120b,select_llm_all,select,llm_all,210,5,0,5,1,1.0,1.0,1.0,1.0,1.0,1,1
managed-gpt-oss-120b,select_llm_all,select,llm_all,211,5,0,5,2,0.6,0.6,0.8462,0.9524,0.93116,1,1
managed-gpt-oss-120b,select_llm_all,select,llm_all,212,5,0,5,1,1.0,1.0,1.0,1.0,1.0,1,1
managed-gpt-oss-120b,select_llm_all,select,llm_all,213,5,0,5,3,0.3,0.3,0.7,0.875,0.81236,1,1
managed-gpt-oss-120b,select_llm_all,select,llm_all,214,5,0,5,1,1.0,1.0,0.6,0.6,0.6,1,0
managed-gpt-oss-120b,select_llm_all,select,llm_all,300,5,0,5,1,1.0,1.0,1.0,1.0,1.0,1,0
managed-gpt-oss-120b,select_llm_all,select,llm_all,301,5,0,5,1,1.0,1.0,1.0,1.0,1.0,1,1
managed-gpt-oss-120b,select_llm_all,select,llm_all,302,5,0,5,1,1.0,1.0,1.0,1.0,1.0,1,0
managed-gpt-oss-120b,select_llm_all,select,llm_all,303,5,0,5,2,0.4,0.4,0.8571,1.0,0.91426,1,1
managed-gpt-oss-120b,select_llm_all,select,llm_all,304,5,0,5,1,1.0,1.0,0.8571,0.8571,0.8571,1,0
managed-gpt-oss-120b,select_llm_all,select,llm_all,305,5,0,5,1,1.0,1.0,0.8,0.8,0.8,1,0
managed-gpt-oss-120b,select_llm_all,select,llm_all,306,5,0,5,1,1.0,1.0,1.0,1.0,1.0,1,1
managed-gpt-oss-120b,select_llm_all,select,llm_all,307,5,0,5,2,0.4,0.4,0.6667,1.0,0.86668,1,1
managed-gpt-oss-120b,select_llm_all,select,llm_all,308,5,0,5,2,0.6,0.6,0.8571,1.0,0.88568,1,1
managed-gpt-oss-120b,select_llm_all,select,llm_all,309,5,0,5,3,0.3,0.3,0.9032,1.0,0.96814,1,1
managed-gpt-oss-120b,select_llm_all,select,llm_all,310,5,0,5,1,1.0,1.0,1.0,1.0,1.0,1,1
managed-gpt-oss-120b,select_llm_all,select,llm_all,311,5,0,5,2,0.6,0.6,0.8,1.0,0.96,1,1
managed-gpt-oss-120b,select_llm_all,select,llm_all,312,5,0,5,2,0.6,0.6,0.8,1.0,0.96,1,1
managed-gpt-oss-120b,select_llm_all,select,llm_all,313,5,0,5,2,0.6,0.6,0.8,1.0,0.96,1,1
managed-gpt-oss-120b,select_llm_all,select,llm_all,314,5,0,5,2,0.6,0.6,0.8571,0.8889,0.8634599999999999,1,1
managed-gpt-oss-120b,select_llm_one,select,llm_one,100,5,0,5,1,1.0,1.0,1.0,1.0,1.0,22,0
managed-gpt-oss-120b,select_llm_one,select,llm_one,101,5,0,5,1,1.0,1.0,0.8,0.8,0.8,10,0
managed-gpt-oss-120b,select_llm_one,select,llm_one,102,5,0,5,1,1.0,1.0,1.0,1.0,1.0,58,0
managed-gpt-oss-120b,select_llm_one,select,llm_one,103,5,0,5,1,1.0,1.0,1.0,1.0,1.0,34,0
managed-gpt-oss-120b,select_llm_one,select,llm_one,104,5,0,5,1,1.0,1.0,1.0,1.0,1.0,10,0
managed-gpt-oss-120b,select_llm_one,select,llm_one,105,5,0,5,1,1.0,1.0,1.0,1.0,1.0,72,0
managed-gpt-oss-120b,select_llm_one,select,llm_one,106,5,0,5,1,1.0,1.0,1.0,1.0,1.0,13,0
managed-gpt-oss-120b,select_llm_one,select,llm_one,107,5,0,5,3,0.3,0.3,0.75,0.8571,0.79284,62,2
managed-gpt-oss-120b,select_llm_one,select,llm_one,108,5,0,5,4,0.1,0.1,0.6667,0.75,0.71668,22,3
managed-gpt-oss-120b,select_llm_one,select,llm_one,109,5,0,5,1,1.0,1.0,0.7778,0.7778,0.7778,10,0
managed-gpt-oss-120b,select_llm_one,select,llm_one,110,5,0,5,1,1.0,1.0,1.0,1.0,1.0,45,0
managed-gpt-oss-120b,select_llm_one,select,llm_one,111,5,0,5,1,1.0,1.0,0.5882,0.5882,0.5882,22,0
managed-gpt-oss-120b,select_llm_one,select,llm_one,112,5,0,5,4,0.1,0.1,0.6667,0.8571,0.7581,30,3
managed-gpt-oss-120b,select_llm_one,select,llm_one,113,5,0,5,1,1.0,1.0,0.9524,0.9524,0.9524000000000001,62,0
managed-gpt-oss-120b,select_llm_one,select,llm_one,114,5,0,5,1,1.0,1.0,1.0,1.0,1.0,12,0
managed-gpt-oss-120b,select_llm_one,select,llm_one,115,5,0,5,1,1.0,1.0,1.0,1.0,1.0,35,0
managed-gpt-oss-120b,select_llm_one,select,llm_one,116,5,0,5,1,1.0,1.0,1.0,1.0,1.0,43,0
managed-gpt-oss-120b,select_llm_one,select,llm_one,117,5,0,5,1,1.0,1.0,1.0,1.0,1.0,100,0
managed-gpt-oss-120b,select_llm_one,select,llm_one,118,5,0,5,1,1.0,1.0,1.0,1.0,1.0,34,0
managed-gpt-oss-120b,select_llm_one,select,llm_one,119,5,0,5,4,0.1,0.1,0.8571,1.0,0.91426,50,3
managed-gpt-oss-120b,select_llm_one,select,llm_one,120,5,0,5,5,0.0,0.0,0.9565,0.9892,0.96972,50,5
managed-gpt-oss-120b,select_llm_one,select,llm_one,121,5,3,2,1,1.0,0.4,0.5,0.5,0.5,26,0
managed-gpt-oss-120b,select_llm_one,select,llm_one,122,5,0,5,1,1.0,1.0,1.0,1.0,1.0,50,0
managed-gpt-oss-120b,select_llm_one,select,llm_one,123,5,0,5,1,1.0,1.0,1.0,1.0,1.0,27,0
managed-gpt-oss-120b,select_llm_one,select,llm_one,124,5,0,5,1,1.0,1.0,1.0,1.0,1.0,27,0
managed-gpt-oss-120b,select_llm_one,select,llm_one,125,5,0,5,1,1.0,1.0,0.8571,0.8571,0.8571,50,0
managed-gpt-oss-120b,select_llm_one,select,llm_one,126,5,0,5,1,1.0,1.0,1.0,1.0,1.0,50,0
managed-gpt-oss-120b,select_llm_one,select,llm_one,127,5,0,5,2,0.4,0.4,0.9091,1.0,0.94546,24,1
managed-gpt-oss-120b,select_llm_one,select,llm_one,128,5,0,5,1,1.0,1.0,0.9048,0.9048,0.9048,56,0
managed-gpt-oss-120b,select_llm_one,select,llm_one,129,5,0,5,4,0.1,0.1,0.6897,0.7333,0.7198599999999999,56,4
managed-gpt-oss-120b,select_llm_one,select,llm_one,200,5,0,5,2,0.4,0.4,0.8889,1.0,0.95556,11,1
managed-gpt-oss-120b,select_llm_one,select,llm_one,201,5,0,5,1,1.0,1.0,1.0,1.0,1.0,25,0
managed-gpt-oss-120b,select_llm_one,select,llm_one,202,5,0,5,4,0.1,0.1,0.6667,0.8,0.72972,12,2
managed-gpt-oss-120b,select_llm_one,select,llm_one,203,5,0,5,1,1.0,1.0,0.8,0.8,0.8,9,0
managed-gpt-oss-120b,select_llm_one,select,llm_one,204,5,0,5,1,1.0,1.0,1.0,1.0,1.0,21,0
managed-gpt-oss-120b,select_llm_one,select,llm_one,205,5,0,5,1,1.0,1.0,1.0,1.0,1.0,10,0
managed-gpt-oss-120b,select_llm_one,select,llm_one,206,5,0,5,1,1.0,1.0,0.8571,0.8571,0.8571,6,0
managed-gpt-oss-120b,select_llm_one,select,llm_one,207,5,0,5,1,1.0,1.0,0.0,0.0,0.0,6,0
managed-gpt-oss-120b,select_llm_one,select,llm_one,208,5,0,5,3,0.3,0.3,0.7778,0.9333,0.86722,13,3
managed-gpt-oss-120b,select_llm_one,select,llm_one,209,5,0,5,1,1.0,1.0,1.0,1.0,1.0,9,0
managed-gpt-oss-120b,select_llm_one,select,llm_one,210,5,0,5,2,0.6,0.6,0.9091,1.0,0.9818200000000001,31,1
managed-gpt-oss-120b,select_llm_one,select,llm_one,211,5,0,5,5,0.0,0.0,0.4286,0.6667,0.5073000000000001,31,9
managed-gpt-oss-120b,select_llm_one,select,llm_one,212,5,0,5,1,1.0,1.0,0.8571,0.8571,0.8571,40,0
managed-gpt-oss-120b,select_llm_one,select,llm_one,213,5,0,5,2,0.4,0.4,0.7368,0.7778,0.7614000000000001,40,1
managed-gpt-oss-120b,select_llm_one,select,llm_one,214,5,0,5,4,0.1,0.1,0.6364,0.7,0.6673,19,5
managed-gpt-oss-120b,select_llm_one,select,llm_one,300,5,0,5,4,0.1,0.1,0.8333,1.0,0.8817999999999999,14,3
managed-gpt-oss-120b,select_llm_one,select,llm_one,301,5,0,5,1,1.0,1.0,1.0,1.0,1.0,15,0
managed-gpt-oss-120b,select_llm_one,select,llm_one,302,5,0,5,1,1.0,1.0,1.0,1.0,1.0,7,0
managed-gpt-oss-120b,select_llm_one,select,llm_one,303,5,0,5,2,0.6,0.6,0.8,1.0,0.8400000000000001,8,1
managed-gpt-oss-120b,select_llm_one,select,llm_one,304,5,0,5,2,0.6,0.6,0.3333,0.4,0.38666,10,1
managed-gpt-oss-120b,select_llm_one,select,llm_one,305,5,0,5,4,0.1,0.1,0.0,0.5714,0.29522,8,3
managed-gpt-oss-120b,select_llm_one,select,llm_one,306,5,0,5,2,0.6,0.6,0.0,0.0,0.0,14,1
managed-gpt-oss-120b,select_llm_one,select,llm_one,307,5,0,5,1,1.0,1.0,0.0,0.0,0.0,8,0
managed-gpt-oss-120b,select_llm_one,select,llm_one,308,5,0,5,2,0.4,0.4,0.8571,1.0,0.94284,16,1
managed-gpt-oss-120b,select_llm_one,select,llm_one,309,5,0,5,5,0.0,0.0,0.8235,0.9091,0.8750600000000001,34,6
managed-gpt-oss-120b,select_llm_one,select,llm_one,310,5,0,5,4,0.1,0.1,0.7368,0.9,0.80314,34,3
managed-gpt-oss-120b,select_llm_one,select,llm_one,311,5,0,5,1,1.0,1.0,0.8,0.8,0.8,22,0
managed-gpt-oss-120b,select_llm_one,select,llm_one,312,5,0,5,2,0.6,0.6,0.0,0.0,0.0,15,1
managed-gpt-oss-120b,select_llm_one,select,llm_one,313,5,0,5,3,0.3,0.3,0.0,0.4,0.08,15,2
managed-gpt-oss-120b,select_llm_one,select,llm_one,314,5,0,5,2,0.6,0.6,0.0,0.0,0.0,22,1
managed-llama-3-3-70b-instruct,cluster_llm_all,cluster,llm_all,100,5,5,0,0,nan,1.0,,,,0,0
managed-llama-3-3-70b-instruct,cluster_llm_all,cluster,llm_all,101,5,0,5,1,1.0,1.0,0.9181,0.9181,0.9181000000000001,1,0
managed-llama-3-3-70b-instruct,cluster_llm_all,cluster,llm_all,102,5,5,0,0,nan,1.0,,,,0,0
managed-llama-3-3-70b-instruct,cluster_llm_all,cluster,llm_all,103,5,0,5,2,0.6,0.6,0.7903,1.0,0.83224,1,1
managed-llama-3-3-70b-instruct,cluster_llm_all,cluster,llm_all,104,5,0,5,1,1.0,1.0,0.6177,0.6177,0.6177,1,0
managed-llama-3-3-70b-instruct,cluster_llm_all,cluster,llm_all,105,5,5,0,0,nan,1.0,,,,0,0
managed-llama-3-3-70b-instruct,cluster_llm_all,cluster,llm_all,106,5,5,0,0,nan,1.0,,,,0,0
managed-llama-3-3-70b-instruct,cluster_llm_all,cluster,llm_all,107,5,5,0,0,nan,1.0,,,,0,0
managed-llama-3-3-70b-instruct,cluster_llm_all,cluster,llm_all,108,5,0,5,3,0.3,0.3,0.4026,0.4151,0.40698,1,1
managed-llama-3-3-70b-instruct,cluster_llm_all,cluster,llm_all,109,5,0,5,2,0.6,0.6,0.4943,1.0,0.59544,1,1
managed-llama-3-3-70b-instruct,cluster_llm_all,cluster,llm_all,110,5,3,2,1,1.0,0.4,1.0,1.0,1.0,1,1
managed-llama-3-3-70b-instruct,cluster_llm_all,cluster,llm_all,111,5,5,0,0,nan,1.0,,,,0,0
managed-llama-3-3-70b-instruct,cluster_llm_all,cluster,llm_all,112,5,0,5,1,1.0,1.0,0.8221,0.8221,0.8221,1,1
managed-llama-3-3-70b-instruct,cluster_llm_all,cluster,llm_all,113,5,4,1,1,nan,0.6,0.8598,0.8598,0.8598,0,0
managed-llama-3-3-70b-instruct,cluster_llm_all,cluster,llm_all,114,5,0,5,2,0.6,0.6,0.3872,0.3948,0.38872,1,1
managed-llama-3-3-70b-instruct,cluster_llm_all,cluster,llm_all,115,5,0,5,1,1.0,1.0,1.0,1.0,1.0,1,0
managed-llama-3-3-70b-instruct,cluster_llm_all,cluster,llm_all,116,5,4,1,1,nan,0.6,1.0,1.0,1.0,0,0
managed-llama-3-3-70b-instruct,cluster_llm_all,cluster,llm_all,117,5,5,0,0,nan,1.0,,,,0,0
managed-llama-3-3-70b-instruct,cluster_llm_all,cluster,llm_all,118,5,1,4,1,1.0,0.6,1.0,1.0,1.0,1,1
managed-llama-3-3-70b-instruct,cluster_llm_all,cluster,llm_all,119,5,1,4,4,0.0,0.0,0.125,1.0,0.42925,1,1
managed-llama-3-3-70b-instruct,cluster_llm_all,cluster,llm_all,120,5,1,4,4,0.0,0.0,-0.1538,0.5946,0.193225,1,1
managed-llama-3-3-70b-instruct,cluster_llm_all,cluster,llm_all,121,5,5,0,0,nan,1.0,,,,0,0
managed-llama-3-3-70b-instruct,cluster_llm_all,cluster,llm_all,122,5,0,5,1,1.0,1.0,0.9437,0.9437,0.9437,1,0
managed-llama-3-3-70b-instruct,cluster_llm_all,cluster,llm_all,123,5,5,0,0,nan,1.0,,,,0,0
managed-llama-3-3-70b-instruct,cluster_llm_all,cluster,llm_all,124,5,4,1,1,nan,0.6,0.0,0.0,0.0,0,0
managed-llama-3-3-70b-instruct,cluster_llm_all,cluster,llm_all,125,5,0,5,2,0.4,0.4,0.0,0.791,0.4746,1,1
managed-llama-3-3-70b-instruct,cluster_llm_all,cluster,llm_all,126,5,0,5,1,1.0,1.0,0.8998,0.8998,0.8998000000000002,1,0
managed-llama-3-3-70b-instruct,cluster_llm_all,cluster,llm_all,127,5,0,5,2,0.6,0.6,0.8635,1.0,0.8908000000000001,1,1
managed-llama-3-3-70b-instruct,cluster_llm_all,cluster,llm_all,128,5,0,5,1,1.0,1.0,0.5275,0.5275,0.5275,1,0
managed-llama-3-3-70b-instruct,cluster_llm_all,cluster,llm_all,129,5,4,1,1,nan,0.6,0.6561,0.6561,0.6561,0,0
managed-llama-3-3-70b-instruct,cluster_llm_all,cluster,llm_all,200,5,0,5,2,0.6,0.6,0.7751,1.0,0.95502,1,1
managed-llama-3-3-70b-instruct,cluster_llm_all,cluster,llm_all,201,5,0,5,1,1.0,1.0,0.2906,0.2906,0.2906,1,0
managed-llama-3-3-70b-instruct,cluster_llm_all,cluster,llm_all,202,5,0,5,1,1.0,1.0,0.7661,0.7661,0.7661,1,0
managed-llama-3-3-70b-instruct,cluster_llm_all,cluster,llm_all,203,5,0,5,3,0.3,0.3,0.3478,0.4296,0.36416,1,1
managed-llama-3-3-70b-instruct,cluster_llm_all,cluster,llm_all,204,5,0,5,3,0.2,0.2,0.6796,0.9323,0.73014,1,1
managed-llama-3-3-70b-instruct,cluster_llm_all,cluster,llm_all,205,5,0,5,1,1.0,1.0,0.3864,0.3864,0.3864,1,0
managed-llama-3-3-70b-instruct,cluster_llm_all,cluster,llm_all,206,5,0,5,1,1.0,1.0,0.8348,0.8348,0.8347999999999999,1,0
managed-llama-3-3-70b-instruct,cluster_llm_all,cluster,llm_all,207,5,0,5,2,0.4,0.4,0.548,0.5771,0.55964,1,1
managed-llama-3-3-70b-instruct,cluster_llm_all,cluster,llm_all,208,5,0,5,1,1.0,1.0,1.0,1.0,1.0,1,0
managed-llama-3-3-70b-instruct,cluster_llm_all,cluster,llm_all,209,5,0,5,3,0.3,0.3,0.7041,0.8647,0.8182600000000001,1,1
managed-llama-3-3-70b-instruct,cluster_llm_all,cluster,llm_all,210,5,0,5,1,1.0,1.0,1.0,1.0,1.0,1,0
managed-llama-3-3-70b-instruct,cluster_llm_all,cluster,llm_all,211,5,1,4,2,0.5,0.3,0.1045,0.1969,0.1276,1,1
managed-llama-3-3-70b-instruct,cluster_llm_all,cluster,llm_all,212,5,0,5,3,0.2,0.2,0.9426,0.9975,0.9822000000000001,1,1
managed-llama-3-3-70b-instruct,cluster_llm_all,cluster,llm_all,213,5,0,5,1,1.0,1.0,0.6142,0.6142,0.6142,1,0
managed-llama-3-3-70b-instruct,cluster_llm_all,cluster,llm_all,214,5,0,5,1,1.0,1.0,0.4027,0.4027,0.4027,1,0
managed-llama-3-3-70b-instruct,cluster_llm_all,cluster,llm_all,300,5,0,5,2,0.4,0.4,0.0087,0.0399,0.02742,1,1
managed-llama-3-3-70b-instruct,cluster_llm_all,cluster,llm_all,301,5,0,5,1,1.0,1.0,-0.0169,-0.0169,-0.0169,1,0
managed-llama-3-3-70b-instruct,cluster_llm_all,cluster,llm_all,302,5,0,5,3,0.2,0.2,-0.0039,0.03,0.01762,1,1
managed-llama-3-3-70b-instruct,cluster_llm_all,cluster,llm_all,303,5,0,5,2,0.6,0.6,0.0011,0.0442,0.009720000000000001,1,1
managed-llama-3-3-70b-instruct,cluster_llm_all,cluster,llm_all,304,5,2,3,1,1.0,0.4,0.036,0.036,0.036,1,0
managed-llama-3-3-70b-instruct,cluster_llm_all,cluster,llm_all,305,5,0,5,1,1.0,1.0,0.1818,0.1818,0.1818,1,0
managed-llama-3-3-70b-instruct,cluster_llm_all,cluster,llm_all,306,5,0,5,1,1.0,1.0,-0.1951,-0.1951,-0.1951,1,0
managed-llama-3-3-70b-instruct,cluster_llm_all,cluster,llm_all,307,5,0,5,1,1.0,1.0,0.1818,0.1818,0.1818,1,0
managed-llama-3-3-70b-instruct,cluster_llm_all,cluster,llm_all,308,5,0,5,1,1.0,1.0,0.1016,0.1016,0.1016,1,0
managed-llama-3-3-70b-instruct,cluster_llm_all,cluster,llm_all,309,5,0,5,1,1.0,1.0,-0.1667,-0.1667,-0.1667,1,0
managed-llama-3-3-70b-instruct,cluster_llm_all,cluster,llm_all,310,5,0,5,1,1.0,1.0,-0.1667,-0.1667,-0.1667,1,0
managed-llama-3-3-70b-instruct,cluster_llm_all,cluster,llm_all,311,5,0,5,1,1.0,1.0,0.062,0.062,0.062,1,0
managed-llama-3-3-70b-instruct,cluster_llm_all,cluster,llm_all,312,5,0,5,1,1.0,1.0,-0.0227,-0.0227,-0.0227,1,1
managed-llama-3-3-70b-instruct,cluster_llm_all,cluster,llm_all,313,5,0,5,2,0.4,0.4,-0.1803,-0.1418,-0.1572,1,1
managed-llama-3-3-70b-instruct,cluster_llm_all,cluster,llm_all,314,5,0,5,1,1.0,1.0,0.2696,0.2696,0.2696,1,0
managed-llama-3-3-70b-instruct,cluster_llm_one,cluster,llm_one,100,5,5,0,0,nan,1.0,,,,0,0
managed-llama-3-3-70b-instruct,cluster_llm_one,cluster,llm_one,101,5,5,0,0,nan,1.0,,,,0,0
managed-llama-3-3-70b-instruct,cluster_llm_one,cluster,llm_one,102,5,5,0,0,nan,1.0,,,,0,0
managed-llama-3-3-70b-instruct,cluster_llm_one,cluster,llm_one,103,5,5,0,0,nan,1.0,,,,0,0
managed-llama-3-3-70b-instruct,cluster_llm_one,cluster,llm_one,104,5,5,0,0,nan,1.0,,,,0,0
managed-llama-3-3-70b-instruct,cluster_llm_one,cluster,llm_one,105,5,5,0,0,nan,1.0,,,,0,0
managed-llama-3-3-70b-instruct,cluster_llm_one,cluster,llm_one,106,5,5,0,0,nan,1.0,,,,0,0
managed-llama-3-3-70b-instruct,cluster_llm_one,cluster,llm_one,107,5,5,0,0,nan,1.0,,,,0,0
managed-llama-3-3-70b-instruct,cluster_llm_one,cluster,llm_one,108,5,5,0,0,nan,1.0,,,,0,0
managed-llama-3-3-70b-instruct,cluster_llm_one,cluster,llm_one,109,5,5,0,0,nan,1.0,,,,0,0
managed-llama-3-3-70b-instruct,cluster_llm_one,cluster,llm_one,110,5,5,0,0,nan,1.0,,,,0,0
managed-llama-3-3-70b-instruct,cluster_llm_one,cluster,llm_one,111,5,5,0,0,nan,1.0,,,,0,0
managed-llama-3-3-70b-instruct,cluster_llm_one,cluster,llm_one,112,5,5,0,0,nan,1.0,,,,0,0
managed-llama-3-3-70b-instruct,cluster_llm_one,cluster,llm_one,113,5,5,0,0,nan,1.0,,,,0,0
managed-llama-3-3-70b-instruct,cluster_llm_one,cluster,llm_one,114,5,5,0,0,nan,1.0,,,,0,0
managed-llama-3-3-70b-instruct,cluster_llm_one,cluster,llm_one,115,5,5,0,0,nan,1.0,,,,0,0
managed-llama-3-3-70b-instruct,cluster_llm_one,cluster,llm_one,116,5,5,0,0,nan,1.0,,,,0,0
managed-llama-3-3-70b-instruct,cluster_llm_one,cluster,llm_one,117,5,5,0,0,nan,1.0,,,,0,0
managed-llama-3-3-70b-instruct,cluster_llm_one,cluster,llm_one,118,5,5,0,0,nan,1.0,,,,0,0
managed-llama-3-3-70b-instruct,cluster_llm_one,cluster,llm_one,119,5,5,0,0,nan,1.0,,,,0,0
managed-llama-3-3-70b-instruct,cluster_llm_one,cluster,llm_one,120,5,5,0,0,nan,1.0,,,,0,0
managed-llama-3-3-70b-instruct,cluster_llm_one,cluster,llm_one,121,5,5,0,0,nan,1.0,,,,0,0
managed-llama-3-3-70b-instruct,cluster_llm_one,cluster,llm_one,122,5,5,0,0,nan,1.0,,,,0,0
managed-llama-3-3-70b-instruct,cluster_llm_one,cluster,llm_one,123,5,5,0,0,nan,1.0,,,,0,0
managed-llama-3-3-70b-instruct,cluster_llm_one,cluster,llm_one,124,5,5,0,0,nan,1.0,,,,0,0
managed-llama-3-3-70b-instruct,cluster_llm_one,cluster,llm_one,125,5,5,0,0,nan,1.0,,,,0,0
managed-llama-3-3-70b-instruct,cluster_llm_one,cluster,llm_one,126,5,5,0,0,nan,1.0,,,,0,0
managed-llama-3-3-70b-instruct,cluster_llm_one,cluster,llm_one,127,5,5,0,0,nan,1.0,,,,0,0
managed-llama-3-3-70b-instruct,cluster_llm_one,cluster,llm_one,128,5,5,0,0,nan,1.0,,,,0,0
managed-llama-3-3-70b-instruct,cluster_llm_one,cluster,llm_one,129,5,5,0,0,nan,1.0,,,,0,0
managed-llama-3-3-70b-instruct,cluster_llm_one,cluster,llm_one,200,5,0,5,1,1.0,1.0,0.0878,0.0878,0.0878,16,4
managed-llama-3-3-70b-instruct,cluster_llm_one,cluster,llm_one,201,5,0,5,4,0.1,0.1,0.3412,0.3707,0.35131999999999997,35,5
managed-llama-3-3-70b-instruct,cluster_llm_one,cluster,llm_one,202,5,0,5,1,1.0,1.0,0.5899,0.5899,0.5899,15,1
managed-llama-3-3-70b-instruct,cluster_llm_one,cluster,llm_one,203,5,0,5,1,1.0,1.0,0.1269,0.1269,0.1269,9,1
managed-llama-3-3-70b-instruct,cluster_llm_one,cluster,llm_one,204,5,0,5,1,1.0,1.0,0.5975,0.5975,0.5975,31,2
managed-llama-3-3-70b-instruct,cluster_llm_one,cluster,llm_one,205,5,0,5,1,1.0,1.0,0.1136,0.1136,0.1136,12,3
managed-llama-3-3-70b-instruct,cluster_llm_one,cluster,llm_one,206,5,0,5,2,0.6,0.6,0.688,0.688,0.688,21,5
managed-llama-3-3-70b-instruct,cluster_llm_one,cluster,llm_one,207,5,0,5,3,0.3,0.3,0.0452,0.0738,0.05956,27,4
managed-llama-3-3-70b-instruct,cluster_llm_one,cluster,llm_one,208,5,0,5,4,0.1,0.1,0.0998,0.5926,0.32322,1,1
managed-llama-3-3-70b-instruct,cluster_llm_one,cluster,llm_one,209,5,0,5,2,0.6,0.6,0.457,0.4686,0.45932000000000006,15,3
managed-llama-3-3-70b-instruct,cluster_llm_one,cluster,llm_one,210,5,0,5,1,1.0,1.0,0.7103,0.7103,0.7103,13,3
managed-llama-3-3-70b-instruct,cluster_llm_one,cluster,llm_one,211,5,0,5,2,0.6,0.6,0.7202,0.7325,0.73004,5,3
managed-llama-3-3-70b-instruct,cluster_llm_one,cluster,llm_one,212,5,0,5,3,0.3,0.3,0.8003,0.8203,0.8163,103,3
managed-llama-3-3-70b-instruct,cluster_llm_one,cluster,llm_one,213,5,0,5,1,1.0,1.0,0.6336,0.6336,0.6336,13,5
managed-llama-3-3-70b-instruct,cluster_llm_one,cluster,llm_one,214,5,0,5,2,0.6,0.6,0.159,0.1923,0.16566,2,1
managed-llama-3-3-70b-instruct,cluster_llm_one,cluster,llm_one,300,5,0,5,2,0.6,0.6,0.005,0.0237,0.008740000000000001,34,16
managed-llama-3-3-70b-instruct,cluster_llm_one,cluster,llm_one,301,5,0,5,2,0.4,0.4,-0.039,-0.039,-0.039,1,1
managed-llama-3-3-70b-instruct,cluster_llm_one,cluster,llm_one,302,5,0,5,2,0.4,0.4,0.0516,0.0603,0.05682,15,4
managed-llama-3-3-70b-instruct,cluster_llm_one,cluster,llm_one,303,5,0,5,1,1.0,1.0,0.1077,0.1077,0.10769999999999999,16,3
managed-llama-3-3-70b-instruct,cluster_llm_one,cluster,llm_one,304,5,0,5,2,0.4,0.4,-0.0295,-0.0033,-0.01378,1,1
managed-llama-3-3-70b-instruct,cluster_llm_one,cluster,llm_one,305,5,0,5,1,1.0,1.0,0.0476,0.0476,0.0476,8,1
managed-llama-3-3-70b-instruct,cluster_llm_one,cluster,llm_one,306,5,0,5,2,0.6,0.6,-0.1951,-0.1951,-0.1951,6,2
managed-llama-3-3-70b-instruct,cluster_llm_one,cluster,llm_one,307,5,0,5,1,1.0,1.0,0.0476,0.0476,0.0476,8,2
managed-llama-3-3-70b-instruct,cluster_llm_one,cluster,llm_one,308,5,0,5,1,1.0,1.0,-0.0829,-0.0829,-0.0829,8,3
managed-llama-3-3-70b-instruct,cluster_llm_one,cluster,llm_one,309,5,0,5,1,1.0,1.0,-0.0769,-0.0769,-0.0769,7,1
managed-llama-3-3-70b-instruct,cluster_llm_one,cluster,llm_one,310,5,0,5,1,1.0,1.0,-0.0769,-0.0769,-0.0769,7,0
managed-llama-3-3-70b-instruct,cluster_llm_one,cluster,llm_one,311,5,0,5,3,0.3,0.3,-0.0795,0.0323,-0.04208,1,1
managed-llama-3-3-70b-instruct,cluster_llm_one,cluster,llm_one,312,5,0,5,1,1.0,1.0,0.1489,0.1489,0.1489,11,1
managed-llama-3-3-70b-instruct,cluster_llm_one,cluster,llm_one,313,5,0,5,1,1.0,1.0,0.1269,0.1269,0.1269,9,2
managed-llama-3-3-70b-instruct,cluster_llm_one,cluster,llm_one,314,5,0,5,1,1.0,1.0,0.2696,0.2696,0.2696,8,1
managed-llama-3-3-70b-instruct,impute_llm_all,impute,llm_all,100,5,0,5,5,0.0,0.0,0.75,0.8125,0.7875,1,1
managed-llama-3-3-70b-instruct,impute_llm_all,impute,llm_all,101,5,5,0,0,nan,1.0,,,,0,0
managed-llama-3-3-70b-instruct,impute_llm_all,impute,llm_all,102,5,1,4,4,0.0,0.0,0.5938,0.625,0.6093999999999999,1,1
managed-llama-3-3-70b-instruct,impute_llm_all,impute,llm_all,103,5,1,4,4,0.0,0.0,0.5,0.55,0.5375000000000001,1,1
managed-llama-3-3-70b-instruct,impute_llm_all,impute,llm_all,104,5,0,5,1,1.0,1.0,0.5,0.5,0.5,1,0
managed-llama-3-3-70b-instruct,impute_llm_all,impute,llm_all,105,5,0,5,1,1.0,1.0,0.9778,0.9778,0.9778,1,1
managed-llama-3-3-70b-instruct,impute_llm_all,impute,llm_all,106,5,3,2,1,1.0,0.4,1.0,1.0,1.0,1,0
managed-llama-3-3-70b-instruct,impute_llm_all,impute,llm_all,107,5,0,5,5,0.0,0.0,0.1667,0.25,0.21667999999999998,1,1
managed-llama-3-3-70b-instruct,impute_llm_all,impute,llm_all,108,5,0,5,3,0.3,0.3,0.375,0.875,0.75,1,1
managed-llama-3-3-70b-instruct,impute_llm_all,impute,llm_all,109,5,5,0,0,nan,1.0,,,,0,0
managed-llama-3-3-70b-instruct,impute_llm_all,impute,llm_all,110,5,5,0,0,nan,1.0,,,,0,0
managed-llama-3-3-70b-instruct,impute_llm_all,impute,llm_all,111,5,4,1,1,nan,0.6,1.0,1.0,1.0,0,0
managed-llama-3-3-70b-instruct,impute_llm_all,impute,llm_all,112,5,5,0,0,nan,1.0,,,,0,0
managed-llama-3-3-70b-instruct,impute_llm_all,impute,llm_all,113,5,5,0,0,nan,1.0,,,,0,0
managed-llama-3-3-70b-instruct,impute_llm_all,impute,llm_all,114,5,0,5,5,0.0,0.0,0.0,0.0,0.0,1,1
managed-llama-3-3-70b-instruct,impute_llm_all,impute,llm_all,115,5,5,0,0,nan,1.0,,,,0,0
managed-llama-3-3-70b-instruct,impute_llm_all,impute,llm_all,116,5,0,5,5,0.0,0.0,0.0,0.0,0.0,1,1
managed-llama-3-3-70b-instruct,impute_llm_all,impute,llm_all,117,5,0,5,2,0.6,0.6,0.8333,1.0,0.9666600000000001,1,1
managed-llama-3-3-70b-instruct,impute_llm_all,impute,llm_all,118,5,4,1,1,nan,0.6,0.0,0.0,0.0,0,0
managed-llama-3-3-70b-instruct,impute_llm_all,impute,llm_all,119,5,5,0,0,nan,1.0,,,,0,0
managed-llama-3-3-70b-instruct,impute_llm_all,impute,llm_all,120,5,5,0,0,nan,1.0,,,,0,0
managed-llama-3-3-70b-instruct,impute_llm_all,impute,llm_all,121,5,5,0,0,nan,1.0,,,,0,0
managed-llama-3-3-70b-instruct,impute_llm_all,impute,llm_all,122,5,0,5,1,1.0,1.0,0.5,0.5,0.5,1,1
managed-llama-3-3-70b-instruct,impute_llm_all,impute,llm_all,123,5,0,5,1,1.0,1.0,0.5,0.5,0.5,1,0
managed-llama-3-3-70b-instruct,impute_llm_all,impute,llm_all,124,5,4,1,1,nan,0.6,1.0,1.0,1.0,0,0
managed-llama-3-3-70b-instruct,impute_llm_all,impute,llm_all,125,5,0,5,4,0.1,0.1,0.0,0.0,0.0,1,1
managed-llama-3-3-70b-instruct,impute_llm_all,impute,llm_all,126,5,0,5,4,0.1,0.1,0.0,0.0,0.0,1,1
managed-llama-3-3-70b-instruct,impute_llm_all,impute,llm_all,127,5,2,3,3,0.0,0.1,0.0,0.0,0.0,1,1
managed-llama-3-3-70b-instruct,impute_llm_all,impute,llm_all,128,5,0,5,4,0.1,0.1,0.8,0.9,0.8400000000000001,1,1
managed-llama-3-3-70b-instruct,impute_llm_all,impute,llm_all,129,5,5,0,0,nan,1.0,,,,0,0
managed-llama-3-3-70b-instruct,impute_llm_all,impute,llm_all,200,5,0,5,1,1.0,1.0,0.0,0.0,0.0,1,0
managed-llama-3-3-70b-instruct,impute_llm_all,impute,llm_all,201,5,4,1,1,nan,0.6,0.5556,0.5556,0.5556,0,0
managed-llama-3-3-70b-instruct,impute_llm_all,impute,llm_all,202,5,0,5,4,0.1,0.1,0.8,0.81,0.808,1,1
managed-llama-3-3-70b-instruct,impute_llm_all,impute,llm_all,203,5,5,0,0,nan,1.0,,,,0,0
managed-llama-3-3-70b-instruct,impute_llm_all,impute,llm_all,204,5,5,0,0,nan,1.0,,,,0,0
managed-llama-3-3-70b-instruct,impute_llm_all,impute,llm_all,205,5,0,5,5,0.0,0.0,0.0,0.0,0.0,1,1
managed-llama-3-3-70b-instruct,impute_llm_all,impute,llm_all,206,5,0,5,2,0.6,0.6,0.98,1.0,0.984,1,1
managed-llama-3-3-70b-instruct,impute_llm_all,impute,llm_all,207,5,0,5,5,0.0,0.0,0.1786,0.2321,0.20714000000000002,1,1
managed-llama-3-3-70b-instruct,impute_llm_all,impute,llm_all,208,5,5,0,0,nan,1.0,,,,0,0
managed-llama-3-3-70b-instruct,impute_llm_all,impute,llm_all,209,5,0,5,3,0.2,0.2,0.94,0.98,0.9640000000000001,1,1
managed-llama-3-3-70b-instruct,impute_llm_all,impute,llm_all,210,5,0,5,1,1.0,1.0,1.0,1.0,1.0,1,0
managed-llama-3-3-70b-instruct,impute_llm_all,impute,llm_all,211,5,4,1,1,nan,0.6,0.8846,0.8846,0.8846,0,0
managed-llama-3-3-70b-instruct,impute_llm_all,impute,llm_all,212,5,0,5,5,0.0,0.0,0.0,0.0,0.0,1,1
managed-llama-3-3-70b-instruct,impute_llm_all,impute,llm_all,213,5,0,5,5,0.0,0.0,0.0,0.0,0.0,1,1
managed-llama-3-3-70b-instruct,impute_llm_all,impute,llm_all,214,5,0,5,4,0.1,0.1,0.0,0.0,0.0,1,1
managed-llama-3-3-70b-instruct,impute_llm_all,impute,llm_all,215,5,4,1,1,nan,0.6,1.0,1.0,1.0,0,0
managed-llama-3-3-70b-instruct,impute_llm_all,impute,llm_all,216,5,0,5,1,1.0,1.0,1.0,1.0,1.0,1,0
managed-llama-3-3-70b-instruct,impute_llm_all,impute,llm_all,217,5,0,5,1,1.0,1.0,0.0,0.0,0.0,1,0
managed-llama-3-3-70b-instruct,impute_llm_all,impute,llm_all,218,5,0,5,1,1.0,1.0,1.0,1.0,1.0,1,1
managed-llama-3-3-70b-instruct,impute_llm_all,impute,llm_all,219,5,0,5,1,1.0,1.0,1.0,1.0,1.0,1,0
managed-llama-3-3-70b-instruct,impute_llm_all,impute,llm_all,220,5,0,5,2,0.4,0.4,0.9091,0.9091,0.9091000000000001,1,1
managed-llama-3-3-70b-instruct,impute_llm_all,impute,llm_all,221,5,0,5,3,0.2,0.2,0.9351,0.9394,0.93768,1,1
managed-llama-3-3-70b-instruct,impute_llm_all,impute,llm_all,222,5,0,5,2,0.4,0.4,0.0,0.0,0.0,1,1
managed-llama-3-3-70b-instruct,impute_llm_all,impute,llm_all,223,5,0,5,4,0.1,0.1,0.6923,0.7115,0.69998,1,1
managed-llama-3-3-70b-instruct,impute_llm_all,impute,llm_all,224,5,0,5,2,0.6,0.6,0.0952,0.0952,0.0952,1,1
managed-llama-3-3-70b-instruct,impute_llm_all,impute,llm_all,225,5,0,5,1,1.0,1.0,0.0,0.0,0.0,1,0
managed-llama-3-3-70b-instruct,impute_llm_all,impute,llm_all,226,5,0,5,1,1.0,1.0,0.0,0.0,0.0,1,0
managed-llama-3-3-70b-instruct,impute_llm_all,impute,llm_all,227,5,0,5,3,0.3,0.3,0.9524,0.9841,0.9619199999999999,1,1
managed-llama-3-3-70b-instruct,impute_llm_all,impute,llm_all,228,5,0,5,5,0.0,0.0,0.0,0.0,0.0,1,1
managed-llama-3-3-70b-instruct,impute_llm_all,impute,llm_all,229,5,5,0,0,nan,1.0,,,,0,0
managed-llama-3-3-70b-instruct,impute_llm_all,impute,llm_all,300,5,0,5,1,1.0,1.0,0.0,0.0,0.0,1,0
managed-llama-3-3-70b-instruct,impute_llm_all,impute,llm_all,301,5,0,5,1,1.0,1.0,0.0,0.0,0.0,1,0
managed-llama-3-3-70b-instruct,impute_llm_all,impute,llm_all,302,5,0,5,1,1.0,1.0,0.0,0.0,0.0,1,0
managed-llama-3-3-70b-instruct,impute_llm_all,impute,llm_all,303,5,0,5,1,1.0,1.0,0.0,0.0,0.0,1,1
managed-llama-3-3-70b-instruct,impute_llm_all,impute,llm_all,304,5,0,5,2,0.6,0.6,0.1667,0.3333,0.29998,1,1
managed-llama-3-3-70b-instruct,impute_llm_all,impute,llm_all,305,5,0,5,1,1.0,1.0,0.1667,0.1667,0.1667,1,0
managed-llama-3-3-70b-instruct,impute_llm_all,impute,llm_all,306,5,0,5,1,1.0,1.0,0.0,0.0,0.0,1,1
managed-llama-3-3-70b-instruct,impute_llm_all,impute,llm_all,307,5,0,5,1,1.0,1.0,0.0,0.0,0.0,1,0
managed-llama-3-3-70b-instruct,impute_llm_all,impute,llm_all,308,5,0,5,1,1.0,1.0,0.0,0.0,0.0,1,0
managed-llama-3-3-70b-instruct,impute_llm_all,impute,llm_all,309,5,0,5,2,0.4,0.4,0.25,0.375,0.3,1,1
managed-llama-3-3-70b-instruct,impute_llm_all,impute,llm_all,310,5,0,5,3,0.2,0.2,0.125,0.125,0.125,1,1
managed-llama-3-3-70b-instruct,impute_llm_all,impute,llm_all,311,5,0,5,1,1.0,1.0,0.2,0.2,0.2,1,0
managed-llama-3-3-70b-instruct,impute_llm_all,impute,llm_all,312,5,0,5,2,0.4,0.4,0.2,0.2,0.2,1,1
managed-llama-3-3-70b-instruct,impute_llm_all,impute,llm_all,313,5,0,5,2,0.6,0.6,0.4,0.4,0.4,1,1
managed-llama-3-3-70b-instruct,impute_llm_all,impute,llm_all,314,5,0,5,2,0.4,0.4,0.4,0.4,0.4,1,1
managed-llama-3-3-70b-instruct,impute_llm_one,impute,llm_one,100,5,5,0,0,nan,1.0,,,,0,0
managed-llama-3-3-70b-instruct,impute_llm_one,impute,llm_one,101,5,5,0,0,nan,1.0,,,,0,0
managed-llama-3-3-70b-instruct,impute_llm_one,impute,llm_one,102,5,5,0,0,nan,1.0,,,,0,0
managed-llama-3-3-70b-instruct,impute_llm_one,impute,llm_one,103,5,5,0,0,nan,1.0,,,,0,0
managed-llama-3-3-70b-instruct,impute_llm_one,impute,llm_one,104,5,5,0,0,nan,1.0,,,,0,0
managed-llama-3-3-70b-instruct,impute_llm_one,impute,llm_one,105,5,5,0,0,nan,1.0,,,,0,0
managed-llama-3-3-70b-instruct,impute_llm_one,impute,llm_one,106,5,5,0,0,nan,1.0,,,,0,0
managed-llama-3-3-70b-instruct,impute_llm_one,impute,llm_one,107,5,5,0,0,nan,1.0,,,,0,0
managed-llama-3-3-70b-instruct,impute_llm_one,impute,llm_one,108,5,5,0,0,nan,1.0,,,,0,0
managed-llama-3-3-70b-instruct,impute_llm_one,impute,llm_one,109,5,5,0,0,nan,1.0,,,,0,0
managed-llama-3-3-70b-instruct,impute_llm_one,impute,llm_one,110,5,5,0,0,nan,1.0,,,,0,0
managed-llama-3-3-70b-instruct,impute_llm_one,impute,llm_one,111,5,5,0,0,nan,1.0,,,,0,0
managed-llama-3-3-70b-instruct,impute_llm_one,impute,llm_one,112,5,5,0,0,nan,1.0,,,,0,0
managed-llama-3-3-70b-instruct,impute_llm_one,impute,llm_one,113,5,5,0,0,nan,1.0,,,,0,0
managed-llama-3-3-70b-instruct,impute_llm_one,impute,llm_one,114,5,5,0,0,nan,1.0,,,,0,0
managed-llama-3-3-70b-instruct,impute_llm_one,impute,llm_one,115,5,5,0,0,nan,1.0,,,,0,0
managed-llama-3-3-70b-instruct,impute_llm_one,impute,llm_one,116,5,5,0,0,nan,1.0,,,,0,0
managed-llama-3-3-70b-instruct,impute_llm_one,impute,llm_one,117,5,5,0,0,nan,1.0,,,,0,0
managed-llama-3-3-70b-instruct,impute_llm_one,impute,llm_one,118,5,5,0,0,nan,1.0,,,,0,0
managed-llama-3-3-70b-instruct,impute_llm_one,impute,llm_one,119,5,5,0,0,nan,1.0,,,,0,0
managed-llama-3-3-70b-instruct,impute_llm_one,impute,llm_one,120,5,5,0,0,nan,1.0,,,,0,0
managed-llama-3-3-70b-instruct,impute_llm_one,impute,llm_one,121,5,5,0,0,nan,1.0,,,,0,0
managed-llama-3-3-70b-instruct,impute_llm_one,impute,llm_one,122,5,5,0,0,nan,1.0,,,,0,0
managed-llama-3-3-70b-instruct,impute_llm_one,impute,llm_one,123,5,5,0,0,nan,1.0,,,,0,0
managed-llama-3-3-70b-instruct,impute_llm_one,impute,llm_one,124,5,5,0,0,nan,1.0,,,,0,0
managed-llama-3-3-70b-instruct,impute_llm_one,impute,llm_one,125,5,5,0,0,nan,1.0,,,,0,0
managed-llama-3-3-70b-instruct,impute_llm_one,impute,llm_one,126,5,5,0,0,nan,1.0,,,,0,0
managed-llama-3-3-70b-instruct,impute_llm_one,impute,llm_one,127,5,1,4,2,0.5,0.3,0.0,0.0,0.0,1,1
managed-llama-3-3-70b-instruct,impute_llm_one,impute,llm_one,128,5,5,0,0,nan,1.0,,,,0,0
managed-llama-3-3-70b-instruct,impute_llm_one,impute,llm_one,129,5,5,0,0,nan,1.0,,,,0,0
managed-llama-3-3-70b-instruct,impute_llm_one,impute,llm_one,200,5,5,0,0,nan,1.0,,,,0,0
managed-llama-3-3-70b-instruct,impute_llm_one,impute,llm_one,201,5,5,0,0,nan,1.0,,,,0,0
managed-llama-3-3-70b-instruct,impute_llm_one,impute,llm_one,202,5,5,0,0,nan,1.0,,,,0,0
managed-llama-3-3-70b-instruct,impute_llm_one,impute,llm_one,203,5,5,0,0,nan,1.0,,,,0,0
managed-llama-3-3-70b-instruct,impute_llm_one,impute,llm_one,204,5,5,0,0,nan,1.0,,,,0,0
managed-llama-3-3-70b-instruct,impute_llm_one,impute,llm_one,205,5,5,0,0,nan,1.0,,,,0,0
managed-llama-3-3-70b-instruct,impute_llm_one,impute,llm_one,206,5,5,0,0,nan,1.0,,,,0,0
managed-llama-3-3-70b-instruct,impute_llm_one,impute,llm_one,207,5,5,0,0,nan,1.0,,,,0,0
managed-llama-3-3-70b-instruct,impute_llm_one,impute,llm_one,208,5,5,0,0,nan,1.0,,,,0,0
managed-llama-3-3-70b-instruct,impute_llm_one,impute,llm_one,209,5,5,0,0,nan,1.0,,,,0,0
managed-llama-3-3-70b-instruct,impute_llm_one,impute,llm_one,210,5,5,0,0,nan,1.0,,,,0,0
managed-llama-3-3-70b-instruct,impute_llm_one,impute,llm_one,211,5,5,0,0,nan,1.0,,,,0,0
managed-llama-3-3-70b-instruct,impute_llm_one,impute,llm_one,212,5,5,0,0,nan,1.0,,,,0,0
managed-llama-3-3-70b-instruct,impute_llm_one,impute,llm_one,213,5,5,0,0,nan,1.0,,,,0,0
managed-llama-3-3-70b-instruct,impute_llm_one,impute,llm_one,214,5,5,0,0,nan,1.0,,,,0,0
managed-llama-3-3-70b-instruct,impute_llm_one,impute,llm_one,215,5,5,0,0,nan,1.0,,,,0,0
managed-llama-3-3-70b-instruct,impute_llm_one,impute,llm_one,216,5,5,0,0,nan,1.0,,,,0,0
managed-llama-3-3-70b-instruct,impute_llm_one,impute,llm_one,217,5,5,0,0,nan,1.0,,,,0,0
managed-llama-3-3-70b-instruct,impute_llm_one,impute,llm_one,218,5,5,0,0,nan,1.0,,,,0,0
managed-llama-3-3-70b-instruct,impute_llm_one,impute,llm_one,219,5,5,0,0,nan,1.0,,,,0,0
managed-llama-3-3-70b-instruct,impute_llm_one,impute,llm_one,220,5,5,0,0,nan,1.0,,,,0,0
managed-llama-3-3-70b-instruct,impute_llm_one,impute,llm_one,221,5,5,0,0,nan,1.0,,,,0,0
managed-llama-3-3-70b-instruct,impute_llm_one,impute,llm_one,222,5,5,0,0,nan,1.0,,,,0,0
managed-llama-3-3-70b-instruct,impute_llm_one,impute,llm_one,223,5,5,0,0,nan,1.0,,,,0,0
managed-llama-3-3-70b-instruct,impute_llm_one,impute,llm_one,224,5,5,0,0,nan,1.0,,,,0,0
managed-llama-3-3-70b-instruct,impute_llm_one,impute,llm_one,225,5,5,0,0,nan,1.0,,,,0,0
managed-llama-3-3-70b-instruct,impute_llm_one,impute,llm_one,226,5,5,0,0,nan,1.0,,,,0,0
managed-llama-3-3-70b-instruct,impute_llm_one,impute,llm_one,227,5,5,0,0,nan,1.0,,,,0,0
managed-llama-3-3-70b-instruct,impute_llm_one,impute,llm_one,228,5,5,0,0,nan,1.0,,,,0,0
managed-llama-3-3-70b-instruct,impute_llm_one,impute,llm_one,229,5,5,0,0,nan,1.0,,,,0,0
managed-llama-3-3-70b-instruct,match_llm_all,match,llm_all,100,5,0,5,2,0.6,0.6,0.75,1.0,0.95,1,1
managed-llama-3-3-70b-instruct,match_llm_all,match,llm_all,101,5,5,0,0,nan,1.0,,,,0,0
managed-llama-3-3-70b-instruct,match_llm_all,match,llm_all,102,5,4,1,1,nan,0.6,0.6818,0.6818,0.6818,0,0
managed-llama-3-3-70b-instruct,match_llm_all,match,llm_all,103,5,5,0,0,nan,1.0,,,,0,0
managed-llama-3-3-70b-instruct,match_llm_all,match,llm_all,104,5,5,0,0,nan,1.0,,,,0,0
managed-llama-3-3-70b-instruct,match_llm_all,match,llm_all,105,5,5,0,0,nan,1.0,,,,0,0
managed-llama-3-3-70b-instruct,match_llm_all,match,llm_all,106,5,5,0,0,nan,1.0,,,,0,0
managed-llama-3-3-70b-instruct,match_llm_all,match,llm_all,107,5,1,4,1,1.0,0.6,1.0,1.0,1.0,1,0
managed-llama-3-3-70b-instruct,match_llm_all,match,llm_all,108,5,3,2,1,1.0,0.4,0.9167,0.9167,0.9167,1,0
managed-llama-3-3-70b-instruct,match_llm_all,match,llm_all,109,5,3,2,2,0.0,0.3,0.0,0.2222,0.1111,1,1
managed-llama-3-3-70b-instruct,match_llm_all,match,llm_all,110,5,0,5,2,0.4,0.4,0.0,0.3333,0.19998,1,1
managed-llama-3-3-70b-instruct,match_llm_all,match,llm_all,111,5,2,3,1,1.0,0.4,1.0,1.0,1.0,1,0
managed-llama-3-3-70b-instruct,match_llm_all,match,llm_all,112,5,5,0,0,nan,1.0,,,,0,0
managed-llama-3-3-70b-instruct,match_llm_all,match,llm_all,113,5,0,5,2,0.4,0.4,0.4444,0.5714,0.5206000000000001,1,1
managed-llama-3-3-70b-instruct,match_llm_all,match,llm_all,114,5,3,2,2,0.0,0.3,0.8,1.0,0.9,1,1
managed-llama-3-3-70b-instruct,match_llm_all,match,llm_all,115,5,5,0,0,nan,1.0,,,,0,0
managed-llama-3-3-70b-instruct,match_llm_all,match,llm_all,116,5,5,0,0,nan,1.0,,,,0,0
managed-llama-3-3-70b-instruct,match_llm_all,match,llm_all,117,5,5,0,0,nan,1.0,,,,0,0
managed-llama-3-3-70b-instruct,match_llm_all,match,llm_all,118,5,0,5,1,1.0,1.0,1.0,1.0,1.0,1,0
managed-llama-3-3-70b-instruct,match_llm_all,match,llm_all,119,5,5,0,0,nan,1.0,,,,0,0
managed-llama-3-3-70b-instruct,match_llm_all,match,llm_all,120,5,5,0,0,nan,1.0,,,,0,0
managed-llama-3-3-70b-instruct,match_llm_all,match,llm_all,121,5,5,0,0,nan,1.0,,,,0,0
managed-llama-3-3-70b-instruct,match_llm_all,match,llm_all,122,5,3,2,1,1.0,0.4,0.1905,0.1905,0.1905,1,0
managed-llama-3-3-70b-instruct,match_llm_all,match,llm_all,123,5,5,0,0,nan,1.0,,,,0,0
managed-llama-3-3-70b-instruct,match_llm_all,match,llm_all,124,5,5,0,0,nan,1.0,,,,0,0
managed-llama-3-3-70b-instruct,match_llm_all,match,llm_all,125,5,5,0,0,nan,1.0,,,,0,0
managed-llama-3-3-70b-instruct,match_llm_all,match,llm_all,126,5,5,0,0,nan,1.0,,,,0,0
managed-llama-3-3-70b-instruct,match_llm_all,match,llm_all,127,5,5,0,0,nan,1.0,,,,0,0
managed-llama-3-3-70b-instruct,match_llm_all,match,llm_all,128,5,2,3,2,0.3333333333333333,0.2,0.0,0.0,0.0,1,1
managed-llama-3-3-70b-instruct,match_llm_all,match,llm_all,129,5,5,0,0,nan,1.0,,,,0,0
managed-llama-3-3-70b-instruct,match_llm_all,match,llm_all,200,5,5,0,0,nan,1.0,,,,0,0
managed-llama-3-3-70b-instruct,match_llm_all,match,llm_all,201,5,5,0,0,nan,1.0,,,,0,0
managed-llama-3-3-70b-instruct,match_llm_all,match,llm_all,202,5,5,0,0,nan,1.0,,,,0,0
managed-llama-3-3-70b-instruct,match_llm_all,match,llm_all,203,5,5,0,0,nan,1.0,,,,0,0
managed-llama-3-3-70b-instruct,match_llm_all,match,llm_all,204,5,5,0,0,nan,1.0,,,,0,0
managed-llama-3-3-70b-instruct,match_llm_all,match,llm_all,205,5,5,0,0,nan,1.0,,,,0,0
managed-llama-3-3-70b-instruct,match_llm_all,match,llm_all,206,5,5,0,0,nan,1.0,,,,0,0
managed-llama-3-3-70b-instruct,match_llm_all,match,llm_all,207,5,5,0,0,nan,1.0,,,,0,0
managed-llama-3-3-70b-instruct,match_llm_all,match,llm_all,208,5,5,0,0,nan,1.0,,,,0,0
managed-llama-3-3-70b-instruct,match_llm_all,match,llm_all,209,5,5,0,0,nan,1.0,,,,0,0
managed-llama-3-3-70b-instruct,match_llm_all,match,llm_all,210,5,5,0,0,nan,1.0,,,,0,0
managed-llama-3-3-70b-instruct,match_llm_all,match,llm_all,211,5,5,0,0,nan,1.0,,,,0,0
managed-llama-3-3-70b-instruct,match_llm_all,match,llm_all,212,5,5,0,0,nan,1.0,,,,0,0
managed-llama-3-3-70b-instruct,match_llm_all,match,llm_all,213,5,5,0,0,nan,1.0,,,,0,0
managed-llama-3-3-70b-instruct,match_llm_all,match,llm_all,214,5,5,0,0,nan,1.0,,,,0,0
managed-llama-3-3-70b-instruct,match_llm_all,match,llm_all,300,5,0,5,1,1.0,1.0,0.5,0.5,0.5,1,0
managed-llama-3-3-70b-instruct,match_llm_all,match,llm_all,301,5,0,5,1,1.0,1.0,0.5,0.5,0.5,1,1
managed-llama-3-3-70b-instruct,match_llm_all,match,llm_all,302,5,0,5,2,0.4,0.4,0.6667,1.0,0.86668,1,1
managed-llama-3-3-70b-instruct,match_llm_all,match,llm_all,303,5,0,5,1,1.0,1.0,0.0,0.0,0.0,1,0
managed-llama-3-3-70b-instruct,match_llm_all,match,llm_all,304,5,0,5,2,0.4,0.4,0.6154,0.7143,0.67474,1,1
managed-llama-3-3-70b-instruct,match_llm_all,match,llm_all,305,5,0,5,3,0.3,0.3,0.0,0.0,0.0,1,1
managed-llama-3-3-70b-instruct,match_llm_all,match,llm_all,306,5,0,5,1,1.0,1.0,0.6667,0.6667,0.6667,1,1
managed-llama-3-3-70b-instruct,match_llm_all,match,llm_all,307,5,0,5,1,1.0,1.0,0.6667,0.6667,0.6667,1,0
managed-llama-3-3-70b-instruct,match_llm_all,match,llm_all,308,5,0,5,1,1.0,1.0,0.75,0.75,0.75,1,0
managed-llama-3-3-70b-instruct,match_llm_all,match,llm_all,309,5,0,5,1,1.0,1.0,0.4,0.4,0.4,1,0
managed-llama-3-3-70b-instruct,match_llm_all,match,llm_all,310,5,0,5,1,1.0,1.0,0.0,0.0,0.0,1,0
managed-llama-3-3-70b-instruct,match_llm_all,match,llm_all,311,5,0,5,1,1.0,1.0,0.8333,0.8333,0.8333,1,0
managed-llama-3-3-70b-instruct,match_llm_all,match,llm_all,312,5,0,5,2,0.4,0.4,0.2857,0.6667,0.5143,1,1
managed-llama-3-3-70b-instruct,match_llm_all,match,llm_all,313,5,0,5,1,1.0,1.0,0.8889,0.8889,0.8888999999999999,1,0
managed-llama-3-3-70b-instruct,match_llm_all,match,llm_all,314,5,0,5,4,0.1,0.1,0.0,0.4444,0.16888,1,1
managed-llama-3-3-70b-instruct,match_llm_one,match,llm_one,100,5,5,0,0,nan,1.0,,,,0,0
managed-llama-3-3-70b-instruct,match_llm_one,match,llm_one,101,5,5,0,0,nan,1.0,,,,0,0
managed-llama-3-3-70b-instruct,match_llm_one,match,llm_one,102,5,5,0,0,nan,1.0,,,,0,0
managed-llama-3-3-70b-instruct,match_llm_one,match,llm_one,103,5,5,0,0,nan,1.0,,,,0,0
managed-llama-3-3-70b-instruct,match_llm_one,match,llm_one,104,5,5,0,0,nan,1.0,,,,0,0
managed-llama-3-3-70b-instruct,match_llm_one,match,llm_one,105,5,5,0,0,nan,1.0,,,,0,0
managed-llama-3-3-70b-instruct,match_llm_one,match,llm_one,106,5,5,0,0,nan,1.0,,,,0,0
managed-llama-3-3-70b-instruct,match_llm_one,match,llm_one,107,5,5,0,0,nan,1.0,,,,0,0
managed-llama-3-3-70b-instruct,match_llm_one,match,llm_one,108,5,5,0,0,nan,1.0,,,,0,0
managed-llama-3-3-70b-instruct,match_llm_one,match,llm_one,109,5,5,0,0,nan,1.0,,,,0,0
managed-llama-3-3-70b-instruct,match_llm_one,match,llm_one,110,5,5,0,0,nan,1.0,,,,0,0
managed-llama-3-3-70b-instruct,match_llm_one,match,llm_one,111,5,5,0,0,nan,1.0,,,,0,0
managed-llama-3-3-70b-instruct,match_llm_one,match,llm_one,112,5,5,0,0,nan,1.0,,,,0,0
managed-llama-3-3-70b-instruct,match_llm_one,match,llm_one,113,5,0,5,5,0.0,0.0,0.3636,0.5,0.46159999999999995,300,229
managed-llama-3-3-70b-instruct,match_llm_one,match,llm_one,114,5,5,0,0,nan,1.0,,,,0,0
managed-llama-3-3-70b-instruct,match_llm_one,match,llm_one,115,5,5,0,0,nan,1.0,,,,0,0
managed-llama-3-3-70b-instruct,match_llm_one,match,llm_one,116,5,5,0,0,nan,1.0,,,,0,0
managed-llama-3-3-70b-instruct,match_llm_one,match,llm_one,117,5,5,0,0,nan,1.0,,,,0,0
managed-llama-3-3-70b-instruct,match_llm_one,match,llm_one,118,5,5,0,0,nan,1.0,,,,0,0
managed-llama-3-3-70b-instruct,match_llm_one,match,llm_one,119,5,5,0,0,nan,1.0,,,,0,0
managed-llama-3-3-70b-instruct,match_llm_one,match,llm_one,120,5,5,0,0,nan,1.0,,,,0,0
managed-llama-3-3-70b-instruct,match_llm_one,match,llm_one,121,5,5,0,0,nan,1.0,,,,0,0
managed-llama-3-3-70b-instruct,match_llm_one,match,llm_one,122,5,5,0,0,nan,1.0,,,,0,0
managed-llama-3-3-70b-instruct,match_llm_one,match,llm_one,123,5,5,0,0,nan,1.0,,,,0,0
managed-llama-3-3-70b-instruct,match_llm_one,match,llm_one,124,5,5,0,0,nan,1.0,,,,0,0
managed-llama-3-3-70b-instruct,match_llm_one,match,llm_one,125,5,5,0,0,nan,1.0,,,,0,0
managed-llama-3-3-70b-instruct,match_llm_one,match,llm_one,126,5,5,0,0,nan,1.0,,,,0,0
managed-llama-3-3-70b-instruct,match_llm_one,match,llm_one,127,5,5,0,0,nan,1.0,,,,0,0
managed-llama-3-3-70b-instruct,match_llm_one,match,llm_one,128,5,5,0,0,nan,1.0,,,,0,0
managed-llama-3-3-70b-instruct,match_llm_one,match,llm_one,129,5,5,0,0,nan,1.0,,,,0,0
managed-llama-3-3-70b-instruct,match_llm_one,match,llm_one,200,5,5,0,0,nan,1.0,,,,0,0
managed-llama-3-3-70b-instruct,match_llm_one,match,llm_one,201,5,5,0,0,nan,1.0,,,,0,0
managed-llama-3-3-70b-instruct,match_llm_one,match,llm_one,202,5,5,0,0,nan,1.0,,,,0,0
managed-llama-3-3-70b-instruct,match_llm_one,match,llm_one,203,5,5,0,0,nan,1.0,,,,0,0
managed-llama-3-3-70b-instruct,match_llm_one,match,llm_one,204,5,5,0,0,nan,1.0,,,,0,0
managed-llama-3-3-70b-instruct,match_llm_one,match,llm_one,205,5,5,0,0,nan,1.0,,,,0,0
managed-llama-3-3-70b-instruct,match_llm_one,match,llm_one,206,5,5,0,0,nan,1.0,,,,0,0
managed-llama-3-3-70b-instruct,match_llm_one,match,llm_one,207,5,5,0,0,nan,1.0,,,,0,0
managed-llama-3-3-70b-instruct,match_llm_one,match,llm_one,208,5,5,0,0,nan,1.0,,,,0,0
managed-llama-3-3-70b-instruct,match_llm_one,match,llm_one,209,5,5,0,0,nan,1.0,,,,0,0
managed-llama-3-3-70b-instruct,match_llm_one,match,llm_one,210,5,5,0,0,nan,1.0,,,,0,0
managed-llama-3-3-70b-instruct,match_llm_one,match,llm_one,211,5,5,0,0,nan,1.0,,,,0,0
managed-llama-3-3-70b-instruct,match_llm_one,match,llm_one,212,5,5,0,0,nan,1.0,,,,0,0
managed-llama-3-3-70b-instruct,match_llm_one,match,llm_one,213,5,5,0,0,nan,1.0,,,,0,0
managed-llama-3-3-70b-instruct,match_llm_one,match,llm_one,214,5,5,0,0,nan,1.0,,,,0,0
managed-llama-3-3-70b-instruct,match_llm_one,match,llm_one,300,5,5,0,0,nan,1.0,,,,0,0
managed-llama-3-3-70b-instruct,match_llm_one,match,llm_one,301,5,5,0,0,nan,1.0,,,,0,0
managed-llama-3-3-70b-instruct,match_llm_one,match,llm_one,302,5,5,0,0,nan,1.0,,,,0,0
managed-llama-3-3-70b-instruct,match_llm_one,match,llm_one,303,5,5,0,0,nan,1.0,,,,0,0
managed-llama-3-3-70b-instruct,match_llm_one,match,llm_one,304,5,5,0,0,nan,1.0,,,,0,0
managed-llama-3-3-70b-instruct,match_llm_one,match,llm_one,305,5,5,0,0,nan,1.0,,,,0,0
managed-llama-3-3-70b-instruct,match_llm_one,match,llm_one,306,5,5,0,0,nan,1.0,,,,0,0
managed-llama-3-3-70b-instruct,match_llm_one,match,llm_one,307,5,5,0,0,nan,1.0,,,,0,0
managed-llama-3-3-70b-instruct,match_llm_one,match,llm_one,308,5,0,5,3,0.2,0.2,0.5714,0.6667,0.6095200000000001,54,2
managed-llama-3-3-70b-instruct,match_llm_one,match,llm_one,309,5,5,0,0,nan,1.0,,,,0,0
managed-llama-3-3-70b-instruct,match_llm_one,match,llm_one,310,5,5,0,0,nan,1.0,,,,0,0
managed-llama-3-3-70b-instruct,match_llm_one,match,llm_one,311,5,3,2,1,1.0,0.4,0.9091,0.9091,0.9091,64,0
managed-llama-3-3-70b-instruct,match_llm_one,match,llm_one,312,5,5,0,0,nan,1.0,,,,0,0
managed-llama-3-3-70b-instruct,match_llm_one,match,llm_one,313,5,5,0,0,nan,1.0,,,,0,0
managed-llama-3-3-70b-instruct,match_llm_one,match,llm_one,314,5,5,0,0,nan,1.0,,,,0,0
managed-llama-3-3-70b-instruct,match_llm_semi,match,llm_semi,100,5,0,5,1,1.0,1.0,0.8182,0.8182,0.8182,17,7
managed-llama-3-3-70b-instruct,match_llm_semi,match,llm_semi,101,5,5,0,0,nan,1.0,,,,0,0
managed-llama-3-3-70b-instruct,match_llm_semi,match,llm_semi,102,5,0,5,3,0.2,0.2,0.24,0.75,0.53718,23,18
managed-llama-3-3-70b-instruct,match_llm_semi,match,llm_semi,103,5,0,5,2,0.4,0.4,0.1,0.2,0.16,10,1
managed-llama-3-3-70b-instruct,match_llm_semi,match,llm_semi,104,5,0,5,1,1.0,1.0,0.6154,0.6154,0.6154,10,1
managed-llama-3-3-70b-instruct,match_llm_semi,match,llm_semi,105,5,0,5,2,0.4,0.4,0.8182,0.96,0.90328,14,9
managed-llama-3-3-70b-instruct,match_llm_semi,match,llm_semi,106,5,0,5,2,0.4,0.4,0.6667,0.9333,0.8266600000000001,12,7
managed-llama-3-3-70b-instruct,match_llm_semi,match,llm_semi,107,5,0,5,1,1.0,1.0,1.0,1.0,1.0,14,0
managed-llama-3-3-70b-instruct,match_llm_semi,match,llm_semi,108,5,0,5,2,0.4,0.4,0.0,0.1538,0.09228,14,14
managed-llama-3-3-70b-instruct,match_llm_semi,match,llm_semi,109,5,0,5,3,0.2,0.2,0.5238,0.6,0.5623400000000001,12,4
managed-llama-3-3-70b-instruct,match_llm_semi,match,llm_semi,110,5,0,5,5,0.0,0.0,0.3333,0.4444,0.38558,24,12
managed-llama-3-3-70b-instruct,match_llm_semi,match,llm_semi,111,5,0,5,3,0.3,0.3,0.1429,0.1667,0.15936,24,12
managed-llama-3-3-70b-instruct,match_llm_semi,match,llm_semi,112,5,0,5,1,1.0,1.0,0.0,0.0,0.0,1,1
managed-llama-3-3-70b-instruct,match_llm_semi,match,llm_semi,113,5,0,5,2,0.6,0.6,0.6667,0.8,0.77334,15,12
managed-llama-3-3-70b-instruct,match_llm_semi,match,llm_semi,114,5,0,5,2,0.4,0.4,0.5714,0.5714,0.5714,13,8
managed-llama-3-3-70b-instruct,match_llm_semi,match,llm_semi,115,5,0,5,1,1.0,1.0,0.9683,0.9683,0.9682999999999999,63,0
managed-llama-3-3-70b-instruct,match_llm_semi,match,llm_semi,116,5,0,5,3,0.3,0.3,0.8108,0.8718,0.85366,18,2
managed-llama-3-3-70b-instruct,match_llm_semi,match,llm_semi,117,5,0,5,3,0.3,0.3,0.725,0.7711,0.74364,35,5
managed-llama-3-3-70b-instruct,match_llm_semi,match,llm_semi,118,5,0,5,1,1.0,1.0,1.0,1.0,1.0,6,0
managed-llama-3-3-70b-instruct,match_llm_semi,match,llm_semi,119,5,0,5,1,1.0,1.0,0.0,0.0,0.0,11,11
managed-llama-3-3-70b-instruct,match_llm_semi,match,llm_semi,120,5,0,5,1,1.0,1.0,0.0,0.0,0.0,27,25
managed-llama-3-3-70b-instruct,match_llm_semi,match,llm_semi,121,5,0,5,1,1.0,1.0,0.8235,0.8235,0.8234999999999999,31,21
managed-llama-3-3-70b-instruct,match_llm_semi,match,llm_semi,122,5,0,5,2,0.4,0.4,0.4,0.5,0.44000000000000006,20,13
managed-llama-3-3-70b-instruct,match_llm_semi,match,llm_semi,123,5,0,5,3,0.3,0.3,0.8077,0.8889,0.83598,23,6
managed-llama-3-3-70b-instruct,match_llm_semi,match,llm_semi,124,5,0,5,3,0.2,0.2,0.2778,0.3429,0.32604,15,6
managed-llama-3-3-70b-instruct,match_llm_semi,match,llm_semi,125,5,0,5,2,0.4,0.4,0.1667,0.1739,0.17102,22,1
managed-llama-3-3-70b-instruct,match_llm_semi,match,llm_semi,126,5,0,5,1,1.0,1.0,0.0,0.0,0.0,48,7
managed-llama-3-3-70b-instruct,match_llm_semi,match,llm_semi,127,5,0,5,3,0.3,0.3,0.1333,0.2581,0.22668,21,14
managed-llama-3-3-70b-instruct,match_llm_semi,match,llm_semi,128,5,0,5,3,0.3,0.3,0.4545,0.5,0.48613999999999996,24,11
managed-llama-3-3-70b-instruct,match_llm_semi,match,llm_semi,129,5,0,5,2,0.4,0.4,0.6154,0.766,0.7057599999999999,24,9
managed-llama-3-3-70b-instruct,match_llm_semi,match,llm_semi,200,5,5,0,0,nan,1.0,,,,0,0
managed-llama-3-3-70b-instruct,match_llm_semi,match,llm_semi,201,5,5,0,0,nan,1.0,,,,0,0
managed-llama-3-3-70b-instruct,match_llm_semi,match,llm_semi,202,5,5,0,0,nan,1.0,,,,0,0
managed-llama-3-3-70b-instruct,match_llm_semi,match,llm_semi,203,5,5,0,0,nan,1.0,,,,0,0
managed-llama-3-3-70b-instruct,match_llm_semi,match,llm_semi,204,5,2,3,2,0.3333333333333333,0.2,0.5714,0.75,0.6904666666666667,9,4
managed-llama-3-3-70b-instruct,match_llm_semi,match,llm_semi,205,5,0,5,2,0.4,0.4,0.25,0.2857,0.27142,13,5
managed-llama-3-3-70b-instruct,match_llm_semi,match,llm_semi,206,5,5,0,0,nan,1.0,,,,0,0
managed-llama-3-3-70b-instruct,match_llm_semi,match,llm_semi,207,5,5,0,0,nan,1.0,,,,0,0
managed-llama-3-3-70b-instruct,match_llm_semi,match,llm_semi,208,5,5,0,0,nan,1.0,,,,0,0
managed-llama-3-3-70b-instruct,match_llm_semi,match,llm_semi,209,5,5,0,0,nan,1.0,,,,0,0
managed-llama-3-3-70b-instruct,match_llm_semi,match,llm_semi,210,5,5,0,0,nan,1.0,,,,0,0
managed-llama-3-3-70b-instruct,match_llm_semi,match,llm_semi,211,5,5,0,0,nan,1.0,,,,0,0
managed-llama-3-3-70b-instruct,match_llm_semi,match,llm_semi,212,5,5,0,0,nan,1.0,,,,0,0
managed-llama-3-3-70b-instruct,match_llm_semi,match,llm_semi,213,5,5,0,0,nan,1.0,,,,0,0
managed-llama-3-3-70b-instruct,match_llm_semi,match,llm_semi,214,5,5,0,0,nan,1.0,,,,0,0
managed-llama-3-3-70b-instruct,match_llm_semi,match,llm_semi,300,5,0,5,3,0.3,0.3,0.1429,0.1429,0.1429,12,4
managed-llama-3-3-70b-instruct,match_llm_semi,match,llm_semi,301,5,0,5,1,1.0,1.0,0.8,0.8,0.8,5,0
managed-llama-3-3-70b-instruct,match_llm_semi,match,llm_semi,302,5,0,5,2,0.4,0.4,0.8889,0.8889,0.8888999999999999,5,1
managed-llama-3-3-70b-instruct,match_llm_semi,match,llm_semi,303,5,0,5,1,1.0,1.0,0.5455,0.5455,0.5455,8,0
managed-llama-3-3-70b-instruct,match_llm_semi,match,llm_semi,304,5,0,5,2,0.4,0.4,0.7368,0.7368,0.7368,12,1
managed-llama-3-3-70b-instruct,match_llm_semi,match,llm_semi,305,5,0,5,2,0.4,0.4,0.35,0.35,0.35,29,5
managed-llama-3-3-70b-instruct,match_llm_semi,match,llm_semi,306,5,0,5,1,1.0,1.0,0.9091,0.9091,0.9091000000000001,6,0
managed-llama-3-3-70b-instruct,match_llm_semi,match,llm_semi,307,5,0,5,1,1.0,1.0,0.5714,0.5714,0.5714,5,0
managed-llama-3-3-70b-instruct,match_llm_semi,match,llm_semi,308,5,0,5,2,0.4,0.4,0.2222,0.4444,0.35552,6,1
managed-llama-3-3-70b-instruct,match_llm_semi,match,llm_semi,309,5,0,5,2,0.4,0.4,0.32,0.32,0.32,19,1
managed-llama-3-3-70b-instruct,match_llm_semi,match,llm_semi,310,5,0,5,1,1.0,1.0,0.2857,0.2857,0.2857,5,0
managed-llama-3-3-70b-instruct,match_llm_semi,match,llm_semi,311,5,0,5,1,1.0,1.0,0.7143,0.7143,0.7143,8,0
managed-llama-3-3-70b-instruct,match_llm_semi,match,llm_semi,312,5,0,5,1,1.0,1.0,0.5,0.5,0.5,5,0
managed-llama-3-3-70b-instruct,match_llm_semi,match,llm_semi,313,5,0,5,1,1.0,1.0,0.8,0.8,0.8,5,0
managed-llama-3-3-70b-instruct,match_llm_semi,match,llm_semi,314,5,0,5,2,0.4,0.4,0.2667,0.2667,0.2667,12,2
managed-llama-3-3-70b-instruct,multi_llm_all,multi,llm_all,1,5,0,5,3,0.3,0.3,0.0,0.0,0.0,137,108
managed-llama-3-3-70b-instruct,multi_llm_all,multi,llm_all,10,5,0,5,1,1.0,1.0,1.0,1.0,1.0,13,12
managed-llama-3-3-70b-instruct,multi_llm_all,multi,llm_all,11,5,1,4,1,1.0,0.6,1.0,1.0,1.0,18,9
managed-llama-3-3-70b-instruct,multi_llm_all,multi,llm_all,12,5,0,5,1,1.0,1.0,1.0,1.0,1.0,3212,2516
managed-llama-3-3-70b-instruct,multi_llm_all,multi,llm_all,13,5,0,5,1,1.0,1.0,1.0,1.0,1.0,6,2
managed-llama-3-3-70b-instruct,multi_llm_all,multi,llm_all,14,5,0,5,1,1.0,1.0,0.0,0.0,0.0,620,491
managed-llama-3-3-70b-instruct,multi_llm_all,multi,llm_all,15,5,0,5,3,0.2,0.2,0.0,1.0,0.2,24,22
managed-llama-3-3-70b-instruct,multi_llm_all,multi,llm_all,16,5,0,5,1,1.0,1.0,0.0,0.0,0.0,6,3
managed-llama-3-3-70b-instruct,multi_llm_all,multi,llm_all,17,5,0,5,1,1.0,1.0,0.0,0.0,0.0,51,36
managed-llama-3-3-70b-instruct,multi_llm_all,multi,llm_all,18,5,0,5,1,1.0,1.0,0.0,0.0,0.0,2,2
managed-llama-3-3-70b-instruct,multi_llm_all,multi,llm_all,19,5,0,5,1,1.0,1.0,0.0,0.0,0.0,5,3
managed-llama-3-3-70b-instruct,multi_llm_all,multi,llm_all,2,5,0,5,1,1.0,1.0,1.0,1.0,1.0,34,26
managed-llama-3-3-70b-instruct,multi_llm_all,multi,llm_all,20,5,0,5,1,1.0,1.0,0.0,0.0,0.0,8,3
managed-llama-3-3-70b-instruct,multi_llm_all,multi,llm_all,21,5,5,0,0,nan,1.0,,,,0,0
managed-llama-3-3-70b-instruct,multi_llm_all,multi,llm_all,22,5,0,5,1,1.0,1.0,1.0,1.0,1.0,27,7
managed-llama-3-3-70b-instruct,multi_llm_all,multi,llm_all,23,5,0,5,3,0.2,0.2,0.0,0.0,0.0,30,16
managed-llama-3-3-70b-instruct,multi_llm_all,multi,llm_all,24,5,5,0,0,nan,1.0,,,,0,0
managed-llama-3-3-70b-instruct,multi_llm_all,multi,llm_all,25,5,0,5,1,1.0,1.0,0.0,0.0,0.0,63,33
managed-llama-3-3-70b-instruct,multi_llm_all,multi,llm_all,26,5,0,5,5,0.0,0.0,0.0,0.0,0.0,53,40
managed-llama-3-3-70b-instruct,multi_llm_all,multi,llm_all,27,5,0,5,5,0.0,0.0,0.0,0.0,0.0,225,183
managed-llama-3-3-70b-instruct,multi_llm_all,multi,llm_all,28,5,0,5,3,0.3,0.3,0.0,1.0,0.6,280,173
managed-llama-3-3-70b-instruct,multi_llm_all,multi,llm_all,29,5,0,5,1,1.0,1.0,1.0,1.0,1.0,23,15
managed-llama-3-3-70b-instruct,multi_llm_all,multi,llm_all,3,5,0,5,2,0.6,0.6,0.0,1.0,0.8,266,200
managed-llama-3-3-70b-instruct,multi_llm_all,multi,llm_all,30,5,0,5,2,0.6,0.6,0.0,0.0,0.0,25,15
managed-llama-3-3-70b-instruct,multi_llm_all,multi,llm_all,31,5,0,5,3,0.3,0.3,0.0,0.0,0.0,27,21
managed-llama-3-3-70b-instruct,multi_llm_all,multi,llm_all,32,5,0,5,3,0.3,0.3,0.0,0.0,0.0,152,94
managed-llama-3-3-70b-instruct,multi_llm_all,multi,llm_all,33,5,0,5,1,1.0,1.0,0.0,0.0,0.0,5,4
managed-llama-3-3-70b-instruct,multi_llm_all,multi,llm_all,34,5,5,0,0,nan,1.0,,,,0,0
managed-llama-3-3-70b-instruct,multi_llm_all,multi,llm_all,35,5,0,5,3,0.3,0.3,0.0,0.0,0.0,43,25
managed-llama-3-3-70b-instruct,multi_llm_all,multi,llm_all,36,5,3,2,1,1.0,0.4,1.0,1.0,1.0,13,4
managed-llama-3-3-70b-instruct,multi_llm_all,multi,llm_all,37,5,0,5,2,0.4,0.4,0.0,1.0,0.6,40,21
managed-llama-3-3-70b-instruct,multi_llm_all,multi,llm_all,38,5,0,5,1,1.0,1.0,1.0,1.0,1.0,18,14
managed-llama-3-3-70b-instruct,multi_llm_all,multi,llm_all,39,5,0,5,5,0.0,0.0,0.0,0.0,0.0,94,71
managed-llama-3-3-70b-instruct,multi_llm_all,multi,llm_all,4,5,0,5,2,0.4,0.4,0.0,1.0,0.4,27,11
managed-llama-3-3-70b-instruct,multi_llm_all,multi,llm_all,40,5,0,5,3,0.3,0.3,0.0,0.0,0.0,618,419
managed-llama-3-3-70b-instruct,multi_llm_all,multi,llm_all,41,5,0,5,3,0.2,0.2,0.0,0.0,0.0,80,52
managed-llama-3-3-70b-instruct,multi_llm_all,multi,llm_all,42,5,0,5,1,1.0,1.0,0.0,0.0,0.0,31,18
managed-llama-3-3-70b-instruct,multi_llm_all,multi,llm_all,43,5,0,5,3,0.3,0.3,0.0,0.0,0.0,30,26
managed-llama-3-3-70b-instruct,multi_llm_all,multi,llm_all,44,5,0,5,2,0.6,0.6,0.0,1.0,0.8,44,19
managed-llama-3-3-70b-instruct,multi_llm_all,multi,llm_all,45,5,5,0,0,nan,1.0,,,,0,0
managed-llama-3-3-70b-instruct,multi_llm_all,multi,llm_all,46,5,0,5,5,0.0,0.0,0.0,0.0,0.0,280,231
managed-llama-3-3-70b-instruct,multi_llm_all,multi,llm_all,47,5,0,5,5,0.0,0.0,0.0,0.0,0.0,108,79
managed-llama-3-3-70b-instruct,multi_llm_all,multi,llm_all,48,5,5,0,0,nan,1.0,,,,0,0
managed-llama-3-3-70b-instruct,multi_llm_all,multi,llm_all,49,5,4,1,1,nan,0.6,0.0,0.0,0.0,0,0
managed-llama-3-3-70b-instruct,multi_llm_all,multi,llm_all,5,5,0,5,2,0.4,0.4,0.0,0.0,0.0,18,9
managed-llama-3-3-70b-instruct,multi_llm_all,multi,llm_all,50,5,5,0,0,nan,1.0,,,,0,0
managed-llama-3-3-70b-instruct,multi_llm_all,multi,llm_all,51,5,0,5,1,1.0,1.0,1.0,1.0,1.0,235,100
managed-llama-3-3-70b-instruct,multi_llm_all,multi,llm_all,52,5,0,5,2,0.6,0.6,0.0,0.0,0.0,13,7
managed-llama-3-3-70b-instruct,multi_llm_all,multi,llm_all,53,5,0,5,1,1.0,1.0,0.0,0.0,0.0,265,119
managed-llama-3-3-70b-instruct,multi_llm_all,multi,llm_all,54,5,0,5,1,1.0,1.0,1.0,1.0,1.0,36,13
managed-llama-3-3-70b-instruct,multi_llm_all,multi,llm_all,55,5,5,0,0,nan,1.0,,,,0,0
managed-llama-3-3-70b-instruct,multi_llm_all,multi,llm_all,56,5,0,5,2,0.6,0.6,0.0,0.0,0.0,160,103
managed-llama-3-3-70b-instruct,multi_llm_all,multi,llm_all,57,5,0,5,1,1.0,1.0,1.0,1.0,1.0,20,12
managed-llama-3-3-70b-instruct,multi_llm_all,multi,llm_all,58,5,0,5,4,0.1,0.1,0.0,0.0,0.0,2,1
managed-llama-3-3-70b-instruct,multi_llm_all,multi,llm_all,59,5,0,5,1,1.0,1.0,1.0,1.0,1.0,4,2
managed-llama-3-3-70b-instruct,multi_llm_all,multi,llm_all,6,5,0,5,1,1.0,1.0,1.0,1.0,1.0,65,49
managed-llama-3-3-70b-instruct,multi_llm_all,multi,llm_all,60,5,0,5,1,1.0,1.0,1.0,1.0,1.0,232,156
managed-llama-3-3-70b-instruct,multi_llm_all,multi,llm_all,7,5,0,5,1,1.0,1.0,1.0,1.0,1.0,137,91
managed-llama-3-3-70b-instruct,multi_llm_all,multi,llm_all,8,5,0,5,1,1.0,1.0,0.0,0.0,0.0,73,50
managed-llama-3-3-70b-instruct,multi_llm_all,multi,llm_all,9,5,5,0,0,nan,1.0,,,,0,0
managed-llama-3-3-70b-instruct,order_llm_all,order,llm_all,0,5,4,1,1,nan,0.6,1.0,1.0,1.0,0,0
managed-llama-3-3-70b-instruct,order_llm_all,order,llm_all,1,5,5,0,0,nan,1.0,,,,0,0
managed-llama-3-3-70b-instruct,order_llm_all,order,llm_all,10,5,5,0,0,nan,1.0,,,,0,0
managed-llama-3-3-70b-instruct,order_llm_all,order,llm_all,11,5,5,0,0,nan,1.0,,,,0,0
managed-llama-3-3-70b-instruct,order_llm_all,order,llm_all,12,5,5,0,0,nan,1.0,,,,0,0
managed-llama-3-3-70b-instruct,order_llm_all,order,llm_all,13,5,5,0,0,nan,1.0,,,,0,0
managed-llama-3-3-70b-instruct,order_llm_all,order,llm_all,14,5,0,5,1,1.0,1.0,0.4286,0.4286,0.4286,1,1
managed-llama-3-3-70b-instruct,order_llm_all,order,llm_all,15,5,5,0,0,nan,1.0,,,,0,0
managed-llama-3-3-70b-instruct,order_llm_all,order,llm_all,16,5,5,0,0,nan,1.0,,,,0,0
managed-llama-3-3-70b-instruct,order_llm_all,order,llm_all,17,5,5,0,0,nan,1.0,,,,0,0
managed-llama-3-3-70b-instruct,order_llm_all,order,llm_all,18,5,5,0,0,nan,1.0,,,,0,0
managed-llama-3-3-70b-instruct,order_llm_all,order,llm_all,19,5,5,0,0,nan,1.0,,,,0,0
managed-llama-3-3-70b-instruct,order_llm_all,order,llm_all,2,5,5,0,0,nan,1.0,,,,0,0
managed-llama-3-3-70b-instruct,order_llm_all,order,llm_all,20,5,4,1,1,nan,0.6,0.9333,0.9333,0.9333,0,0
managed-llama-3-3-70b-instruct,order_llm_all,order,llm_all,21,5,5,0,0,nan,1.0,,,,0,0
managed-llama-3-3-70b-instruct,order_llm_all,order,llm_all,22,5,5,0,0,nan,1.0,,,,0,0
managed-llama-3-3-70b-instruct,order_llm_all,order,llm_all,23,5,3,2,2,0.0,0.3,0.0,1.0,0.5,1,1
managed-llama-3-3-70b-instruct,order_llm_all,order,llm_all,24,5,5,0,0,nan,1.0,,,,0,0
managed-llama-3-3-70b-instruct,order_llm_all,order,llm_all,25,5,4,1,1,nan,0.6,0.0,0.0,0.0,0,0
managed-llama-3-3-70b-instruct,order_llm_all,order,llm_all,26,5,5,0,0,nan,1.0,,,,0,0
managed-llama-3-3-70b-instruct,order_llm_all,order,llm_all,27,5,5,0,0,nan,1.0,,,,0,0
managed-llama-3-3-70b-instruct,order_llm_all,order,llm_all,28,5,5,0,0,nan,1.0,,,,0,0
managed-llama-3-3-70b-instruct,order_llm_all,order,llm_all,29,5,5,0,0,nan,1.0,,,,0,0
managed-llama-3-3-70b-instruct,order_llm_all,order,llm_all,3,5,5,0,0,nan,1.0,,,,0,0
managed-llama-3-3-70b-instruct,order_llm_all,order,llm_all,4,5,5,0,0,nan,1.0,,,,0,0
managed-llama-3-3-70b-instruct,order_llm_all,order,llm_all,5,5,4,1,1,nan,0.6,1.0,1.0,1.0,0,0
managed-llama-3-3-70b-instruct,order_llm_all,order,llm_all,6,5,5,0,0,nan,1.0,,,,0,0
managed-llama-3-3-70b-instruct,order_llm_all,order,llm_all,7,5,5,0,0,nan,1.0,,,,0,0
managed-llama-3-3-70b-instruct,order_llm_all,order,llm_all,8,5,5,0,0,nan,1.0,,,,0,0
managed-llama-3-3-70b-instruct,order_llm_all,order,llm_all,9,5,5,0,0,nan,1.0,,,,0,0
managed-llama-3-3-70b-instruct,order_llm_one-heap,order,llm_one,0,5,5,0,0,nan,1.0,,,,0,0
managed-llama-3-3-70b-instruct,order_llm_one-heap,order,llm_one,1,5,5,0,0,nan,1.0,,,,0,0
managed-llama-3-3-70b-instruct,order_llm_one-heap,order,llm_one,10,5,5,0,0,nan,1.0,,,,0,0
managed-llama-3-3-70b-instruct,order_llm_one-heap,order,llm_one,11,5,5,0,0,nan,1.0,,,,0,0
managed-llama-3-3-70b-instruct,order_llm_one-heap,order,llm_one,12,5,5,0,0,nan,1.0,,,,0,0
managed-llama-3-3-70b-instruct,order_llm_one-heap,order,llm_one,13,5,5,0,0,nan,1.0,,,,0,0
managed-llama-3-3-70b-instruct,order_llm_one-heap,order,llm_one,14,5,5,0,0,nan,1.0,,,,0,0
managed-llama-3-3-70b-instruct,order_llm_one-heap,order,llm_one,15,5,5,0,0,nan,1.0,,,,0,0
managed-llama-3-3-70b-instruct,order_llm_one-heap,order,llm_one,16,5,5,0,0,nan,1.0,,,,0,0
managed-llama-3-3-70b-instruct,order_llm_one-heap,order,llm_one,17,5,5,0,0,nan,1.0,,,,0,0
managed-llama-3-3-70b-instruct,order_llm_one-heap,order,llm_one,18,5,5,0,0,nan,1.0,,,,0,0
managed-llama-3-3-70b-instruct,order_llm_one-heap,order,llm_one,19,5,5,0,0,nan,1.0,,,,0,0
managed-llama-3-3-70b-instruct,order_llm_one-heap,order,llm_one,2,5,5,0,0,nan,1.0,,,,0,0
managed-llama-3-3-70b-instruct,order_llm_one-heap,order,llm_one,20,5,5,0,0,nan,1.0,,,,0,0
managed-llama-3-3-70b-instruct,order_llm_one-heap,order,llm_one,21,5,5,0,0,nan,1.0,,,,0,0
managed-llama-3-3-70b-instruct,order_llm_one-heap,order,llm_one,22,5,5,0,0,nan,1.0,,,,0,0
managed-llama-3-3-70b-instruct,order_llm_one-heap,order,llm_one,23,5,5,0,0,nan,1.0,,,,0,0
managed-llama-3-3-70b-instruct,order_llm_one-heap,order,llm_one,24,5,5,0,0,nan,1.0,,,,0,0
managed-llama-3-3-70b-instruct,order_llm_one-heap,order,llm_one,25,5,5,0,0,nan,1.0,,,,0,0
managed-llama-3-3-70b-instruct,order_llm_one-heap,order,llm_one,26,5,0,5,2,0.4,0.4,0.2,0.3,0.24,10,1
managed-llama-3-3-70b-instruct,order_llm_one-heap,order,llm_one,27,5,5,0,0,nan,1.0,,,,0,0
managed-llama-3-3-70b-instruct,order_llm_one-heap,order,llm_one,28,5,5,0,0,nan,1.0,,,,0,0
managed-llama-3-3-70b-instruct,order_llm_one-heap,order,llm_one,29,5,5,0,0,nan,1.0,,,,0,0
managed-llama-3-3-70b-instruct,order_llm_one-heap,order,llm_one,3,5,5,0,0,nan,1.0,,,,0,0
managed-llama-3-3-70b-instruct,order_llm_one-heap,order,llm_one,4,5,5,0,0,nan,1.0,,,,0,0
managed-llama-3-3-70b-instruct,order_llm_one-heap,order,llm_one,5,5,5,0,0,nan,1.0,,,,0,0
managed-llama-3-3-70b-instruct,order_llm_one-heap,order,llm_one,6,5,5,0,0,nan,1.0,,,,0,0
managed-llama-3-3-70b-instruct,order_llm_one-heap,order,llm_one,7,5,5,0,0,nan,1.0,,,,0,0
managed-llama-3-3-70b-instruct,order_llm_one-heap,order,llm_one,8,5,5,0,0,nan,1.0,,,,0,0
managed-llama-3-3-70b-instruct,order_llm_one-heap,order,llm_one,9,5,5,0,0,nan,1.0,,,,0,0
managed-llama-3-3-70b-instruct,order_llm_one-simple,order,llm_one,0,5,5,0,0,nan,1.0,,,,0,0
managed-llama-3-3-70b-instruct,order_llm_one-simple,order,llm_one,1,5,5,0,0,nan,1.0,,,,0,0
managed-llama-3-3-70b-instruct,order_llm_one-simple,order,llm_one,10,5,5,0,0,nan,1.0,,,,0,0
managed-llama-3-3-70b-instruct,order_llm_one-simple,order,llm_one,11,5,5,0,0,nan,1.0,,,,0,0
managed-llama-3-3-70b-instruct,order_llm_one-simple,order,llm_one,12,5,5,0,0,nan,1.0,,,,0,0
managed-llama-3-3-70b-instruct,order_llm_one-simple,order,llm_one,13,5,5,0,0,nan,1.0,,,,0,0
managed-llama-3-3-70b-instruct,order_llm_one-simple,order,llm_one,14,5,5,0,0,nan,1.0,,,,0,0
managed-llama-3-3-70b-instruct,order_llm_one-simple,order,llm_one,15,5,5,0,0,nan,1.0,,,,0,0
managed-llama-3-3-70b-instruct,order_llm_one-simple,order,llm_one,16,5,5,0,0,nan,1.0,,,,0,0
managed-llama-3-3-70b-instruct,order_llm_one-simple,order,llm_one,17,5,5,0,0,nan,1.0,,,,0,0
managed-llama-3-3-70b-instruct,order_llm_one-simple,order,llm_one,18,5,5,0,0,nan,1.0,,,,0,0
managed-llama-3-3-70b-instruct,order_llm_one-simple,order,llm_one,19,5,5,0,0,nan,1.0,,,,0,0
managed-llama-3-3-70b-instruct,order_llm_one-simple,order,llm_one,2,5,5,0,0,nan,1.0,,,,0,0
managed-llama-3-3-70b-instruct,order_llm_one-simple,order,llm_one,20,5,5,0,0,nan,1.0,,,,0,0
managed-llama-3-3-70b-instruct,order_llm_one-simple,order,llm_one,21,5,5,0,0,nan,1.0,,,,0,0
managed-llama-3-3-70b-instruct,order_llm_one-simple,order,llm_one,22,5,5,0,0,nan,1.0,,,,0,0
managed-llama-3-3-70b-instruct,order_llm_one-simple,order,llm_one,23,5,5,0,0,nan,1.0,,,,0,0
managed-llama-3-3-70b-instruct,order_llm_one-simple,order,llm_one,24,5,5,0,0,nan,1.0,,,,0,0
managed-llama-3-3-70b-instruct,order_llm_one-simple,order,llm_one,25,5,5,0,0,nan,1.0,,,,0,0
managed-llama-3-3-70b-instruct,order_llm_one-simple,order,llm_one,26,5,0,5,2,0.4,0.4,0.3,0.4,0.33999999999999997,20,1
managed-llama-3-3-70b-instruct,order_llm_one-simple,order,llm_one,27,5,5,0,0,nan,1.0,,,,0,0
managed-llama-3-3-70b-instruct,order_llm_one-simple,order,llm_one,28,5,5,0,0,nan,1.0,,,,0,0
managed-llama-3-3-70b-instruct,order_llm_one-simple,order,llm_one,29,5,5,0,0,nan,1.0,,,,0,0
managed-llama-3-3-70b-instruct,order_llm_one-simple,order,llm_one,3,5,5,0,0,nan,1.0,,,,0,0
managed-llama-3-3-70b-instruct,order_llm_one-simple,order,llm_one,4,5,5,0,0,nan,1.0,,,,0,0
managed-llama-3-3-70b-instruct,order_llm_one-simple,order,llm_one,5,5,5,0,0,nan,1.0,,,,0,0
managed-llama-3-3-70b-instruct,order_llm_one-simple,order,llm_one,6,5,5,0,0,nan,1.0,,,,0,0
managed-llama-3-3-70b-instruct,order_llm_one-simple,order,llm_one,7,5,5,0,0,nan,1.0,,,,0,0
managed-llama-3-3-70b-instruct,order_llm_one-simple,order,llm_one,8,5,5,0,0,nan,1.0,,,,0,0
managed-llama-3-3-70b-instruct,order_llm_one-simple,order,llm_one,9,5,5,0,0,nan,1.0,,,,0,0
managed-llama-3-3-70b-instruct,order_llm_semi,order,llm_semi,0,5,5,0,0,nan,1.0,,,,0,0
managed-llama-3-3-70b-instruct,order_llm_semi,order,llm_semi,1,5,5,0,0,nan,1.0,,,,0,0
managed-llama-3-3-70b-instruct,order_llm_semi,order,llm_semi,10,5,5,0,0,nan,1.0,,,,0,0
managed-llama-3-3-70b-instruct,order_llm_semi,order,llm_semi,11,5,5,0,0,nan,1.0,,,,0,0
managed-llama-3-3-70b-instruct,order_llm_semi,order,llm_semi,12,5,5,0,0,nan,1.0,,,,0,0
managed-llama-3-3-70b-instruct,order_llm_semi,order,llm_semi,13,5,5,0,0,nan,1.0,,,,0,0
managed-llama-3-3-70b-instruct,order_llm_semi,order,llm_semi,14,5,5,0,0,nan,1.0,,,,0,0
managed-llama-3-3-70b-instruct,order_llm_semi,order,llm_semi,15,5,5,0,0,nan,1.0,,,,0,0
managed-llama-3-3-70b-instruct,order_llm_semi,order,llm_semi,16,5,5,0,0,nan,1.0,,,,0,0
managed-llama-3-3-70b-instruct,order_llm_semi,order,llm_semi,17,5,5,0,0,nan,1.0,,,,0,0
managed-llama-3-3-70b-instruct,order_llm_semi,order,llm_semi,18,5,5,0,0,nan,1.0,,,,0,0
managed-llama-3-3-70b-instruct,order_llm_semi,order,llm_semi,19,5,5,0,0,nan,1.0,,,,0,0
managed-llama-3-3-70b-instruct,order_llm_semi,order,llm_semi,2,5,5,0,0,nan,1.0,,,,0,0
managed-llama-3-3-70b-instruct,order_llm_semi,order,llm_semi,20,5,5,0,0,nan,1.0,,,,0,0
managed-llama-3-3-70b-instruct,order_llm_semi,order,llm_semi,21,5,5,0,0,nan,1.0,,,,0,0
managed-llama-3-3-70b-instruct,order_llm_semi,order,llm_semi,22,5,5,0,0,nan,1.0,,,,0,0
managed-llama-3-3-70b-instruct,order_llm_semi,order,llm_semi,23,5,5,0,0,nan,1.0,,,,0,0
managed-llama-3-3-70b-instruct,order_llm_semi,order,llm_semi,24,5,5,0,0,nan,1.0,,,,0,0
managed-llama-3-3-70b-instruct,order_llm_semi,order,llm_semi,25,5,5,0,0,nan,1.0,,,,0,0
managed-llama-3-3-70b-instruct,order_llm_semi,order,llm_semi,26,5,5,0,0,nan,1.0,,,,0,0
managed-llama-3-3-70b-instruct,order_llm_semi,order,llm_semi,27,5,5,0,0,nan,1.0,,,,0,0
managed-llama-3-3-70b-instruct,order_llm_semi,order,llm_semi,28,5,5,0,0,nan,1.0,,,,0,0
managed-llama-3-3-70b-instruct,order_llm_semi,order,llm_semi,29,5,5,0,0,nan,1.0,,,,0,0
managed-llama-3-3-70b-instruct,order_llm_semi,order,llm_semi,3,5,5,0,0,nan,1.0,,,,0,0
managed-llama-3-3-70b-instruct,order_llm_semi,order,llm_semi,4,5,5,0,0,nan,1.0,,,,0,0
managed-llama-3-3-70b-instruct,order_llm_semi,order,llm_semi,5,5,5,0,0,nan,1.0,,,,0,0
managed-llama-3-3-70b-instruct,order_llm_semi,order,llm_semi,6,5,5,0,0,nan,1.0,,,,0,0
managed-llama-3-3-70b-instruct,order_llm_semi,order,llm_semi,7,5,5,0,0,nan,1.0,,,,0,0
managed-llama-3-3-70b-instruct,order_llm_semi,order,llm_semi,8,5,5,0,0,nan,1.0,,,,0,0
managed-llama-3-3-70b-instruct,order_llm_semi,order,llm_semi,9,5,5,0,0,nan,1.0,,,,0,0
managed-llama-3-3-70b-instruct,select_llm_all,select,llm_all,100,5,5,0,0,nan,1.0,,,,0,0
managed-llama-3-3-70b-instruct,select_llm_all,select,llm_all,101,5,5,0,0,nan,1.0,,,,0,0
managed-llama-3-3-70b-instruct,select_llm_all,select,llm_all,102,5,5,0,0,nan,1.0,,,,0,0
managed-llama-3-3-70b-instruct,select_llm_all,select,llm_all,103,5,5,0,0,nan,1.0,,,,0,0
managed-llama-3-3-70b-instruct,select_llm_all,select,llm_all,104,5,5,0,0,nan,1.0,,,,0,0
managed-llama-3-3-70b-instruct,select_llm_all,select,llm_all,105,5,5,0,0,nan,1.0,,,,0,0
managed-llama-3-3-70b-instruct,select_llm_all,select,llm_all,106,5,0,5,1,1.0,1.0,1.0,1.0,1.0,1,0
managed-llama-3-3-70b-instruct,select_llm_all,select,llm_all,107,5,5,0,0,nan,1.0,,,,0,0
managed-llama-3-3-70b-instruct,select_llm_all,select,llm_all,108,5,5,0,0,nan,1.0,,,,0,0
managed-llama-3-3-70b-instruct,select_llm_all,select,llm_all,109,5,5,0,0,nan,1.0,,,,0,0
managed-llama-3-3-70b-instruct,select_llm_all,select,llm_all,110,5,5,0,0,nan,1.0,,,,0,0
managed-llama-3-3-70b-instruct,select_llm_all,select,llm_all,111,5,5,0,0,nan,1.0,,,,0,0
managed-llama-3-3-70b-instruct,select_llm_all,select,llm_all,112,5,5,0,0,nan,1.0,,,,0,0
managed-llama-3-3-70b-instruct,select_llm_all,select,llm_all,113,5,0,5,1,1.0,1.0,0.9524,0.9524,0.9524000000000001,1,1
managed-llama-3-3-70b-instruct,select_llm_all,select,llm_all,114,5,5,0,0,nan,1.0,,,,0,0
managed-llama-3-3-70b-instruct,select_llm_all,select,llm_all,115,5,5,0,0,nan,1.0,,,,0,0
managed-llama-3-3-70b-instruct,select_llm_all,select,llm_all,116,5,5,0,0,nan,1.0,,,,0,0
managed-llama-3-3-70b-instruct,select_llm_all,select,llm_all,117,5,5,0,0,nan,1.0,,,,0,0
managed-llama-3-3-70b-instruct,select_llm_all,select,llm_all,118,5,5,0,0,nan,1.0,,,,0,0
managed-llama-3-3-70b-instruct,select_llm_all,select,llm_all,119,5,5,0,0,nan,1.0,,,,0,0
managed-llama-3-3-70b-instruct,select_llm_all,select,llm_all,120,5,5,0,0,nan,1.0,,,,0,0
managed-llama-3-3-70b-instruct,select_llm_all,select,llm_all,121,5,0,5,1,1.0,1.0,1.0,1.0,1.0,1,0
managed-llama-3-3-70b-instruct,select_llm_all,select,llm_all,122,5,0,5,5,0.0,0.0,0.3889,1.0,0.70928,1,1
managed-llama-3-3-70b-instruct,select_llm_all,select,llm_all,123,5,5,0,0,nan,1.0,,,,0,0
managed-llama-3-3-70b-instruct,select_llm_all,select,llm_all,124,5,5,0,0,nan,1.0,,,,0,0
managed-llama-3-3-70b-instruct,select_llm_all,select,llm_all,125,5,5,0,0,nan,1.0,,,,0,0
managed-llama-3-3-70b-instruct,select_llm_all,select,llm_all,126,5,5,0,0,nan,1.0,,,,0,0
managed-llama-3-3-70b-instruct,select_llm_all,select,llm_all,127,5,5,0,0,nan,1.0,,,,0,0
managed-llama-3-3-70b-instruct,select_llm_all,select,llm_all,128,5,0,5,3,0.2,0.2,0.6897,0.8205,0.7562599999999999,1,1
managed-llama-3-3-70b-instruct,select_llm_all,select,llm_all,129,5,5,0,0,nan,1.0,,,,0,0
managed-llama-3-3-70b-instruct,select_llm_all,select,llm_all,200,5,0,5,1,1.0,1.0,1.0,1.0,1.0,1,0
managed-llama-3-3-70b-instruct,select_llm_all,select,llm_all,201,5,4,1,1,nan,0.6,1.0,1.0,1.0,0,0
managed-llama-3-3-70b-instruct,select_llm_all,select,llm_all,202,5,0,5,2,0.4,0.4,0.7692,0.8333,0.80766,1,1
managed-llama-3-3-70b-instruct,select_llm_all,select,llm_all,203,5,0,5,1,1.0,1.0,1.0,1.0,1.0,1,0
managed-llama-3-3-70b-instruct,select_llm_all,select,llm_all,204,5,4,1,1,nan,0.6,1.0,1.0,1.0,0,0
managed-llama-3-3-70b-instruct,select_llm_all,select,llm_all,205,5,0,5,1,1.0,1.0,0.8,0.8,0.8,1,0
managed-llama-3-3-70b-instruct,select_llm_all,select,llm_all,206,5,0,5,1,1.0,1.0,0.8571,0.8571,0.8571,1,0
managed-llama-3-3-70b-instruct,select_llm_all,select,llm_all,207,5,0,5,1,1.0,1.0,0.6667,0.6667,0.6667,1,0
managed-llama-3-3-70b-instruct,select_llm_all,select,llm_all,208,5,0,5,1,1.0,1.0,0.7778,0.7778,0.7778,1,0
managed-llama-3-3-70b-instruct,select_llm_all,select,llm_all,209,5,0,5,1,1.0,1.0,1.0,1.0,1.0,1,0
managed-llama-3-3-70b-instruct,select_llm_all,select,llm_all,210,5,0,5,1,1.0,1.0,0.9091,0.9091,0.9091000000000001,1,0
managed-llama-3-3-70b-instruct,select_llm_all,select,llm_all,211,5,0,5,3,0.2,0.2,0.7059,0.9524,0.8372400000000001,1,1
managed-llama-3-3-70b-instruct,select_llm_all,select,llm_all,212,5,0,5,1,1.0,1.0,1.0,1.0,1.0,1,0
managed-llama-3-3-70b-instruct,select_llm_all,select,llm_all,213,5,0,5,1,1.0,1.0,0.875,0.875,0.875,1,0
managed-llama-3-3-70b-instruct,select_llm_all,select,llm_all,214,5,0,5,1,1.0,1.0,0.5455,0.5455,0.5455,1,0
managed-llama-3-3-70b-instruct,select_llm_all,select,llm_all,300,5,0,5,1,1.0,1.0,0.6,0.6,0.6,1,1
managed-llama-3-3-70b-instruct,select_llm_all,select,llm_all,301,5,0,5,1,1.0,1.0,1.0,1.0,1.0,1,0
managed-llama-3-3-70b-instruct,select_llm_all,select,llm_all,302,5,0,5,1,1.0,1.0,1.0,1.0,1.0,1,0
managed-llama-3-3-70b-instruct,select_llm_all,select,llm_all,303,5,0,5,1,1.0,1.0,0.6667,0.6667,0.6667,1,0
managed-llama-3-3-70b-instruct,select_llm_all,select,llm_all,304,5,0,5,2,0.6,0.6,0.8571,1.0,0.97142,1,1
managed-llama-3-3-70b-instruct,select_llm_all,select,llm_all,305,5,0,5,1,1.0,1.0,0.5714,0.5714,0.5714,1,0
managed-llama-3-3-70b-instruct,select_llm_all,select,llm_all,306,5,0,5,1,1.0,1.0,0.5,0.5,0.5,1,0
managed-llama-3-3-70b-instruct,select_llm_all,select,llm_all,307,5,0,5,1,1.0,1.0,1.0,1.0,1.0,1,0
managed-llama-3-3-70b-instruct,select_llm_all,select,llm_all,308,5,0,5,3,0.2,0.2,0.6667,1.0,0.83334,1,1
managed-llama-3-3-70b-instruct,select_llm_all,select,llm_all,309,5,0,5,1,1.0,1.0,0.8462,0.8462,0.8462,1,0
managed-llama-3-3-70b-instruct,select_llm_all,select,llm_all,310,5,0,5,1,1.0,1.0,1.0,1.0,1.0,1,0
managed-llama-3-3-70b-instruct,select_llm_all,select,llm_all,311,5,0,5,1,1.0,1.0,1.0,1.0,1.0,1,0
managed-llama-3-3-70b-instruct,select_llm_all,select,llm_all,312,5,0,5,2,0.4,0.4,0.6667,0.8571,0.78094,1,1
managed-llama-3-3-70b-instruct,select_llm_all,select,llm_all,313,5,0,5,1,1.0,1.0,1.0,1.0,1.0,1,0
managed-llama-3-3-70b-instruct,select_llm_all,select,llm_all,314,5,0,5,1,1.0,1.0,0.8889,0.8889,0.8888999999999999,1,0
managed-llama-3-3-70b-instruct,select_llm_one,select,llm_one,100,5,5,0,0,nan,1.0,,,,0,0
managed-llama-3-3-70b-instruct,select_llm_one,select,llm_one,101,5,0,5,1,1.0,1.0,0.8,0.8,0.8,10,0
managed-llama-3-3-70b-instruct,select_llm_one,select,llm_one,102,5,5,0,0,nan,1.0,,,,0,0
managed-llama-3-3-70b-instruct,select_llm_one,select,llm_one,103,5,0,5,1,1.0,1.0,0.9091,0.9091,0.9091000000000001,34,0
managed-llama-3-3-70b-instruct,select_llm_one,select,llm_one,104,5,0,5,1,1.0,1.0,1.0,1.0,1.0,10,0
managed-llama-3-3-70b-instruct,select_llm_one,select,llm_one,105,5,5,0,0,nan,1.0,,,,0,0
managed-llama-3-3-70b-instruct,select_llm_one,select,llm_one,106,5,0,5,1,1.0,1.0,1.0,1.0,1.0,13,0
managed-llama-3-3-70b-instruct,select_llm_one,select,llm_one,107,5,5,0,0,nan,1.0,,,,0,0
managed-llama-3-3-70b-instruct,select_llm_one,select,llm_one,108,5,5,0,0,nan,1.0,,,,0,0
managed-llama-3-3-70b-instruct,select_llm_one,select,llm_one,109,5,5,0,0,nan,1.0,,,,0,0
managed-llama-3-3-70b-instruct,select_llm_one,select,llm_one,110,5,5,0,0,nan,1.0,,,,0,0
managed-llama-3-3-70b-instruct,select_llm_one,select,llm_one,111,5,5,0,0,nan,1.0,,,,0,0
managed-llama-3-3-70b-instruct,select_llm_one,select,llm_one,112,5,5,0,0,nan,1.0,,,,0,0
managed-llama-3-3-70b-instruct,select_llm_one,select,llm_one,113,5,5,0,0,nan,1.0,,,,0,0
managed-llama-3-3-70b-instruct,select_llm_one,select,llm_one,114,5,5,0,0,nan,1.0,,,,0,0
managed-llama-3-3-70b-instruct,select_llm_one,select,llm_one,115,5,5,0,0,nan,1.0,,,,0,0
managed-llama-3-3-70b-instruct,select_llm_one,select,llm_one,116,5,5,0,0,nan,1.0,,,,0,0
managed-llama-3-3-70b-instruct,select_llm_one,select,llm_one,117,5,5,0,0,nan,1.0,,,,0,0
managed-llama-3-3-70b-instruct,select_llm_one,select,llm_one,118,5,5,0,0,nan,1.0,,,,0,0
managed-llama-3-3-70b-instruct,select_llm_one,select,llm_one,119,5,5,0,0,nan,1.0,,,,0,0
managed-llama-3-3-70b-instruct,select_llm_one,select,llm_one,120,5,5,0,0,nan,1.0,,,,0,0
managed-llama-3-3-70b-instruct,select_llm_one,select,llm_one,121,5,0,5,1,1.0,1.0,1.0,1.0,1.0,26,0
managed-llama-3-3-70b-instruct,select_llm_one,select,llm_one,122,5,5,0,0,nan,1.0,,,,0,0
managed-llama-3-3-70b-instruct,select_llm_one,select,llm_one,123,5,3,2,1,1.0,0.4,0.9091,0.9091,0.9091,27,0
managed-llama-3-3-70b-instruct,select_llm_one,select,llm_one,124,5,3,2,1,1.0,0.4,1.0,1.0,1.0,27,0
managed-llama-3-3-70b-instruct,select_llm_one,select,llm_one,125,5,5,0,0,nan,1.0,,,,0,0
managed-llama-3-3-70b-instruct,select_llm_one,select,llm_one,126,5,5,0,0,nan,1.0,,,,0,0
managed-llama-3-3-70b-instruct,select_llm_one,select,llm_one,127,5,5,0,0,nan,1.0,,,,0,0
managed-llama-3-3-70b-instruct,select_llm_one,select,llm_one,128,5,5,0,0,nan,1.0,,,,0,0
managed-llama-3-3-70b-instruct,select_llm_one,select,llm_one,129,5,5,0,0,nan,1.0,,,,0,0
managed-llama-3-3-70b-instruct,select_llm_one,select,llm_one,200,5,5,0,0,nan,1.0,,,,0,0
managed-llama-3-3-70b-instruct,select_llm_one,select,llm_one,201,5,0,5,2,0.6,0.6,0.7742,0.8,0.79484,25,1
managed-llama-3-3-70b-instruct,select_llm_one,select,llm_one,202,5,0,5,1,1.0,1.0,0.9091,0.9091,0.9091000000000001,12,0
managed-llama-3-3-70b-instruct,select_llm_one,select,llm_one,203,5,0,5,1,1.0,1.0,0.6667,0.6667,0.6667,9,0
managed-llama-3-3-70b-instruct,select_llm_one,select,llm_one,204,5,0,5,1,1.0,1.0,0.8333,0.8333,0.8333,21,0
managed-llama-3-3-70b-instruct,select_llm_one,select,llm_one,205,5,5,0,0,nan,1.0,,,,0,0
managed-llama-3-3-70b-instruct,select_llm_one,select,llm_one,206,5,0,5,1,1.0,1.0,0.8889,0.8889,0.8888999999999999,6,0
managed-llama-3-3-70b-instruct,select_llm_one,select,llm_one,207,5,0,5,1,1.0,1.0,0.6667,0.6667,0.6667,6,0
managed-llama-3-3-70b-instruct,select_llm_one,select,llm_one,208,5,0,5,1,1.0,1.0,0.8235,0.8235,0.8234999999999999,13,0
managed-llama-3-3-70b-instruct,select_llm_one,select,llm_one,209,5,0,5,1,1.0,1.0,0.8571,0.8571,0.8571,9,0
managed-llama-3-3-70b-instruct,select_llm_one,select,llm_one,210,5,0,5,2,0.6,0.6,0.5882,0.625,0.61764,31,1
managed-llama-3-3-70b-instruct,select_llm_one,select,llm_one,211,5,0,5,1,1.0,1.0,0.5641,0.5641,0.5641,31,0
managed-llama-3-3-70b-instruct,select_llm_one,select,llm_one,212,5,0,5,1,1.0,1.0,0.5,0.5,0.5,40,0
managed-llama-3-3-70b-instruct,select_llm_one,select,llm_one,213,5,0,5,1,1.0,1.0,0.4,0.4,0.4,40,0
managed-llama-3-3-70b-instruct,select_llm_one,select,llm_one,214,5,0,5,1,1.0,1.0,0.5385,0.5385,0.5385,19,0
managed-llama-3-3-70b-instruct,select_llm_one,select,llm_one,300,5,5,0,0,nan,1.0,,,,0,0
managed-llama-3-3-70b-instruct,select_llm_one,select,llm_one,301,5,5,0,0,nan,1.0,,,,0,0
managed-llama-3-3-70b-instruct,select_llm_one,select,llm_one,302,5,0,5,1,1.0,1.0,0.8333,0.8333,0.8333,7,0
managed-llama-3-3-70b-instruct,select_llm_one,select,llm_one,303,5,0,5,1,1.0,1.0,0.5,0.5,0.5,8,0
managed-llama-3-3-70b-instruct,select_llm_one,select,llm_one,304,5,0,5,1,1.0,1.0,0.6154,0.6154,0.6154,10,0
managed-llama-3-3-70b-instruct,select_llm_one,select,llm_one,305,5,0,5,1,1.0,1.0,0.4444,0.4444,0.4444,8,0
managed-llama-3-3-70b-instruct,select_llm_one,select,llm_one,306,5,5,0,0,nan,1.0,,,,0,0
managed-llama-3-3-70b-instruct,select_llm_one,select,llm_one,307,5,5,0,0,nan,1.0,,,,0,0
managed-llama-3-3-70b-instruct,select_llm_one,select,llm_one,308,5,0,5,1,1.0,1.0,0.75,0.75,0.75,16,0
managed-llama-3-3-70b-instruct,select_llm_one,select,llm_one,309,5,5,0,0,nan,1.0,,,,0,0
managed-llama-3-3-70b-instruct,select_llm_one,select,llm_one,310,5,0,5,1,1.0,1.0,0.8148,0.8148,0.8148,34,0
managed-llama-3-3-70b-instruct,select_llm_one,select,llm_one,311,5,0,5,1,1.0,1.0,0.8571,0.8571,0.8571,22,0
managed-llama-3-3-70b-instruct,select_llm_one,select,llm_one,312,5,5,0,0,nan,1.0,,,,0,0
managed-llama-3-3-70b-instruct,select_llm_one,select,llm_one,313,5,5,0,0,nan,1.0,,,,0,0
managed-llama-3-3-70b-instruct,select_llm_one,select,llm_one,314,5,5,0,0,nan,1.0,,,,0,0
