scenario,config,system,query,modalities,text_only,metric,repeats,values,mean,sd,min,max,range,random,best_minus_mean,random_minus_mean,empty_runs
movie,default,bigquery,Q1,text,1,f1_score,5,"[1.0, 1.0, 1.0, 1.0, 1.0]",1.0,0.0,1.0,1.0,0.0,1.0,0.0,0.0,0
movie,default,bigquery,Q2,text,1,f1_score,5,"[1.0, 1.0, 1.0, 1.0, 1.0]",1.0,0.0,1.0,1.0,0.0,1.0,0.0,0.0,0
movie,default,bigquery,Q3,text,1,relative_error,5,"[0.4286, 0.4286, 0.4286, 0.4286, 0.4286]",0.42857142857142866,0.0,0.4285714285714286,0.4285714285714286,0.0,0.4285714285714286,-5.551115123125783e-17,-5.551115123125783e-17,0
movie,default,bigquery,Q4,text,1,relative_error,5,"[0.4286, 0.4286, 0.4286, 0.4286, 0.4286]",0.4285714030265808,0.0,0.4285714030265808,0.4285714030265808,0.0,0.4285714030265808,0.0,0.0,0
movie,default,bigquery,Q5,text,1,f1_score,5,"[0.9474, 0.7368, 1.0, 0.9, 0.8421]",0.8852631578947369,0.1014029017161457,0.7368421052631577,1.0,0.26315789473684226,0.8421052631578948,0.11473684210526314,-0.04315789473684206,0
movie,default,bigquery,Q6,text,1,f1_score,5,"[0.7, 0.7368, 0.7, 0.7, 0.6316]",0.6936842105263157,0.03820777139554004,0.631578947368421,0.7368421052631577,0.10526315789473673,0.631578947368421,0.04315789473684206,-0.06210526315789466,0
movie,default,bigquery,Q7,text,1,f1_score,5,"[0.6953, 0.6953, 0.6953, 0.6953, 0.6953]",0.6953329837441007,0.0,0.6953329837441007,0.6953329837441007,0.0,0.6953329837441007,0.0,0.0,0
movie,default,bigquery,Q8,text,1,relative_error,5,"[0.6765, 0.6765, 0.6765, 0.6765, 0.6765]",0.6765498652291105,0.0,0.6765498652291105,0.6765498652291105,0.0,0.6765498652291105,0.0,0.0,0
movie,default,bigquery,Q9,text,1,spearman_correlation,5,"[0.7761, 0.7761, 0.7761, 0.7761, 0.7761]",0.776055863697131,0.0,0.776055863697131,0.776055863697131,0.0,0.776055863697131,0.0,0.0,0
movie,default,bigquery,Q10,text,1,spearman_correlation,5,"[0.4383, 0.4377, 0.4379, 0.4377, 0.4382]",0.4379469203293039,0.00030452329021444526,0.4376739488302493,0.43834032397543365,0.0006663751451843614,0.4376739488302493,0.0003934036461297752,-0.0002729714990545862,0
movie,default,lotus,Q1,text,1,f1_score,5,"[1.0, 1.0, 1.0, 1.0, 1.0]",1.0,0.0,1.0,1.0,0.0,1.0,0.0,0.0,0
movie,default,lotus,Q2,text,1,f1_score,5,"[1.0, 1.0, 1.0, 1.0, 1.0]",1.0,0.0,1.0,1.0,0.0,1.0,0.0,0.0,0
movie,default,lotus,Q3,text,1,relative_error,5,"[0.4286, 0.4286, 0.4286, 0.4286, 0.4286]",0.42857142857142866,0.0,0.4285714285714286,0.4285714285714286,0.0,0.4285714285714286,-5.551115123125783e-17,-5.551115123125783e-17,0
movie,default,lotus,Q4,text,1,relative_error,5,"[0.4286, 0.4286, 0.4286, 0.4286, 0.4286]",0.4285714030265808,0.0,0.4285714030265808,0.4285714030265808,0.0,0.4285714030265808,0.0,0.0,0
movie,default,lotus,Q5,text,1,f1_score,5,"[0.5333, 0.6667, 0.5333, 0.5333, 0.6667]",0.5866666666666667,0.07302967433402213,0.5333333333333333,0.6666666666666666,0.1333333333333333,0.5333333333333333,0.07999999999999996,-0.053333333333333344,0
movie,default,lotus,Q6,text,1,f1_score,5,"[0.6667, 0.6667, 0.6667, 0.6667, 0.6667]",0.6666666666666666,0.0,0.6666666666666666,0.6666666666666666,0.0,0.6666666666666666,0.0,0.0,0
movie,default,lotus,Q7,text,1,f1_score,5,"[0.2186, 0.2023, 0.1988, 0.2186, 0.2023]",0.2081096485181348,0.009691557503507113,0.19878833775085195,0.21861152141802068,0.01982318366716873,0.21861152141802068,0.010501872899885883,0.010501872899885883,0
movie,default,lotus,Q8,text,1,relative_error,5,"[0.9191, 0.9191, 0.9191, 0.9191, 0.9191]",0.9191374663072777,0.0,0.9191374663072777,0.9191374663072777,0.0,0.9191374663072777,0.0,0.0,0
movie,default,lotus,Q9,text,1,spearman_correlation,5,"[0.7483, 0.7483, 0.7483, 0.7483, 0.7483]",0.7483457884063187,0.0,0.7483457884063187,0.7483457884063187,0.0,0.7483457884063187,0.0,0.0,0
movie,default,lotus,Q10,text,1,spearman_correlation,5,"[0.4039, 0.4039, 0.4039, 0.4039, 0.4039]",0.403922219806559,0.0,0.403922219806559,0.403922219806559,0.0,0.403922219806559,0.0,0.0,0
movie,default,palimpzest,Q1,text,1,f1_score,5,"[1.0, 1.0, 1.0, 1.0, 1.0]",1.0,0.0,1.0,1.0,0.0,1.0,0.0,0.0,0
movie,default,palimpzest,Q2,text,1,f1_score,5,"[1.0, 1.0, 1.0, 1.0, 1.0]",1.0,0.0,1.0,1.0,0.0,1.0,0.0,0.0,0
movie,default,palimpzest,Q3,text,1,relative_error,5,"[0.4286, 0.4286, 0.4286, 0.4286, 0.4286]",0.42857142857142866,0.0,0.4285714285714286,0.4285714285714286,0.0,0.4285714285714286,-5.551115123125783e-17,-5.551115123125783e-17,0
movie,default,palimpzest,Q4,text,1,relative_error,5,"[0.6429, 0.6429, 0.6429, 0.6429, 0.6429]",0.6428571343421936,0.0,0.6428571343421936,0.6428571343421936,0.0,0.6428571343421936,0.0,0.0,0
movie,default,palimpzest,Q5,text,1,f1_score,5,"[0.4211, 0.5, 0.5263, 0.2, 0.3158]",0.39263157894736844,0.13529489695208105,0.20000000000000004,0.5263157894736842,0.3263157894736841,0.3157894736842105,0.13368421052631574,-0.07684210526315793,0
movie,default,palimpzest,Q6,text,1,f1_score,5,"[0.8421, 0.8421, 0.8421, 0.8421, 0.7778]",0.8292397660818714,0.028768126026313158,0.7777777777777777,0.8421052631578948,0.06432748538011712,0.8421052631578948,0.012865497076023358,0.012865497076023358,0
movie,default,palimpzest,Q7,text,1,f1_score,5,"[0.679, 0.679, 0.679, 0.679, 0.679]",0.6790090570058605,0.0,0.6790090570058605,0.6790090570058605,0.0,0.6790090570058605,0.0,0.0,0
movie,default,palimpzest,Q8,text,1,relative_error,5,"[0.8383, 0.8383, 0.8383, 0.8383, 0.8383]",0.8382749326145553,0.0,0.8382749326145553,0.8382749326145553,0.0,0.8382749326145553,0.0,0.0,0
movie,default,palimpzest,Q9,text,1,spearman_correlation,5,"[0.7801, 0.7801, 0.7801, 0.7801, 0.7801]",0.7800767559272072,0.0,0.7800767559272072,0.7800767559272072,0.0,0.7800767559272072,0.0,0.0,0
movie,default,palimpzest,Q10,text,1,spearman_correlation,5,"[0.4198, 0.4198, 0.4198, 0.4198, 0.4198]",0.4198479947725463,0.0,0.41984799477254636,0.41984799477254636,0.0,0.41984799477254636,5.551115123125783e-17,5.551115123125783e-17,0
movie,default,thalamusdb,Q1,text,1,f1_score,5,"[0.9524, 0.9524, 0.9524, 0.9524, 0.9524]",0.9523809523809523,0.0,0.9523809523809523,0.9523809523809523,0.0,0.9523809523809523,0.0,0.0,0
movie,default,thalamusdb,Q2,text,1,f1_score,5,"[0.9231, 0.9231, 0.9231, 0.9231, 0.9231]",0.923076923076923,0.0,0.923076923076923,0.923076923076923,0.0,0.923076923076923,0.0,0.0,0
movie,default,thalamusdb,Q3,text,1,relative_error,5,"[0.6429, 0.6429, 0.6429, 0.6429, 0.6429]",0.6428571428571428,0.0,0.6428571428571428,0.6428571428571428,0.0,0.6428571428571428,0.0,0.0,0
movie,default,thalamusdb,Q4,text,1,relative_error,5,"[0.6429, 0.6429, 0.6429, 0.6429, 0.6429]",0.6428571343421936,0.0,0.6428571343421936,0.6428571343421936,0.0,0.6428571343421936,0.0,0.0,0
movie,default,thalamusdb,Q5,text,1,f1_score,5,"[1.0, 1.0, 1.0, 1.0, 1.0]",1.0,0.0,1.0,1.0,0.0,1.0,0.0,0.0,0
movie,default,thalamusdb,Q6,text,1,f1_score,5,"[0.85, 0.85, 0.8372, 0.8372, 0.8372]",0.8423255813953489,0.0070057536425079635,0.8372093023255813,0.85,0.01279069767441865,0.8372093023255813,0.007674418604651123,-0.0051162790697675264,0
movie,default,thalamusdb,Q7,text,1,f1_score,5,"[0.5705, 0.5681, 0.5734, 0.5688, 0.5659]",0.5693336325872699,0.00282990294391729,0.5658727766053663,0.5734391375954485,0.007566360990082233,0.5688045769346582,0.004105505008178634,-0.0005290556526116319,0
movie,default,thalamusdb,Q8,text,1,relative_error,5,"[0.7978, 0.7978, 0.7978, 0.7978, 0.7978]",0.7978436657681941,0.0,0.7978436657681941,0.7978436657681941,0.0,0.7978436657681941,0.0,0.0,0
movie,sf1000,bigquery,Q1,text,1,f1_score,5,"[0.8, 0.8, 0.8, 0.8, 0.8]",0.8000000000000002,0.0,0.8000000000000002,0.8000000000000002,0.0,0.8000000000000002,0.0,0.0,0
movie,sf1000,bigquery,Q10,text,1,spearman_correlation,5,"[0.3288, 0.3566, 0.3695, 0.3527, 0.3891]",0.35933418258640176,0.022202852498488013,0.32880323204078793,0.3890970450057096,0.060293812964921645,0.3890970450057096,0.02976286241930781,0.02976286241930781,0
movie,sf1000,bigquery,Q2,text,1,f1_score,5,"[1.0, 1.0, 1.0, 1.0, 1.0]",1.0,0.0,1.0,1.0,0.0,1.0,0.0,0.0,0
movie,sf1000,bigquery,Q3,text,1,relative_error,5,"[0.4286, 0.4286, 0.4286, 0.4286, 0.4286]",0.42857142857142866,0.0,0.4285714285714286,0.4285714285714286,0.0,0.4285714285714286,-5.551115123125783e-17,-5.551115123125783e-17,0
movie,sf1000,bigquery,Q4,text,1,relative_error,5,"[0.4286, 0.4286, 0.4286, 0.4286, 0.4286]",0.4285714030265808,0.0,0.4285714030265808,0.4285714030265808,0.0,0.4285714030265808,0.0,0.0,0
movie,sf1000,bigquery,Q5,text,1,f1_score,5,"[0.9474, 0.9474, 0.9474, 1.0, 0.8]",0.928421052631579,0.07532018450525602,0.8000000000000002,1.0,0.19999999999999984,0.9473684210526316,0.07157894736842096,0.0189473684210526,0
movie,sf1000,bigquery,Q6,text,1,f1_score,5,"[0.8, 0.8, 0.7, 0.4211, 0.7]",0.6842105263157896,0.1553746254644791,0.4210526315789474,0.8000000000000002,0.37894736842105275,0.8000000000000002,0.11578947368421055,0.11578947368421055,0
movie,sf1000,bigquery,Q7,text,1,f1_score,5,"[0.7178, 0.7178, 0.7193, 0.7178, 0.7178]",0.7181295872954192,0.0006330904966274484,0.7178464606181456,0.7192620940045137,0.001415633386368076,0.7178464606181456,0.001132506709094483,-0.000283126677273593,0
movie,sf1000,bigquery,Q8,text,1,relative_error,5,"[0.6765, 0.6765, 0.6765, 0.6765, 0.6765]",0.6765498652291105,0.0,0.6765498652291105,0.6765498652291105,0.0,0.6765498652291105,0.0,0.0,0
movie,sf1000,bigquery,Q9,text,1,spearman_correlation,5,"[0.7393, 0.7344, 0.7211, 0.7609, 0.7563]",0.7423743866887493,0.01629675354433512,0.7210732945868668,0.760861690430047,0.03978839584318028,0.760861690430047,0.0184873037412977,0.0184873037412977,0
movie,sf1000,lotus,Q1,text,1,f1_score,5,"[1.0, 1.0, 1.0, 1.0, 1.0]",1.0,0.0,1.0,1.0,0.0,1.0,0.0,0.0,0
movie,sf1000,lotus,Q10,text,1,spearman_correlation,5,"[0.3676, 0.3676, 0.3676, 0.3676, 0.3676]",0.36764202966865644,0.0,0.36764202966865644,0.36764202966865644,0.0,0.36764202966865644,0.0,0.0,0
movie,sf1000,lotus,Q2,text,1,f1_score,5,"[1.0, 1.0, 1.0, 1.0, 1.0]",1.0,0.0,1.0,1.0,0.0,1.0,0.0,0.0,0
movie,sf1000,lotus,Q3,text,1,relative_error,5,"[0.5, 0.5, 0.5, 0.5, 0.5]",0.5,0.0,0.5,0.5,0.0,0.5,0.0,0.0,0
movie,sf1000,lotus,Q4,text,1,relative_error,5,"[0.4286, 0.4286, 0.4286, 0.4286, 0.4286]",0.4285714030265808,0.0,0.4285714030265808,0.4285714030265808,0.0,0.4285714030265808,0.0,0.0,0
movie,sf1000,lotus,Q6,text,1,f1_score,5,"[0.5333, 0.5333, 0.5333, 0.5333, 0.5333]",0.5333333333333333,0.0,0.5333333333333333,0.5333333333333333,0.0,0.5333333333333333,0.0,0.0,0
movie,sf1000,lotus,Q7,text,1,f1_score,5,"[0.2435, 0.2435, 0.2435, 0.2435, 0.2123]",0.23725554239115348,0.013949081182767893,0.21230266739248776,0.24349376114081994,0.031191093748332177,0.24349376114081994,0.006238218749666458,0.006238218749666458,0
movie,sf1000,lotus,Q8,text,1,relative_error,5,"[1.0, 1.0, 1.0, 1.0, 1.0]",1.0,0.0,1.0,1.0,0.0,1.0,0.0,0.0,0
movie,sf1000,lotus,Q9,text,1,spearman_correlation,5,"[0.7626, 0.7626, 0.7626, 0.7626, 0.7626]",0.7625874142727167,0.0,0.7625874142727167,0.7625874142727167,0.0,0.7625874142727167,0.0,0.0,0
movie,sf1000,lotus,Q5,text,1,f1_score,4,"[0.3077, 0.3333, 0.3077, 0.3077]",0.3141025641025641,0.012820512820512858,0.30769230769230765,0.33333333333333337,0.025641025641025716,0.30769230769230765,0.019230769230769273,-0.006410256410256443,0
movie,sf1000,palimpzest,Q1,text,1,f1_score,5,"[1.0, 1.0, 1.0, 1.0, 1.0]",1.0,0.0,1.0,1.0,0.0,1.0,0.0,0.0,0
movie,sf1000,palimpzest,Q10,text,1,spearman_correlation,5,"[0.3926, 0.3926, 0.3926, 0.3926, 0.3926]",0.39262471552284145,0.0,0.39262471552284145,0.39262471552284145,0.0,0.39262471552284145,0.0,0.0,0
movie,sf1000,palimpzest,Q2,text,1,f1_score,5,"[1.0, 1.0, 1.0, 1.0, 1.0]",1.0,0.0,1.0,1.0,0.0,1.0,0.0,0.0,0
movie,sf1000,palimpzest,Q3,text,1,relative_error,5,"[0.4286, 0.4286, 0.4286, 0.4286, 0.4286]",0.42857142857142866,0.0,0.4285714285714286,0.4285714285714286,0.0,0.4285714285714286,-5.551115123125783e-17,-5.551115123125783e-17,0
movie,sf1000,palimpzest,Q4,text,1,relative_error,5,"[0.6429, 0.6429, 0.6429, 0.6429, 0.6429]",0.6428571343421936,0.0,0.6428571343421936,0.6428571343421936,0.0,0.6428571343421936,0.0,0.0,0
movie,sf1000,palimpzest,Q5,text,1,f1_score,5,"[0.2105, 0.4, 0.4211, 0.3158, 0.4]",0.3494736842105263,0.08756477618141233,0.2105263157894737,0.4210526315789474,0.2105263157894737,0.2105263157894737,0.07157894736842108,-0.13894736842105262,0
movie,sf1000,palimpzest,Q6,text,1,f1_score,5,"[0.6667, 0.6667, 0.5263, 0.7059, 0.5556]",0.6242174062607498,0.07837764229376801,0.5263157894736842,0.7058823529411764,0.17956656346749222,0.6666666666666665,0.08166494668042656,0.04244926040591668,0
movie,sf1000,palimpzest,Q7,text,1,f1_score,5,"[0.5692, 0.5692, 0.5692, 0.5692, 0.5692]",0.5692088156017124,0.0,0.5692088156017124,0.5692088156017124,0.0,0.5692088156017124,0.0,0.0,0
movie,sf1000,palimpzest,Q8,text,1,relative_error,5,"[0.8477, 0.8383, 0.8383, 0.8383, 0.8383]",0.8401617250673855,0.004218996183961817,0.8382749326145553,0.8477088948787062,0.00943396226415083,0.8382749326145553,0.007547169811320642,-0.0018867924528301883,0
movie,sf1000,palimpzest,Q9,text,1,spearman_correlation,5,"[0.7862, 0.7862, 0.7862, 0.7862, 0.7862]",0.7861907000421336,0.0,0.7861907000421336,0.7861907000421336,0.0,0.7861907000421336,0.0,0.0,0
movie,sf1000,thalamusdb,Q1,text,1,f1_score,5,"[1.0, 1.0, 1.0, 1.0, 1.0]",1.0,0.0,1.0,1.0,0.0,1.0,0.0,0.0,0
movie,sf1000,thalamusdb,Q2,text,1,f1_score,5,"[0.6, 0.6, 0.6, 0.6, 0.6]",0.6,0.0,0.6,0.6,0.0,0.6,0.0,0.0,0
movie,sf1000,thalamusdb,Q3,text,1,relative_error,5,"[0.8571, 0.8571, 0.8571, 0.8571, 0.8571]",0.8571428571428573,0.0,0.8571428571428572,0.8571428571428572,0.0,0.8571428571428572,-1.1102230246251565e-16,-1.1102230246251565e-16,0
movie,sf1000,thalamusdb,Q4,text,1,relative_error,5,"[0.8571, 0.8571, 0.8571, 0.8571, 0.8571]",0.8571428507566452,0.0,0.8571428507566452,0.8571428507566452,0.0,0.8571428507566452,0.0,0.0,0
movie,sf1000,thalamusdb,Q5,text,1,f1_score,5,"[0.6, 0.7, 0.7, 0.5, 0.7]",0.6399999999999999,0.08944271909999157,0.5,0.7,0.19999999999999996,0.6,0.06000000000000005,-0.039999999999999925,0
movie,sf1000,thalamusdb,Q6,text,1,f1_score,5,"[0.5333, 0.5333, 0.5333, 0.5333, 0.5333]",0.5333333333333333,0.0,0.5333333333333333,0.5333333333333333,0.0,0.5333333333333333,0.0,0.0,0
movie,sf1000,thalamusdb,Q7,text,1,f1_score,5,"[0.5815, 0.5815, 0.5815, 0.5815, 0.5815]",0.5815412186379929,0.0,0.5815412186379929,0.5815412186379929,0.0,0.5815412186379929,0.0,0.0,0
movie,sf1000,thalamusdb,Q8,text,1,relative_error,5,"[0.9191, 0.9191, 0.9191, 0.9191, 0.9191]",0.9191374663072777,0.0,0.9191374663072777,0.9191374663072777,0.0,0.9191374663072777,0.0,0.0,0
movie,sf16000,bigquery,Q1,text,1,f1_score,5,"[1.0, 1.0, 1.0, 1.0, 1.0]",1.0,0.0,1.0,1.0,0.0,1.0,0.0,0.0,0
movie,sf16000,bigquery,Q10,text,1,spearman_correlation,5,"[0.3846, 0.4219, 0.4041, 0.4105, 0.3885]",0.4019202309677059,0.015499435611167204,0.3845594358700885,0.42194000021855155,0.03738056434846304,0.3845594358700885,0.020019769250845643,-0.0173607950976174,0
movie,sf16000,bigquery,Q2,text,1,f1_score,5,"[1.0, 1.0, 1.0, 1.0, 1.0]",1.0,0.0,1.0,1.0,0.0,1.0,0.0,0.0,0
movie,sf16000,bigquery,Q3,text,1,relative_error,5,"[0.4286, 0.4286, 0.4286, 0.4286, 0.4286]",0.42857142857142866,0.0,0.4285714285714286,0.4285714285714286,0.0,0.4285714285714286,-5.551115123125783e-17,-5.551115123125783e-17,0
movie,sf16000,bigquery,Q4,text,1,relative_error,5,"[0.4286, 0.4286, 0.4286, 0.4286, 0.4286]",0.4285714030265808,0.0,0.4285714030265808,0.4285714030265808,0.0,0.4285714030265808,0.0,0.0,0
movie,sf16000,bigquery,Q5,text,1,f1_score,5,"[0.9, 0.9474, 0.8421, 1.0, 1.0]",0.9378947368421052,0.06785188366098238,0.8421052631578948,1.0,0.1578947368421052,1.0,0.062105263157894774,0.062105263157894774,0
movie,sf16000,bigquery,Q6,text,1,f1_score,5,"[0.6316, 0.7368, 0.1, 0.3158, 0.5]",0.4568421052631579,0.2539821356075191,0.10000000000000002,0.7368421052631577,0.6368421052631578,0.631578947368421,0.27999999999999986,0.17473684210526313,0
movie,sf16000,bigquery,Q7,text,1,f1_score,5,"[0.7178, 0.7192, 0.7178, 0.7201, 0.7178]",0.7185763787417105,0.0010432363590750914,0.7178464606181456,0.7200940531008132,0.002247592482667593,0.7192484587533027,0.001517674359102661,0.0006720800115921355,0
movie,sf16000,bigquery,Q8,text,1,relative_error,5,"[0.6765, 0.6765, 0.6765, 0.6765, 0.6765]",0.6765498652291105,0.0,0.6765498652291105,0.6765498652291105,0.0,0.6765498652291105,0.0,0.0,0
movie,sf16000,bigquery,Q9,text,1,spearman_correlation,5,"[0.7521, 0.7265, 0.7493, 0.7622, 0.7383]",0.7456894342697145,0.013661943100595706,0.7265470575803096,0.762198648528291,0.035651590947981426,0.7520906408573508,0.016509214258576543,0.006401206587636321,0
movie,sf16000,lotus,Q1,text,1,f1_score,5,"[1.0, 1.0, 1.0, 1.0, 1.0]",1.0,0.0,1.0,1.0,0.0,1.0,0.0,0.0,0
movie,sf16000,lotus,Q10,text,1,spearman_correlation,5,"[0.4085, 0.4085, 0.4085, 0.4085, 0.4085]",0.4085479068624972,0.0,0.40854790686249715,0.40854790686249715,0.0,0.40854790686249715,-5.551115123125783e-17,-5.551115123125783e-17,0
movie,sf16000,lotus,Q2,text,1,f1_score,5,"[1.0, 1.0, 1.0, 1.0, 1.0]",1.0,0.0,1.0,1.0,0.0,1.0,0.0,0.0,0
movie,sf16000,lotus,Q3,text,1,relative_error,5,"[0.5, 0.5, 0.5, 0.5, 0.5]",0.5,0.0,0.5,0.5,0.0,0.5,0.0,0.0,0
movie,sf16000,lotus,Q4,text,1,relative_error,5,"[0.4286, 0.4286, 0.4286, 0.4286, 0.4286]",0.4285714030265808,0.0,0.4285714030265808,0.4285714030265808,0.0,0.4285714030265808,0.0,0.0,0
movie,sf16000,lotus,Q5,text,1,f1_score,5,"[0.3077, 0.3333, 0.3077, 0.3333, 0.3333]",0.3230769230769231,0.014044168141158147,0.30769230769230765,0.33333333333333337,0.025641025641025716,0.33333333333333337,0.010256410256410275,0.010256410256410275,0
movie,sf16000,lotus,Q6,text,1,f1_score,3,"[0.4286, 0.4286, 0.4286]",0.42857142857142855,0.0,0.4285714285714285,0.4285714285714285,0.0,0.4285714285714285,-5.551115123125783e-17,-5.551115123125783e-17,0
movie,sf16000,lotus,Q7,text,1,f1_score,5,"[0.1256, 0.1283, 0.1256, 0.1256, 0.1256]",0.1261156285844422,0.00122044254223407,0.1255698300870286,0.12829882257409664,0.002728992487068038,0.1255698300870286,0.0021831939896544417,-0.0005457984974135965,0
movie,sf16000,lotus,Q8,text,1,relative_error,5,"[1.0, 1.0, 1.0, 1.0, 1.0]",1.0,0.0,1.0,1.0,0.0,1.0,0.0,0.0,0
movie,sf16000,lotus,Q9,text,1,spearman_correlation,5,"[0.7626, 0.7626, 0.7626, 0.7626, 0.7626]",0.7625874142727167,0.0,0.7625874142727167,0.7625874142727167,0.0,0.7625874142727167,0.0,0.0,0
movie,sf16000,palimpzest,Q1,text,1,f1_score,5,"[1.0, 1.0, 1.0, 1.0, 1.0]",1.0,0.0,1.0,1.0,0.0,1.0,0.0,0.0,0
movie,sf16000,palimpzest,Q10,text,1,spearman_correlation,5,"[0.4232, 0.4232, 0.4232, 0.4232, 0.4232]",0.4231644437661445,0.0,0.4231644437661445,0.4231644437661445,0.0,0.4231644437661445,0.0,0.0,0
movie,sf16000,palimpzest,Q2,text,1,f1_score,5,"[1.0, 1.0, 1.0, 1.0, 1.0]",1.0,0.0,1.0,1.0,0.0,1.0,0.0,0.0,0
movie,sf16000,palimpzest,Q3,text,1,relative_error,5,"[0.4286, 0.4286, 0.4286, 0.4286, 0.4286]",0.42857142857142866,0.0,0.4285714285714286,0.4285714285714286,0.0,0.4285714285714286,-5.551115123125783e-17,-5.551115123125783e-17,0
movie,sf16000,palimpzest,Q4,text,1,relative_error,5,"[0.6429, 0.6429, 0.6429, 0.6429, 0.6429]",0.6428571343421936,0.0,0.6428571343421936,0.6428571343421936,0.0,0.6428571343421936,0.0,0.0,0
movie,sf16000,palimpzest,Q5,text,1,f1_score,5,"[0.5263, 0.5263, 0.6316, 0.6316, 0.5263]",0.5684210526315789,0.057655006053175376,0.5263157894736842,0.631578947368421,0.10526315789473684,0.631578947368421,0.06315789473684208,0.06315789473684208,0
movie,sf16000,palimpzest,Q6,text,1,f1_score,5,"[0.8421, 0.7059, 0.7778, 0.8421, 0.7778]",0.7891296869625043,0.05657003105090704,0.7058823529411764,0.8421052631578948,0.1362229102167184,0.7058823529411764,0.052975576195390506,-0.08324733402132789,0
movie,sf16000,palimpzest,Q7,text,1,f1_score,5,"[0.5692, 0.5692, 0.5692, 0.5692, 0.5692]",0.5692088156017124,0.0,0.5692088156017124,0.5692088156017124,0.0,0.5692088156017124,0.0,0.0,0
movie,sf16000,palimpzest,Q8,text,1,relative_error,5,"[0.8383, 0.8383, 0.8383, 0.8383, 0.8383]",0.8382749326145553,0.0,0.8382749326145553,0.8382749326145553,0.0,0.8382749326145553,0.0,0.0,0
movie,sf16000,palimpzest,Q9,text,1,spearman_correlation,5,"[0.7862, 0.7862, 0.7862, 0.7862, 0.7862]",0.7861907000421336,0.0,0.7861907000421336,0.7861907000421336,0.0,0.7861907000421336,0.0,0.0,0
movie,sf16000,thalamusdb,Q1,text,1,f1_score,5,"[1.0, 1.0, 1.0, 1.0, 1.0]",1.0,0.0,1.0,1.0,0.0,1.0,0.0,0.0,0
movie,sf16000,thalamusdb,Q2,text,1,f1_score,5,"[0.8, 0.8, 0.8, 0.8, 0.8]",0.8000000000000002,0.0,0.8000000000000002,0.8000000000000002,0.0,0.8000000000000002,0.0,0.0,0
movie,sf16000,thalamusdb,Q3,text,1,relative_error,5,"[0.8571, 0.8571, 0.8571, 0.8571, 0.8571]",0.8571428571428573,0.0,0.8571428571428572,0.8571428571428572,0.0,0.8571428571428572,-1.1102230246251565e-16,-1.1102230246251565e-16,0
movie,sf16000,thalamusdb,Q4,text,1,relative_error,5,"[0.8571, 0.8571, 0.8571, 0.8571, 0.8571]",0.8571428507566452,0.0,0.8571428507566452,0.8571428507566452,0.0,0.8571428507566452,0.0,0.0,0
movie,sf16000,thalamusdb,Q5,text,1,f1_score,5,"[0.7, 0.9, 0.6, 0.9, 0.7]",0.76,0.13416407864998742,0.6,0.9,0.30000000000000004,0.9,0.14,0.14,0
movie,sf16000,thalamusdb,Q6,text,1,f1_score,5,"[0.8889, 0.9474, 0.8235, 1.0, 0.8889]",0.9097351221190231,0.06682920159809773,0.8235294117647058,1.0,0.17647058823529416,0.888888888888889,0.09026487788097692,-0.020846233230134126,0
movie,sf16000,thalamusdb,Q7,text,1,f1_score,5,"[0.5952, 0.5952, 0.5952, 0.5952, 0.5952]",0.5952095808383233,0.0,0.5952095808383233,0.5952095808383233,0.0,0.5952095808383233,0.0,0.0,0
movie,sf16000,thalamusdb,Q8,text,1,relative_error,5,"[0.9191, 0.9191, 0.9191, 0.9191, 0.9191]",0.9191374663072777,0.0,0.9191374663072777,0.9191374663072777,0.0,0.9191374663072777,0.0,0.0,0
movie,sf2000,bigquery,Q1,text,1,f1_score,5,"[1.0, 1.0, 1.0, 1.0, 1.0]",1.0,0.0,1.0,1.0,0.0,1.0,0.0,0.0,0
movie,sf2000,bigquery,Q10,text,1,spearman_correlation,5,"[0.4354, 0.409, 0.4196, 0.4136, 0.4276]",0.42102731671882215,0.010628909681650279,0.4089846703429869,0.4353834284738453,0.026398758130858402,0.4089846703429869,0.01435611175502316,-0.012042646375835242,0
movie,sf2000,bigquery,Q2,text,1,f1_score,5,"[1.0, 1.0, 1.0, 1.0, 1.0]",1.0,0.0,1.0,1.0,0.0,1.0,0.0,0.0,0
movie,sf2000,bigquery,Q3,text,1,relative_error,5,"[0.4286, 0.4286, 0.4286, 0.4286, 0.4286]",0.42857142857142866,0.0,0.4285714285714286,0.4285714285714286,0.0,0.4285714285714286,-5.551115123125783e-17,-5.551115123125783e-17,0
movie,sf2000,bigquery,Q4,text,1,relative_error,5,"[0.4286, 0.4286, 0.4286, 0.4286, 0.4286]",0.4285714030265808,0.0,0.4285714030265808,0.4285714030265808,0.0,0.4285714030265808,0.0,0.0,0
movie,sf2000,bigquery,Q5,text,1,f1_score,5,"[1.0, 0.9, 1.0, 1.0, 1.0]",0.9800000000000001,0.04472135954999579,0.9,1.0,0.09999999999999998,1.0,0.019999999999999907,0.019999999999999907,0
movie,sf2000,bigquery,Q6,text,1,f1_score,5,"[0.7, 0.4, 0.7, 0.4, 0.8421]",0.608421052631579,0.19890977088345502,0.4000000000000001,0.8421052631578948,0.4421052631578947,0.8421052631578948,0.23368421052631583,0.23368421052631583,0
movie,sf2000,bigquery,Q7,text,1,f1_score,5,"[0.7178, 0.7178, 0.7178, 0.7191, 0.7188]",0.7182745739129631,0.0005959114920762316,0.7178464606181456,0.7190681284259983,0.001221667807852711,0.7178464606181456,0.0007935545130351995,-0.0004281132948175115,0
movie,sf2000,bigquery,Q8,text,1,relative_error,5,"[0.6765, 0.6765, 0.6765, 0.6765, 0.6765]",0.6765498652291105,0.0,0.6765498652291105,0.6765498652291105,0.0,0.6765498652291105,0.0,0.0,0
movie,sf2000,bigquery,Q9,text,1,spearman_correlation,5,"[0.7462, 0.7524, 0.7466, 0.7218, 0.7754]",0.7484793302129209,0.019081996893743233,0.7218339166423886,0.7753634681150837,0.053529551472695114,0.7218339166423886,0.02688413790216282,-0.026645413570532295,0
movie,sf2000,lotus,Q1,text,1,f1_score,5,"[1.0, 1.0, 1.0, 1.0, 1.0]",1.0,0.0,1.0,1.0,0.0,1.0,0.0,0.0,0
movie,sf2000,lotus,Q10,text,1,spearman_correlation,5,"[0.4194, 0.4194, 0.4194, 0.4194, 0.4194]",0.41943292398516074,0.0,0.41943292398516074,0.41943292398516074,0.0,0.41943292398516074,0.0,0.0,0
movie,sf2000,lotus,Q2,text,1,f1_score,5,"[1.0, 1.0, 1.0, 1.0, 1.0]",1.0,0.0,1.0,1.0,0.0,1.0,0.0,0.0,0
movie,sf2000,lotus,Q3,text,1,relative_error,5,"[0.5, 0.5, 0.5, 0.5, 0.5]",0.5,0.0,0.5,0.5,0.0,0.5,0.0,0.0,0
movie,sf2000,lotus,Q4,text,1,relative_error,5,"[0.4286, 0.4286, 0.4286, 0.4286, 0.4286]",0.4285714030265808,0.0,0.4285714030265808,0.4285714030265808,0.0,0.4285714030265808,0.0,0.0,0
movie,sf2000,lotus,Q5,text,1,f1_score,5,"[0.6667, 0.6667, 0.6667, 0.6667, 0.6667]",0.6666666666666666,0.0,0.6666666666666666,0.6666666666666666,0.0,0.6666666666666666,0.0,0.0,0
movie,sf2000,lotus,Q6,text,1,f1_score,5,"[0.6667, 0.6667, 0.2667, 0.2667, 0.6667]",0.5066666666666666,0.21908902300206642,0.26666666666666666,0.6666666666666666,0.39999999999999997,0.6666666666666666,0.16000000000000003,0.16000000000000003,0
movie,sf2000,lotus,Q7,text,1,f1_score,5,"[0.1978, 0.1978, 0.1978, 0.1978, 0.2073]",0.19973604729295946,0.0042328385715975385,0.19784306433618443,0.20730797912005963,0.009464914783875206,0.20730797912005963,0.00757193182710017,0.00757193182710017,0
movie,sf2000,lotus,Q8,text,1,relative_error,5,"[1.0, 1.0, 1.0, 1.0, 1.0]",1.0,0.0,1.0,1.0,0.0,1.0,0.0,0.0,0
movie,sf2000,lotus,Q9,text,1,spearman_correlation,5,"[0.7626, 0.7626, 0.7626, 0.7626, 0.7626]",0.7625874142727167,0.0,0.7625874142727167,0.7625874142727167,0.0,0.7625874142727167,0.0,0.0,0
movie,sf2000,palimpzest,Q1,text,1,f1_score,5,"[1.0, 1.0, 1.0, 1.0, 1.0]",1.0,0.0,1.0,1.0,0.0,1.0,0.0,0.0,0
movie,sf2000,palimpzest,Q10,text,1,spearman_correlation,5,"[0.4185, 0.4185, 0.4185, 0.4185, 0.4185]",0.418522146210688,0.0,0.418522146210688,0.418522146210688,0.0,0.418522146210688,0.0,0.0,0
movie,sf2000,palimpzest,Q2,text,1,f1_score,5,"[1.0, 1.0, 1.0, 1.0, 1.0]",1.0,0.0,1.0,1.0,0.0,1.0,0.0,0.0,0
movie,sf2000,palimpzest,Q3,text,1,relative_error,5,"[0.4286, 0.4286, 0.4286, 0.4286, 0.4286]",0.42857142857142866,0.0,0.4285714285714286,0.4285714285714286,0.0,0.4285714285714286,-5.551115123125783e-17,-5.551115123125783e-17,0
movie,sf2000,palimpzest,Q4,text,1,relative_error,5,"[0.6429, 0.6429, 0.6429, 0.6429, 0.6429]",0.6428571343421936,0.0,0.6428571343421936,0.6428571343421936,0.0,0.6428571343421936,0.0,0.0,0
movie,sf2000,palimpzest,Q5,text,1,f1_score,5,"[0.4211, 0.4211, 0.2105, 0.2105, 0.4]",0.3326315789473685,0.11179720460927794,0.2105263157894737,0.4210526315789474,0.2105263157894737,0.4000000000000001,0.0884210526315789,0.06736842105263158,0
movie,sf2000,palimpzest,Q6,text,1,f1_score,5,"[0.9474, 0.8421, 0.7778, 0.7778, 0.9474]",0.8584795321637427,0.08528794191329687,0.7777777777777777,0.9473684210526316,0.16959064327485396,0.8421052631578948,0.0888888888888889,-0.01637426900584793,0
movie,sf2000,palimpzest,Q7,text,1,f1_score,5,"[0.5692, 0.5692, 0.5692, 0.5692, 0.5692]",0.5692088156017124,0.0,0.5692088156017124,0.5692088156017124,0.0,0.5692088156017124,0.0,0.0,0
movie,sf2000,palimpzest,Q8,text,1,relative_error,5,"[0.8383, 0.8383, 0.8383, 0.8383, 0.8383]",0.8382749326145553,0.0,0.8382749326145553,0.8382749326145553,0.0,0.8382749326145553,0.0,0.0,0
movie,sf2000,palimpzest,Q9,text,1,spearman_correlation,5,"[0.7862, 0.7862, 0.7862, 0.7862, 0.7862]",0.7861907000421336,0.0,0.7861907000421336,0.7861907000421336,0.0,0.7861907000421336,0.0,0.0,0
movie,sf2000,thalamusdb,Q1,text,1,f1_score,5,"[1.0, 1.0, 1.0, 1.0, 1.0]",1.0,0.0,1.0,1.0,0.0,1.0,0.0,0.0,0
movie,sf2000,thalamusdb,Q2,text,1,f1_score,5,"[0.6, 0.6, 0.6, 0.6, 0.6]",0.6,0.0,0.6,0.6,0.0,0.6,0.0,0.0,0
movie,sf2000,thalamusdb,Q3,text,1,relative_error,5,"[0.8571, 0.8571, 0.8571, 0.8571, 0.8571]",0.8571428571428573,0.0,0.8571428571428572,0.8571428571428572,0.0,0.8571428571428572,-1.1102230246251565e-16,-1.1102230246251565e-16,0
movie,sf2000,thalamusdb,Q4,text,1,relative_error,5,"[0.8571, 0.8571, 0.8571, 0.8571, 0.8571]",0.8571428507566452,0.0,0.8571428507566452,0.8571428507566452,0.0,0.8571428507566452,0.0,0.0,0
movie,sf2000,thalamusdb,Q5,text,1,f1_score,5,"[1.0, 1.0, 1.0, 1.0, 1.0]",1.0,0.0,1.0,1.0,0.0,1.0,0.0,0.0,0
movie,sf2000,thalamusdb,Q6,text,1,f1_score,5,"[0.9, 0.9, 0.9, 0.9, 0.9]",0.9,0.0,0.9,0.9,0.0,0.9,0.0,0.0,0
movie,sf2000,thalamusdb,Q7,text,1,f1_score,5,"[0.5632, 0.5632, 0.5632, 0.5632, 0.5632]",0.5631846937201049,0.0,0.5631846937201049,0.5631846937201049,0.0,0.5631846937201049,0.0,0.0,0
movie,sf2000,thalamusdb,Q8,text,1,relative_error,5,"[0.9191, 0.9191, 0.9191, 0.9191, 0.9191]",0.9191374663072777,0.0,0.9191374663072777,0.9191374663072777,0.0,0.9191374663072777,0.0,0.0,0
movie,sf4000,bigquery,Q1,text,1,f1_score,5,"[1.0, 1.0, 1.0, 1.0, 1.0]",1.0,0.0,1.0,1.0,0.0,1.0,0.0,0.0,0
movie,sf4000,bigquery,Q10,text,1,spearman_correlation,5,"[0.5052, 0.5383, 0.5398, 0.5466, 0.5059]",0.5271466840251928,0.01998673271898257,0.5051706142116936,0.5465606843039263,0.04139007009223272,0.5465606843039263,0.019414000278733523,0.019414000278733523,0
movie,sf4000,bigquery,Q2,text,1,f1_score,5,"[1.0, 1.0, 1.0, 1.0, 1.0]",1.0,0.0,1.0,1.0,0.0,1.0,0.0,0.0,0
movie,sf4000,bigquery,Q3,text,1,relative_error,5,"[0.4286, 0.4286, 0.4286, 0.4286, 0.4286]",0.42857142857142866,0.0,0.4285714285714286,0.4285714285714286,0.0,0.4285714285714286,-5.551115123125783e-17,-5.551115123125783e-17,0
movie,sf4000,bigquery,Q4,text,1,relative_error,5,"[0.4286, 0.4286, 0.4286, 0.4286, 0.4286]",0.4285714030265808,0.0,0.4285714030265808,0.4285714030265808,0.0,0.4285714030265808,0.0,0.0,0
movie,sf4000,bigquery,Q5,text,1,f1_score,5,"[1.0, 0.8, 0.8, 0.8, 1.0]",0.8800000000000001,0.10954451150103314,0.8000000000000002,1.0,0.19999999999999984,1.0,0.11999999999999988,0.11999999999999988,0
movie,sf4000,bigquery,Q6,text,1,f1_score,5,"[0.8, 0.5, 0.4211, 0.6316, 0.4211]",0.5547368421052632,0.16186242919028343,0.4210526315789474,0.8000000000000002,0.37894736842105275,0.8000000000000002,0.24526315789473696,0.24526315789473696,0
movie,sf4000,bigquery,Q7,text,1,f1_score,5,"[0.7185, 0.7178, 0.718, 0.7178, 0.7178]",0.7180186413467922,0.0002979592874529089,0.7178464606181456,0.7185345676580658,0.0006881070399201716,0.7185345676580658,0.0005159263112736179,0.0005159263112736179,0
movie,sf4000,bigquery,Q8,text,1,relative_error,5,"[0.6765, 0.6765, 0.6765, 0.6765, 0.6765]",0.6765498652291105,0.0,0.6765498652291105,0.6765498652291105,0.0,0.6765498652291105,0.0,0.0,0
movie,sf4000,bigquery,Q9,text,1,spearman_correlation,5,"[0.7429, 0.7919, 0.7392, 0.7861, 0.7475]",0.7615207779658428,0.02534829303307144,0.7392432595675664,0.7919381928620807,0.052694933294514246,0.7474832686420282,0.030417414896237838,-0.014037509323814645,0
movie,sf4000,lotus,Q1,text,1,f1_score,5,"[1.0, 1.0, 1.0, 1.0, 1.0]",1.0,0.0,1.0,1.0,0.0,1.0,0.0,0.0,0
movie,sf4000,lotus,Q10,text,1,spearman_correlation,5,"[0.5011, 0.5011, 0.5011, 0.5011, 0.5011]",0.5010639228020882,0.0,0.5010639228020882,0.5010639228020882,0.0,0.5010639228020882,0.0,0.0,0
movie,sf4000,lotus,Q2,text,1,f1_score,5,"[1.0, 1.0, 1.0, 1.0, 1.0]",1.0,0.0,1.0,1.0,0.0,1.0,0.0,0.0,0
movie,sf4000,lotus,Q3,text,1,relative_error,5,"[0.5, 0.5, 0.5, 0.5, 0.5]",0.5,0.0,0.5,0.5,0.0,0.5,0.0,0.0,0
movie,sf4000,lotus,Q4,text,1,relative_error,5,"[0.4286, 0.4286, 0.4286, 0.4286, 0.4286]",0.4285714030265808,0.0,0.4285714030265808,0.4285714030265808,0.0,0.4285714030265808,0.0,0.0,0
movie,sf4000,lotus,Q5,text,1,f1_score,5,"[0.3077, 0.3077, 0.3333, 0.3077, 0.3077]",0.31282051282051276,0.011467015269229724,0.30769230769230765,0.33333333333333337,0.025641025641025716,0.30769230769230765,0.020512820512820606,-0.00512820512820511,0
movie,sf4000,lotus,Q6,text,1,f1_score,5,"[0.4, 0.4, 0.6667, 0.6667, 0.4]",0.5066666666666666,0.14605934866804426,0.4,0.6666666666666666,0.2666666666666666,0.6666666666666666,0.16000000000000003,0.16000000000000003,0
movie,sf4000,lotus,Q7,text,1,f1_score,5,"[0.2937, 0.322, 0.3246, 0.3322, 0.3246]",0.31941365007750555,0.014854631868536977,0.29374285247508575,0.3322153010701166,0.03847244859503085,0.32457545658442805,0.012801650992611047,0.005161806506922495,0
movie,sf4000,lotus,Q8,text,1,relative_error,5,"[1.0, 1.0, 1.0, 1.0, 1.0]",1.0,0.0,1.0,1.0,0.0,1.0,0.0,0.0,0
movie,sf4000,lotus,Q9,text,1,spearman_correlation,5,"[0.7626, 0.7626, 0.7626, 0.7626, 0.7626]",0.7625874142727167,0.0,0.7625874142727167,0.7625874142727167,0.0,0.7625874142727167,0.0,0.0,0
movie,sf4000,palimpzest,Q1,text,1,f1_score,5,"[1.0, 1.0, 1.0, 1.0, 1.0]",1.0,0.0,1.0,1.0,0.0,1.0,0.0,0.0,0
movie,sf4000,palimpzest,Q10,text,1,spearman_correlation,5,"[0.4949, 0.4949, 0.4949, 0.4949, 0.4949]",0.4949142857669254,0.0,0.49491428576692537,0.49491428576692537,0.0,0.49491428576692537,-5.551115123125783e-17,-5.551115123125783e-17,0
movie,sf4000,palimpzest,Q2,text,1,f1_score,5,"[1.0, 1.0, 1.0, 1.0, 1.0]",1.0,0.0,1.0,1.0,0.0,1.0,0.0,0.0,0
movie,sf4000,palimpzest,Q3,text,1,relative_error,5,"[0.4286, 0.4286, 0.4286, 0.4286, 0.4286]",0.42857142857142866,0.0,0.4285714285714286,0.4285714285714286,0.0,0.4285714285714286,-5.551115123125783e-17,-5.551115123125783e-17,0
movie,sf4000,palimpzest,Q4,text,1,relative_error,5,"[0.6429, 0.6429, 0.6429, 0.6429, 0.6429]",0.6428571343421936,0.0,0.6428571343421936,0.6428571343421936,0.0,0.6428571343421936,0.0,0.0,0
movie,sf4000,palimpzest,Q5,text,1,f1_score,5,"[0.4211, 0.6, 0.4211, 0.3, 0.5]",0.44842105263157894,0.11086414535710709,0.3,0.6,0.3,0.5,0.15157894736842104,0.05157894736842106,0
movie,sf4000,palimpzest,Q6,text,1,f1_score,5,"[0.8421, 0.7778, 0.7368, 0.8889, 0.8421]",0.8175438596491228,0.05998073171910225,0.7368421052631577,0.888888888888889,0.1520467836257312,0.8421052631578948,0.07134502923976616,0.024561403508772006,0
movie,sf4000,palimpzest,Q7,text,1,f1_score,5,"[0.5692, 0.5692, 0.5692, 0.5692, 0.5692]",0.5692088156017124,0.0,0.5692088156017124,0.5692088156017124,0.0,0.5692088156017124,0.0,0.0,0
movie,sf4000,palimpzest,Q8,text,1,relative_error,5,"[0.8383, 0.8383, 0.8383, 0.8383, 0.8383]",0.8382749326145553,0.0,0.8382749326145553,0.8382749326145553,0.0,0.8382749326145553,0.0,0.0,0
movie,sf4000,palimpzest,Q9,text,1,spearman_correlation,5,"[0.7862, 0.7862, 0.7862, 0.7862, 0.7862]",0.7861907000421336,0.0,0.7861907000421336,0.7861907000421336,0.0,0.7861907000421336,0.0,0.0,0
movie,sf4000,thalamusdb,Q1,text,1,f1_score,5,"[1.0, 1.0, 1.0, 1.0, 1.0]",1.0,0.0,1.0,1.0,0.0,1.0,0.0,0.0,0
movie,sf4000,thalamusdb,Q2,text,1,f1_score,5,"[0.6, 0.6, 0.6, 0.6, 0.6]",0.6,0.0,0.6,0.6,0.0,0.6,0.0,0.0,0
movie,sf4000,thalamusdb,Q3,text,1,relative_error,5,"[0.8571, 0.8571, 0.8571, 0.8571, 0.8571]",0.8571428571428573,0.0,0.8571428571428572,0.8571428571428572,0.0,0.8571428571428572,-1.1102230246251565e-16,-1.1102230246251565e-16,0
movie,sf4000,thalamusdb,Q4,text,1,relative_error,5,"[0.8571, 0.8571, 0.8571, 0.8571, 0.8571]",0.8571428507566452,0.0,0.8571428507566452,0.8571428507566452,0.0,0.8571428507566452,0.0,0.0,0
movie,sf4000,thalamusdb,Q5,text,1,f1_score,5,"[0.7059, 0.7, 0.6667, 0.6667, 0.6316]",0.674158926728586,0.0299977474257118,0.631578947368421,0.7058823529411764,0.07430340557275539,0.6666666666666665,0.03172342621259039,-0.007492260061919498,0
movie,sf4000,thalamusdb,Q6,text,1,f1_score,5,"[0.9, 0.8, 0.9, 0.9, 0.8]",0.8600000000000001,0.05477225575051654,0.8000000000000002,0.9,0.09999999999999987,0.9,0.039999999999999925,0.039999999999999925,0
movie,sf4000,thalamusdb,Q7,text,1,f1_score,5,"[0.6006, 0.6006, 0.6006, 0.6006, 0.6006]",0.6005501664977559,0.0,0.6005501664977559,0.6005501664977559,0.0,0.6005501664977559,0.0,0.0,0
movie,sf4000,thalamusdb,Q8,text,1,relative_error,5,"[0.9191, 0.9191, 0.9191, 0.9191, 0.9191]",0.9191374663072777,0.0,0.9191374663072777,0.9191374663072777,0.0,0.9191374663072777,0.0,0.0,0
movie,sf8000,bigquery,Q1,text,1,f1_score,5,"[1.0, 1.0, 1.0, 1.0, 1.0]",1.0,0.0,1.0,1.0,0.0,1.0,0.0,0.0,0
movie,sf8000,bigquery,Q10,text,1,spearman_correlation,5,"[0.4282, 0.4254, 0.4343, 0.409, 0.4347]",0.42633837316595286,0.010468343979215256,0.4090292902147288,0.4347362637973083,0.025706973582579506,0.4253906227553416,0.008397890631355431,-0.0009477504106112367,0
movie,sf8000,bigquery,Q2,text,1,f1_score,5,"[1.0, 1.0, 1.0, 1.0, 1.0]",1.0,0.0,1.0,1.0,0.0,1.0,0.0,0.0,0
movie,sf8000,bigquery,Q3,text,1,relative_error,5,"[0.4286, 0.4286, 0.4286, 0.4286, 0.4286]",0.42857142857142866,0.0,0.4285714285714286,0.4285714285714286,0.0,0.4285714285714286,-5.551115123125783e-17,-5.551115123125783e-17,0
movie,sf8000,bigquery,Q4,text,1,relative_error,5,"[0.4286, 0.4286, 0.4286, 0.4286, 0.4286]",0.4285714030265808,0.0,0.4285714030265808,0.4285714030265808,0.0,0.4285714030265808,0.0,0.0,0
movie,sf8000,bigquery,Q5,text,1,f1_score,5,"[0.5556, 1.0, 0.5556, 0.8421, 0.9]",0.7706432748538011,0.20430977672920747,0.5555555555555556,1.0,0.4444444444444444,0.9,0.22935672514619887,0.1293567251461989,0
movie,sf8000,bigquery,Q6,text,1,f1_score,5,"[0.3, 0.6, 0.7, 0.5263, 0.6]",0.5452631578947369,0.15037349622074686,0.3,0.7,0.39999999999999997,0.6,0.15473684210526306,0.054736842105263084,0
movie,sf8000,bigquery,Q7,text,1,f1_score,5,"[0.7194, 0.7178, 0.7178, 0.7178, 0.7178]",0.7181626250013322,0.0007069650528695319,0.7178464606181456,0.7194272825340786,0.0015808219159330061,0.7194272825340786,0.001264657532746405,0.001264657532746405,0
movie,sf8000,bigquery,Q8,text,1,relative_error,5,"[0.6765, 0.6765, 0.6765, 0.6765, 0.6765]",0.6765498652291105,0.0,0.6765498652291105,0.6765498652291105,0.0,0.6765498652291105,0.0,0.0,0
movie,sf8000,bigquery,Q9,text,1,spearman_correlation,5,"[0.7516, 0.7509, 0.7267, 0.7369, 0.7353]",0.7402848267961406,0.010735197553458004,0.7267294584064032,0.7516199678400566,0.02489050943365334,0.7508829329404653,0.011335141043915975,0.01059810614432466,0
movie,sf8000,lotus,Q1,text,1,f1_score,5,"[1.0, 1.0, 1.0, 1.0, 1.0]",1.0,0.0,1.0,1.0,0.0,1.0,0.0,0.0,0
movie,sf8000,lotus,Q2,text,1,f1_score,5,"[1.0, 1.0, 1.0, 1.0, 1.0]",1.0,0.0,1.0,1.0,0.0,1.0,0.0,0.0,0
movie,sf8000,lotus,Q3,text,1,relative_error,5,"[0.5, 0.5, 0.5, 0.5, 0.5]",0.5,0.0,0.5,0.5,0.0,0.5,0.0,0.0,0
movie,sf8000,lotus,Q4,text,1,relative_error,5,"[0.4286, 0.4286, 0.4286, 0.4286, 0.4286]",0.4285714030265808,0.0,0.4285714030265808,0.4285714030265808,0.0,0.4285714030265808,0.0,0.0,0
movie,sf8000,lotus,Q5,text,1,f1_score,5,"[0.3333, 0.3333, 0.3333, 0.3333, 0.3333]",0.33333333333333337,0.0,0.33333333333333337,0.33333333333333337,0.0,0.33333333333333337,0.0,0.0,0
movie,sf8000,lotus,Q6,text,1,f1_score,5,"[0.6667, 0.6667, 0.5333, 0.6667, 0.5333]",0.6133333333333333,0.07302967433402213,0.5333333333333333,0.6666666666666666,0.1333333333333333,0.5333333333333333,0.053333333333333344,-0.07999999999999996,0
movie,sf8000,lotus,Q7,text,1,f1_score,4,"[0.1877, 0.1877, 0.1877, 0.1877]",0.18765915768854066,0.0,0.18765915768854066,0.18765915768854066,0.0,0.18765915768854066,0.0,0.0,0
movie,sf8000,lotus,Q8,text,1,relative_error,5,"[1.0, 1.0, 1.0, 1.0, 1.0]",1.0,0.0,1.0,1.0,0.0,1.0,0.0,0.0,0
movie,sf8000,lotus,Q9,text,1,spearman_correlation,5,"[0.7626, 0.7626, 0.7626, 0.7626, 0.7626]",0.7625874142727167,0.0,0.7625874142727167,0.7625874142727167,0.0,0.7625874142727167,0.0,0.0,0
movie,sf8000,lotus,Q10,text,1,spearman_correlation,4,"[0.4198, 0.4198, 0.4198, 0.4198]",0.4198334371172578,0.0,0.4198334371172578,0.4198334371172578,0.0,0.4198334371172578,0.0,0.0,0
movie,sf8000,palimpzest,Q1,text,1,f1_score,5,"[1.0, 1.0, 1.0, 1.0, 1.0]",1.0,0.0,1.0,1.0,0.0,1.0,0.0,0.0,0
movie,sf8000,palimpzest,Q10,text,1,spearman_correlation,5,"[0.4267, 0.4267, 0.4267, 0.4267, 0.4267]",0.4266981401872941,0.0,0.4266981401872941,0.4266981401872941,0.0,0.4266981401872941,0.0,0.0,0
movie,sf8000,palimpzest,Q2,text,1,f1_score,5,"[1.0, 1.0, 1.0, 1.0, 1.0]",1.0,0.0,1.0,1.0,0.0,1.0,0.0,0.0,0
movie,sf8000,palimpzest,Q3,text,1,relative_error,5,"[0.4286, 0.4286, 0.4286, 0.4286, 0.4286]",0.42857142857142866,0.0,0.4285714285714286,0.4285714285714286,0.0,0.4285714285714286,-5.551115123125783e-17,-5.551115123125783e-17,0
movie,sf8000,palimpzest,Q4,text,1,relative_error,5,"[0.6429, 0.6429, 0.6429, 0.6429, 0.6429]",0.6428571343421936,0.0,0.6428571343421936,0.6428571343421936,0.0,0.6428571343421936,0.0,0.0,0
movie,sf8000,palimpzest,Q5,text,1,f1_score,5,"[0.5, 0.6, 0.6, 0.6, 0.6316]",0.5863157894736842,0.05015212315609092,0.5,0.631578947368421,0.13157894736842102,0.6,0.04526315789473678,0.013684210526315743,0
movie,sf8000,palimpzest,Q6,text,1,f1_score,5,"[0.7778, 0.9, 0.7368, 0.8421, 0.7778]",0.8069005847953216,0.06424822336373623,0.7368421052631577,0.9,0.16315789473684228,0.7777777777777777,0.09309941520467846,-0.029122807017543884,0
movie,sf8000,palimpzest,Q7,text,1,f1_score,5,"[0.5692, 0.5692, 0.5692, 0.5692, 0.5692]",0.5692088156017124,0.0,0.5692088156017124,0.5692088156017124,0.0,0.5692088156017124,0.0,0.0,0
movie,sf8000,palimpzest,Q8,text,1,relative_error,5,"[0.8383, 0.8383, 0.8383, 0.8383, 0.8383]",0.8382749326145553,0.0,0.8382749326145553,0.8382749326145553,0.0,0.8382749326145553,0.0,0.0,0
movie,sf8000,palimpzest,Q9,text,1,spearman_correlation,5,"[0.7862, 0.7862, 0.7862, 0.7862, 0.7862]",0.7861907000421336,0.0,0.7861907000421336,0.7861907000421336,0.0,0.7861907000421336,0.0,0.0,0
movie,sf8000,thalamusdb,Q1,text,1,f1_score,5,"[1.0, 1.0, 1.0, 1.0, 1.0]",1.0,0.0,1.0,1.0,0.0,1.0,0.0,0.0,0
movie,sf8000,thalamusdb,Q2,text,1,f1_score,5,"[0.4, 0.4, 0.4, 0.4, 0.4]",0.4000000000000001,0.0,0.4000000000000001,0.4000000000000001,0.0,0.4000000000000001,0.0,0.0,0
movie,sf8000,thalamusdb,Q3,text,1,relative_error,5,"[0.8571, 0.8571, 0.8571, 0.8571, 0.8571]",0.8571428571428573,0.0,0.8571428571428572,0.8571428571428572,0.0,0.8571428571428572,-1.1102230246251565e-16,-1.1102230246251565e-16,0
movie,sf8000,thalamusdb,Q4,text,1,relative_error,5,"[0.8571, 0.8571, 0.8571, 0.8571, 0.8571]",0.8571428507566452,0.0,0.8571428507566452,0.8571428507566452,0.0,0.8571428507566452,0.0,0.0,0
movie,sf8000,thalamusdb,Q5,text,1,f1_score,5,"[1.0, 1.0, 1.0, 1.0, 0.7]",0.9400000000000001,0.1341640786499874,0.7,1.0,0.30000000000000004,1.0,0.05999999999999994,0.05999999999999994,0
movie,sf8000,thalamusdb,Q6,text,1,f1_score,5,"[1.0, 1.0, 1.0, 1.0, 1.0]",1.0,0.0,1.0,1.0,0.0,1.0,0.0,0.0,0
movie,sf8000,thalamusdb,Q7,text,1,f1_score,5,"[0.5736, 0.5736, 0.5736, 0.5736, 0.5736]",0.5735917625681405,0.0,0.5735917625681405,0.5735917625681405,0.0,0.5735917625681405,0.0,0.0,0
movie,sf8000,thalamusdb,Q8,text,1,relative_error,5,"[0.9191, 0.9191, 0.9191, 0.9191, 0.9191]",0.9191374663072777,0.0,0.9191374663072777,0.9191374663072777,0.0,0.9191374663072777,0.0,0.0,0
animals,default,bigquery,Q1,image,0,relative_error,5,"[0.7273, 0.7273, 0.7273, 0.7273, 0.7273]",0.7272727272727273,0.0,0.7272727272727273,0.7272727272727273,0.0,0.7272727272727273,0.0,0.0,0
animals,default,bigquery,Q2,audio,0,relative_error,5,"[0.0, 0.0, 0.0, 0.0, 0.0]",0.0,0.0,0.0,0.0,0.0,0.0,0.0,0.0,0
animals,default,bigquery,Q3,image,0,f1_score,5,"[0.0, 0.0, 0.0, 0.0, 0.0]",0.0,0.0,0.0,0.0,0.0,0.0,0.0,0.0,0
animals,default,bigquery,Q4,audio,0,f1_score,5,"[1.0, 1.0, 1.0, 1.0, 1.0]",1.0,0.0,1.0,1.0,0.0,1.0,0.0,0.0,0
animals,default,bigquery,Q5,audio+image,0,f1_score,5,"[0.75, 0.75, 0.75, 0.75, 0.75]",0.7499999999999999,0.0,0.7499999999999999,0.7499999999999999,0.0,0.7499999999999999,0.0,0.0,0
animals,default,bigquery,Q6,audio+image,0,f1_score,5,"[0.0, 0.5, 0.5, 0.0, 0.0]",0.2,0.27386127875258304,0.0,0.5,0.5,0.0,0.3,-0.2,3
animals,default,bigquery,Q7,audio,0,f1_score,5,"[1.0, 1.0, 1.0, 1.0, 1.0]",1.0,0.0,1.0,1.0,0.0,1.0,0.0,0.0,0
animals,default,bigquery,Q8,audio+image,0,f1_score,5,"[0.75, 0.75, 0.75, 0.75, 0.75]",0.7499999999999999,0.0,0.7499999999999999,0.7499999999999999,0.0,0.7499999999999999,0.0,0.0,0
animals,default,bigquery,Q9,audio+image,0,f1_score,5,"[0.5714, 0.5714, 0.5714, 0.6667, 0.5714]",0.5904761904761905,0.04259177099999594,0.5714285714285715,0.6666666666666666,0.09523809523809512,0.5714285714285715,0.07619047619047614,-0.01904761904761898,0
animals,default,bigquery,Q10,image,0,f1_score,5,"[0.0, 0.0, 0.0, 0.0, 0.0]",0.0,0.0,0.0,0.0,0.0,0.0,0.0,0.0,0
animals,default,lotus,Q1,image,0,relative_error,5,"[0.7273, 0.7273, 0.7273, 0.7273, 0.7273]",0.7272727272727273,0.0,0.7272727272727273,0.7272727272727273,0.0,0.7272727272727273,0.0,0.0,0
animals,default,lotus,Q10,image,0,f1_score,5,"[1.0, 1.0, 1.0, 1.0, 1.0]",1.0,0.0,1.0,1.0,0.0,1.0,0.0,0.0,0
animals,default,lotus,Q3,image,0,f1_score,5,"[1.0, 1.0, 1.0, 1.0, 1.0]",1.0,0.0,1.0,1.0,0.0,1.0,0.0,0.0,0
animals,default,lotus,Q7,audio,0,f1_score,5,"[1.0, 1.0, 1.0, 1.0, 1.0]",1.0,0.0,1.0,1.0,0.0,1.0,0.0,0.0,0
animals,default,palimpzest,Q1,image,0,relative_error,5,"[0.7273, 0.7273, 0.7273, 0.7273, 0.7273]",0.7272727272727273,0.0,0.7272727272727273,0.7272727272727273,0.0,0.7272727272727273,0.0,0.0,0
animals,default,palimpzest,Q2,audio,0,relative_error,5,"[0.0, 0.0, 0.0, 0.0, 0.0]",0.0,0.0,0.0,0.0,0.0,0.0,0.0,0.0,0
animals,default,palimpzest,Q3,image,0,f1_score,5,"[0.0, 0.0, 0.0, 0.0, 0.0]",0.0,0.0,0.0,0.0,0.0,0.0,0.0,0.0,0
animals,default,palimpzest,Q4,audio,0,f1_score,5,"[0.0, 0.0, 0.0, 0.0, 0.0]",0.0,0.0,0.0,0.0,0.0,0.0,0.0,0.0,0
animals,default,palimpzest,Q5,audio+image,0,f1_score,5,"[0.75, 0.75, 0.75, 0.75, 0.75]",0.7499999999999999,0.0,0.7499999999999999,0.7499999999999999,0.0,0.7499999999999999,0.0,0.0,0
animals,default,palimpzest,Q7,audio,0,f1_score,5,"[1.0, 1.0, 1.0, 1.0, 1.0]",1.0,0.0,1.0,1.0,0.0,1.0,0.0,0.0,0
animals,default,palimpzest,Q8,audio+image,0,f1_score,5,"[0.75, 0.75, 0.75, 0.75, 0.75]",0.7499999999999999,0.0,0.7499999999999999,0.7499999999999999,0.0,0.7499999999999999,0.0,0.0,0
animals,default,palimpzest,Q9,audio+image,0,f1_score,5,"[0.5714, 0.5714, 0.5714, 0.5714, 0.5714]",0.5714285714285715,0.0,0.5714285714285715,0.5714285714285715,0.0,0.5714285714285715,0.0,0.0,0
animals,default,palimpzest,Q10,image,0,f1_score,5,"[0.0, 0.0, 0.0, 0.0, 0.0]",0.0,0.0,0.0,0.0,0.0,0.0,0.0,0.0,0
animals,default,thalamusdb,Q1,image,0,relative_error,5,"[0.7273, 0.7273, 0.7273, 0.7273, 0.7273]",0.7272727272727273,0.0,0.7272727272727273,0.7272727272727273,0.0,0.7272727272727273,0.0,0.0,0
animals,default,thalamusdb,Q2,audio,0,relative_error,5,"[0.0, 0.0, 0.0, 0.0, 0.0]",0.0,0.0,0.0,0.0,0.0,0.0,0.0,0.0,0
animals,default,thalamusdb,Q3,image,0,f1_score,5,"[0.0, 0.0, 0.0, 0.0, 0.0]",0.0,0.0,0.0,0.0,0.0,0.0,0.0,0.0,0
animals,default,thalamusdb,Q4,audio,0,f1_score,5,"[0.0, 0.0, 0.0, 0.0, 0.0]",0.0,0.0,0.0,0.0,0.0,0.0,0.0,0.0,0
animals,default,thalamusdb,Q5,audio+image,0,f1_score,5,"[0.75, 0.75, 0.75, 0.75, 0.75]",0.7499999999999999,0.0,0.7499999999999999,0.7499999999999999,0.0,0.7499999999999999,0.0,0.0,0
animals,default,thalamusdb,Q6,audio+image,0,f1_score,5,"[0.5, 0.5, 0.5, 0.5, 0.5]",0.5,0.0,0.5,0.5,0.0,0.5,0.0,0.0,0
animals,default,thalamusdb,Q7,audio,0,f1_score,5,"[1.0, 1.0, 1.0, 1.0, 1.0]",1.0,0.0,1.0,1.0,0.0,1.0,0.0,0.0,0
animals,default,thalamusdb,Q8,audio+image,0,f1_score,5,"[0.75, 0.75, 0.75, 0.75, 0.75]",0.7499999999999999,0.0,0.7499999999999999,0.7499999999999999,0.0,0.7499999999999999,0.0,0.0,0
animals,default,thalamusdb,Q9,audio+image,0,f1_score,5,"[0.6667, 0.6667, 0.6667, 0.6667, 0.6667]",0.6666666666666666,0.0,0.6666666666666666,0.6666666666666666,0.0,0.6666666666666666,0.0,0.0,0
animals,default,thalamusdb,Q10,image,0,f1_score,5,"[0.0, 0.0, 0.0, 0.0, 0.0]",0.0,0.0,0.0,0.0,0.0,0.0,0.0,0.0,0
animals,sf100,bigquery,Q1,image,0,relative_error,5,"[0.8, 0.8, 0.8, 0.8, 0.8]",0.8,0.0,0.8,0.8,0.0,0.8,0.0,0.0,0
animals,sf100,bigquery,Q10,image,0,f1_score,5,"[1.0, 1.0, 1.0, 1.0, 1.0]",1.0,0.0,1.0,1.0,0.0,1.0,0.0,0.0,0
animals,sf100,bigquery,Q2,audio,0,relative_error,5,"[0.0, 0.0, 0.0, 0.0, 0.0]",0.0,0.0,0.0,0.0,0.0,0.0,0.0,0.0,0
animals,sf100,bigquery,Q3,image,0,f1_score,5,"[1.0, 1.0, 1.0, 1.0, 1.0]",1.0,0.0,1.0,1.0,0.0,1.0,0.0,0.0,0
animals,sf100,bigquery,Q4,audio,0,f1_score,5,"[0.0, 0.0, 0.0, 0.0, 0.0]",0.0,0.0,0.0,0.0,0.0,0.0,0.0,0.0,0
animals,sf100,bigquery,Q5,audio+image,0,f1_score,5,"[0.0, 0.0, 0.0, 0.0, 0.0]",0.0,0.0,0.0,0.0,0.0,0.0,0.0,0.0,0
animals,sf100,bigquery,Q6,audio+image,0,f1_score,5,"[0.5, 0.5, 0.5, 0.5, 0.5]",0.5,0.0,0.5,0.5,0.0,0.5,0.0,0.0,0
animals,sf100,bigquery,Q7,audio,0,f1_score,5,"[0.8, 0.8, 0.8, 0.8, 0.8]",0.8,0.0,0.8,0.8,0.0,0.8,0.0,0.0,0
animals,sf100,bigquery,Q8,audio+image,0,f1_score,5,"[0.0, 0.0, 0.0, 0.0, 0.0]",0.0,0.0,0.0,0.0,0.0,0.0,0.0,0.0,0
animals,sf100,bigquery,Q9,audio+image,0,f1_score,5,"[1.0, 1.0, 1.0, 1.0, 1.0]",1.0,0.0,1.0,1.0,0.0,1.0,0.0,0.0,0
animals,sf100,lotus,Q1,image,0,relative_error,5,"[0.8, 0.8, 0.8, 0.8, 0.8]",0.8,0.0,0.8,0.8,0.0,0.8,0.0,0.0,0
animals,sf100,lotus,Q10,image,0,f1_score,5,"[1.0, 1.0, 1.0, 1.0, 1.0]",1.0,0.0,1.0,1.0,0.0,1.0,0.0,0.0,0
animals,sf100,lotus,Q3,image,0,f1_score,5,"[1.0, 1.0, 1.0, 1.0, 1.0]",1.0,0.0,1.0,1.0,0.0,1.0,0.0,0.0,0
animals,sf100,lotus,Q7,audio,0,f1_score,5,"[0.5, 0.5, 0.5, 0.5, 0.5]",0.5,0.0,0.5,0.5,0.0,0.5,0.0,0.0,0
animals,sf100,palimpzest,Q1,image,0,relative_error,5,"[0.8, 0.8, 0.8, 0.8, 0.8]",0.8,0.0,0.8,0.8,0.0,0.8,0.0,0.0,0
animals,sf100,palimpzest,Q10,image,0,f1_score,5,"[0.0, 0.0, 0.0, 0.0, 0.0]",0.0,0.0,0.0,0.0,0.0,0.0,0.0,0.0,0
animals,sf100,palimpzest,Q2,audio,0,relative_error,5,"[0.0, 0.0, 0.0, 0.0, 0.0]",0.0,0.0,0.0,0.0,0.0,0.0,0.0,0.0,0
animals,sf100,palimpzest,Q3,image,0,f1_score,5,"[1.0, 1.0, 1.0, 1.0, 1.0]",1.0,0.0,1.0,1.0,0.0,1.0,0.0,0.0,0
animals,sf100,palimpzest,Q4,audio,0,f1_score,5,"[0.0, 0.0, 0.0, 0.0, 0.0]",0.0,0.0,0.0,0.0,0.0,0.0,0.0,0.0,0
animals,sf100,palimpzest,Q5,audio+image,0,f1_score,5,"[0.0, 0.0, 0.0, 0.0, 0.0]",0.0,0.0,0.0,0.0,0.0,0.0,0.0,0.0,0
animals,sf100,palimpzest,Q6,audio+image,0,f1_score,5,"[0.0, 0.0, 0.0, 0.0, 0.0]",0.0,0.0,0.0,0.0,0.0,0.0,0.0,0.0,0
animals,sf100,palimpzest,Q7,audio,0,f1_score,5,"[0.8, 0.8, 0.8, 0.8, 0.8]",0.8,0.0,0.8,0.8,0.0,0.8,0.0,0.0,0
animals,sf100,palimpzest,Q8,audio+image,0,f1_score,5,"[0.0, 0.0, 0.0, 0.0, 0.0]",0.0,0.0,0.0,0.0,0.0,0.0,0.0,0.0,0
animals,sf100,palimpzest,Q9,audio+image,0,f1_score,5,"[0.8, 0.8, 0.8, 0.8, 0.8]",0.8,0.0,0.8,0.8,0.0,0.8,0.0,0.0,0
animals,sf100,thalamusdb,Q1,image,0,relative_error,5,"[0.8, 0.8, 0.8, 0.8, 0.8]",0.8,0.0,0.8,0.8,0.0,0.8,0.0,0.0,0
animals,sf100,thalamusdb,Q10,image,0,f1_score,5,"[1.0, 1.0, 1.0, 1.0, 1.0]",1.0,0.0,1.0,1.0,0.0,1.0,0.0,0.0,0
animals,sf100,thalamusdb,Q2,audio,0,relative_error,5,"[0.0, 0.0, 0.0, 0.0, 0.0]",0.0,0.0,0.0,0.0,0.0,0.0,0.0,0.0,0
animals,sf100,thalamusdb,Q3,image,0,f1_score,5,"[0.0, 0.0, 0.0, 0.0, 0.0]",0.0,0.0,0.0,0.0,0.0,0.0,0.0,0.0,0
animals,sf100,thalamusdb,Q4,audio,0,f1_score,5,"[0.0, 0.0, 0.0, 0.0, 0.0]",0.0,0.0,0.0,0.0,0.0,0.0,0.0,0.0,0
animals,sf100,thalamusdb,Q5,audio+image,0,f1_score,5,"[0.0, 0.0, 0.0, 0.0, 0.0]",0.0,0.0,0.0,0.0,0.0,0.0,0.0,0.0,0
animals,sf100,thalamusdb,Q6,audio+image,0,f1_score,5,"[0.0, 0.0, 0.0, 0.0, 0.0]",0.0,0.0,0.0,0.0,0.0,0.0,0.0,0.0,0
animals,sf100,thalamusdb,Q7,audio,0,f1_score,5,"[0.8, 0.8, 0.8, 0.8, 0.8]",0.8,0.0,0.8,0.8,0.0,0.8,0.0,0.0,0
animals,sf100,thalamusdb,Q8,audio+image,0,f1_score,5,"[0.0, 0.0, 0.0, 0.0, 0.0]",0.0,0.0,0.0,0.0,0.0,0.0,0.0,0.0,0
animals,sf100,thalamusdb,Q9,audio+image,0,f1_score,5,"[0.8, 0.8, 0.8, 0.8, 0.8]",0.8,0.0,0.8,0.8,0.0,0.8,0.0,0.0,0
animals,sf1600,bigquery,Q1,image,0,relative_error,5,"[0.6983, 0.6983, 0.6983, 0.6983, 0.6983]",0.6982758620689655,0.0,0.6982758620689655,0.6982758620689655,0.0,0.6982758620689655,0.0,0.0,0
animals,sf1600,bigquery,Q10,image,0,f1_score,5,"[1.0, 1.0, 1.0, 1.0, 1.0]",1.0,0.0,1.0,1.0,0.0,1.0,0.0,0.0,0
animals,sf1600,bigquery,Q2,audio,0,relative_error,5,"[0.0, 0.0, 0.0, 0.0, 0.0]",0.0,0.0,0.0,0.0,0.0,0.0,0.0,0.0,0
animals,sf1600,bigquery,Q3,image,0,f1_score,5,"[1.0, 1.0, 1.0, 1.0, 1.0]",1.0,0.0,1.0,1.0,0.0,1.0,0.0,0.0,0
animals,sf1600,bigquery,Q4,audio,0,f1_score,5,"[1.0, 1.0, 1.0, 1.0, 1.0]",1.0,0.0,1.0,1.0,0.0,1.0,0.0,0.0,0
animals,sf1600,bigquery,Q5,audio+image,0,f1_score,5,"[1.0, 1.0, 1.0, 1.0, 1.0]",1.0,0.0,1.0,1.0,0.0,1.0,0.0,0.0,0
animals,sf1600,bigquery,Q6,audio+image,0,f1_score,5,"[0.0, 0.0, 0.0, 0.0, 0.0]",0.0,0.0,0.0,0.0,0.0,0.0,0.0,0.0,0
animals,sf1600,bigquery,Q7,audio,0,f1_score,5,"[1.0, 1.0, 1.0, 1.0, 1.0]",1.0,0.0,1.0,1.0,0.0,1.0,0.0,0.0,0
animals,sf1600,bigquery,Q8,audio+image,0,f1_score,5,"[1.0, 1.0, 1.0, 1.0, 1.0]",1.0,0.0,1.0,1.0,0.0,1.0,0.0,0.0,0
animals,sf1600,bigquery,Q9,audio+image,0,f1_score,5,"[0.3333, 0.3333, 0.3333, 0.3333, 0.3333]",0.33333333333333337,0.0,0.33333333333333337,0.33333333333333337,0.0,0.33333333333333337,0.0,0.0,0
animals,sf1600,lotus,Q1,image,0,relative_error,5,"[0.6897, 0.6897, 0.6897, 0.6897, 0.6897]",0.6896551724137931,0.0,0.6896551724137931,0.6896551724137931,0.0,0.6896551724137931,0.0,0.0,0
animals,sf1600,lotus,Q10,image,0,f1_score,5,"[1.0, 1.0, 1.0, 1.0, 1.0]",1.0,0.0,1.0,1.0,0.0,1.0,0.0,0.0,0
animals,sf1600,lotus,Q3,image,0,f1_score,5,"[1.0, 1.0, 1.0, 1.0, 1.0]",1.0,0.0,1.0,1.0,0.0,1.0,0.0,0.0,0
animals,sf1600,lotus,Q7,audio,0,f1_score,5,"[1.0, 1.0, 1.0, 1.0, 1.0]",1.0,0.0,1.0,1.0,0.0,1.0,0.0,0.0,0
animals,sf1600,palimpzest,Q1,image,0,relative_error,5,"[0.7328, 0.7328, 0.7328, 0.7328, 0.7328]",0.7327586206896552,0.0,0.7327586206896552,0.7327586206896552,0.0,0.7327586206896552,0.0,0.0,0
animals,sf1600,palimpzest,Q10,image,0,f1_score,5,"[1.0, 1.0, 1.0, 1.0, 1.0]",1.0,0.0,1.0,1.0,0.0,1.0,0.0,0.0,0
animals,sf1600,palimpzest,Q2,audio,0,relative_error,5,"[0.0, 0.0, 0.0, 0.0, 0.0]",0.0,0.0,0.0,0.0,0.0,0.0,0.0,0.0,0
animals,sf1600,palimpzest,Q3,image,0,f1_score,5,"[1.0, 1.0, 1.0, 1.0, 1.0]",1.0,0.0,1.0,1.0,0.0,1.0,0.0,0.0,0
animals,sf1600,palimpzest,Q4,audio,0,f1_score,5,"[1.0, 1.0, 1.0, 1.0, 1.0]",1.0,0.0,1.0,1.0,0.0,1.0,0.0,0.0,0
animals,sf1600,palimpzest,Q5,audio+image,0,f1_score,5,"[1.0, 1.0, 1.0, 1.0, 1.0]",1.0,0.0,1.0,1.0,0.0,1.0,0.0,0.0,0
animals,sf1600,palimpzest,Q6,audio+image,0,f1_score,5,"[0.0, 0.0, 0.0, 0.0, 0.0]",0.0,0.0,0.0,0.0,0.0,0.0,0.0,0.0,0
animals,sf1600,palimpzest,Q7,audio,0,f1_score,5,"[1.0, 1.0, 1.0, 1.0, 1.0]",1.0,0.0,1.0,1.0,0.0,1.0,0.0,0.0,0
animals,sf1600,palimpzest,Q8,audio+image,0,f1_score,5,"[1.0, 1.0, 1.0, 1.0, 1.0]",1.0,0.0,1.0,1.0,0.0,1.0,0.0,0.0,0
animals,sf1600,palimpzest,Q9,audio+image,0,f1_score,5,"[0.3333, 0.3333, 0.3333, 0.3333, 0.3333]",0.33333333333333337,0.0,0.33333333333333337,0.33333333333333337,0.0,0.33333333333333337,0.0,0.0,0
animals,sf1600,thalamusdb,Q1,image,0,relative_error,5,"[0.7155, 0.7155, 0.7155, 0.7155, 0.7155]",0.7155172413793103,0.0,0.7155172413793103,0.7155172413793103,0.0,0.7155172413793103,0.0,0.0,0
animals,sf1600,thalamusdb,Q10,image,0,f1_score,5,"[1.0, 1.0, 1.0, 1.0, 1.0]",1.0,0.0,1.0,1.0,0.0,1.0,0.0,0.0,0
animals,sf1600,thalamusdb,Q2,audio,0,relative_error,5,"[0.0, 0.0, 0.0, 0.0, 0.0]",0.0,0.0,0.0,0.0,0.0,0.0,0.0,0.0,0
animals,sf1600,thalamusdb,Q3,image,0,f1_score,5,"[1.0, 1.0, 1.0, 1.0, 1.0]",1.0,0.0,1.0,1.0,0.0,1.0,0.0,0.0,0
animals,sf1600,thalamusdb,Q4,audio,0,f1_score,5,"[0.0, 0.0, 0.0, 0.0, 0.0]",0.0,0.0,0.0,0.0,0.0,0.0,0.0,0.0,0
animals,sf1600,thalamusdb,Q5,audio+image,0,f1_score,5,"[1.0, 1.0, 1.0, 1.0, 1.0]",1.0,0.0,1.0,1.0,0.0,1.0,0.0,0.0,0
animals,sf1600,thalamusdb,Q6,audio+image,0,f1_score,5,"[0.0, 0.0, 0.0, 0.0, 0.0]",0.0,0.0,0.0,0.0,0.0,0.0,0.0,0.0,0
animals,sf1600,thalamusdb,Q7,audio,0,f1_score,5,"[1.0, 1.0, 1.0, 1.0, 1.0]",1.0,0.0,1.0,1.0,0.0,1.0,0.0,0.0,0
animals,sf1600,thalamusdb,Q8,audio+image,0,f1_score,5,"[1.0, 1.0, 1.0, 1.0, 1.0]",1.0,0.0,1.0,1.0,0.0,1.0,0.0,0.0,0
animals,sf1600,thalamusdb,Q9,audio+image,0,f1_score,5,"[0.3333, 0.3333, 0.3333, 0.3333, 0.3333]",0.33333333333333337,0.0,0.33333333333333337,0.33333333333333337,0.0,0.33333333333333337,0.0,0.0,0
animals,sf200,bigquery,Q1,image,0,relative_error,5,"[0.7273, 0.7273, 0.7273, 0.7273, 0.7273]",0.7272727272727273,0.0,0.7272727272727273,0.7272727272727273,0.0,0.7272727272727273,0.0,0.0,0
animals,sf200,bigquery,Q10,image,0,f1_score,5,"[0.0, 1.0, 0.0, 0.0, 0.0]",0.2,0.4472135954999579,0.0,1.0,1.0,1.0,0.8,0.8,0
animals,sf200,bigquery,Q2,audio,0,relative_error,5,"[0.0, 0.0, 0.0, 0.0, 0.0]",0.0,0.0,0.0,0.0,0.0,0.0,0.0,0.0,0
animals,sf200,bigquery,Q3,image,0,f1_score,5,"[0.0, 0.0, 0.0, 0.0, 1.0]",0.2,0.4472135954999579,0.0,1.0,1.0,0.0,0.8,-0.2,0
animals,sf200,bigquery,Q4,audio,0,f1_score,5,"[0.0, 0.0, 0.0, 0.0, 0.0]",0.0,0.0,0.0,0.0,0.0,0.0,0.0,0.0,0
animals,sf200,bigquery,Q5,audio+image,0,f1_score,5,"[0.6667, 0.6667, 0.6667, 0.6667, 0.6667]",0.6666666666666666,0.0,0.6666666666666666,0.6666666666666666,0.0,0.6666666666666666,0.0,0.0,0
animals,sf200,bigquery,Q6,audio+image,0,f1_score,5,"[0.0, 0.0, 0.0, 0.0, 0.0]",0.0,0.0,0.0,0.0,0.0,0.0,0.0,0.0,0
animals,sf200,bigquery,Q7,audio,0,f1_score,5,"[1.0, 1.0, 1.0, 1.0, 1.0]",1.0,0.0,1.0,1.0,0.0,1.0,0.0,0.0,0
animals,sf200,bigquery,Q8,audio+image,0,f1_score,5,"[0.6667, 0.6667, 0.6667, 0.6667, 0.6667]",0.6666666666666666,0.0,0.6666666666666666,0.6666666666666666,0.0,0.6666666666666666,0.0,0.0,0
animals,sf200,bigquery,Q9,audio+image,0,f1_score,5,"[0.5714, 0.5714, 0.5714, 0.5714, 0.5714]",0.5714285714285715,0.0,0.5714285714285715,0.5714285714285715,0.0,0.5714285714285715,0.0,0.0,0
animals,sf200,lotus,Q1,image,0,relative_error,5,"[0.7273, 0.7273, 0.7273, 0.7273, 0.7273]",0.7272727272727273,0.0,0.7272727272727273,0.7272727272727273,0.0,0.7272727272727273,0.0,0.0,0
animals,sf200,lotus,Q10,image,0,f1_score,5,"[1.0, 1.0, 1.0, 1.0, 1.0]",1.0,0.0,1.0,1.0,0.0,1.0,0.0,0.0,0
animals,sf200,lotus,Q3,image,0,f1_score,5,"[1.0, 1.0, 1.0, 1.0, 1.0]",1.0,0.0,1.0,1.0,0.0,1.0,0.0,0.0,0
animals,sf200,lotus,Q7,audio,0,f1_score,5,"[1.0, 1.0, 1.0, 1.0, 1.0]",1.0,0.0,1.0,1.0,0.0,1.0,0.0,0.0,0
animals,sf200,palimpzest,Q1,image,0,relative_error,5,"[0.7273, 0.7273, 0.7273, 0.7273, 0.7273]",0.7272727272727273,0.0,0.7272727272727273,0.7272727272727273,0.0,0.7272727272727273,0.0,0.0,0
animals,sf200,palimpzest,Q10,image,0,f1_score,5,"[0.0, 0.0, 0.0, 0.0, 0.0]",0.0,0.0,0.0,0.0,0.0,0.0,0.0,0.0,0
animals,sf200,palimpzest,Q2,audio,0,relative_error,5,"[0.0, 0.0, 0.0, 0.0, 0.0]",0.0,0.0,0.0,0.0,0.0,0.0,0.0,0.0,0
animals,sf200,palimpzest,Q3,image,0,f1_score,5,"[0.0, 0.0, 0.0, 0.0, 0.0]",0.0,0.0,0.0,0.0,0.0,0.0,0.0,0.0,0
animals,sf200,palimpzest,Q4,audio,0,f1_score,5,"[0.0, 0.0, 0.0, 0.0, 0.0]",0.0,0.0,0.0,0.0,0.0,0.0,0.0,0.0,0
animals,sf200,palimpzest,Q5,audio+image,0,f1_score,5,"[0.5714, 0.5714, 0.5714, 0.5714, 0.5714]",0.5714285714285715,0.0,0.5714285714285715,0.5714285714285715,0.0,0.5714285714285715,0.0,0.0,0
animals,sf200,palimpzest,Q6,audio+image,0,f1_score,5,"[0.0, 0.0, 0.0, 0.0, 0.0]",0.0,0.0,0.0,0.0,0.0,0.0,0.0,0.0,0
animals,sf200,palimpzest,Q7,audio,0,f1_score,5,"[1.0, 1.0, 1.0, 1.0, 1.0]",1.0,0.0,1.0,1.0,0.0,1.0,0.0,0.0,0
animals,sf200,palimpzest,Q8,audio+image,0,f1_score,5,"[0.5714, 0.5714, 0.5714, 0.5714, 0.5714]",0.5714285714285715,0.0,0.5714285714285715,0.5714285714285715,0.0,0.5714285714285715,0.0,0.0,0
animals,sf200,palimpzest,Q9,audio+image,0,f1_score,5,"[0.5714, 0.5714, 0.5714, 0.5714, 0.5714]",0.5714285714285715,0.0,0.5714285714285715,0.5714285714285715,0.0,0.5714285714285715,0.0,0.0,0
animals,sf200,thalamusdb,Q1,image,0,relative_error,5,"[0.7273, 0.7273, 0.7273, 0.7273, 0.7273]",0.7272727272727273,0.0,0.7272727272727273,0.7272727272727273,0.0,0.7272727272727273,0.0,0.0,0
animals,sf200,thalamusdb,Q10,image,0,f1_score,5,"[0.0, 0.0, 0.0, 0.0, 0.0]",0.0,0.0,0.0,0.0,0.0,0.0,0.0,0.0,0
animals,sf200,thalamusdb,Q2,audio,0,relative_error,5,"[0.0, 0.0, 0.0, 0.0, 0.0]",0.0,0.0,0.0,0.0,0.0,0.0,0.0,0.0,0
animals,sf200,thalamusdb,Q3,image,0,f1_score,5,"[0.0, 0.0, 0.0, 0.0, 0.0]",0.0,0.0,0.0,0.0,0.0,0.0,0.0,0.0,0
animals,sf200,thalamusdb,Q4,audio,0,f1_score,5,"[0.0, 0.0, 0.0, 0.0, 0.0]",0.0,0.0,0.0,0.0,0.0,0.0,0.0,0.0,0
animals,sf200,thalamusdb,Q5,audio+image,0,f1_score,5,"[0.5714, 0.5714, 0.5714, 0.5714, 0.5714]",0.5714285714285715,0.0,0.5714285714285715,0.5714285714285715,0.0,0.5714285714285715,0.0,0.0,0
animals,sf200,thalamusdb,Q6,audio+image,0,f1_score,5,"[0.0, 0.0, 0.0, 0.0, 0.0]",0.0,0.0,0.0,0.0,0.0,0.0,0.0,0.0,0
animals,sf200,thalamusdb,Q7,audio,0,f1_score,5,"[1.0, 1.0, 1.0, 1.0, 1.0]",1.0,0.0,1.0,1.0,0.0,1.0,0.0,0.0,0
animals,sf200,thalamusdb,Q8,audio+image,0,f1_score,5,"[0.5714, 0.5714, 0.5714, 0.5714, 0.5714]",0.5714285714285715,0.0,0.5714285714285715,0.5714285714285715,0.0,0.5714285714285715,0.0,0.0,0
animals,sf200,thalamusdb,Q9,audio+image,0,f1_score,5,"[0.5714, 0.5714, 0.5714, 0.5714, 0.5714]",0.5714285714285715,0.0,0.5714285714285715,0.5714285714285715,0.0,0.5714285714285715,0.0,0.0,0
animals,sf400,bigquery,Q1,image,0,relative_error,5,"[0.8095, 0.8095, 0.8095, 0.8095, 0.8095]",0.8095238095238095,0.0,0.8095238095238095,0.8095238095238095,0.0,0.8095238095238095,0.0,0.0,0
animals,sf400,bigquery,Q10,image,0,f1_score,5,"[1.0, 1.0, 1.0, 1.0, 1.0]",1.0,0.0,1.0,1.0,0.0,1.0,0.0,0.0,0
animals,sf400,bigquery,Q2,audio,0,relative_error,5,"[0.0, 0.0, 0.0, 0.0, 0.0]",0.0,0.0,0.0,0.0,0.0,0.0,0.0,0.0,0
animals,sf400,bigquery,Q3,image,0,f1_score,5,"[1.0, 1.0, 1.0, 1.0, 1.0]",1.0,0.0,1.0,1.0,0.0,1.0,0.0,0.0,0
animals,sf400,bigquery,Q4,audio,0,f1_score,5,"[1.0, 1.0, 1.0, 1.0, 1.0]",1.0,0.0,1.0,1.0,0.0,1.0,0.0,0.0,0
animals,sf400,bigquery,Q5,audio+image,0,f1_score,5,"[0.75, 0.75, 0.75, 0.75, 0.75]",0.7499999999999999,0.0,0.7499999999999999,0.7499999999999999,0.0,0.7499999999999999,0.0,0.0,0
animals,sf400,bigquery,Q6,audio+image,0,f1_score,5,"[0.0, 0.0, 0.0, 0.0, 0.0]",0.0,0.0,0.0,0.0,0.0,0.0,0.0,0.0,0
animals,sf400,bigquery,Q7,audio,0,f1_score,5,"[1.0, 1.0, 1.0, 1.0, 1.0]",1.0,0.0,1.0,1.0,0.0,1.0,0.0,0.0,0
animals,sf400,bigquery,Q8,audio+image,0,f1_score,5,"[0.75, 0.75, 0.75, 0.75, 0.75]",0.7499999999999999,0.0,0.7499999999999999,0.7499999999999999,0.0,0.7499999999999999,0.0,0.0,0
animals,sf400,bigquery,Q9,audio+image,0,f1_score,5,"[0.6667, 0.6667, 0.6667, 0.6667, 0.6667]",0.6666666666666666,0.0,0.6666666666666666,0.6666666666666666,0.0,0.6666666666666666,0.0,0.0,0
animals,sf400,lotus,Q1,image,0,relative_error,5,"[0.8095, 0.8095, 0.8095, 0.8095, 0.8095]",0.8095238095238095,0.0,0.8095238095238095,0.8095238095238095,0.0,0.8095238095238095,0.0,0.0,0
animals,sf400,lotus,Q10,image,0,f1_score,5,"[1.0, 1.0, 1.0, 1.0, 1.0]",1.0,0.0,1.0,1.0,0.0,1.0,0.0,0.0,0
animals,sf400,lotus,Q3,image,0,f1_score,5,"[1.0, 1.0, 1.0, 1.0, 1.0]",1.0,0.0,1.0,1.0,0.0,1.0,0.0,0.0,0
animals,sf400,lotus,Q7,audio,0,f1_score,5,"[1.0, 1.0, 1.0, 1.0, 1.0]",1.0,0.0,1.0,1.0,0.0,1.0,0.0,0.0,0
animals,sf400,palimpzest,Q1,image,0,relative_error,5,"[0.8095, 0.8095, 0.8095, 0.8095, 0.8095]",0.8095238095238095,0.0,0.8095238095238095,0.8095238095238095,0.0,0.8095238095238095,0.0,0.0,0
animals,sf400,palimpzest,Q10,image,0,f1_score,5,"[1.0, 1.0, 1.0, 1.0, 1.0]",1.0,0.0,1.0,1.0,0.0,1.0,0.0,0.0,0
animals,sf400,palimpzest,Q2,audio,0,relative_error,5,"[0.0, 0.0, 0.0, 0.0, 0.0]",0.0,0.0,0.0,0.0,0.0,0.0,0.0,0.0,0
animals,sf400,palimpzest,Q3,image,0,f1_score,5,"[1.0, 1.0, 1.0, 1.0, 1.0]",1.0,0.0,1.0,1.0,0.0,1.0,0.0,0.0,0
animals,sf400,palimpzest,Q4,audio,0,f1_score,5,"[1.0, 1.0, 1.0, 1.0, 1.0]",1.0,0.0,1.0,1.0,0.0,1.0,0.0,0.0,0
animals,sf400,palimpzest,Q5,audio+image,0,f1_score,5,"[0.75, 0.75, 0.75, 0.75, 0.75]",0.7499999999999999,0.0,0.7499999999999999,0.7499999999999999,0.0,0.7499999999999999,0.0,0.0,0
animals,sf400,palimpzest,Q6,audio+image,0,f1_score,5,"[0.0, 0.0, 0.0, 0.0, 0.0]",0.0,0.0,0.0,0.0,0.0,0.0,0.0,0.0,0
animals,sf400,palimpzest,Q7,audio,0,f1_score,5,"[1.0, 1.0, 1.0, 1.0, 1.0]",1.0,0.0,1.0,1.0,0.0,1.0,0.0,0.0,0
animals,sf400,palimpzest,Q8,audio+image,0,f1_score,5,"[0.75, 0.75, 0.75, 0.75, 0.75]",0.7499999999999999,0.0,0.7499999999999999,0.7499999999999999,0.0,0.7499999999999999,0.0,0.0,0
animals,sf400,palimpzest,Q9,audio+image,0,f1_score,5,"[0.6667, 0.6667, 0.6667, 0.6667, 0.6667]",0.6666666666666666,0.0,0.6666666666666666,0.6666666666666666,0.0,0.6666666666666666,0.0,0.0,0
animals,sf400,thalamusdb,Q1,image,0,relative_error,5,"[0.8571, 0.8571, 0.8571, 0.8571, 0.8571]",0.8571428571428573,0.0,0.8571428571428572,0.8571428571428572,0.0,0.8571428571428572,-1.1102230246251565e-16,-1.1102230246251565e-16,0
animals,sf400,thalamusdb,Q10,image,0,f1_score,5,"[1.0, 1.0, 1.0, 1.0, 1.0]",1.0,0.0,1.0,1.0,0.0,1.0,0.0,0.0,0
animals,sf400,thalamusdb,Q2,audio,0,relative_error,5,"[0.0, 0.0, 0.0, 0.0, 0.0]",0.0,0.0,0.0,0.0,0.0,0.0,0.0,0.0,0
animals,sf400,thalamusdb,Q3,image,0,f1_score,5,"[1.0, 1.0, 1.0, 1.0, 1.0]",1.0,0.0,1.0,1.0,0.0,1.0,0.0,0.0,0
animals,sf400,thalamusdb,Q4,audio,0,f1_score,5,"[0.0, 0.0, 0.0, 0.0, 0.0]",0.0,0.0,0.0,0.0,0.0,0.0,0.0,0.0,0
animals,sf400,thalamusdb,Q5,audio+image,0,f1_score,5,"[0.75, 0.75, 0.75, 0.75, 0.75]",0.7499999999999999,0.0,0.7499999999999999,0.7499999999999999,0.0,0.7499999999999999,0.0,0.0,0
animals,sf400,thalamusdb,Q6,audio+image,0,f1_score,5,"[0.0, 0.0, 0.0, 0.0, 0.0]",0.0,0.0,0.0,0.0,0.0,0.0,0.0,0.0,0
animals,sf400,thalamusdb,Q7,audio,0,f1_score,5,"[1.0, 1.0, 1.0, 1.0, 1.0]",1.0,0.0,1.0,1.0,0.0,1.0,0.0,0.0,0
animals,sf400,thalamusdb,Q8,audio+image,0,f1_score,5,"[0.75, 0.75, 0.75, 0.75, 0.75]",0.7499999999999999,0.0,0.7499999999999999,0.7499999999999999,0.0,0.7499999999999999,0.0,0.0,0
animals,sf400,thalamusdb,Q9,audio+image,0,f1_score,5,"[0.6667, 0.6667, 0.6667, 0.6667, 0.6667]",0.6666666666666666,0.0,0.6666666666666666,0.6666666666666666,0.0,0.6666666666666666,0.0,0.0,0
animals,sf800,bigquery,Q1,image,0,relative_error,5,"[0.7959, 0.7959, 0.7959, 0.7959, 0.7959]",0.7959183673469388,0.0,0.7959183673469388,0.7959183673469388,0.0,0.7959183673469388,0.0,0.0,0
animals,sf800,bigquery,Q10,image,0,f1_score,5,"[1.0, 1.0, 1.0, 1.0, 1.0]",1.0,0.0,1.0,1.0,0.0,1.0,0.0,0.0,0
animals,sf800,bigquery,Q2,audio,0,relative_error,5,"[0.0, 0.0, 0.0, 0.0, 0.0]",0.0,0.0,0.0,0.0,0.0,0.0,0.0,0.0,0
animals,sf800,bigquery,Q3,image,0,f1_score,5,"[1.0, 1.0, 1.0, 1.0, 1.0]",1.0,0.0,1.0,1.0,0.0,1.0,0.0,0.0,0
animals,sf800,bigquery,Q4,audio,0,f1_score,5,"[1.0, 1.0, 1.0, 1.0, 1.0]",1.0,0.0,1.0,1.0,0.0,1.0,0.0,0.0,0
animals,sf800,bigquery,Q5,audio+image,0,f1_score,5,"[0.8889, 0.8889, 0.8889, 0.8889, 0.8889]",0.888888888888889,0.0,0.888888888888889,0.888888888888889,0.0,0.888888888888889,0.0,0.0,0
animals,sf800,bigquery,Q6,audio+image,0,f1_score,5,"[0.0, 0.0, 0.0, 0.0, 0.0]",0.0,0.0,0.0,0.0,0.0,0.0,0.0,0.0,0
animals,sf800,bigquery,Q7,audio,0,f1_score,5,"[1.0, 1.0, 1.0, 1.0, 1.0]",1.0,0.0,1.0,1.0,0.0,1.0,0.0,0.0,0
animals,sf800,bigquery,Q8,audio+image,0,f1_score,5,"[0.8889, 0.8889, 0.8889, 0.8889, 0.8889]",0.888888888888889,0.0,0.888888888888889,0.888888888888889,0.0,0.888888888888889,0.0,0.0,0
animals,sf800,bigquery,Q9,audio+image,0,f1_score,5,"[0.5714, 0.5714, 0.5714, 0.5714, 0.5714]",0.5714285714285715,0.0,0.5714285714285715,0.5714285714285715,0.0,0.5714285714285715,0.0,0.0,0
animals,sf800,lotus,Q1,image,0,relative_error,5,"[0.7755, 0.7755, 0.7755, 0.7755, 0.7755]",0.7755102040816326,0.0,0.7755102040816326,0.7755102040816326,0.0,0.7755102040816326,0.0,0.0,0
animals,sf800,lotus,Q10,image,0,f1_score,5,"[1.0, 1.0, 1.0, 1.0, 1.0]",1.0,0.0,1.0,1.0,0.0,1.0,0.0,0.0,0
animals,sf800,lotus,Q3,image,0,f1_score,5,"[1.0, 1.0, 1.0, 1.0, 1.0]",1.0,0.0,1.0,1.0,0.0,1.0,0.0,0.0,0
animals,sf800,lotus,Q7,audio,0,f1_score,5,"[1.0, 1.0, 1.0, 1.0, 1.0]",1.0,0.0,1.0,1.0,0.0,1.0,0.0,0.0,0
animals,sf800,palimpzest,Q1,image,0,relative_error,5,"[0.8571, 0.8571, 0.8571, 0.8571, 0.8571]",0.8571428571428573,0.0,0.8571428571428572,0.8571428571428572,0.0,0.8571428571428572,-1.1102230246251565e-16,-1.1102230246251565e-16,0
animals,sf800,palimpzest,Q10,image,0,f1_score,5,"[1.0, 1.0, 1.0, 1.0, 1.0]",1.0,0.0,1.0,1.0,0.0,1.0,0.0,0.0,0
animals,sf800,palimpzest,Q2,audio,0,relative_error,5,"[0.0, 0.0, 0.0, 0.0, 0.0]",0.0,0.0,0.0,0.0,0.0,0.0,0.0,0.0,0
animals,sf800,palimpzest,Q3,image,0,f1_score,5,"[1.0, 1.0, 1.0, 1.0, 1.0]",1.0,0.0,1.0,1.0,0.0,1.0,0.0,0.0,0
animals,sf800,palimpzest,Q4,audio,0,f1_score,5,"[1.0, 1.0, 1.0, 1.0, 1.0]",1.0,0.0,1.0,1.0,0.0,1.0,0.0,0.0,0
animals,sf800,palimpzest,Q5,audio+image,0,f1_score,5,"[0.8889, 0.8889, 0.8889, 0.8889, 0.8889]",0.888888888888889,0.0,0.888888888888889,0.888888888888889,0.0,0.888888888888889,0.0,0.0,0
animals,sf800,palimpzest,Q6,audio+image,0,f1_score,5,"[0.0, 0.0, 0.0, 0.0, 0.0]",0.0,0.0,0.0,0.0,0.0,0.0,0.0,0.0,0
animals,sf800,palimpzest,Q7,audio,0,f1_score,5,"[1.0, 1.0, 1.0, 1.0, 1.0]",1.0,0.0,1.0,1.0,0.0,1.0,0.0,0.0,0
animals,sf800,palimpzest,Q8,audio+image,0,f1_score,5,"[0.8889, 0.8889, 0.8889, 0.8889, 0.8889]",0.888888888888889,0.0,0.888888888888889,0.888888888888889,0.0,0.888888888888889,0.0,0.0,0
animals,sf800,palimpzest,Q9,audio+image,0,f1_score,5,"[0.5714, 0.5714, 0.5714, 0.5714, 0.5714]",0.5714285714285715,0.0,0.5714285714285715,0.5714285714285715,0.0,0.5714285714285715,0.0,0.0,0
animals,sf800,thalamusdb,Q1,image,0,relative_error,5,"[0.8163, 0.8163, 0.8163, 0.8163, 0.8163]",0.8163265306122449,0.0,0.8163265306122449,0.8163265306122449,0.0,0.8163265306122449,0.0,0.0,0
animals,sf800,thalamusdb,Q10,image,0,f1_score,5,"[0.0, 0.0, 0.0, 0.0, 0.0]",0.0,0.0,0.0,0.0,0.0,0.0,0.0,0.0,0
animals,sf800,thalamusdb,Q2,audio,0,relative_error,5,"[0.0, 0.0, 0.0, 0.0, 0.0]",0.0,0.0,0.0,0.0,0.0,0.0,0.0,0.0,0
animals,sf800,thalamusdb,Q3,image,0,f1_score,5,"[0.0, 0.0, 0.0, 0.0, 0.0]",0.0,0.0,0.0,0.0,0.0,0.0,0.0,0.0,0
animals,sf800,thalamusdb,Q4,audio,0,f1_score,5,"[0.0, 0.0, 0.0, 0.0, 0.0]",0.0,0.0,0.0,0.0,0.0,0.0,0.0,0.0,0
animals,sf800,thalamusdb,Q5,audio+image,0,f1_score,5,"[0.8889, 0.8889, 0.8889, 0.8889, 0.8889]",0.888888888888889,0.0,0.888888888888889,0.888888888888889,0.0,0.888888888888889,0.0,0.0,0
animals,sf800,thalamusdb,Q6,audio+image,0,f1_score,5,"[0.0, 0.0, 0.0, 0.0, 0.0]",0.0,0.0,0.0,0.0,0.0,0.0,0.0,0.0,0
animals,sf800,thalamusdb,Q7,audio,0,f1_score,5,"[1.0, 1.0, 1.0, 1.0, 1.0]",1.0,0.0,1.0,1.0,0.0,1.0,0.0,0.0,0
animals,sf800,thalamusdb,Q8,audio+image,0,f1_score,5,"[0.8889, 0.8889, 0.8889, 0.8889, 0.8889]",0.888888888888889,0.0,0.888888888888889,0.888888888888889,0.0,0.888888888888889,0.0,0.0,0
animals,sf800,thalamusdb,Q9,audio+image,0,f1_score,5,"[0.5714, 0.5714, 0.5714, 0.5714, 0.5714]",0.5714285714285715,0.0,0.5714285714285715,0.5714285714285715,0.0,0.5714285714285715,0.0,0.0,0
cars,default,bigquery,Q1,text,1,f1_score,5,"[0.7092, 0.7092, 0.7092, 0.7092, 0.7092]",0.7091757387247278,0.0,0.7091757387247278,0.7091757387247278,0.0,0.7091757387247278,0.0,0.0,0
cars,default,bigquery,Q10,text,1,f1_score,5,"[0.5719, 0.5719, 0.5719, 0.5719, 0.5719]",0.5718759776033374,0.0,0.5718759776033374,0.5718759776033374,0.0,0.5718759776033374,0.0,0.0,0
cars,default,bigquery,Q2,audio,0,f1_score,5,"[0.0769, 0.0769, 0.0769, 0.0769, 0.0769]",0.07692307692307693,0.0,0.07692307692307693,0.07692307692307693,0.0,0.07692307692307693,0.0,0.0,0
cars,default,bigquery,Q3,image,0,f1_score,5,"[1.0, 1.0, 1.0, 1.0, 1.0]",1.0,0.0,1.0,1.0,0.0,1.0,0.0,0.0,0
cars,default,bigquery,Q4,text,1,relative_error,5,"[0.9949, 0.9949, 0.9949, 0.9949, 0.9949]",0.9949423354692357,9.182222336177058e-15,0.9949423354692256,0.9949423354692424,1.6764367671839864e-14,0.9949423354692424,6.661338147750939e-15,6.661338147750939e-15,0
cars,default,bigquery,Q5,audio+image,0,relative_error,5,"[1.0, 1.0, 1.0, 1.0, 1.0]",1.0,0.0,1.0,1.0,0.0,1.0,0.0,0.0,0
cars,default,bigquery,Q6,audio+image+text,0,f1_score,5,"[0.9607, 0.9607, 0.9607, 0.9607, 0.9607]",0.9606712113266911,0.0,0.9606712113266911,0.9606712113266911,0.0,0.9606712113266911,0.0,0.0,0
cars,default,bigquery,Q7,audio+image+text,0,f1_score,5,"[0.4455, 0.4455, 0.4455, 0.4455, 0.4455]",0.4455434288312869,0.0,0.44554342883128695,0.44554342883128695,0.0,0.44554342883128695,5.551115123125783e-17,5.551115123125783e-17,0
cars,default,bigquery,Q8,image,0,f1_score,5,"[0.17, 0.25, 0.28, 0.24, 0.2]",0.22800000000000004,0.043243496620879306,0.17,0.28,0.11000000000000001,0.24,0.05199999999999999,0.011999999999999955,0
cars,default,bigquery,Q9,audio+image,0,f1_score,5,"[0.0, 0.0, 0.0, 0.0, 0.0]",0.0,0.0,0.0,0.0,0.0,0.0,0.0,0.0,0
cars,default,lotus,Q1,text,1,f1_score,4,"[0.8962, 0.8962, 0.8962, 0.8962]",0.8962075848303394,0.0,0.8962075848303394,0.8962075848303394,0.0,0.8962075848303394,0.0,0.0,0
cars,default,lotus,Q10,text,1,f1_score,5,"[0.4081, 0.4081, 0.4081, 0.4081, 0.4081]",0.4080703983077628,0.0,0.4080703983077628,0.4080703983077628,0.0,0.4080703983077628,0.0,0.0,0
cars,default,lotus,Q3,image,0,f1_score,5,"[0.9, 0.9, 0.9, 0.9, 0.9]",0.9,0.0,0.9,0.9,0.0,0.9,0.0,0.0,0
cars,default,lotus,Q8,image,0,f1_score,5,"[0.45, 0.45, 0.45, 0.45, 0.45]",0.45,0.0,0.45,0.45,0.0,0.45,0.0,0.0,0
cars,default,lotus,Q4,text,1,relative_error,3,"[0.994, 0.994, 0.994]",0.9939636895721026,0.0,0.9939636895721026,0.9939636895721026,0.0,0.9939636895721026,0.0,0.0,0
cars,default,palimpzest,Q1,text,1,f1_score,5,"[0.6852, 0.6854, 0.6852, 0.6852, 0.6852]",0.685229676205286,0.00011502290640301098,0.6851782363977487,0.6854354354354354,0.00025719903768672836,0.6851782363977487,0.0002057592301494271,-5.143980753730126e-05,0
cars,default,palimpzest,Q10,text,1,f1_score,5,"[0.5176, 0.4985, 0.5176, 0.5176, 0.5176]",0.5137717179471419,0.008562174029592503,0.4984552354148602,0.5176008385802123,0.019145603165352132,0.5176008385802123,0.003829120633070393,0.003829120633070393,0
cars,default,palimpzest,Q2,audio,0,f1_score,5,"[0.0, 0.0, 0.0, 0.0, 0.0]",0.0,0.0,0.0,0.0,0.0,0.0,0.0,0.0,1
cars,default,palimpzest,Q3,image,0,f1_score,5,"[1.0, 0.9, 0.9, 0.9, 0.9]",0.9199999999999999,0.04472135954999579,0.9,1.0,0.09999999999999998,0.9,0.08000000000000007,-0.019999999999999907,0
cars,default,palimpzest,Q4,text,1,relative_error,5,"[0.9932, 0.9931, 0.9933, 0.9932, 0.9932]",0.9932097658235268,6.55519316356999e-05,0.9931018715513947,0.9932812092311933,0.00017933767979860793,0.9932219161116821,7.144340766651602e-05,1.2150288155265976e-05,0
cars,default,palimpzest,Q5,audio+image,0,relative_error,5,"[1.0, 1.0, 1.0, 1.0, 1.0]",1.0,0.0,1.0,1.0,0.0,1.0,0.0,0.0,0
cars,default,palimpzest,Q6,audio+image+text,0,f1_score,5,"[0.9659, 0.9616, 0.9654, 0.9649, 0.9657]",0.9647072300281272,0.0017643297529949652,0.9616288175411121,0.9659297789336801,0.004300961392568081,0.9656964656964656,0.001222548905552956,0.0009892356683384174,0
cars,default,palimpzest,Q7,audio+image+text,0,f1_score,5,"[0.5584, 0.5586, 0.5594, 0.5595, 0.5595]",0.5590707215639366,0.0005457914144279404,0.558381857186638,0.5595056454073848,0.0011237882207467687,0.558381857186638,0.00043492384344823165,-0.000688864377298537,0
cars,default,palimpzest,Q8,image,0,f1_score,5,"[0.25, 0.3, 0.27, 0.26, 0.36]",0.288,0.04438468204234428,0.25,0.36,0.10999999999999999,0.26,0.07200000000000001,-0.02799999999999997,0
cars,default,palimpzest,Q9,audio+image,0,f1_score,5,"[0.0, 0.0, 0.0, 0.0, 0.0]",0.0,0.0,0.0,0.0,0.0,0.0,0.0,0.0,0
cars,default,thalamusdb,Q1,text,1,f1_score,5,"[0.8106, 0.8106, 0.8106, 0.0, 0.0]",0.486369770580297,0.4439928243924019,0.0,0.8106162843004949,0.8106162843004949,0.8106162843004949,0.3242465137201979,0.3242465137201979,2
cars,default,thalamusdb,Q2,audio,0,f1_score,5,"[0.087, 0.087, 0.087, 0.087, 0.087]",0.08695652173913045,0.0,0.08695652173913045,0.08695652173913045,0.0,0.08695652173913045,0.0,0.0,0
cars,default,thalamusdb,Q4,text,1,relative_error,5,"[0.9954, 0.9954, 0.9954, 0.0, 0.0]",0.5972153056524997,0.5451804909886944,0.0,0.9953588427541661,0.9953588427541661,0.0,0.3981435371016664,-0.5972153056524997,2
cars,default,thalamusdb,Q5,audio+image,0,relative_error,5,"[1.0, 1.0, 1.0, 1.0, 0.0]",0.8,0.4472135954999579,0.0,1.0,1.0,1.0,0.19999999999999996,0.19999999999999996,1
cars,default,thalamusdb,Q6,audio+image+text,0,f1_score,5,"[0.966, 0.966, 0.966, 0.966, 0.0]",0.7728175640355462,0.4320181518473195,0.0,0.9660219550444328,0.9660219550444328,0.9660219550444328,0.19320439100888653,0.19320439100888653,1
cars,default,thalamusdb,Q7,audio+image+text,0,f1_score,5,"[0.5792, 0.5792, 0.5792, 0.0, 0.0]",0.34750718269393277,0.31722920476089306,0.0,0.5791786378232212,0.5791786378232212,0.0,0.23167145512928844,-0.34750718269393277,2
cars,default,thalamusdb,Q8,image,0,f1_score,3,"[0.2049, 0.2049, 0.2049]",0.2048780487804878,0.0,0.2048780487804878,0.2048780487804878,0.0,0.2048780487804878,0.0,0.0,0
cars,default,thalamusdb,Q9,audio+image,0,f1_score,5,"[1.0, 1.0, 1.0, 1.0, 1.0]",1.0,0.0,1.0,1.0,0.0,1.0,0.0,0.0,0
cars,sf157376,bigquery,Q1,text,1,f1_score,5,"[0.7058, 0.7058, 0.7058, 0.7058, 0.6952]",0.7036844806642166,0.004750143429403075,0.6951871657754012,0.7058088093864204,0.01062164361101925,0.7058088093864204,0.0021243287222038054,0.0021243287222038054,0
cars,sf157376,bigquery,Q10,text,1,f1_score,5,"[0.5719, 0.5719, 0.5719, 0.5719, 0.572]",0.5718929322351289,5.069024967201226e-05,0.5718702628663163,0.5719836097103793,0.00011334684406305584,0.5718702628663163,9.067747525037806e-05,-2.266936881267778e-05,0
cars,sf157376,bigquery,Q2,audio,0,f1_score,5,"[0.0766, 0.0766, 0.0766, 0.08, 0.0783]",0.07760962072155411,0.001518376767219787,0.07659574468085106,0.07999999999999999,0.0034042553191489244,0.07659574468085106,0.0023903792784458755,-0.001013876040703049,0
cars,sf157376,bigquery,Q3,image,0,f1_score,5,"[0.9, 1.0, 1.0, 1.0, 1.0]",0.9800000000000001,0.04472135954999579,0.9,1.0,0.09999999999999998,1.0,0.019999999999999907,0.019999999999999907,0
cars,sf157376,bigquery,Q4,text,1,relative_error,5,"[0.9942, 0.9942, 0.9942, 0.9942, 0.9951]",0.9943386601588522,0.0004057060793269849,0.9941572228844001,0.9950644092566602,0.0009071863722600604,0.9941572228844001,0.0007257490978079817,-0.0001814372744520787,0
cars,sf157376,bigquery,Q5,audio+image,0,relative_error,5,"[0.2727, 0.2727, 0.2727, 0.2727, 0.2727]",0.2727272727272727,0.0,0.2727272727272727,0.2727272727272727,0.0,0.2727272727272727,0.0,0.0,0
cars,sf157376,bigquery,Q6,audio+image+text,0,f1_score,5,"[0.959, 0.959, 0.959, 0.959, 0.9591]",0.9590017597541178,5.719722207622668e-05,0.9589677940978305,0.9590997911191969,0.00013199702136634794,0.9590997911191969,9.8031365079021e-05,9.8031365079021e-05,0
cars,sf157376,bigquery,Q7,audio+image+text,0,f1_score,5,"[0.4396, 0.4396, 0.4396, 0.4396, 0.4402]",0.4397151039475372,0.0002503096091498334,0.439602381155829,0.44016286482362255,0.0005604836677935432,0.439602381155829,0.00044776087608533466,-0.00011272279170820854,0
cars,sf157376,bigquery,Q8,image,0,f1_score,5,"[0.21, 0.17, 0.28, 0.23, 0.15]",0.20800000000000002,0.05118593556827892,0.15,0.28,0.13000000000000003,0.20999999999999996,0.07200000000000001,0.0019999999999999463,0
cars,sf157376,bigquery,Q9,audio+image,0,f1_score,5,"[0.0421, 0.0421, 0.0421, 0.04, 0.04]",0.04126315789473685,0.0011531001210635142,0.039999999999999994,0.04210526315789474,0.002105263157894749,0.04210526315789474,0.000842105263157894,0.000842105263157894,0
cars,sf19672,bigquery,Q1,text,1,f1_score,5,"[0.7092, 0.7092, 0.7092, 0.7092, 0.7092]",0.7091757387247278,0.0,0.7091757387247278,0.7091757387247278,0.0,0.7091757387247278,0.0,0.0,0
cars,sf19672,bigquery,Q10,text,1,f1_score,5,"[0.5719, 0.5719, 0.5719, 0.5719, 0.5719]",0.5718759776033374,0.0,0.5718759776033374,0.5718759776033374,0.0,0.5718759776033374,0.0,0.0,0
cars,sf19672,bigquery,Q2,audio,0,f1_score,5,"[0.0769, 0.0769, 0.0769, 0.0769, 0.0769]",0.07692307692307693,0.0,0.07692307692307693,0.07692307692307693,0.0,0.07692307692307693,0.0,0.0,0
cars,sf19672,bigquery,Q3,image,0,f1_score,5,"[1.0, 1.0, 1.0, 1.0, 1.0]",1.0,0.0,1.0,1.0,0.0,1.0,0.0,0.0,0
cars,sf19672,bigquery,Q4,text,1,relative_error,5,"[0.9949, 0.9949, 0.9949, 0.9949, 0.9949]",0.994942335469239,7.497253142806764e-15,0.9949423354692256,0.9949423354692424,1.6764367671839864e-14,0.9949423354692256,3.3306690738754696e-15,-1.3433698597964394e-14,0
cars,sf19672,bigquery,Q5,audio+image,0,relative_error,5,"[1.0, 1.0, 1.0, 1.0, 1.0]",1.0,0.0,1.0,1.0,0.0,1.0,0.0,0.0,0
cars,sf19672,bigquery,Q6,audio+image+text,0,f1_score,5,"[0.9607, 0.9607, 0.9607, 0.9607, 0.9607]",0.9606712113266911,0.0,0.9606712113266911,0.9606712113266911,0.0,0.9606712113266911,0.0,0.0,0
cars,sf19672,bigquery,Q7,audio+image+text,0,f1_score,5,"[0.4455, 0.4455, 0.4455, 0.4455, 0.4455]",0.4455434288312869,0.0,0.44554342883128695,0.44554342883128695,0.0,0.44554342883128695,5.551115123125783e-17,5.551115123125783e-17,0
cars,sf19672,bigquery,Q8,image,0,f1_score,5,"[0.25, 0.23, 0.22, 0.23, 0.19]",0.22400000000000003,0.021908902300206645,0.19,0.25,0.06,0.23,0.025999999999999968,0.005999999999999978,0
cars,sf19672,bigquery,Q9,audio+image,0,f1_score,5,"[0.0, 0.0, 0.0, 0.0, 0.0]",0.0,0.0,0.0,0.0,0.0,0.0,0.0,0.0,0
cars,sf19672,lotus,Q1,text,1,f1_score,5,"[0.8962, 0.8962, 0.8962, 0.8962, 0.8962]",0.8962075848303395,0.0,0.8962075848303394,0.8962075848303394,0.0,0.8962075848303394,-1.1102230246251565e-16,-1.1102230246251565e-16,0
cars,sf19672,lotus,Q10,text,1,f1_score,5,"[0.4081, 0.4081, 0.4081, 0.4081, 0.408]",0.40804680045151115,5.2766410701970956e-05,0.40795240902650454,0.4080703983077628,0.00011798928125827945,0.4080703983077628,2.3597856251666993e-05,2.3597856251666993e-05,0
cars,sf19672,lotus,Q3,image,0,f1_score,5,"[0.9, 0.9, 0.9, 0.9, 0.9]",0.9,0.0,0.9,0.9,0.0,0.9,0.0,0.0,0
cars,sf19672,lotus,Q4,text,1,relative_error,4,"[0.994, 0.994, 0.994, 0.994]",0.9939636895721026,0.0,0.9939636895721026,0.9939636895721026,0.0,0.9939636895721026,0.0,0.0,0
cars,sf19672,lotus,Q8,image,0,f1_score,5,"[0.45, 0.45, 0.45, 0.45, 0.45]",0.45,0.0,0.45,0.45,0.0,0.45,0.0,0.0,0
cars,sf19672,palimpzest,Q1,text,1,f1_score,5,"[0.7446, 0.7446, 0.7446, 0.7446, 0.7446]",0.7446457990115322,0.0,0.7446457990115322,0.7446457990115322,0.0,0.7446457990115322,0.0,0.0,0
cars,sf19672,palimpzest,Q10,text,1,f1_score,5,"[0.5066, 0.5261, 0.5261, 0.5067, 0.5261]",0.5183278606594492,0.010671392126139276,0.506620820002073,0.5261211385593639,0.019500318557290952,0.5066550676170813,0.007793277899914686,-0.011672793042367902,0
cars,sf19672,palimpzest,Q2,audio,0,f1_score,5,"[0.0, 0.0, 0.0, 0.0, 0.0]",0.0,0.0,0.0,0.0,0.0,0.0,0.0,0.0,0
cars,sf19672,palimpzest,Q3,image,0,f1_score,5,"[0.9, 0.9, 0.9, 0.9, 0.9]",0.9,0.0,0.9,0.9,0.0,0.9,0.0,0.0,0
cars,sf19672,palimpzest,Q4,text,1,relative_error,5,"[0.9936, 0.9936, 0.9936, 0.9936, 0.9936]",0.9935931853097427,3.0379063805072318e-05,0.9935795993793906,0.9936475290311515,6.792965176094512e-05,0.9935795993793906,5.43437214087783e-05,-1.358593035216682e-05,0
cars,sf19672,palimpzest,Q5,audio+image,0,relative_error,5,"[1.0, 1.0, 1.0, 1.0, 1.0]",1.0,0.0,1.0,1.0,0.0,1.0,0.0,0.0,0
cars,sf19672,palimpzest,Q6,audio+image+text,0,f1_score,5,"[0.9654, 0.9654, 0.9654, 0.9654, 0.9654]",0.9653916211293261,0.0,0.9653916211293261,0.9653916211293261,0.0,0.9653916211293261,0.0,0.0,0
cars,sf19672,palimpzest,Q7,audio+image+text,0,f1_score,5,"[0.5614, 0.5613, 0.5614, 0.5614, 0.5614]",0.5614111620021782,5.012828900027429e-05,0.561321489792738,0.5614335800545384,0.0001120902618003683,0.5614335800545384,2.2418052360140273e-05,2.2418052360140273e-05,0
cars,sf19672,palimpzest,Q8,image,0,f1_score,5,"[0.25, 0.25, 0.21, 0.19, 0.23]",0.22599999999999998,0.0260768096208106,0.19,0.25,0.06,0.20999999999999996,0.02400000000000002,-0.016000000000000014,0
cars,sf19672,palimpzest,Q9,audio+image,0,f1_score,5,"[0.0, 0.0, 0.0, 0.0, 0.0]",0.0,0.0,0.0,0.0,0.0,0.0,0.0,0.0,0
cars,sf19672,thalamusdb,Q1,text,1,f1_score,5,"[0.8106, 0.8106, 0.8106, 0.8106, 0.8106]",0.8106162843004949,0.0,0.8106162843004949,0.8106162843004949,0.0,0.8106162843004949,0.0,0.0,0
cars,sf19672,thalamusdb,Q2,audio,0,f1_score,5,"[0.087, 0.087, 0.087, 0.087, 0.087]",0.08695652173913045,0.0,0.08695652173913045,0.08695652173913045,0.0,0.08695652173913045,0.0,0.0,0
cars,sf19672,thalamusdb,Q4,text,1,relative_error,5,"[0.9954, 0.9954, 0.9954, 0.9954, 0.9954]",0.9953588427541661,0.0,0.9953588427541661,0.9953588427541661,0.0,0.9953588427541661,0.0,0.0,0
cars,sf19672,thalamusdb,Q5,audio+image,0,relative_error,5,"[1.0, 1.0, 1.0, 1.0, 1.0]",1.0,0.0,1.0,1.0,0.0,1.0,0.0,0.0,0
cars,sf19672,thalamusdb,Q6,audio+image+text,0,f1_score,5,"[0.0, 0.966, 0.966, 0.966, 0.0]",0.5796131730266596,0.5291120158230773,0.0,0.9660219550444328,0.9660219550444328,0.9660219550444328,0.3864087820177732,0.3864087820177732,2
cars,sf19672,thalamusdb,Q7,audio+image+text,0,f1_score,5,"[0.5792, 0.5792, 0.5792, 0.5792, 0.0]",0.463342910258577,0.25901656105769066,0.0,0.5791786378232212,0.5791786378232212,0.0,0.11583572756464422,-0.463342910258577,1
cars,sf19672,thalamusdb,Q8,image,0,f1_score,5,"[0.2049, 0.2049, 0.2049, 0.2049, 0.2049]",0.20487804878048782,0.0,0.2048780487804878,0.2048780487804878,0.0,0.2048780487804878,-2.7755575615628914e-17,-2.7755575615628914e-17,0
cars,sf19672,thalamusdb,Q9,audio+image,0,f1_score,5,"[1.0, 1.0, 1.0, 1.0, 1.0]",1.0,0.0,1.0,1.0,0.0,1.0,0.0,0.0,0
cars,sf39344,bigquery,Q1,text,1,f1_score,5,"[0.7141, 0.7141, 0.7141, 0.7141, 0.7036]",0.7120113110116024,0.0047149989181369915,0.7035768645357686,0.7141199226305609,0.01054305809479228,0.7035768645357686,0.002108611618958478,-0.008434446475833801,0
cars,sf39344,bigquery,Q10,text,1,f1_score,5,"[0.5732, 0.5732, 0.5732, 0.5732, 0.5742]",0.573432004716504,0.0004130527592042499,0.5732472819069291,0.5741708959548036,0.0009236140478745547,0.5732472819069291,0.0007388912382996216,-0.00018472280957493314,0
cars,sf39344,bigquery,Q2,audio,0,f1_score,5,"[0.0816, 0.0816, 0.0816, 0.0816, 0.0851]",0.08232739904472428,0.0015534992462004637,0.08163265306122448,0.0851063829787234,0.003473729917498919,0.0851063829787234,0.002778983933999127,0.002778983933999127,0
cars,sf39344,bigquery,Q3,image,0,f1_score,5,"[1.0, 1.0, 0.9, 1.0, 1.0]",0.9800000000000001,0.04472135954999579,0.9,1.0,0.09999999999999998,1.0,0.019999999999999907,0.019999999999999907,0
cars,sf39344,bigquery,Q4,text,1,relative_error,5,"[0.9993, 0.9993, 0.9993, 0.9993, 0.9999]",0.9993877633694526,0.00030051007018220427,0.9992533711804782,0.9999253321253331,0.000671960944854888,0.9999253321253331,0.0005375687558805131,0.0005375687558805131,0
cars,sf39344,bigquery,Q5,audio+image,0,relative_error,5,"[1.0, 1.0, 1.0, 1.0, 1.0]",1.0,0.0,1.0,1.0,0.0,1.0,0.0,0.0,0
cars,sf39344,bigquery,Q6,audio+image+text,0,f1_score,5,"[0.9617, 0.9617, 0.9617, 0.9617, 0.962]",0.9617596395918907,0.00011851426937863336,0.9617066383993639,0.9619716443619982,0.00026500596263434595,0.9619716443619982,0.00021200477010752117,0.00021200477010752117,0
cars,sf39344,bigquery,Q7,audio+image+text,0,f1_score,5,"[0.4418, 0.4418, 0.4418, 0.4418, 0.4428]",0.4420311573019271,0.000426046756142198,0.44184062340026165,0.4427932929085889,0.0009526695083272307,0.4427932929085889,0.0007621356066617735,0.0007621356066617735,0
cars,sf39344,bigquery,Q8,image,0,f1_score,5,"[0.23, 0.21, 0.21, 0.21, 0.17]",0.20599999999999996,0.021908902300206638,0.17,0.23,0.06,0.17,0.02400000000000005,-0.03599999999999995,0
cars,sf39344,bigquery,Q9,audio+image,0,f1_score,5,"[0.0, 0.0, 0.0, 0.0, 0.0]",0.0,0.0,0.0,0.0,0.0,0.0,0.0,0.0,0
cars,sf39344,lotus,Q1,text,1,f1_score,3,"[0.895, 0.895, 0.8961]",0.8953984704952118,0.0006329587967990683,0.895033031563494,0.8961293483586477,0.0010963167951536512,0.895033031563494,0.0007308778634358415,-0.0003654389317178097,0
cars,sf39344,lotus,Q10,text,1,f1_score,3,"[0.3842, 0.3842, 0.3841]",0.38417051109783057,4.902332170076835e-05,0.3841139038418695,0.384198814725811,8.491088394152468e-05,0.3841139038418695,2.8303627980452717e-05,-5.660725596107197e-05,0
cars,sf39344,lotus,Q3,image,0,f1_score,3,"[1.0, 1.0, 1.0]",1.0,0.0,1.0,1.0,0.0,1.0,0.0,0.0,0
cars,sf39344,lotus,Q8,image,0,f1_score,3,"[0.45, 0.45, 0.45]",0.45,0.0,0.45,0.45,0.0,0.45,0.0,0.0,0
cars,sf39344,palimpzest,Q1,text,1,f1_score,3,"[0.7494, 0.7494, 0.7494]",0.749440260533279,0.0,0.7494402605332791,0.7494402605332791,0.0,0.7494402605332791,1.1102230246251565e-16,1.1102230246251565e-16,0
cars,sf39344,palimpzest,Q10,text,1,f1_score,3,"[0.505, 0.505, 0.4874]",0.49913483245464785,0.010201226073492211,0.4873554712154579,0.5050245130742428,0.017669041858784873,0.5050245130742428,0.005889680619594939,0.005889680619594939,0
cars,sf39344,palimpzest,Q2,audio,0,f1_score,3,"[0.0, 0.0, 0.0]",0.0,0.0,0.0,0.0,0.0,0.0,0.0,0.0,0
cars,sf39344,palimpzest,Q3,image,0,f1_score,3,"[1.0, 1.0, 1.0]",1.0,0.0,1.0,1.0,0.0,1.0,0.0,0.0,0
cars,sf39344,palimpzest,Q4,text,1,relative_error,3,"[0.9981, 0.9981, 0.9984]",0.9981767665780842,0.00016641479237340456,0.9980806869529103,0.9983689258284321,0.0002882388755217624,0.9980806869529103,0.00019215925034787862,-9.60796251738838e-05,0
cars,sf39344,palimpzest,Q5,audio+image,0,relative_error,3,"[1.0, 1.0, 0.8333]",0.9444444444444445,0.0962250448649376,0.8333333333333334,1.0,0.16666666666666663,1.0,0.05555555555555547,0.05555555555555547,0
cars,sf39344,palimpzest,Q6,audio+image+text,0,f1_score,3,"[0.9648, 0.9648, 0.9637]",0.9644168568596262,0.0006344903366362485,0.9636842105263158,0.9647831800262813,0.0010989694999654631,0.9647831800262813,0.00036632316665508036,0.00036632316665508036,0
cars,sf39344,palimpzest,Q7,audio+image+text,0,f1_score,3,"[0.5562, 0.5562, 0.5572]",0.5565343348019692,0.0005597203205591382,0.5562111801242235,0.5571806441574607,0.0009694640332371662,0.5562111801242235,0.0006463093554914812,-0.00032315467774568507,0
cars,sf39344,palimpzest,Q8,image,0,f1_score,3,"[0.34, 0.28, 0.28]",0.30000000000000004,0.034641016151377546,0.28,0.34,0.06,0.34,0.03999999999999998,0.03999999999999998,0
cars,sf39344,palimpzest,Q9,audio+image,0,f1_score,3,"[0.0, 0.0, 0.0]",0.0,0.0,0.0,0.0,0.0,0.0,0.0,0.0,0
cars,sf39344,thalamusdb,Q1,text,1,f1_score,3,"[0.8163, 0.8163, 0.8104]",0.814350173416464,0.003438927901663108,0.8103792415169662,0.8163356393662129,0.005956397849246731,0.8163356393662129,0.0019854659497489102,0.0019854659497489102,0
cars,sf39344,thalamusdb,Q2,audio,0,f1_score,3,"[0.087, 0.087, 0.0889]",0.08760064412238326,0.0011156526940862208,0.08695652173913045,0.08888888888888888,0.0019323671497584322,0.08888888888888888,0.0012882447665056168,0.0012882447665056168,0
cars,sf39344,thalamusdb,Q4,text,1,relative_error,3,"[0.9987, 0.9987, 0.0]",0.6657673749357957,0.5765714597052782,0.0,0.9986510624036936,0.9986510624036936,0.9986510624036936,0.33288368746789787,0.33288368746789787,1
cars,sf39344,thalamusdb,Q5,audio+image,0,relative_error,3,"[1.0, 1.0, 0.0]",0.6666666666666666,0.5773502691896257,0.0,1.0,1.0,1.0,0.33333333333333337,0.33333333333333337,1
cars,sf39344,thalamusdb,Q6,audio+image+text,0,f1_score,3,"[0.0, 0.9678, 0.0]",0.3225834875319411,0.5587309900880835,0.0,0.9677504625958233,0.9677504625958233,0.9677504625958233,0.6451669750638822,0.6451669750638822,2
cars,sf39344,thalamusdb,Q7,audio+image+text,0,f1_score,3,"[0.0, 0.5472, 0.5111]",0.35276752731052646,0.30603685304616557,0.0,0.5471751412429379,0.5471751412429379,0.0,0.1944076139324114,-0.35276752731052646,1
cars,sf39344,thalamusdb,Q8,image,0,f1_score,3,"[0.24, 0.24, 0.24]",0.24,0.0,0.24,0.24,0.0,0.24,0.0,0.0,0
cars,sf39344,thalamusdb,Q9,audio+image,0,f1_score,3,"[1.0, 1.0, 1.0]",1.0,0.0,1.0,1.0,0.0,1.0,0.0,0.0,0
cars,sf78688,bigquery,Q1,text,1,f1_score,5,"[0.7048, 0.7048, 0.7048, 0.7048, 0.6925]",0.7023426205702784,0.005508133538954209,0.6924893717524799,0.704805932774728,0.012316561022248096,0.6924893717524799,0.002463312204449619,-0.009853248817798477,0
cars,sf78688,bigquery,Q10,text,1,f1_score,5,"[0.5736, 0.5736, 0.5736, 0.5736, 0.5741]",0.5736699870337801,0.00022142936235344254,0.5735709608124928,0.5740660919189295,0.0004951311064367303,0.5735709608124928,0.00039610488514940645,-9.902622128732386e-05,0
cars,sf78688,bigquery,Q2,audio,0,f1_score,5,"[0.0755, 0.0755, 0.0755, 0.0755, 0.0808]",0.0765389746521822,0.0023865028919380304,0.07547169811320754,0.08080808080808081,0.005336382694873271,0.07547169811320754,0.004269106155898608,-0.0010672765389746625,0
cars,sf78688,bigquery,Q3,image,0,f1_score,5,"[1.0, 1.0, 1.0, 1.0, 1.0]",1.0,0.0,1.0,1.0,0.0,1.0,0.0,0.0,0
cars,sf78688,bigquery,Q4,text,1,relative_error,5,"[0.9945, 0.9945, 0.9945, 0.9945, 0.9949]",0.9945468188833113,0.0001770783974308998,0.9944676270165023,0.994863586350513,0.00039595933401070926,0.9944676270165023,0.0003167674672016618,-7.919186680904744e-05,0
cars,sf78688,bigquery,Q5,audio+image,0,relative_error,5,"[0.3846, 0.3846, 0.3846, 0.3846, 0.3846]",0.3846153846153846,0.0,0.3846153846153846,0.3846153846153846,0.0,0.3846153846153846,0.0,0.0,0
cars,sf78688,bigquery,Q6,audio+image+text,0,f1_score,5,"[0.9608, 0.9608, 0.9608, 0.9608, 0.9614]",0.9609536105398954,0.00023209850210314633,0.9608498129342598,0.9613688009624383,0.0005189880281785131,0.9608498129342598,0.0004151904225428993,-0.0001037976056356138,0
cars,sf78688,bigquery,Q7,audio+image+text,0,f1_score,5,"[0.4423, 0.4423, 0.4423, 0.4423, 0.443]",0.44241993604736674,0.00030990398422327264,0.4422813427723225,0.44297430914754377,0.00069296637522126,0.44297430914754377,0.0005543731001770302,0.0005543731001770302,0
cars,sf78688,bigquery,Q8,image,0,f1_score,5,"[0.19, 0.21, 0.24, 0.19, 0.23]",0.21200000000000002,0.022803508501982758,0.19,0.24,0.04999999999999999,0.24,0.02799999999999997,0.02799999999999997,0
cars,sf78688,bigquery,Q9,audio+image,0,f1_score,5,"[0.0377, 0.0377, 0.0377, 0.0377, 0.037]",0.03759608665269043,0.0003125182358490306,0.037037037037037035,0.03773584905660378,0.0006988120195667441,0.03773584905660378,0.00013976240391334882,0.00013976240391334882,0
cars,sf9836,bigquery,Q1,text,1,f1_score,5,"[0.7146, 0.7146, 0.7146, 0.7146, 0.7146]",0.7146361406377759,0.0,0.7146361406377759,0.7146361406377759,0.0,0.7146361406377759,0.0,0.0,0
cars,sf9836,bigquery,Q10,text,1,f1_score,5,"[0.5699, 0.5699, 0.5699, 0.5699, 0.5699]",0.5699429239868662,0.0,0.5699429239868662,0.5699429239868662,0.0,0.5699429239868662,0.0,0.0,0
cars,sf9836,bigquery,Q2,audio,0,f1_score,5,"[0.0, 0.0, 0.0, 0.0, 0.0]",0.0,0.0,0.0,0.0,0.0,0.0,0.0,0.0,0
cars,sf9836,bigquery,Q3,image,0,f1_score,5,"[1.0, 1.0, 1.0, 1.0, 1.0]",1.0,0.0,1.0,1.0,0.0,1.0,0.0,0.0,0
cars,sf9836,bigquery,Q4,text,1,relative_error,5,"[0.9726, 0.9726, 0.9726, 0.9726, 0.9726]",0.9725947420119205,9.060603497287295e-15,0.9725947420119107,0.9725947420119272,1.6542323066914832e-14,0.9725947420119107,6.661338147750939e-15,-9.880984919163893e-15,0
cars,sf9836,bigquery,Q5,audio+image,0,relative_error,5,"[1.0, 1.0, 1.0, 1.0, 1.0]",1.0,0.0,1.0,1.0,0.0,1.0,0.0,0.0,0
cars,sf9836,bigquery,Q6,audio+image+text,0,f1_score,5,"[0.9597, 0.9597, 0.9597, 0.9597, 0.9597]",0.959664745940283,0.0,0.959664745940283,0.959664745940283,0.0,0.959664745940283,0.0,0.0,0
cars,sf9836,bigquery,Q7,audio+image+text,0,f1_score,5,"[0.446, 0.446, 0.446, 0.446, 0.446]",0.44601527761942766,0.0,0.44601527761942766,0.44601527761942766,0.0,0.44601527761942766,0.0,0.0,0
cars,sf9836,bigquery,Q8,image,0,f1_score,5,"[0.1477, 0.1591, 0.2159, 0.1818, 0.1705]",0.175,0.026161055530048494,0.14772727272727273,0.2159090909090909,0.06818181818181818,0.14772727272727273,0.04090909090909092,-0.027272727272727254,0
cars,sf9836,bigquery,Q9,audio+image,0,f1_score,5,"[0.0, 0.0, 0.0, 0.0, 0.0]",0.0,0.0,0.0,0.0,0.0,0.0,0.0,0.0,0
cars,sf9836,lotus,Q1,text,1,f1_score,4,"[0.8989, 0.8989, 0.8989, 0.8989]",0.8988529718456726,0.0,0.8988529718456726,0.8988529718456726,0.0,0.8988529718456726,0.0,0.0,0
cars,sf9836,lotus,Q10,text,1,f1_score,3,"[0.4215, 0.4215, 0.4215]",0.42146876400764977,0.0,0.42146876400764977,0.42146876400764977,0.0,0.42146876400764977,0.0,0.0,0
cars,sf9836,lotus,Q4,text,1,relative_error,4,"[0.9732, 0.9732, 0.9732, 0.9732]",0.9731876426881996,0.0,0.9731876426881996,0.9731876426881996,0.0,0.9731876426881996,0.0,0.0,0
cars,sf9836,lotus,Q8,image,0,f1_score,5,"[0.5146, 0.5146, 0.5146, 0.5146, 0.5146]",0.5146198830409356,0.0,0.5146198830409356,0.5146198830409356,0.0,0.5146198830409356,0.0,0.0,0
cars,sf9836,lotus,Q3,image,0,f1_score,4,"[0.9, 0.9, 0.9, 0.9]",0.9,0.0,0.9,0.9,0.0,0.9,0.0,0.0,0
cars,sf9836,palimpzest,Q1,text,1,f1_score,5,"[0.7368, 0.7361, 0.7361, 0.7361, 0.7361]",0.736248804805594,0.0002813711119292204,0.7361229718189582,0.7367521367521367,0.0006291649331784388,0.7361229718189582,0.0005033319465427288,-0.00012583298663570996,0
cars,sf9836,palimpzest,Q10,text,1,f1_score,5,"[0.5049, 0.5262, 0.5262, 0.5262, 0.5262]",0.5219386495344729,0.009531602589308233,0.504888000475108,0.5262013117993142,0.02131331132420622,0.5262013117993142,0.004262662264841288,0.004262662264841288,0
cars,sf9836,palimpzest,Q2,audio,0,f1_score,5,"[1.0, 1.0, 1.0, 1.0, 1.0]",1.0,0.0,1.0,1.0,0.0,1.0,0.0,0.0,0
cars,sf9836,palimpzest,Q3,image,0,f1_score,5,"[0.9, 0.9, 0.9, 0.9, 0.9]",0.9,0.0,0.9,0.9,0.0,0.9,0.0,0.0,0
cars,sf9836,palimpzest,Q4,text,1,relative_error,5,"[0.9745, 0.9745, 0.9745, 0.9745, 0.9745]",0.9745251009542424,0.0,0.9745251009542423,0.9745251009542423,0.0,0.9745251009542423,-1.1102230246251565e-16,-1.1102230246251565e-16,0
cars,sf9836,palimpzest,Q5,audio+image,0,relative_error,5,"[1.0, 1.0, 1.0, 1.0, 1.0]",1.0,0.0,1.0,1.0,0.0,1.0,0.0,0.0,0
cars,sf9836,palimpzest,Q6,audio+image+text,0,f1_score,5,"[0.9656, 0.9656, 0.9656, 0.9656, 0.9656]",0.965553235908142,0.0,0.965553235908142,0.965553235908142,0.0,0.965553235908142,0.0,0.0,0
cars,sf9836,palimpzest,Q7,audio+image+text,0,f1_score,5,"[0.5606, 0.5606, 0.5606, 0.5605, 0.5606]",0.5605837609288089,3.925294033067555e-05,0.560513543134492,0.5606013153773881,8.777224289613361e-05,0.5606013153773881,1.7554448579204518e-05,1.7554448579204518e-05,0
cars,sf9836,palimpzest,Q8,image,0,f1_score,5,"[0.3182, 0.2273, 0.2159, 0.3409, 0.3068]",0.28181818181818186,0.05647624381722354,0.2159090909090909,0.34090909090909094,0.12500000000000003,0.34090909090909094,0.05909090909090908,0.05909090909090908,0
cars,sf9836,palimpzest,Q9,audio+image,0,f1_score,5,"[0.0, 0.0, 0.0, 0.0, 0.0]",0.0,0.0,0.0,0.0,0.0,0.0,0.0,0.0,0
cars,sf9836,thalamusdb,Q1,text,1,f1_score,5,"[0.7996, 0.7996, 0.7996, 0.7996, 0.7996]",0.7996289424860853,0.0,0.7996289424860853,0.7996289424860853,0.0,0.7996289424860853,0.0,0.0,0
cars,sf9836,thalamusdb,Q2,audio,0,f1_score,5,"[0.0, 0.0, 0.0, 0.0, 0.0]",0.0,0.0,0.0,0.0,0.0,0.0,0.0,0.0,0
cars,sf9836,thalamusdb,Q4,text,1,relative_error,5,"[0.9772, 0.9772, 0.9772, 0.9772, 0.9772]",0.977230246558465,0.0,0.977230246558465,0.977230246558465,0.0,0.977230246558465,0.0,0.0,0
cars,sf9836,thalamusdb,Q5,audio+image,0,relative_error,5,"[1.0, 1.0, 1.0, 1.0, 1.0]",1.0,0.0,1.0,1.0,0.0,1.0,0.0,0.0,0
cars,sf9836,thalamusdb,Q6,audio+image+text,0,f1_score,5,"[0.9628, 0.9628, 0.9628, 0.0, 0.9628]",0.7702462022001048,0.43058071688262056,0.0,0.962807752750131,0.962807752750131,0.0,0.19256155055002622,-0.7702462022001048,1
cars,sf9836,thalamusdb,Q7,audio+image+text,0,f1_score,5,"[0.5791, 0.5791, 0.5791, 0.5791, 0.5791]",0.5790721300372502,0.0,0.5790721300372502,0.5790721300372502,0.0,0.5790721300372502,0.0,0.0,0
cars,sf9836,thalamusdb,Q8,image,0,f1_score,5,"[0.2034, 0.2034, 0.2034, 0.2034, 0.2034]",0.20338983050847456,0.0,0.20338983050847456,0.20338983050847456,0.0,0.20338983050847456,0.0,0.0,0
cars,sf9836,thalamusdb,Q9,audio+image,0,f1_score,5,"[1.0, 1.0, 1.0, 1.0, 1.0]",1.0,0.0,1.0,1.0,0.0,1.0,0.0,0.0,0
ecomm,default,bigquery,Q1,text,1,f1_score,5,"[0.5455, 0.6, 0.6, 0.6, 0.6]",0.5890909090909091,0.02439346884545226,0.5454545454545454,0.6,0.054545454545454564,0.6,0.010909090909090868,0.010909090909090868,0
ecomm,default,bigquery,Q12,image+text,0,f1_score,5,"[0.9697, 0.9697, 0.9697, 0.9697, 0.9697]",0.9696969696969697,0.0,0.9696969696969697,0.9696969696969697,0.0,0.9696969696969697,0.0,0.0,0
ecomm,default,bigquery,Q13,image+text,0,f1_score,5,"[0.6957, 0.6957, 0.6957, 0.6957, 0.6957]",0.6956521739130435,0.0,0.6956521739130435,0.6956521739130435,0.0,0.6956521739130435,0.0,0.0,0
ecomm,default,bigquery,Q14,image+text,0,f1_score,5,"[0.5, 0.6667, 0.0, 0.6667, 0.0]",0.36666666666666664,0.3415650255319866,0.0,0.6666666666666666,0.6666666666666666,0.5,0.3,0.13333333333333336,0
ecomm,default,bigquery,Q2,image,0,f1_score,5,"[0.2051, 0.2051, 0.2051, 0.2051, 0.2051]",0.20512820512820512,0.0,0.20512820512820512,0.20512820512820512,0.0,0.20512820512820512,0.0,0.0,0
ecomm,default,bigquery,Q3,text,1,accuracy,5,"[0.9711, 0.9622, 0.9708, 0.9638, 0.9648]",0.9665409281982112,0.00414688732511377,0.9622165649768203,0.9711118075298754,0.008895242553055072,0.9622165649768203,0.004570879331664113,-0.004324363221390959,0
ecomm,default,bigquery,Q4,image,0,accuracy,5,"[0.7204, 0.6715, 0.6516, 0.7078, 0.6978]",0.6898177229673987,0.027935778917157192,0.6515812022534644,0.7203942245714521,0.0688130223179877,0.6714706634968705,0.03057650160405334,-0.018347059470528282,0
ecomm,default,bigquery,Q5,text,1,accuracy,5,"[0.9796, 0.98, 0.98, 0.98, 0.9796]",0.9798628037456402,0.0002364267946709651,0.9796038111683603,0.9800354654638267,0.00043165429546643264,0.9800354654638267,0.00017266171818652865,0.00017266171818652865,0
ecomm,default,bigquery,Q6,image,0,accuracy,5,"[0.8926, 0.8644, 0.863, 0.8926, 0.8779]",0.878100088166517,0.014472045845568418,0.862963913863378,0.8926159220479035,0.029652008184525513,0.8926159220479035,0.014515833881386553,0.014515833881386553,0
ecomm,default,bigquery,Q7,text,1,f1_score,5,"[0.8314, 0.8314, 0.829, 0.8314, 0.8314]",0.8309133805190427,0.0010777139224215238,0.8289855072463768,0.8313953488372092,0.002409841590832462,0.8289855072463768,0.00048196831816649244,-0.0019278732726659698,0
ecomm,default,bigquery,Q8,image+text,0,f1_score,5,"[0.2857, 0.2857, 0.2857, 0.2857, 0.2857]",0.2857142857142857,0.0,0.2857142857142857,0.2857142857142857,0.0,0.2857142857142857,0.0,0.0,0
ecomm,default,bigquery,Q9,image,0,f1_score,5,"[0.5789, 0.5789, 0.5789, 0.5789, 0.5789]",0.5789473684210527,0.0,0.5789473684210527,0.5789473684210527,0.0,0.5789473684210527,0.0,0.0,0
ecomm,default,lotus,Q3,text,1,accuracy,5,"[0.9651, 0.9682, 0.9635, 0.9651, 0.9651]",0.9654088689321231,0.0016984968583455447,0.9634730849026362,0.9681603287018926,0.004687243799256446,0.9681603287018926,0.0027514597697695375,0.0027514597697695375,0
ecomm,default,lotus,Q2,image,0,f1_score,4,"[0.8, 0.8889, 0.8889, 0.8889]",0.8666666666666667,0.0444444444444444,0.8000000000000002,0.888888888888889,0.0888888888888888,0.888888888888889,0.022222222222222254,0.022222222222222254,0
ecomm,default,lotus,Q9,image,0,f1_score,3,"[0.5581, 0.5455, 0.5455]",0.5496828752642706,0.007323682061602037,0.5454545454545454,0.5581395348837209,0.012684989429175508,0.5581395348837209,0.008456659619450302,0.008456659619450302,0
ecomm,default,lotus,Q5,text,1,accuracy,5,"[0.9936, 0.9936, 0.9936, 0.9936, 0.9936]",0.9936456287579001,0.0,0.9936456287579,0.9936456287579,0.0,0.9936456287579,-1.1102230246251565e-16,-1.1102230246251565e-16,0
ecomm,default,lotus,Q4,image,0,accuracy,5,"[0.4484, 0.4469, 0.4501, 0.4498, 0.4484]",0.44872324844924905,0.0012532275339225635,0.4469375446528309,0.450067307239756,0.0031297625869251,0.44841915643158464,0.0013440587905069745,-0.0003040920176644035,0
ecomm,default,lotus,Q10,image,0,f1_score,4,"[0.0, 0.0, 0.0, 0.0]",0.0,0.0,0.0,0.0,0.0,0.0,0.0,0.0,0
ecomm,default,lotus,Q8,image+text,0,f1_score,5,"[1.0, 1.0, 1.0, 1.0, 1.0]",1.0,0.0,1.0,1.0,0.0,1.0,0.0,0.0,0
ecomm,default,lotus,Q7,text,1,f1_score,3,"[0.7522, 0.7522, 0.7522]",0.7521865889212828,0.0,0.7521865889212828,0.7521865889212828,0.0,0.7521865889212828,0.0,0.0,0
ecomm,default,lotus,Q13,image+text,0,f1_score,4,"[0.7368, 0.7368, 0.7368, 0.7368]",0.7368421052631579,0.0,0.7368421052631579,0.7368421052631579,0.0,0.7368421052631579,0.0,0.0,0
ecomm,default,lotus,Q6,image,0,accuracy,5,"[0.8865, 0.8865, 0.8865, 0.8865, 0.8865]",0.8865245639120412,0.0,0.8865245639120412,0.8865245639120412,0.0,0.8865245639120412,0.0,0.0,0
ecomm,default,lotus,Q1,text,1,f1_score,5,"[1.0, 1.0, 1.0, 1.0, 1.0]",1.0,0.0,1.0,1.0,0.0,1.0,0.0,0.0,0
ecomm,default,lotus,Q14,image+text,0,f1_score,5,"[0.6667, 1.0, 1.0, 0.6667, 1.0]",0.8666666666666666,0.18257418583505539,0.6666666666666666,1.0,0.33333333333333337,1.0,0.13333333333333341,0.13333333333333341,0
ecomm,default,lotus,Q12,image+text,0,f1_score,4,"[0.6061, 0.6061, 0.5859, 0.6061]",0.601010101010101,0.010101010101010166,0.5858585858585857,0.6060606060606061,0.020202020202020332,0.5858585858585857,0.005050505050505083,-0.015151515151515249,0
ecomm,default,palimpzest,Q3,text,1,accuracy,5,"[0.9805, 0.9775, 0.9775, 0.9775, 0.9775]",0.9780601766811241,0.0013397777351358744,0.9774610098630232,0.9804568439535277,0.0029958340905045233,0.9774610098630232,0.0023966672724036187,-0.0005991668181009047,0
ecomm,default,palimpzest,Q2,image,0,f1_score,5,"[0.8333, 0.8333, 0.8333, 0.8333, 0.8333]",0.8333333333333333,0.0,0.8333333333333333,0.8333333333333333,0.0,0.8333333333333333,0.0,0.0,0
ecomm,default,palimpzest,Q9,image,0,f1_score,5,"[0.4889, 0.4889, 0.4889, 0.4889, 0.4889]",0.4888888888888888,0.0,0.4888888888888888,0.4888888888888888,0.0,0.4888888888888888,0.0,0.0,0
ecomm,default,palimpzest,Q11,image+text,0,f1_score,5,"[0.7347, 0.7347, 0.7347, 0.7347, 0.7347]",0.7346938775510204,0.0,0.7346938775510204,0.7346938775510204,0.0,0.7346938775510204,0.0,0.0,0
ecomm,default,palimpzest,Q5,text,1,accuracy,5,"[0.9809, 0.9809, 0.9809, 0.9809, 0.9809]",0.9808985983174583,0.0,0.9808985983174584,0.9808985983174584,0.0,0.9808985983174584,1.1102230246251565e-16,1.1102230246251565e-16,0
ecomm,default,palimpzest,Q4,image,0,accuracy,5,"[0.5244, 0.5271, 0.5318, 0.5285, 0.5271]",0.5277837685731976,0.002701233456070254,0.5243806017917421,0.5317981210786643,0.007417519286922247,0.5271029721207902,0.004014352505466667,-0.0006807964524074839,0
ecomm,default,palimpzest,Q10,image,0,f1_score,5,"[0.0548, 0.0556, 0.0556, 0.0548, 0.0548]",0.055098934550989354,0.00041683604071930447,0.05479452054794521,0.05555555555555556,0.00076103500761035,0.05555555555555556,0.00045662100456620586,0.00045662100456620586,0
ecomm,default,palimpzest,Q8,image+text,0,f1_score,5,"[1.0, 1.0, 1.0, 1.0, 1.0]",1.0,0.0,1.0,1.0,0.0,1.0,0.0,0.0,0
ecomm,default,palimpzest,Q7,text,1,f1_score,5,"[0.9272, 0.9241, 0.9241, 0.9241, 0.9241]",0.9247043909688981,0.0013684327447379175,0.9240924092409241,0.9271523178807947,0.003059908639870601,0.9240924092409241,0.0024479269118965474,-0.0006119817279740536,0
ecomm,default,palimpzest,Q13,image+text,0,f1_score,5,"[0.7826, 0.7273, 0.7826, 0.6, 0.7826]",0.7350197628458497,0.07919039161422178,0.6,0.7826086956521738,0.18260869565217386,0.6,0.04758893280632415,-0.1350197628458497,0
ecomm,default,palimpzest,Q12,image+text,0,f1_score,5,"[0.0, 0.0, 0.0, 0.0, 0.0]",0.0,0.0,0.0,0.0,0.0,0.0,0.0,0.0,0
ecomm,default,palimpzest,Q6,image,0,accuracy,5,"[0.8926, 0.8926, 0.8926, 0.8926, 0.8926]",0.8926159220479036,0.0,0.8926159220479035,0.8926159220479035,0.0,0.8926159220479035,-1.1102230246251565e-16,-1.1102230246251565e-16,0
ecomm,default,palimpzest,Q1,text,1,f1_score,5,"[1.0, 1.0, 1.0, 1.0, 1.0]",1.0,0.0,1.0,1.0,0.0,1.0,0.0,0.0,0
ecomm,default,thalamusdb,Q2,image,0,f1_score,5,"[0.6667, 0.6667, 0.6667, 0.6667, 0.0]",0.5333333333333333,0.29814239699997197,0.0,0.6666666666666666,0.6666666666666666,0.6666666666666666,0.1333333333333333,0.1333333333333333,1
ecomm,default,thalamusdb,Q9,image,0,f1_score,5,"[0.0, 0.0, 0.0, 0.0, 0.0]",0.0,0.0,0.0,0.0,0.0,0.0,0.0,0.0,0
ecomm,default,thalamusdb,Q8,image+text,0,f1_score,5,"[0.0, 0.0, 0.0, 0.0, 0.0]",0.0,0.0,0.0,0.0,0.0,0.0,0.0,0.0,2
ecomm,default,thalamusdb,Q7,text,1,f1_score,5,"[0.5063, 0.5052, 0.519, 0.5237, 0.5095]",0.5127335446994128,0.00819164019721049,0.5052192066805846,0.5237113402061856,0.018492133525600973,0.5189873417721519,0.010977795506772803,0.006253797072739098,0
ecomm,default,thalamusdb,Q1,text,1,f1_score,5,"[1.0, 1.0, 1.0, 1.0, 1.0]",1.0,0.0,1.0,1.0,0.0,1.0,0.0,0.0,0
ecomm,sf1000,bigquery,Q1,text,1,f1_score,5,"[0.4615, 0.4615, 0.4615, 0.4615, 0.4615]",0.4615384615384615,0.0,0.4615384615384615,0.4615384615384615,0.0,0.4615384615384615,0.0,0.0,0
ecomm,sf1000,bigquery,Q10,image,0,f1_score,5,"[0.0, 0.0, 0.0, 0.0, 0.0]",0.0,0.0,0.0,0.0,0.0,0.0,0.0,0.0,0
ecomm,sf1000,bigquery,Q11,image+text,0,f1_score,5,"[0.5304, 0.5304, 0.5304, 0.5304, 0.5304]",0.5303867403314918,0.0,0.5303867403314918,0.5303867403314918,0.0,0.5303867403314918,0.0,0.0,0
ecomm,sf1000,bigquery,Q12,image+text,0,f1_score,5,"[0.9439, 0.9439, 0.9439, 0.9439, 0.9346]",0.9420560747663551,0.0041795663130837196,0.9345794392523364,0.9439252336448598,0.009345794392523366,0.9345794392523364,0.0018691588785046953,-0.00747663551401867,0
ecomm,sf1000,bigquery,Q13,image+text,0,f1_score,5,"[0.5926, 0.5926, 0.5926, 0.5926, 0.5926]",0.5925925925925926,0.0,0.5925925925925926,0.5925925925925926,0.0,0.5925925925925926,0.0,0.0,0
ecomm,sf1000,bigquery,Q14,image+text,0,f1_score,5,"[0.5714, 0.6667, 0.5714, 0.6667, 0.5714]",0.6095238095238096,0.052164053095730044,0.5714285714285715,0.6666666666666666,0.09523809523809512,0.6666666666666666,0.05714285714285705,0.05714285714285705,0
ecomm,sf1000,bigquery,Q2,image,0,f1_score,5,"[0.5714, 0.5714, 0.5714, 0.5714, 0.5714]",0.5714285714285714,0.0,0.5714285714285714,0.5714285714285714,0.0,0.5714285714285714,0.0,0.0,0
ecomm,sf1000,bigquery,Q3,text,1,accuracy,5,"[0.978, 0.9725, 0.978, 0.979, 0.9769]",0.9768823158687339,0.002536820314365926,0.9725461277783337,0.9790012516657021,0.0064551238873683525,0.9779772775858366,0.002118935796968202,0.0010949617171027715,0
ecomm,sf1000,bigquery,Q4,image,0,accuracy,5,"[0.6646, 0.6572, 0.693, 0.6826, 0.6795]",0.6753850452320108,0.014384791936689166,0.6571958912852673,0.6929979645501719,0.03580207326490459,0.6929979645501719,0.017612919318161113,0.017612919318161113,0
ecomm,sf1000,bigquery,Q5,text,1,accuracy,5,"[0.9527, 0.9527, 0.9527, 0.9527, 0.9527]",0.9526947828080022,0.0,0.9526947828080021,0.9526947828080021,0.0,0.9526947828080021,-1.1102230246251565e-16,-1.1102230246251565e-16,0
ecomm,sf1000,bigquery,Q6,image,0,accuracy,5,"[0.9256, 0.9256, 0.9256, 0.9256, 0.9256]",0.9256400861427817,0.0,0.9256400861427817,0.9256400861427817,0.0,0.9256400861427817,0.0,0.0,0
ecomm,sf1000,bigquery,Q7,text,1,f1_score,5,"[0.8165, 0.8165, 0.8165, 0.8165, 0.8165]",0.8165137614678899,0.0,0.8165137614678899,0.8165137614678899,0.0,0.8165137614678899,0.0,0.0,0
ecomm,sf1000,bigquery,Q8,image+text,0,f1_score,5,"[0.8, 0.8, 0.8, 0.8, 0.8]",0.8,0.0,0.8,0.8,0.0,0.8,0.0,0.0,0
ecomm,sf1000,bigquery,Q9,image,0,f1_score,5,"[0.6667, 0.6667, 0.6667, 0.6667, 0.6667]",0.6666666666666666,0.0,0.6666666666666666,0.6666666666666666,0.0,0.6666666666666666,0.0,0.0,0
ecomm,sf1000,lotus,Q1,text,1,f1_score,5,"[1.0, 1.0, 1.0, 1.0, 1.0]",1.0,0.0,1.0,1.0,0.0,1.0,0.0,0.0,0
ecomm,sf1000,lotus,Q10,image,0,f1_score,5,"[0.0, 0.0, 0.0, 0.0, 0.0]",0.0,0.0,0.0,0.0,0.0,0.0,0.0,0.0,0
ecomm,sf1000,lotus,Q13,image+text,0,f1_score,4,"[0.6667, 0.6667, 0.6667, 0.6667]",0.6666666666666666,0.0,0.6666666666666666,0.6666666666666666,0.0,0.6666666666666666,0.0,0.0,0
ecomm,sf1000,lotus,Q14,image+text,0,f1_score,5,"[0.8, 0.8, 0.8, 1.0, 1.0]",0.8800000000000001,0.1095445115010332,0.8,1.0,0.19999999999999996,0.8,0.11999999999999988,-0.08000000000000007,0
ecomm,sf1000,lotus,Q2,image,0,f1_score,5,"[0.5333, 0.5333, 0.5333, 0.5333, 0.5333]",0.5333333333333333,0.0,0.5333333333333333,0.5333333333333333,0.0,0.5333333333333333,0.0,0.0,0
ecomm,sf1000,lotus,Q3,text,1,accuracy,5,"[0.9665, 0.9665, 0.9665, 0.9665, 0.9665]",0.9665187589146653,0.0,0.9665187589146653,0.9665187589146653,0.0,0.9665187589146653,0.0,0.0,0
ecomm,sf1000,lotus,Q4,image,0,accuracy,4,"[0.4209, 0.4209, 0.4209, 0.4209]",0.4209405386397193,0.0,0.4209405386397193,0.4209405386397193,0.0,0.4209405386397193,0.0,0.0,0
ecomm,sf1000,lotus,Q5,text,1,accuracy,5,"[0.9692, 0.9692, 0.9692, 0.9692, 0.9692]",0.9691643641578926,0.0,0.9691643641578925,0.9691643641578925,0.0,0.9691643641578925,-1.1102230246251565e-16,-1.1102230246251565e-16,0
ecomm,sf1000,lotus,Q6,image,0,accuracy,5,"[0.9396, 0.9396, 0.9396, 0.9396, 0.9396]",0.9395672788097909,0.0,0.9395672788097909,0.9395672788097909,0.0,0.9395672788097909,0.0,0.0,0
ecomm,sf1000,lotus,Q7,text,1,f1_score,5,"[0.5622, 0.5622, 0.5622, 0.2259, 0.5622]",0.4949666803784451,0.1504227119573861,0.22588235294117645,0.5622377622377622,0.3363554092965858,0.5622377622377622,0.06727108185931713,0.06727108185931713,0
ecomm,sf1000,lotus,Q8,image+text,0,f1_score,4,"[0.1714, 0.1714, 0.1714, 0.1714]",0.1714285714285714,0.0,0.1714285714285714,0.1714285714285714,0.0,0.1714285714285714,0.0,0.0,0
ecomm,sf1000,lotus,Q9,image,0,f1_score,5,"[0.6044, 0.6119, 0.6154, 0.6099, 0.6099]",0.6102864295303634,0.003968286729337278,0.6044444444444445,0.6153846153846154,0.010940170940170968,0.6153846153846154,0.005098185854252035,0.005098185854252035,0
ecomm,sf1000,lotus,Q12,image+text,0,f1_score,4,"[0.6132, 0.6132, 0.6132, 0.6132]",0.6132075471698113,0.0,0.6132075471698113,0.6132075471698113,0.0,0.6132075471698113,0.0,0.0,0
ecomm,sf1000,palimpzest,Q1,text,1,f1_score,5,"[1.0, 1.0, 1.0, 1.0, 1.0]",1.0,0.0,1.0,1.0,0.0,1.0,0.0,0.0,0
ecomm,sf1000,palimpzest,Q10,image,0,f1_score,5,"[0.0625, 0.0625, 0.0625, 0.0625, 0.0625]",0.0625,0.0,0.0625,0.0625,0.0,0.0625,0.0,0.0,0
ecomm,sf1000,palimpzest,Q11,image+text,0,f1_score,5,"[0.3119, 0.3336, 0.3117, 0.3114, 0.3114]",0.31599217072455427,0.009859078428138494,0.3113513513513514,0.3336229365768897,0.022271585225538293,0.31194690265486724,0.017630765852335417,-0.004045268069687025,0
ecomm,sf1000,palimpzest,Q12,image+text,0,f1_score,5,"[0.0, 0.0, 0.0, 0.0, 0.0]",0.0,0.0,0.0,0.0,0.0,0.0,0.0,0.0,0
ecomm,sf1000,palimpzest,Q13,image+text,0,f1_score,5,"[0.7692, 0.7692, 0.7692, 0.7692, 0.8]",0.7753846153846153,0.013760418323075679,0.7692307692307692,0.8,0.030769230769230882,0.7692307692307692,0.024615384615384706,-0.006153846153846176,0
ecomm,sf1000,palimpzest,Q2,image,0,f1_score,5,"[0.5882, 0.5882, 0.5882, 0.5882, 0.5882]",0.5882352941176471,0.0,0.5882352941176471,0.5882352941176471,0.0,0.5882352941176471,0.0,0.0,0
ecomm,sf1000,palimpzest,Q3,text,1,accuracy,5,"[0.9789, 0.9789, 0.9789, 0.9789, 0.9789]",0.9788662224462621,0.0,0.9788662224462621,0.9788662224462621,0.0,0.9788662224462621,0.0,0.0,0
ecomm,sf1000,palimpzest,Q4,image,0,accuracy,5,"[0.462, 0.462, 0.462, 0.462, 0.462]",0.46195043448937484,0.0,0.46195043448937484,0.46195043448937484,0.0,0.46195043448937484,0.0,0.0,0
ecomm,sf1000,palimpzest,Q5,text,1,accuracy,5,"[0.9611, 0.9611, 0.9611, 0.9611, 0.9611]",0.9610979520975096,0.0,0.9610979520975096,0.9610979520975096,0.0,0.9610979520975096,0.0,0.0,0
ecomm,sf1000,palimpzest,Q6,image,0,accuracy,5,"[0.8816, 0.8816, 0.8816, 0.8816, 0.8816]",0.881625862632838,0.0,0.881625862632838,0.881625862632838,0.0,0.881625862632838,0.0,0.0,0
ecomm,sf1000,palimpzest,Q7,text,1,f1_score,5,"[0.8939, 0.8939, 0.8939, 0.8939, 0.8939]",0.8939051918735892,0.0,0.8939051918735892,0.8939051918735892,0.0,0.8939051918735892,0.0,0.0,0
ecomm,sf1000,palimpzest,Q8,image+text,0,f1_score,5,"[0.1081, 0.1081, 0.1081, 0.1081, 0.1088]",0.10825519396947966,0.00032889398455595534,0.1081081081081081,0.10884353741496598,0.0007354293068578821,0.10884353741496598,0.0005883434454863196,0.0005883434454863196,0
ecomm,sf1000,palimpzest,Q9,image,0,f1_score,5,"[0.6474, 0.6474, 0.6474, 0.6474, 0.655]",0.6489132271912923,0.003386263914815652,0.6473988439306358,0.6549707602339182,0.0075719163032823555,0.6549707602339182,0.006057533042625907,0.006057533042625907,0
ecomm,sf2000,bigquery,Q1,text,1,f1_score,5,"[0.3333, 0.3333, 0.3333, 0.3333, 0.3333]",0.33333333333333326,0.0,0.33333333333333326,0.33333333333333326,0.0,0.33333333333333326,0.0,0.0,0
ecomm,sf2000,bigquery,Q10,image,0,f1_score,5,"[0.0882, 0.0882, 0.0882, 0.0882, 0.0882]",0.08823529411764705,0.0,0.08823529411764705,0.08823529411764705,0.0,0.08823529411764705,0.0,0.0,0
ecomm,sf2000,bigquery,Q11,image+text,0,f1_score,5,"[0.7549, 0.7549, 0.7549, 0.7549, 0.7549]",0.7549019607843137,0.0,0.7549019607843137,0.7549019607843137,0.0,0.7549019607843137,0.0,0.0,0
ecomm,sf2000,bigquery,Q12,image+text,0,f1_score,5,"[0.9466, 0.9563, 0.9417, 0.9515, 0.9466]",0.9485436893203885,0.005534832160675459,0.9417475728155339,0.9563106796116505,0.01456310679611661,0.9466019417475728,0.007766990291262044,-0.001941747572815622,0
ecomm,sf2000,bigquery,Q13,image+text,0,f1_score,5,"[0.5926, 0.5926, 0.5926, 0.5926, 0.5926]",0.5925925925925926,0.0,0.5925925925925926,0.5925925925925926,0.0,0.5925925925925926,0.0,0.0,0
ecomm,sf2000,bigquery,Q14,image+text,0,f1_score,5,"[0.0, 0.0, 0.0, 0.0, 0.0]",0.0,0.0,0.0,0.0,0.0,0.0,0.0,0.0,0
ecomm,sf2000,bigquery,Q2,image,0,f1_score,5,"[0.5, 0.5, 0.5, 0.5, 0.5]",0.5000000000000001,0.0,0.5000000000000001,0.5000000000000001,0.0,0.5000000000000001,0.0,0.0,0
ecomm,sf2000,bigquery,Q3,text,1,accuracy,5,"[0.9643, 0.9627, 0.9613, 0.9597, 0.9604]",0.9616782660516611,0.0018477505072014575,0.9596504032718759,0.9642631408690542,0.004612737597178285,0.9604037978457227,0.0025848748173931124,-0.0012744682059383505,0
ecomm,sf2000,bigquery,Q4,image,0,accuracy,5,"[0.6659, 0.6557, 0.6655, 0.6746, 0.6598]",0.6643054426465869,0.007173741100486703,0.6556669044311556,0.674641293736835,0.018974389305679407,0.659795202730874,0.01033585109024815,-0.004510239915712866,0
ecomm,sf2000,bigquery,Q5,text,1,accuracy,5,"[0.9747, 0.9747, 0.9747, 0.9747, 0.9747]",0.974656982608636,0.0,0.974656982608636,0.974656982608636,0.0,0.974656982608636,0.0,0.0,0
ecomm,sf2000,bigquery,Q6,image,0,accuracy,5,"[0.9126, 0.9126, 0.9126, 0.9126, 0.9126]",0.9125911482878551,0.0,0.9125911482878551,0.9125911482878551,0.0,0.9125911482878551,0.0,0.0,0
ecomm,sf2000,bigquery,Q7,text,1,f1_score,5,"[0.8186, 0.8186, 0.8186, 0.8186, 0.8186]",0.8185502026114364,0.0,0.8185502026114364,0.8185502026114364,0.0,0.8185502026114364,0.0,0.0,0
ecomm,sf2000,bigquery,Q8,image+text,0,f1_score,5,"[0.1181, 0.1181, 0.1181, 0.1181, 0.1181]",0.11814345991561181,0.0,0.11814345991561181,0.11814345991561181,0.0,0.11814345991561181,0.0,0.0,0
ecomm,sf2000,bigquery,Q9,image,0,f1_score,5,"[0.4704, 0.4704, 0.4704, 0.4704, 0.4704]",0.47037037037037044,0.0,0.4703703703703704,0.4703703703703704,0.0,0.4703703703703704,-5.551115123125783e-17,-5.551115123125783e-17,0
ecomm,sf2000,lotus,Q1,text,1,f1_score,5,"[1.0, 1.0, 1.0, 1.0, 1.0]",1.0,0.0,1.0,1.0,0.0,1.0,0.0,0.0,0
ecomm,sf2000,lotus,Q10,image,0,f1_score,4,"[0.0, 0.0, 0.0, 0.0]",0.0,0.0,0.0,0.0,0.0,0.0,0.0,0.0,0
ecomm,sf2000,lotus,Q12,image+text,0,f1_score,5,"[0.5278, 0.5278, 0.5278, 0.5278, 0.5278]",0.5278450363196124,0.0,0.5278450363196124,0.5278450363196124,0.0,0.5278450363196124,0.0,0.0,0
ecomm,sf2000,lotus,Q13,image+text,0,f1_score,5,"[0.6364, 0.6364, 0.6364, 0.6364, 0.6364]",0.6363636363636365,0.0,0.6363636363636365,0.6363636363636365,0.0,0.6363636363636365,0.0,0.0,0
ecomm,sf2000,lotus,Q14,image+text,0,f1_score,5,"[0.5, 0.8, 0.5, 0.8, 0.5]",0.62,0.16431676725154987,0.5,0.8,0.30000000000000004,0.5,0.18000000000000005,-0.12,0
ecomm,sf2000,lotus,Q2,image,0,f1_score,5,"[0.4444, 0.4444, 0.4444, 0.4444, 0.4444]",0.4444444444444445,0.0,0.4444444444444444,0.4444444444444444,0.0,0.4444444444444444,-5.551115123125783e-17,-5.551115123125783e-17,0
ecomm,sf2000,lotus,Q3,text,1,accuracy,5,"[0.9524, 0.9524, 0.9524, 0.9524, 0.9524]",0.9524266609720883,0.0,0.9524266609720882,0.9524266609720882,0.0,0.9524266609720882,-1.1102230246251565e-16,-1.1102230246251565e-16,0
ecomm,sf2000,lotus,Q4,image,0,accuracy,5,"[0.433, 0.433, 0.433, 0.433, 0.433]",0.432951424324792,0.0,0.432951424324792,0.432951424324792,0.0,0.432951424324792,0.0,0.0,0
ecomm,sf2000,lotus,Q5,text,1,accuracy,5,"[0.9779, 0.9779, 0.9779, 0.9779, 0.9779]",0.977907829336635,0.0,0.977907829336635,0.977907829336635,0.0,0.977907829336635,0.0,0.0,0
ecomm,sf2000,lotus,Q6,image,0,accuracy,5,"[0.8984, 0.8984, 0.8984, 0.8984, 0.8984]",0.8983733487358332,0.0,0.8983733487358332,0.8983733487358332,0.0,0.8983733487358332,0.0,0.0,0
ecomm,sf2000,lotus,Q7,text,1,f1_score,5,"[0.2745, 0.2745, 0.2745, 0.2745, 0.2745]",0.2744849445324882,0.0,0.2744849445324882,0.2744849445324882,0.0,0.2744849445324882,0.0,0.0,0
ecomm,sf2000,lotus,Q8,image+text,0,f1_score,5,"[0.1083, 0.1083, 0.1083, 0.1083, 0.1083]",0.10833333333333332,0.0,0.10833333333333332,0.10833333333333332,0.0,0.10833333333333332,0.0,0.0,0
ecomm,sf2000,lotus,Q9,image,0,f1_score,5,"[0.4314, 0.6111, 0.4335, 0.4371, 0.4356]",0.46974217082963976,0.079057278350498,0.43137254901960786,0.611111111111111,0.17973856209150318,0.43564356435643564,0.1413689402814713,-0.03409860647320412,0
ecomm,sf2000,palimpzest,Q1,text,1,f1_score,3,"[1.0, 1.0, 1.0]",1.0,0.0,1.0,1.0,0.0,1.0,0.0,0.0,0
ecomm,sf2000,palimpzest,Q10,image,0,f1_score,3,"[0.0856, 0.0856, 0.0856]",0.08556149732620322,0.0,0.08556149732620322,0.08556149732620322,0.0,0.08556149732620322,0.0,0.0,0
ecomm,sf2000,palimpzest,Q11,image+text,0,f1_score,4,"[0.6317, 0.6638, 0.6638, 0.6638]",0.6557666382857954,0.016052930324961023,0.6316872427983539,0.6637931034482759,0.03210586064992205,0.6637931034482759,0.008026465162480512,0.008026465162480512,0
ecomm,sf2000,palimpzest,Q12,image+text,0,f1_score,3,"[0.0, 0.0, 0.0]",0.0,0.0,0.0,0.0,0.0,0.0,0.0,0.0,0
ecomm,sf2000,palimpzest,Q13,image+text,0,f1_score,3,"[0.6452, 0.6452, 0.6452]",0.6451612903225806,0.0,0.6451612903225806,0.6451612903225806,0.0,0.6451612903225806,0.0,0.0,0
ecomm,sf2000,palimpzest,Q2,image,0,f1_score,3,"[0.4762, 0.4762, 0.4762]",0.4761904761904761,0.0,0.47619047619047616,0.47619047619047616,0.0,0.47619047619047616,5.551115123125783e-17,5.551115123125783e-17,0
ecomm,sf2000,palimpzest,Q3,text,1,accuracy,3,"[0.957, 0.957, 0.957]",0.9570346649768339,0.0,0.9570346649768339,0.9570346649768339,0.0,0.9570346649768339,0.0,0.0,0
ecomm,sf2000,palimpzest,Q4,image,0,accuracy,3,"[0.4786, 0.4786, 0.4786]",0.4786478565682922,0.0,0.47864785656829223,0.47864785656829223,0.0,0.47864785656829223,5.551115123125783e-17,5.551115123125783e-17,0
ecomm,sf2000,palimpzest,Q5,text,1,accuracy,3,"[0.9927, 0.9927, 0.9927]",0.9927390570943043,0.0,0.9927390570943044,0.9927390570943044,0.0,0.9927390570943044,1.1102230246251565e-16,1.1102230246251565e-16,0
ecomm,sf2000,palimpzest,Q6,image,0,accuracy,3,"[0.8933, 0.8933, 0.8933]",0.8933063220070796,0.0,0.8933063220070796,0.8933063220070796,0.0,0.8933063220070796,0.0,0.0,0
ecomm,sf2000,palimpzest,Q7,text,1,f1_score,3,"[0.8592, 0.8594, 0.8592]",0.8592901998769107,0.0001242971675824749,0.8592184368737474,0.8594337258832372,0.00021528900948974972,0.8592184368737474,0.0001435260063264998,-7.17630031632499e-05,0
ecomm,sf2000,palimpzest,Q8,image+text,0,f1_score,3,"[0.0645, 0.0645, 0.0645]",0.06451612903225808,0.0,0.06451612903225808,0.06451612903225808,0.0,0.06451612903225808,0.0,0.0,0
ecomm,sf2000,palimpzest,Q9,image,0,f1_score,3,"[0.5954, 0.5954, 0.5954]",0.5954198473282442,0.0,0.5954198473282442,0.5954198473282442,0.0,0.5954198473282442,0.0,0.0,0
ecomm,sf250,bigquery,Q1,text,1,f1_score,5,"[0.6, 0.6, 0.6, 0.6, 0.6]",0.6,0.0,0.6,0.6,0.0,0.6,0.0,0.0,0
ecomm,sf250,bigquery,Q10,image,0,f1_score,5,"[0.0, 0.0, 0.0, 0.0, 0.0]",0.0,0.0,0.0,0.0,0.0,0.0,0.0,0.0,0
ecomm,sf250,bigquery,Q11,image+text,0,f1_score,5,"[0.5079, 0.5079, 0.5079, 0.5079, 0.5079]",0.5079365079365079,0.0,0.5079365079365079,0.5079365079365079,0.0,0.5079365079365079,0.0,0.0,0
ecomm,sf250,bigquery,Q12,image+text,0,f1_score,5,"[0.9398, 0.9398, 0.9398, 0.9398, 0.9398]",0.9397590361445782,0.0,0.9397590361445783,0.9397590361445783,0.0,0.9397590361445783,1.1102230246251565e-16,1.1102230246251565e-16,0
ecomm,sf250,bigquery,Q13,image+text,0,f1_score,5,"[0.7273, 0.7273, 0.7273, 0.7273, 0.7273]",0.7272727272727272,0.0,0.7272727272727272,0.7272727272727272,0.0,0.7272727272727272,0.0,0.0,0
ecomm,sf250,bigquery,Q14,image+text,0,f1_score,5,"[0.6667, 1.0, 0.6667, 1.0, 1.0]",0.8666666666666666,0.18257418583505539,0.6666666666666666,1.0,0.33333333333333337,1.0,0.13333333333333341,0.13333333333333341,0
ecomm,sf250,bigquery,Q2,image,0,f1_score,5,"[0.8, 0.8, 0.8, 0.8, 0.8]",0.8000000000000002,0.0,0.8000000000000002,0.8000000000000002,0.0,0.8000000000000002,0.0,0.0,0
ecomm,sf250,bigquery,Q3,text,1,accuracy,5,"[0.973, 0.9561, 0.9722, 0.9371, 0.973]",0.962268992352253,0.01582555551586937,0.9370748514584131,0.9729863632009562,0.035911511742543145,0.9729863632009562,0.010717370848703167,0.010717370848703167,0
ecomm,sf250,bigquery,Q4,image,0,accuracy,5,"[0.6858, 0.6849, 0.7158, 0.6804, 0.6936]",0.6920840952798242,0.014076742812240655,0.6804122796171803,0.715793158412641,0.0353808787954607,0.715793158412641,0.023709063132816843,0.023709063132816843,0
ecomm,sf250,bigquery,Q5,text,1,accuracy,5,"[0.9297, 0.9297, 0.9297, 0.9297, 0.9297]",0.9297392137669209,0.0,0.929739213766921,0.929739213766921,0.0,0.929739213766921,1.1102230246251565e-16,1.1102230246251565e-16,0
ecomm,sf250,bigquery,Q6,image,0,accuracy,5,"[0.817, 0.817, 0.817, 0.817, 0.817]",0.8170046580632493,0.0,0.8170046580632493,0.8170046580632493,0.0,0.8170046580632493,0.0,0.0,0
ecomm,sf250,bigquery,Q7,text,1,f1_score,5,"[0.9738, 0.9738, 0.9738, 0.9738, 0.9738]",0.9738219895287958,0.0,0.9738219895287958,0.9738219895287958,0.0,0.9738219895287958,0.0,0.0,0
ecomm,sf250,bigquery,Q8,image+text,0,f1_score,5,"[1.0, 1.0, 1.0, 1.0, 1.0]",1.0,0.0,1.0,1.0,0.0,1.0,0.0,0.0,0
ecomm,sf250,bigquery,Q9,image,0,f1_score,5,"[0.3774, 0.3774, 0.3774, 0.3774, 0.3774]",0.37735849056603776,0.0,0.37735849056603776,0.37735849056603776,0.0,0.37735849056603776,0.0,0.0,0
ecomm,sf250,lotus,Q1,text,1,f1_score,5,"[1.0, 1.0, 1.0, 1.0, 1.0]",1.0,0.0,1.0,1.0,0.0,1.0,0.0,0.0,0
ecomm,sf250,lotus,Q10,image,0,f1_score,5,"[0.0, 0.0, 0.0, 0.0, 0.0]",0.0,0.0,0.0,0.0,0.0,0.0,0.0,0.0,0
ecomm,sf250,lotus,Q11,image+text,0,f1_score,3,"[0.5, 0.5234, 0.42]",0.4811214953271028,0.05420657427433023,0.42,0.5233644859813085,0.10336448598130848,0.42,0.04224299065420567,-0.061121495327102815,0
ecomm,sf250,lotus,Q12,image+text,0,f1_score,4,"[0.6265, 0.6265, 0.6265, 0.6265]",0.6265060240963854,0.0,0.6265060240963854,0.6265060240963854,0.0,0.6265060240963854,0.0,0.0,0
ecomm,sf250,lotus,Q13,image+text,0,f1_score,3,"[0.7368, 0.7368, 0.7368]",0.7368421052631579,0.0,0.7368421052631579,0.7368421052631579,0.0,0.7368421052631579,0.0,0.0,0
ecomm,sf250,lotus,Q14,image+text,0,f1_score,5,"[1.0, 1.0, 0.6667, 0.6667, 1.0]",0.8666666666666666,0.18257418583505539,0.6666666666666666,1.0,0.33333333333333337,1.0,0.13333333333333341,0.13333333333333341,0
ecomm,sf250,lotus,Q2,image,0,f1_score,5,"[0.7273, 0.7273, 0.7273, 0.7273, 0.7273]",0.7272727272727272,0.0,0.7272727272727272,0.7272727272727272,0.0,0.7272727272727272,0.0,0.0,0
ecomm,sf250,lotus,Q3,text,1,accuracy,5,"[0.951, 0.951, 0.951, 0.951, 0.951]",0.9509699080468896,0.0,0.9509699080468896,0.9509699080468896,0.0,0.9509699080468896,0.0,0.0,0
ecomm,sf250,lotus,Q4,image,0,accuracy,5,"[0.4379, 0.4379, 0.4379, 0.4379, 0.4379]",0.43790440897068583,0.0,0.43790440897068583,0.43790440897068583,0.0,0.43790440897068583,0.0,0.0,0
ecomm,sf250,lotus,Q5,text,1,accuracy,5,"[0.9624, 0.9624, 0.9624, 0.9624, 0.9624]",0.962376529895699,0.0,0.962376529895699,0.962376529895699,0.0,0.962376529895699,0.0,0.0,0
ecomm,sf250,lotus,Q6,image,0,accuracy,5,"[0.8158, 0.8158, 0.8158, 0.8158, 0.8158]",0.8157765910122409,0.0,0.8157765910122409,0.8157765910122409,0.0,0.8157765910122409,0.0,0.0,0
ecomm,sf250,lotus,Q7,text,1,f1_score,5,"[0.6634, 0.6634, 0.573, 0.5474, 0.5829]",0.6060177080135252,0.05397432066307787,0.5473684210526316,0.6634146341463415,0.11604621309370988,0.6634146341463415,0.05739692613281633,0.05739692613281633,0
ecomm,sf250,lotus,Q8,image+text,0,f1_score,5,"[0.3636, 0.3636, 0.3636, 0.3636, 0.3636]",0.36363636363636365,0.0,0.36363636363636365,0.36363636363636365,0.0,0.36363636363636365,0.0,0.0,0
ecomm,sf250,lotus,Q9,image,0,f1_score,5,"[0.4898, 0.4898, 0.5, 0.48, 0.4706]",0.4860360144057623,0.011161697884568172,0.47058823529411764,0.5,0.02941176470588236,0.489795918367347,0.013963985594237727,0.0037599039615847096,0
ecomm,sf250,palimpzest,Q1,text,1,f1_score,5,"[1.0, 1.0, 1.0, 1.0, 1.0]",1.0,0.0,1.0,1.0,0.0,1.0,0.0,0.0,0
ecomm,sf250,palimpzest,Q10,image,0,f1_score,5,"[0.1818, 0.1818, 0.1818, 0.1818, 0.1818]",0.18181818181818182,0.0,0.18181818181818182,0.18181818181818182,0.0,0.18181818181818182,0.0,0.0,0
ecomm,sf250,palimpzest,Q11,image+text,0,f1_score,5,"[0.5926, 0.7901, 0.7901, 0.775, 0.7901]",0.7475925925925926,0.08689474841577316,0.5925925925925926,0.7901234567901234,0.19753086419753085,0.775,0.04253086419753083,0.027407407407407436,0
ecomm,sf250,palimpzest,Q12,image+text,0,f1_score,5,"[0.0, 0.0, 0.0, 0.0, 0.0]",0.0,0.0,0.0,0.0,0.0,0.0,0.0,0.0,0
ecomm,sf250,palimpzest,Q13,image+text,0,f1_score,5,"[0.9091, 0.9091, 0.9091, 0.9091, 0.9091]",0.909090909090909,0.0,0.9090909090909091,0.9090909090909091,0.0,0.9090909090909091,1.1102230246251565e-16,1.1102230246251565e-16,0
ecomm,sf250,palimpzest,Q2,image,0,f1_score,5,"[0.8333, 0.8333, 0.8333, 0.8333, 0.8333]",0.8333333333333333,0.0,0.8333333333333333,0.8333333333333333,0.0,0.8333333333333333,0.0,0.0,0
ecomm,sf250,palimpzest,Q3,text,1,accuracy,5,"[0.9561, 0.9561, 0.9561, 0.9561, 0.9561]",0.956136827730826,0.0,0.956136827730826,0.956136827730826,0.0,0.956136827730826,0.0,0.0,0
ecomm,sf250,palimpzest,Q4,image,0,accuracy,5,"[0.526, 0.526, 0.526, 0.526, 0.526]",0.5260246543995486,0.0,0.5260246543995486,0.5260246543995486,0.0,0.5260246543995486,0.0,0.0,0
ecomm,sf250,palimpzest,Q5,text,1,accuracy,5,"[0.9297, 0.9297, 0.9297, 0.9297, 0.9297]",0.9297392137669209,0.0,0.929739213766921,0.929739213766921,0.0,0.929739213766921,1.1102230246251565e-16,1.1102230246251565e-16,0
ecomm,sf250,palimpzest,Q6,image,0,accuracy,5,"[0.8241, 0.8241, 0.8241, 0.8241, 0.8241]",0.824118637723976,0.0,0.8241186377239761,0.8241186377239761,0.0,0.8241186377239761,1.1102230246251565e-16,1.1102230246251565e-16,0
ecomm,sf250,palimpzest,Q7,text,1,f1_score,5,"[0.875, 0.875, 0.875, 0.875, 0.875]",0.8749999999999998,0.0,0.8749999999999999,0.8749999999999999,0.0,0.8749999999999999,1.1102230246251565e-16,1.1102230246251565e-16,0
ecomm,sf250,palimpzest,Q8,image+text,0,f1_score,5,"[0.4444, 0.4444, 0.4444, 0.4444, 0.4444]",0.4444444444444445,0.0,0.4444444444444445,0.4444444444444445,0.0,0.4444444444444445,0.0,0.0,0
ecomm,sf250,palimpzest,Q9,image,0,f1_score,5,"[0.4444, 0.4444, 0.4444, 0.4444, 0.4444]",0.4444444444444445,0.0,0.4444444444444444,0.4444444444444444,0.0,0.4444444444444444,-5.551115123125783e-17,-5.551115123125783e-17,0
ecomm,sf250,thalamusdb,Q1,text,1,f1_score,5,"[1.0, 1.0, 1.0, 1.0, 1.0]",1.0,0.0,1.0,1.0,0.0,1.0,0.0,0.0,0
ecomm,sf250,thalamusdb,Q2,image,0,f1_score,5,"[0.9091, 0.9091, 0.9091, 0.9091, 0.9091]",0.909090909090909,0.0,0.9090909090909091,0.9090909090909091,0.0,0.9090909090909091,1.1102230246251565e-16,1.1102230246251565e-16,0
ecomm,sf250,thalamusdb,Q7,text,1,f1_score,5,"[0.77, 0.77, 0.77, 0.77, 0.77]",0.77,0.0,0.77,0.77,0.0,0.77,0.0,0.0,0
ecomm,sf250,thalamusdb,Q8,image+text,0,f1_score,5,"[0.6154, 0.6154, 0.6154, 0.6154, 0.6154]",0.6153846153846153,0.0,0.6153846153846153,0.6153846153846153,0.0,0.6153846153846153,0.0,0.0,0
ecomm,sf250,thalamusdb,Q9,image,0,f1_score,5,"[0.6087, 0.6087, 0.6087, 0.6087, 0.6087]",0.6086956521739131,0.0,0.6086956521739131,0.6086956521739131,0.0,0.6086956521739131,0.0,0.0,0
ecomm,sf4000,bigquery,Q1,text,1,f1_score,5,"[0.3158, 0.3158, 0.3158, 0.3158, 0.3158]",0.3157894736842105,0.0,0.3157894736842105,0.3157894736842105,0.0,0.3157894736842105,0.0,0.0,0
ecomm,sf4000,bigquery,Q12,image+text,0,f1_score,5,"[0.9507, 0.9532, 0.9458, 0.9507, 0.9507]",0.9502463054187192,0.002698140677365362,0.9458128078817734,0.9532019704433498,0.007389162561576401,0.9507389162561576,0.002955665024630516,0.0004926108374383453,0
ecomm,sf4000,bigquery,Q13,image+text,0,f1_score,5,"[0.3636, 0.3636, 0.3636, 0.3636, 0.3636]",0.36363636363636365,0.0,0.36363636363636365,0.36363636363636365,0.0,0.36363636363636365,0.0,0.0,0
ecomm,sf4000,bigquery,Q14,image+text,0,f1_score,5,"[0.5714, 0.75, 0.75, 0.8571, 0.8571]",0.7571428571428571,0.11682448024140085,0.5714285714285715,0.8571428571428571,0.2857142857142856,0.8571428571428571,0.09999999999999998,0.09999999999999998,0
ecomm,sf4000,bigquery,Q2,image,0,f1_score,5,"[0.3077, 0.3077, 0.3077, 0.3077, 0.3077]",0.3076923076923077,0.0,0.3076923076923077,0.3076923076923077,0.0,0.3076923076923077,0.0,0.0,0
ecomm,sf4000,bigquery,Q3,text,1,accuracy,5,"[0.9697, 0.9672, 0.9665, 0.9623, 0.9662]",0.9663928107618073,0.0026533752840177554,0.9623482040297023,0.9697250739643674,0.00737686993466502,0.9664607440721551,0.003332263202560082,6.793331034782302e-05,0
ecomm,sf4000,bigquery,Q4,image,0,accuracy,5,"[0.7017, 0.6935, 0.6974, 0.6875, 0.6856]",0.6931308420266116,0.006729727583372582,0.685554206808783,0.7017440199432433,0.01618981313446033,0.6934945756590787,0.008613177916631742,0.00036373363246711143,0
ecomm,sf4000,bigquery,Q5,text,1,accuracy,5,"[0.9743, 0.9743, 0.9743, 0.9743, 0.9743]",0.9742729149813938,0.0,0.9742729149813938,0.9742729149813938,0.0,0.9742729149813938,0.0,0.0,0
ecomm,sf4000,bigquery,Q6,image,0,accuracy,5,"[0.9274, 0.9274, 0.9274, 0.9274, 0.9274]",0.9274061130609865,0.0,0.9274061130609865,0.9274061130609865,0.0,0.9274061130609865,0.0,0.0,0
ecomm,sf4000,bigquery,Q7,text,1,f1_score,5,"[0.7815, 0.7815, 0.7815, 0.7815, 0.7815]",0.7814622453056332,0.0,0.7814622453056332,0.7814622453056332,0.0,0.7814622453056332,0.0,0.0,0
ecomm,sf4000,bigquery,Q8,image+text,0,f1_score,5,"[0.0879, 0.0879, 0.0879, 0.0879, 0.0879]",0.08791208791208789,0.0,0.08791208791208789,0.08791208791208789,0.0,0.08791208791208789,0.0,0.0,0
ecomm,sf4000,bigquery,Q9,image,0,f1_score,5,"[0.5276, 0.5276, 0.5276, 0.5276, 0.5276]",0.5275754422476587,0.0,0.5275754422476587,0.5275754422476587,0.0,0.5275754422476587,0.0,0.0,0
ecomm,sf4000,bigquery,Q10,image,0,f1_score,4,"[0.1056, 0.1056, 0.1056, 0.1056]",0.10559006211180126,0.0,0.10559006211180126,0.10559006211180126,0.0,0.10559006211180126,0.0,0.0,0
ecomm,sf4000,bigquery,Q11,image+text,0,f1_score,4,"[0.6659, 0.6659, 0.6659, 0.6659]",0.6658739595719382,0.0,0.6658739595719382,0.6658739595719382,0.0,0.6658739595719382,0.0,0.0,0
ecomm,sf4000,lotus,Q1,text,1,f1_score,5,"[1.0, 1.0, 1.0, 1.0, 1.0]",1.0,0.0,1.0,1.0,0.0,1.0,0.0,0.0,0
ecomm,sf4000,lotus,Q10,image,0,f1_score,4,"[0.0, 0.0, 0.0, 0.0]",0.0,0.0,0.0,0.0,0.0,0.0,0.0,0.0,0
ecomm,sf4000,lotus,Q12,image+text,0,f1_score,5,"[0.5278, 0.5278, 0.5278, 0.5278, 0.5278]",0.5278450363196124,0.0,0.5278450363196124,0.5278450363196124,0.0,0.5278450363196124,0.0,0.0,0
ecomm,sf4000,lotus,Q13,image+text,0,f1_score,5,"[0.6364, 0.6364, 0.6364, 0.6364, 0.6364]",0.6363636363636365,0.0,0.6363636363636365,0.6363636363636365,0.0,0.6363636363636365,0.0,0.0,0
ecomm,sf4000,lotus,Q14,image+text,0,f1_score,5,"[0.5, 0.8, 0.5, 0.8, 0.5]",0.62,0.16431676725154987,0.5,0.8,0.30000000000000004,0.8,0.18000000000000005,0.18000000000000005,0
ecomm,sf4000,lotus,Q2,image,0,f1_score,5,"[0.4444, 0.4444, 0.4444, 0.4444, 0.4444]",0.4444444444444445,0.0,0.4444444444444444,0.4444444444444444,0.0,0.4444444444444444,-5.551115123125783e-17,-5.551115123125783e-17,0
ecomm,sf4000,lotus,Q3,text,1,accuracy,5,"[0.9524, 0.9524, 0.9524, 0.9524, 0.9524]",0.9524266609720883,0.0,0.9524266609720882,0.9524266609720882,0.0,0.9524266609720882,-1.1102230246251565e-16,-1.1102230246251565e-16,0
ecomm,sf4000,lotus,Q4,image,0,accuracy,5,"[0.433, 0.433, 0.433, 0.433, 0.433]",0.432951424324792,0.0,0.432951424324792,0.432951424324792,0.0,0.432951424324792,0.0,0.0,0
ecomm,sf4000,lotus,Q5,text,1,accuracy,5,"[0.9779, 0.9779, 0.9779, 0.9779, 0.9779]",0.977907829336635,0.0,0.977907829336635,0.977907829336635,0.0,0.977907829336635,0.0,0.0,0
ecomm,sf4000,lotus,Q6,image,0,accuracy,5,"[0.8984, 0.8984, 0.8984, 0.8984, 0.8984]",0.8983733487358332,0.0,0.8983733487358332,0.8983733487358332,0.0,0.8983733487358332,0.0,0.0,0
ecomm,sf4000,lotus,Q7,text,1,f1_score,5,"[0.2745, 0.2745, 0.2745, 0.2745, 0.2745]",0.2744849445324882,0.0,0.2744849445324882,0.2744849445324882,0.0,0.2744849445324882,0.0,0.0,0
ecomm,sf4000,lotus,Q8,image+text,0,f1_score,5,"[0.1083, 0.1083, 0.1083, 0.1083, 0.1083]",0.10833333333333332,0.0,0.10833333333333332,0.10833333333333332,0.0,0.10833333333333332,0.0,0.0,0
ecomm,sf500,bigquery,Q1,text,1,f1_score,5,"[0.5, 0.5, 0.5, 0.5, 0.5]",0.5,0.0,0.5,0.5,0.0,0.5,0.0,0.0,0
ecomm,sf500,bigquery,Q10,image,0,f1_score,5,"[0.0513, 0.0513, 0.0513, 0.0513, 0.0513]",0.05128205128205128,0.0,0.05128205128205128,0.05128205128205128,0.0,0.05128205128205128,0.0,0.0,0
ecomm,sf500,bigquery,Q11,image+text,0,f1_score,5,"[0.5, 0.5, 0.5, 0.5, 0.5]",0.5,0.0,0.5,0.5,0.0,0.5,0.0,0.0,0
ecomm,sf500,bigquery,Q12,image+text,0,f1_score,5,"[0.9091, 0.9256, 0.9256, 0.9256, 0.9091]",0.9190082644628099,0.009053265413308562,0.9090909090909091,0.9256198347107438,0.016528925619834767,0.9090909090909091,0.006611570247933907,-0.00991735537190086,0
ecomm,sf500,bigquery,Q13,image+text,0,f1_score,5,"[0.6667, 0.6667, 0.6667, 0.6667, 0.6667]",0.6666666666666666,0.0,0.6666666666666666,0.6666666666666666,0.0,0.6666666666666666,0.0,0.0,0
ecomm,sf500,bigquery,Q14,image+text,0,f1_score,5,"[1.0, 0.6667, 0.6667, 1.0, 1.0]",0.8666666666666666,0.18257418583505539,0.6666666666666666,1.0,0.33333333333333337,1.0,0.13333333333333341,0.13333333333333341,0
ecomm,sf500,bigquery,Q2,image,0,f1_score,5,"[0.6154, 0.6154, 0.6154, 0.6154, 0.6154]",0.6153846153846154,0.0,0.6153846153846154,0.6153846153846154,0.0,0.6153846153846154,0.0,0.0,0
ecomm,sf500,bigquery,Q3,text,1,accuracy,5,"[0.9473, 0.9476, 0.9487, 0.9546, 0.9434]",0.9483171271547877,0.004050750722334909,0.943429007747699,0.9546386832857515,0.011209675538052521,0.943429007747699,0.006321556130963857,-0.004888119407088665,0
ecomm,sf500,bigquery,Q4,image,0,accuracy,5,"[0.7173, 0.7267, 0.765, 0.7111, 0.724]",0.7288360067289525,0.0211111969664751,0.7110747088394452,0.7649921590753253,0.053917450235880016,0.7649921590753253,0.036156152346372705,0.036156152346372705,0
ecomm,sf500,bigquery,Q5,text,1,accuracy,5,"[0.9834, 0.9834, 0.9834, 0.9834, 0.9834]",0.9834218113056721,0.0,0.9834218113056721,0.9834218113056721,0.0,0.9834218113056721,0.0,0.0,0
ecomm,sf500,bigquery,Q6,image,0,accuracy,5,"[0.9794, 0.9794, 0.9794, 0.9794, 0.9794]",0.9794175205819398,0.0,0.9794175205819398,0.9794175205819398,0.0,0.9794175205819398,0.0,0.0,0
ecomm,sf500,bigquery,Q7,text,1,f1_score,5,"[0.848, 0.848, 0.848, 0.848, 0.848]",0.8480392156862745,0.0,0.8480392156862745,0.8480392156862745,0.0,0.8480392156862745,0.0,0.0,0
ecomm,sf500,bigquery,Q8,image+text,0,f1_score,5,"[1.0, 1.0, 1.0, 1.0, 1.0]",1.0,0.0,1.0,1.0,0.0,1.0,0.0,0.0,0
ecomm,sf500,bigquery,Q9,image,0,f1_score,5,"[0.6866, 0.6866, 0.6866, 0.6866, 0.6866]",0.6865671641791045,0.0,0.6865671641791045,0.6865671641791045,0.0,0.6865671641791045,0.0,0.0,0
ecomm,sf500,lotus,Q1,text,1,f1_score,5,"[1.0, 1.0, 1.0, 1.0, 1.0]",1.0,0.0,1.0,1.0,0.0,1.0,0.0,0.0,0
ecomm,sf500,lotus,Q10,image,0,f1_score,5,"[0.0, 0.0, 0.0, 0.0, 0.0]",0.0,0.0,0.0,0.0,0.0,0.0,0.0,0.0,0
ecomm,sf500,lotus,Q11,image+text,0,f1_score,3,"[0.9412, 0.875, 0.875]",0.8970588235294118,0.038207003108136926,0.8750000000000001,0.9411764705882353,0.06617647058823517,0.8750000000000001,0.044117647058823484,-0.022058823529411686,0
ecomm,sf500,lotus,Q12,image+text,0,f1_score,5,"[0.562, 0.562, 0.562, 0.562, 0.562]",0.5619834710743802,0.0,0.5619834710743802,0.5619834710743802,0.0,0.5619834710743802,0.0,0.0,0
ecomm,sf500,lotus,Q13,image+text,0,f1_score,5,"[0.7368, 0.7368, 0.7368, 0.7368, 0.7368]",0.7368421052631579,0.0,0.7368421052631579,0.7368421052631579,0.0,0.7368421052631579,0.0,0.0,0
ecomm,sf500,lotus,Q14,image+text,0,f1_score,4,"[0.6667, 1.0, 0.6667, 1.0]",0.8333333333333333,0.1924500897298753,0.6666666666666666,1.0,0.33333333333333337,0.6666666666666666,0.16666666666666674,-0.16666666666666663,0
ecomm,sf500,lotus,Q2,image,0,f1_score,5,"[0.6667, 0.6667, 0.6667, 0.6667, 0.6667]",0.6666666666666666,0.0,0.6666666666666666,0.6666666666666666,0.0,0.6666666666666666,0.0,0.0,0
ecomm,sf500,lotus,Q3,text,1,accuracy,5,"[0.9524, 0.9524, 0.9524, 0.9524, 0.9524]",0.9524170886342427,0.0,0.9524170886342427,0.9524170886342427,0.0,0.9524170886342427,0.0,0.0,0
ecomm,sf500,lotus,Q4,image,0,accuracy,5,"[0.46, 0.46, 0.46, 0.46, 0.46]",0.4600235692913247,0.0,0.4600235692913247,0.4600235692913247,0.0,0.4600235692913247,0.0,0.0,0
ecomm,sf500,lotus,Q5,text,1,accuracy,5,"[0.9676, 0.9676, 0.9676, 0.9676, 0.9676]",0.9675884686989885,0.0,0.9675884686989886,0.9675884686989886,0.0,0.9675884686989886,1.1102230246251565e-16,1.1102230246251565e-16,0
ecomm,sf500,lotus,Q6,image,0,accuracy,5,"[0.9794, 0.9794, 0.9794, 0.9794, 0.9794]",0.9794175205819398,0.0,0.9794175205819398,0.9794175205819398,0.0,0.9794175205819398,0.0,0.0,0
ecomm,sf500,lotus,Q7,text,1,f1_score,5,"[0.6597, 0.6761, 0.6761, 0.6597, 0.6597]",0.6662660637791527,0.009010309801890723,0.6596858638743455,0.6761363636363636,0.016450499762018178,0.6596858638743455,0.009870299857210996,-0.006580199904807182,0
ecomm,sf500,lotus,Q8,image+text,0,f1_score,5,"[0.1818, 0.1818, 0.1818, 0.1818, 0.1818]",0.18181818181818182,0.0,0.18181818181818182,0.18181818181818182,0.0,0.18181818181818182,0.0,0.0,0
ecomm,sf500,lotus,Q9,image,0,f1_score,5,"[0.6866, 0.6815, 0.6917, 0.6866, 0.6917]",0.6876148912912464,0.004291598820456779,0.6814814814814816,0.6917293233082707,0.010247841826789172,0.6814814814814816,0.004114432017024328,-0.006133409809764845,0
ecomm,sf500,palimpzest,Q1,text,1,f1_score,5,"[1.0, 1.0, 1.0, 1.0, 1.0]",1.0,0.0,1.0,1.0,0.0,1.0,0.0,0.0,0
ecomm,sf500,palimpzest,Q10,image,0,f1_score,5,"[0.2286, 0.2286, 0.2286, 0.2286, 0.2286]",0.2285714285714286,0.0,0.2285714285714286,0.2285714285714286,0.0,0.2285714285714286,0.0,0.0,0
ecomm,sf500,palimpzest,Q11,image+text,0,f1_score,5,"[0.8, 0.5, 0.5, 0.5, 0.5]",0.5599999999999999,0.1341640786499874,0.5,0.8,0.30000000000000004,0.5,0.2400000000000001,-0.05999999999999994,0
ecomm,sf500,palimpzest,Q12,image+text,0,f1_score,5,"[0.0, 0.0, 0.0, 0.0, 0.0]",0.0,0.0,0.0,0.0,0.0,0.0,0.0,0.0,0
ecomm,sf500,palimpzest,Q13,image+text,0,f1_score,5,"[0.8696, 0.8696, 0.8696, 0.8696, 0.8696]",0.8695652173913043,0.0,0.8695652173913043,0.8695652173913043,0.0,0.8695652173913043,0.0,0.0,0
ecomm,sf500,palimpzest,Q2,image,0,f1_score,5,"[0.6667, 0.6667, 0.6667, 0.6667, 0.6667]",0.6666666666666666,0.0,0.6666666666666666,0.6666666666666666,0.0,0.6666666666666666,0.0,0.0,0
ecomm,sf500,palimpzest,Q3,text,1,accuracy,5,"[0.9325, 0.9325, 0.9325, 0.9325, 0.9325]",0.9325041247355559,0.0,0.9325041247355559,0.9325041247355559,0.0,0.9325041247355559,0.0,0.0,0
ecomm,sf500,palimpzest,Q4,image,0,accuracy,5,"[0.5024, 0.5024, 0.5024, 0.5024, 0.5024]",0.502400373922942,0.0,0.502400373922942,0.502400373922942,0.0,0.502400373922942,0.0,0.0,0
ecomm,sf500,palimpzest,Q5,text,1,accuracy,5,"[0.9834, 0.9834, 0.9834, 0.9834, 0.9834]",0.9834218113056721,0.0,0.9834218113056721,0.9834218113056721,0.0,0.9834218113056721,0.0,0.0,0
ecomm,sf500,palimpzest,Q6,image,0,accuracy,5,"[0.939, 0.939, 0.939, 0.939, 0.939]",0.9389724102846323,0.0,0.9389724102846322,0.9389724102846322,0.0,0.9389724102846322,-1.1102230246251565e-16,-1.1102230246251565e-16,0
ecomm,sf500,palimpzest,Q7,text,1,f1_score,5,"[0.8532, 0.8532, 0.8532, 0.8532, 0.8532]",0.8531855955678671,0.0,0.853185595567867,0.853185595567867,0.0,0.853185595567867,-1.1102230246251565e-16,-1.1102230246251565e-16,0
ecomm,sf500,palimpzest,Q8,image+text,0,f1_score,5,"[0.1818, 0.1818, 0.1818, 0.1818, 0.1818]",0.18181818181818182,0.0,0.18181818181818182,0.18181818181818182,0.0,0.18181818181818182,0.0,0.0,0
ecomm,sf500,palimpzest,Q9,image,0,f1_score,5,"[0.6452, 0.6452, 0.6452, 0.6452, 0.6452]",0.6451612903225806,0.0,0.6451612903225806,0.6451612903225806,0.0,0.6451612903225806,0.0,0.0,0
ecomm,sf500,thalamusdb,Q1,text,1,f1_score,5,"[1.0, 1.0, 1.0, 1.0, 1.0]",1.0,0.0,1.0,1.0,0.0,1.0,0.0,0.0,0
ecomm,sf500,thalamusdb,Q2,image,0,f1_score,5,"[0.625, 0.625, 0.625, 0.625, 0.625]",0.625,0.0,0.625,0.625,0.0,0.625,0.0,0.0,0
ecomm,sf500,thalamusdb,Q7,text,1,f1_score,5,"[0.596, 0.596, 0.596, 0.596, 0.596]",0.596,0.0,0.596,0.596,0.0,0.596,0.0,0.0,0
ecomm,sf500,thalamusdb,Q8,image+text,0,f1_score,5,"[0.6667, 0.6667, 0.6667, 0.0, 0.6667]",0.5333333333333333,0.29814239699997197,0.0,0.6666666666666666,0.6666666666666666,0.0,0.1333333333333333,-0.5333333333333333,1
ecomm,sf500,thalamusdb,Q9,image,0,f1_score,5,"[0.6667, 0.6353, 0.5679, 0.55, 0.6353]",0.6110312273057371,0.04964293703117291,0.55,0.6666666666666667,0.1166666666666667,0.5679012345679013,0.05563543936092963,-0.0431299927378358,0
mmqa,sf100,bigquery,Q1,table+text,1,f1_score,5,"[1.0, 1.0, 1.0, 1.0, 1.0]",1.0,0.0,1.0,1.0,0.0,1.0,0.0,0.0,0
mmqa,sf100,bigquery,Q2a,image+table,0,f1_score,5,"[0.0, 0.0, 0.0, 0.0, 0.0]",0.0,0.0,0.0,0.0,0.0,0.0,0.0,0.0,0
mmqa,sf100,bigquery,Q2b,image+table,0,f1_score,5,"[0.0, 0.0, 0.0, 0.0, 0.0]",0.0,0.0,0.0,0.0,0.0,0.0,0.0,0.0,0
mmqa,sf100,bigquery,Q3a,text,1,f1_score,5,"[0.8387, 0.8387, 0.8387, 0.8387, 0.8387]",0.8387096774193548,0.0,0.8387096774193548,0.8387096774193548,0.0,0.8387096774193548,0.0,0.0,0
mmqa,sf100,bigquery,Q3f,text,1,f1_score,5,"[0.75, 0.75, 0.75, 0.75, 0.75]",0.7499999999999999,0.0,0.7499999999999999,0.7499999999999999,0.0,0.7499999999999999,0.0,0.0,0
mmqa,sf100,bigquery,Q4,text,1,f1_score,5,"[0.5714, 0.6, 0.5747, 0.5495, 0.6154]",0.5821952759883795,0.02580052943300722,0.5494505494505495,0.6153846153846153,0.06593406593406581,0.6153846153846153,0.033189339396235806,0.033189339396235806,0
mmqa,sf100,bigquery,Q6a,table,1,f1_score,5,"[0.0571, 0.0571, 0.0571, 0.0571, 0.0571]",0.05714285714285715,0.0,0.05714285714285715,0.05714285714285715,0.0,0.05714285714285715,0.0,0.0,0
mmqa,sf100,bigquery,Q6b,table,1,f1_score,5,"[0.0741, 0.0741, 0.0741, 0.0741, 0.0741]",0.07407407407407407,0.0,0.07407407407407407,0.07407407407407407,0.0,0.07407407407407407,0.0,0.0,0
mmqa,sf100,bigquery,Q6c,table,1,f1_score,5,"[0.2273, 0.2273, 0.2273, 0.2273, 0.2273]",0.22727272727272724,0.0,0.22727272727272727,0.22727272727272727,0.0,0.22727272727272727,2.7755575615628914e-17,2.7755575615628914e-17,0
mmqa,sf100,bigquery,Q7,image+table,0,f1_score,5,"[0.0, 0.0, 0.0, 0.0, 0.0]",0.0,0.0,0.0,0.0,0.0,0.0,0.0,0.0,0
mmqa,sf100,lotus,Q1,table+text,1,f1_score,5,"[1.0, 1.0, 1.0, 1.0, 1.0]",1.0,0.0,1.0,1.0,0.0,1.0,0.0,0.0,0
mmqa,sf100,lotus,Q2a,image+table,0,f1_score,5,"[0.9091, 0.9091, 0.9091, 0.9091, 0.9091]",0.909090909090909,0.0,0.9090909090909091,0.9090909090909091,0.0,0.9090909090909091,1.1102230246251565e-16,1.1102230246251565e-16,0
mmqa,sf100,lotus,Q2b,image+table,0,f1_score,5,"[0.5, 0.9091, 0.8333, 0.9091, 0.9091]",0.8121212121212121,0.17753800405372153,0.5,0.9090909090909091,0.40909090909090906,0.9090909090909091,0.09696969696969693,0.09696969696969693,0
mmqa,sf100,lotus,Q3a,text,1,f1_score,5,"[0.8889, 0.8889, 0.8889, 0.8889, 0.8889]",0.888888888888889,0.0,0.888888888888889,0.888888888888889,0.0,0.888888888888889,0.0,0.0,0
mmqa,sf100,lotus,Q3f,text,1,f1_score,5,"[1.0, 1.0, 1.0, 1.0, 1.0]",1.0,0.0,1.0,1.0,0.0,1.0,0.0,0.0,0
mmqa,sf100,lotus,Q5,text,1,f1_score,5,"[1.0, 1.0, 1.0, 1.0, 1.0]",1.0,0.0,1.0,1.0,0.0,1.0,0.0,0.0,0
mmqa,sf100,lotus,Q6a,table,1,f1_score,5,"[1.0, 1.0, 1.0, 1.0, 1.0]",1.0,0.0,1.0,1.0,0.0,1.0,0.0,0.0,0
mmqa,sf100,lotus,Q6b,table,1,f1_score,5,"[1.0, 1.0, 1.0, 1.0, 1.0]",1.0,0.0,1.0,1.0,0.0,1.0,0.0,0.0,0
mmqa,sf100,lotus,Q6c,table,1,f1_score,5,"[1.0, 1.0, 1.0, 1.0, 1.0]",1.0,0.0,1.0,1.0,0.0,1.0,0.0,0.0,0
mmqa,sf100,lotus,Q7,image+table,0,f1_score,5,"[0.8333, 0.8333, 0.8333, 0.8333, 0.8333]",0.8333333333333333,0.0,0.8333333333333333,0.8333333333333333,0.0,0.8333333333333333,0.0,0.0,0
mmqa,sf100,palimpzest,Q1,table+text,1,f1_score,5,"[1.0, 1.0, 1.0, 1.0, 1.0]",1.0,0.0,1.0,1.0,0.0,1.0,0.0,0.0,0
mmqa,sf100,palimpzest,Q2a,image+table,0,f1_score,5,"[0.9091, 0.9091, 0.9091, 0.9091, 0.9091]",0.909090909090909,0.0,0.9090909090909091,0.9090909090909091,0.0,0.9090909090909091,1.1102230246251565e-16,1.1102230246251565e-16,0
mmqa,sf100,palimpzest,Q2b,image+table,0,f1_score,5,"[0.9091, 0.9091, 0.9091, 0.9091, 0.9091]",0.909090909090909,0.0,0.9090909090909091,0.9090909090909091,0.0,0.9090909090909091,1.1102230246251565e-16,1.1102230246251565e-16,0
mmqa,sf100,palimpzest,Q3a,text,1,f1_score,5,"[0.8889, 0.8889, 0.8889, 0.8889, 0.8889]",0.888888888888889,0.0,0.888888888888889,0.888888888888889,0.0,0.888888888888889,0.0,0.0,0
mmqa,sf100,palimpzest,Q3f,text,1,f1_score,5,"[0.8571, 0.8571, 0.8571, 0.8571, 0.8571]",0.8571428571428571,0.0,0.8571428571428571,0.8571428571428571,0.0,0.8571428571428571,0.0,0.0,0
mmqa,sf100,palimpzest,Q4,text,1,f1_score,5,"[0.5432, 0.5432, 0.5432, 0.5432, 0.5432]",0.5432098765432098,0.0,0.5432098765432098,0.5432098765432098,0.0,0.5432098765432098,0.0,0.0,0
mmqa,sf100,palimpzest,Q5,text,1,f1_score,5,"[1.0, 1.0, 1.0, 1.0, 1.0]",1.0,0.0,1.0,1.0,0.0,1.0,0.0,0.0,0
mmqa,sf100,palimpzest,Q6a,table,1,f1_score,5,"[1.0, 1.0, 1.0, 1.0, 1.0]",1.0,0.0,1.0,1.0,0.0,1.0,0.0,0.0,0
mmqa,sf100,palimpzest,Q6b,table,1,f1_score,5,"[1.0, 1.0, 1.0, 1.0, 1.0]",1.0,0.0,1.0,1.0,0.0,1.0,0.0,0.0,0
mmqa,sf100,palimpzest,Q6c,table,1,f1_score,5,"[1.0, 1.0, 1.0, 1.0, 1.0]",1.0,0.0,1.0,1.0,0.0,1.0,0.0,0.0,0
mmqa,sf100,palimpzest,Q7,image+table,0,f1_score,5,"[0.5, 0.5, 0.5, 0.5, 0.5]",0.5,0.0,0.5,0.5,0.0,0.5,0.0,0.0,0
mmqa,sf100,thalamusdb,Q2a,image+table,0,f1_score,5,"[0.5714, 0.5714, 0.5714, 0.5714, 0.5714]",0.5714285714285715,0.0,0.5714285714285715,0.5714285714285715,0.0,0.5714285714285715,0.0,0.0,0
mmqa,sf100,thalamusdb,Q3a,text,1,f1_score,5,"[0.8571, 0.8571, 0.8571, 0.8571, 0.8571]",0.8571428571428571,0.0,0.8571428571428571,0.8571428571428571,0.0,0.8571428571428571,0.0,0.0,0
mmqa,sf100,thalamusdb,Q3f,text,1,f1_score,5,"[1.0, 1.0, 1.0, 1.0, 1.0]",1.0,0.0,1.0,1.0,0.0,1.0,0.0,0.0,0
mmqa,sf100,thalamusdb,Q6a,table,1,f1_score,5,"[0.4, 0.4, 0.4, 0.4, 0.4]",0.4,0.0,0.4,0.4,0.0,0.4,0.0,0.0,0
mmqa,sf100,thalamusdb,Q6b,table,1,f1_score,5,"[1.0, 1.0, 1.0, 1.0, 1.0]",1.0,0.0,1.0,1.0,0.0,1.0,0.0,0.0,0
mmqa,sf100,thalamusdb,Q6c,table,1,f1_score,5,"[0.6667, 0.6667, 0.6667, 0.6667, 0.6667]",0.6666666666666666,0.0,0.6666666666666666,0.6666666666666666,0.0,0.6666666666666666,0.0,0.0,0
mmqa,sf100,thalamusdb,Q7,image+table,0,f1_score,5,"[0.6667, 0.6667, 0.6667, 0.6667, 0.6667]",0.6666666666666666,0.0,0.6666666666666666,0.6666666666666666,0.0,0.6666666666666666,0.0,0.0,0
mmqa,sf200,bigquery,Q1,table+text,1,f1_score,5,"[1.0, 1.0, 1.0, 1.0, 1.0]",1.0,0.0,1.0,1.0,0.0,1.0,0.0,0.0,0
mmqa,sf200,bigquery,Q2a,image+table,0,f1_score,5,"[0.0, 0.0, 0.0, 0.0, 0.0]",0.0,0.0,0.0,0.0,0.0,0.0,0.0,0.0,0
mmqa,sf200,bigquery,Q2b,image+table,0,f1_score,5,"[0.0, 0.0, 0.0, 0.0, 0.0]",0.0,0.0,0.0,0.0,0.0,0.0,0.0,0.0,0
mmqa,sf200,bigquery,Q3a,text,1,f1_score,5,"[0.7222, 0.7222, 0.7222, 0.7222, 0.7222]",0.7222222222222222,0.0,0.7222222222222222,0.7222222222222222,0.0,0.7222222222222222,0.0,0.0,0
mmqa,sf200,bigquery,Q3f,text,1,f1_score,5,"[0.6667, 0.6667, 0.6667, 0.6667, 0.6667]",0.6666666666666666,0.0,0.6666666666666666,0.6666666666666666,0.0,0.6666666666666666,0.0,0.0,0
mmqa,sf200,bigquery,Q4,text,1,f1_score,5,"[0.5055, 0.5455, 0.6067, 0.5843, 0.6292]",0.5742347540100349,0.04932944229307589,0.5054945054945056,0.6292134831460674,0.12371897765156181,0.6067415730337079,0.05497872913603252,0.03250681902367303,0
mmqa,sf200,bigquery,Q6a,table,1,f1_score,5,"[0.029, 0.029, 0.029, 0.029, 0.029]",0.028985507246376812,0.0,0.028985507246376812,0.028985507246376812,0.0,0.028985507246376812,0.0,0.0,0
mmqa,sf200,bigquery,Q6b,table,1,f1_score,5,"[0.0426, 0.0426, 0.0426, 0.0426, 0.0426]",0.042553191489361694,0.0,0.042553191489361694,0.042553191489361694,0.0,0.042553191489361694,0.0,0.0,0
mmqa,sf200,bigquery,Q6c,table,1,f1_score,5,"[0.1299, 0.1299, 0.1299, 0.1299, 0.1299]",0.12987012987012989,0.0,0.12987012987012989,0.12987012987012989,0.0,0.12987012987012989,0.0,0.0,0
mmqa,sf200,bigquery,Q7,image+table,0,f1_score,5,"[0.0, 0.0, 0.0, 0.0, 0.0]",0.0,0.0,0.0,0.0,0.0,0.0,0.0,0.0,0
mmqa,sf200,lotus,Q1,table+text,1,f1_score,5,"[1.0, 1.0, 1.0, 1.0, 1.0]",1.0,0.0,1.0,1.0,0.0,1.0,0.0,0.0,0
mmqa,sf200,lotus,Q2a,image+table,0,f1_score,5,"[0.9091, 0.9091, 0.9091, 0.9091, 0.9091]",0.909090909090909,0.0,0.9090909090909091,0.9090909090909091,0.0,0.9090909090909091,1.1102230246251565e-16,1.1102230246251565e-16,0
mmqa,sf200,lotus,Q2b,image+table,0,f1_score,5,"[0.9091, 0.9091, 0.9091, 0.5, 0.9091]",0.8272727272727274,0.18295101634089186,0.5,0.9090909090909091,0.40909090909090906,0.5,0.08181818181818168,-0.3272727272727274,0
mmqa,sf200,lotus,Q3a,text,1,f1_score,5,"[0.8276, 0.8276, 0.8276, 0.8276, 0.8276]",0.8275862068965518,0.0,0.8275862068965517,0.8275862068965517,0.0,0.8275862068965517,-1.1102230246251565e-16,-1.1102230246251565e-16,0
mmqa,sf200,lotus,Q3f,text,1,f1_score,5,"[1.0, 1.0, 1.0, 1.0, 1.0]",1.0,0.0,1.0,1.0,0.0,1.0,0.0,0.0,0
mmqa,sf200,lotus,Q5,text,1,f1_score,5,"[1.0, 1.0, 1.0, 1.0, 1.0]",1.0,0.0,1.0,1.0,0.0,1.0,0.0,0.0,0
mmqa,sf200,lotus,Q6a,table,1,f1_score,5,"[1.0, 1.0, 1.0, 1.0, 1.0]",1.0,0.0,1.0,1.0,0.0,1.0,0.0,0.0,0
mmqa,sf200,lotus,Q6b,table,1,f1_score,5,"[1.0, 1.0, 1.0, 1.0, 1.0]",1.0,0.0,1.0,1.0,0.0,1.0,0.0,0.0,0
mmqa,sf200,lotus,Q6c,table,1,f1_score,5,"[1.0, 1.0, 1.0, 1.0, 1.0]",1.0,0.0,1.0,1.0,0.0,1.0,0.0,0.0,0
mmqa,sf200,lotus,Q7,image+table,0,f1_score,4,"[0.7143, 0.7143, 0.7143, 0.7143]",0.7142857142857143,0.0,0.7142857142857143,0.7142857142857143,0.0,0.7142857142857143,0.0,0.0,0
mmqa,sf200,palimpzest,Q1,table+text,1,f1_score,5,"[1.0, 1.0, 1.0, 1.0, 1.0]",1.0,0.0,1.0,1.0,0.0,1.0,0.0,0.0,0
mmqa,sf200,palimpzest,Q2a,image+table,0,f1_score,5,"[0.9091, 0.9091, 0.9091, 0.9091, 0.9091]",0.909090909090909,0.0,0.9090909090909091,0.9090909090909091,0.0,0.9090909090909091,1.1102230246251565e-16,1.1102230246251565e-16,0
mmqa,sf200,palimpzest,Q2b,image+table,0,f1_score,5,"[0.9091, 0.9091, 0.9091, 0.9091, 0.9091]",0.909090909090909,0.0,0.9090909090909091,0.9090909090909091,0.0,0.9090909090909091,1.1102230246251565e-16,1.1102230246251565e-16,0
mmqa,sf200,palimpzest,Q3a,text,1,f1_score,5,"[0.8, 0.8, 0.8, 0.8, 0.8]",0.8000000000000002,0.0,0.8000000000000002,0.8000000000000002,0.0,0.8000000000000002,0.0,0.0,0
mmqa,sf200,palimpzest,Q3f,text,1,f1_score,5,"[0.8571, 0.8571, 0.8571, 0.8571, 0.8571]",0.8571428571428571,0.0,0.8571428571428571,0.8571428571428571,0.0,0.8571428571428571,0.0,0.0,0
mmqa,sf200,palimpzest,Q4,text,1,f1_score,5,"[0.5432, 0.5432, 0.5432, 0.5432, 0.5432]",0.5432098765432098,0.0,0.5432098765432098,0.5432098765432098,0.0,0.5432098765432098,0.0,0.0,0
mmqa,sf200,palimpzest,Q5,text,1,f1_score,5,"[1.0, 1.0, 1.0, 1.0, 1.0]",1.0,0.0,1.0,1.0,0.0,1.0,0.0,0.0,0
mmqa,sf200,palimpzest,Q6a,table,1,f1_score,5,"[1.0, 1.0, 1.0, 1.0, 1.0]",1.0,0.0,1.0,1.0,0.0,1.0,0.0,0.0,0
mmqa,sf200,palimpzest,Q6b,table,1,f1_score,5,"[1.0, 1.0, 1.0, 1.0, 1.0]",1.0,0.0,1.0,1.0,0.0,1.0,0.0,0.0,0
mmqa,sf200,palimpzest,Q6c,table,1,f1_score,5,"[1.0, 1.0, 1.0, 1.0, 1.0]",1.0,0.0,1.0,1.0,0.0,1.0,0.0,0.0,0
mmqa,sf200,palimpzest,Q7,image+table,0,f1_score,5,"[0.3448, 0.3448, 0.3448, 0.3448, 0.3448]",0.3448275862068966,0.0,0.3448275862068966,0.3448275862068966,0.0,0.3448275862068966,0.0,0.0,0
mmqa,sf200,thalamusdb,Q2a,image+table,0,f1_score,5,"[0.5714, 0.5714, 0.5714, 0.5714, 0.5714]",0.5714285714285715,0.0,0.5714285714285715,0.5714285714285715,0.0,0.5714285714285715,0.0,0.0,0
mmqa,sf200,thalamusdb,Q3a,text,1,f1_score,5,"[0.75, 0.75, 0.75, 0.75, 0.75]",0.7499999999999999,0.0,0.7499999999999999,0.7499999999999999,0.0,0.7499999999999999,0.0,0.0,0
mmqa,sf200,thalamusdb,Q3f,text,1,f1_score,5,"[1.0, 1.0, 1.0, 1.0, 1.0]",1.0,0.0,1.0,1.0,0.0,1.0,0.0,0.0,0
mmqa,sf200,thalamusdb,Q6a,table,1,f1_score,5,"[0.3333, 0.3333, 0.3333, 0.3333, 0.3333]",0.33333333333333337,0.0,0.33333333333333337,0.33333333333333337,0.0,0.33333333333333337,0.0,0.0,0
mmqa,sf200,thalamusdb,Q6b,table,1,f1_score,5,"[1.0, 1.0, 1.0, 1.0, 1.0]",1.0,0.0,1.0,1.0,0.0,1.0,0.0,0.0,0
mmqa,sf200,thalamusdb,Q6c,table,1,f1_score,5,"[0.5263, 0.5263, 0.5263, 0.5263, 0.5263]",0.5263157894736842,0.0,0.5263157894736842,0.5263157894736842,0.0,0.5263157894736842,0.0,0.0,0
mmqa,sf200,thalamusdb,Q7,image+table,0,f1_score,5,"[0.3571, 0.3571, 0.3571, 0.3571, 0.3571]",0.3571428571428571,0.0,0.3571428571428571,0.3571428571428571,0.0,0.3571428571428571,0.0,0.0,0
mmqa,sf400,bigquery,Q1,table+text,1,f1_score,5,"[1.0, 1.0, 1.0, 1.0, 1.0]",1.0,0.0,1.0,1.0,0.0,1.0,0.0,0.0,0
mmqa,sf400,bigquery,Q2a,image+table,0,f1_score,5,"[0.0, 0.0, 0.0, 0.0, 0.0]",0.0,0.0,0.0,0.0,0.0,0.0,0.0,0.0,0
mmqa,sf400,bigquery,Q2b,image+table,0,f1_score,5,"[0.0, 0.0, 0.0, 0.0, 0.0]",0.0,0.0,0.0,0.0,0.0,0.0,0.0,0.0,0
mmqa,sf400,bigquery,Q3a,text,1,f1_score,5,"[0.5098, 0.5098, 0.5098, 0.5098, 0.5098]",0.5098039215686275,0.0,0.5098039215686275,0.5098039215686275,0.0,0.5098039215686275,0.0,0.0,0
mmqa,sf400,bigquery,Q3f,text,1,f1_score,5,"[0.4615, 0.4615, 0.4615, 0.4615, 0.4615]",0.4615384615384615,0.0,0.4615384615384615,0.4615384615384615,0.0,0.4615384615384615,0.0,0.0,0
mmqa,sf400,bigquery,Q4,text,1,f1_score,5,"[0.6517, 0.5909, 0.5517, 0.6, 0.5155]",0.5819565079248651,0.05148566444079652,0.5154639175257731,0.6516853932584269,0.13622147573265375,0.6516853932584269,0.06972888533356181,0.06972888533356181,0
mmqa,sf400,bigquery,Q6a,table,1,f1_score,5,"[0.0142, 0.0142, 0.0142, 0.0142, 0.0142]",0.014184397163120565,0.0,0.014184397163120567,0.014184397163120567,0.0,0.014184397163120567,1.734723475976807e-18,1.734723475976807e-18,0
mmqa,sf400,bigquery,Q6b,table,1,f1_score,5,"[0.0196, 0.0196, 0.0196, 0.0196, 0.0196]",0.0196078431372549,0.0,0.0196078431372549,0.0196078431372549,0.0,0.0196078431372549,0.0,0.0,0
mmqa,sf400,bigquery,Q6c,table,1,f1_score,5,"[0.12, 0.12, 0.12, 0.12, 0.12]",0.12000000000000002,0.0,0.12000000000000001,0.12000000000000001,0.0,0.12000000000000001,-1.3877787807814457e-17,-1.3877787807814457e-17,0
mmqa,sf400,bigquery,Q7,image+table,0,f1_score,5,"[0.0, 0.0, 0.0, 0.0, 0.0]",0.0,0.0,0.0,0.0,0.0,0.0,0.0,0.0,0
mmqa,sf400,lotus,Q2a,image+table,0,f1_score,4,"[0.9091, 0.9091, 0.9091, 0.9091]",0.9090909090909091,0.0,0.9090909090909091,0.9090909090909091,0.0,0.9090909090909091,0.0,0.0,0
mmqa,sf400,lotus,Q2b,image+table,0,f1_score,5,"[0.9091, 0.9091, 0.9091, 0.9091, 0.9091]",0.909090909090909,0.0,0.9090909090909091,0.9090909090909091,0.0,0.9090909090909091,1.1102230246251565e-16,1.1102230246251565e-16,0
mmqa,sf400,lotus,Q3a,text,1,f1_score,5,"[0.7742, 0.7742, 0.7742, 0.7742, 0.7742]",0.7741935483870968,0.0,0.7741935483870968,0.7741935483870968,0.0,0.7741935483870968,0.0,0.0,0
mmqa,sf400,lotus,Q3f,text,1,f1_score,5,"[1.0, 1.0, 1.0, 1.0, 1.0]",1.0,0.0,1.0,1.0,0.0,1.0,0.0,0.0,0
mmqa,sf400,lotus,Q5,text,1,f1_score,5,"[1.0, 1.0, 1.0, 1.0, 1.0]",1.0,0.0,1.0,1.0,0.0,1.0,0.0,0.0,0
mmqa,sf400,lotus,Q6a,table,1,f1_score,5,"[1.0, 1.0, 1.0, 1.0, 1.0]",1.0,0.0,1.0,1.0,0.0,1.0,0.0,0.0,0
mmqa,sf400,lotus,Q6b,table,1,f1_score,5,"[1.0, 1.0, 1.0, 1.0, 1.0]",1.0,0.0,1.0,1.0,0.0,1.0,0.0,0.0,0
mmqa,sf400,lotus,Q6c,table,1,f1_score,5,"[0.8333, 0.8333, 0.8333, 0.8333, 0.8333]",0.8333333333333333,0.0,0.8333333333333333,0.8333333333333333,0.0,0.8333333333333333,0.0,0.0,0
mmqa,sf400,palimpzest,Q1,table+text,1,f1_score,5,"[1.0, 1.0, 1.0, 1.0, 1.0]",1.0,0.0,1.0,1.0,0.0,1.0,0.0,0.0,0
mmqa,sf400,palimpzest,Q2a,image+table,0,f1_score,5,"[0.9091, 0.9091, 0.9091, 0.9091, 0.9091]",0.909090909090909,0.0,0.9090909090909091,0.9090909090909091,0.0,0.9090909090909091,1.1102230246251565e-16,1.1102230246251565e-16,0
mmqa,sf400,palimpzest,Q2b,image+table,0,f1_score,5,"[0.9091, 0.9091, 0.9091, 0.9091, 0.9091]",0.909090909090909,0.0,0.9090909090909091,0.9090909090909091,0.0,0.9090909090909091,1.1102230246251565e-16,1.1102230246251565e-16,0
mmqa,sf400,palimpzest,Q3a,text,1,f1_score,5,"[0.75, 0.75, 0.75, 0.75, 0.75]",0.7499999999999999,0.0,0.7499999999999999,0.7499999999999999,0.0,0.7499999999999999,0.0,0.0,0
mmqa,sf400,palimpzest,Q3f,text,1,f1_score,5,"[0.8571, 0.8571, 0.8571, 0.8571, 0.8571]",0.8571428571428571,0.0,0.8571428571428571,0.8571428571428571,0.0,0.8571428571428571,0.0,0.0,0
mmqa,sf400,palimpzest,Q4,text,1,f1_score,5,"[0.5432, 0.5432, 0.5432, 0.5432, 0.5432]",0.5432098765432098,0.0,0.5432098765432098,0.5432098765432098,0.0,0.5432098765432098,0.0,0.0,0
mmqa,sf400,palimpzest,Q5,text,1,f1_score,5,"[1.0, 1.0, 1.0, 1.0, 1.0]",1.0,0.0,1.0,1.0,0.0,1.0,0.0,0.0,0
mmqa,sf400,palimpzest,Q6a,table,1,f1_score,5,"[1.0, 1.0, 1.0, 1.0, 1.0]",1.0,0.0,1.0,1.0,0.0,1.0,0.0,0.0,0
mmqa,sf400,palimpzest,Q6b,table,1,f1_score,5,"[1.0, 1.0, 1.0, 1.0, 1.0]",1.0,0.0,1.0,1.0,0.0,1.0,0.0,0.0,0
mmqa,sf400,palimpzest,Q6c,table,1,f1_score,5,"[0.9091, 0.9091, 0.9091, 0.9091, 0.9091]",0.909090909090909,0.0,0.9090909090909091,0.9090909090909091,0.0,0.9090909090909091,1.1102230246251565e-16,1.1102230246251565e-16,0
mmqa,sf400,palimpzest,Q7,image+table,0,f1_score,5,"[0.2381, 0.2381, 0.2381, 0.2381, 0.2381]",0.23809523809523808,0.0,0.2380952380952381,0.2380952380952381,0.0,0.2380952380952381,2.7755575615628914e-17,2.7755575615628914e-17,0
mmqa,sf400,thalamusdb,Q2a,image+table,0,f1_score,5,"[0.5714, 0.5714, 0.5714, 0.5714, 0.5714]",0.5714285714285715,0.0,0.5714285714285715,0.5714285714285715,0.0,0.5714285714285715,0.0,0.0,0
mmqa,sf400,thalamusdb,Q3a,text,1,f1_score,5,"[0.6667, 0.6667, 0.6667, 0.6667, 0.6667]",0.6666666666666667,0.0,0.6666666666666667,0.6666666666666667,0.0,0.6666666666666667,0.0,0.0,0
mmqa,sf400,thalamusdb,Q3f,text,1,f1_score,5,"[1.0, 1.0, 1.0, 1.0, 1.0]",1.0,0.0,1.0,1.0,0.0,1.0,0.0,0.0,0
mmqa,sf400,thalamusdb,Q6a,table,1,f1_score,5,"[0.25, 0.25, 0.25, 0.25, 0.25]",0.25,0.0,0.25,0.25,0.0,0.25,0.0,0.0,0
mmqa,sf400,thalamusdb,Q6b,table,1,f1_score,5,"[1.0, 1.0, 1.0, 1.0, 1.0]",1.0,0.0,1.0,1.0,0.0,1.0,0.0,0.0,0
mmqa,sf400,thalamusdb,Q6c,table,1,f1_score,5,"[0.3704, 0.3704, 0.3704, 0.3704, 0.3704]",0.37037037037037035,0.0,0.37037037037037035,0.37037037037037035,0.0,0.37037037037037035,0.0,0.0,0
mmqa,sf400,thalamusdb,Q7,image+table,0,f1_score,5,"[0.1389, 0.1389, 0.1389, 0.1389, 0.1389]",0.13888888888888887,0.0,0.13888888888888887,0.13888888888888887,0.0,0.13888888888888887,0.0,0.0,0
mmqa,sf800,bigquery,Q1,table+text,1,f1_score,5,"[1.0, 1.0, 1.0, 1.0, 1.0]",1.0,0.0,1.0,1.0,0.0,1.0,0.0,0.0,0
mmqa,sf800,bigquery,Q2a,image+table,0,f1_score,5,"[0.0, 0.0, 0.0, 0.0, 0.0]",0.0,0.0,0.0,0.0,0.0,0.0,0.0,0.0,0
mmqa,sf800,bigquery,Q2b,image+table,0,f1_score,5,"[0.0, 0.0, 0.0, 0.0, 0.0]",0.0,0.0,0.0,0.0,0.0,0.0,0.0,0.0,0
mmqa,sf800,bigquery,Q3a,text,1,f1_score,5,"[0.3467, 0.3467, 0.3467, 0.3467, 0.3467]",0.3466666666666667,0.0,0.3466666666666667,0.3466666666666667,0.0,0.3466666666666667,0.0,0.0,0
mmqa,sf800,bigquery,Q3f,text,1,f1_score,5,"[0.3, 0.3, 0.3, 0.3, 0.3]",0.3,0.0,0.3,0.3,0.0,0.3,0.0,0.0,0
mmqa,sf800,bigquery,Q4,text,1,f1_score,5,"[0.6279, 0.5909, 0.5934, 0.5556, 0.5435]",0.5822512954969982,0.03354046089514702,0.5434782608695652,0.627906976744186,0.08442871587462086,0.5909090909090909,0.045655681247187885,0.008657795412092772,0
mmqa,sf800,bigquery,Q6a,table,1,f1_score,5,"[0.0071, 0.0071, 0.0071, 0.0071, 0.0071]",0.007092198581560283,0.0,0.007092198581560283,0.007092198581560283,0.0,0.007092198581560283,0.0,0.0,0
mmqa,sf800,bigquery,Q6b,table,1,f1_score,5,"[0.0098, 0.0098, 0.0098, 0.0098, 0.0098]",0.00975609756097561,0.0,0.00975609756097561,0.00975609756097561,0.0,0.00975609756097561,0.0,0.0,0
mmqa,sf800,bigquery,Q6c,table,1,f1_score,5,"[0.0893, 0.0893, 0.0893, 0.0893, 0.0893]",0.08934707903780069,0.0,0.08934707903780069,0.08934707903780069,0.0,0.08934707903780069,0.0,0.0,0
mmqa,sf800,bigquery,Q7,image+table,0,f1_score,5,"[0.0, 0.0, 0.0, 0.0, 0.0]",0.0,0.0,0.0,0.0,0.0,0.0,0.0,0.0,0
mmqa,sf800,thalamusdb,Q2a,image+table,0,f1_score,5,"[0.4444, 0.4444, 0.4444, 0.4444, 0.4444]",0.4444444444444445,0.0,0.4444444444444445,0.4444444444444445,0.0,0.4444444444444445,0.0,0.0,0
mmqa,sf800,thalamusdb,Q3a,text,1,f1_score,5,"[0.5217, 0.5217, 0.5217, 0.5217, 0.5217]",0.5217391304347827,0.0,0.5217391304347827,0.5217391304347827,0.0,0.5217391304347827,0.0,0.0,0
mmqa,sf800,thalamusdb,Q3f,text,1,f1_score,5,"[0.8571, 0.8571, 0.8571, 0.8571, 0.8571]",0.8571428571428571,0.0,0.8571428571428571,0.8571428571428571,0.0,0.8571428571428571,0.0,0.0,0
mmqa,sf800,thalamusdb,Q6a,table,1,f1_score,5,"[0.1, 0.1, 0.1, 0.1, 0.1]",0.1,0.0,0.1,0.1,0.0,0.1,0.0,0.0,0
mmqa,sf800,thalamusdb,Q6b,table,1,f1_score,5,"[1.0, 1.0, 1.0, 1.0, 1.0]",1.0,0.0,1.0,1.0,0.0,1.0,0.0,0.0,0
mmqa,sf800,thalamusdb,Q6c,table,1,f1_score,5,"[0.2564, 0.2564, 0.2564, 0.2564, 0.2564]",0.25641025641025644,0.0,0.25641025641025644,0.25641025641025644,0.0,0.25641025641025644,0.0,0.0,0
mmqa,sf800,thalamusdb,Q7,image+table,0,f1_score,5,"[0.0595, 0.0595, 0.0625, 0.0606, 0.0595]",0.06033549783549783,0.0012975734640997634,0.05952380952380952,0.0625,0.0029761904761904795,0.0625,0.0021645021645021675,0.0021645021645021675,0
mmqa,default,bigquery,Q1,table+text,1,f1_score,5,"[1.0, 1.0, 1.0, 1.0, 1.0]",1.0,0.0,1.0,1.0,0.0,1.0,0.0,0.0,0
mmqa,default,bigquery,Q2a,image+table,0,f1_score,5,"[0.0, 0.0, 0.0, 0.0, 0.0]",0.0,0.0,0.0,0.0,0.0,0.0,0.0,0.0,0
mmqa,default,bigquery,Q2b,image+table,0,f1_score,5,"[0.0, 0.0, 0.0, 0.0, 0.0]",0.0,0.0,0.0,0.0,0.0,0.0,0.0,0.0,0
mmqa,default,bigquery,Q3a,text,1,f1_score,5,"[0.7222, 0.7222, 0.7222, 0.7222, 0.7222]",0.7222222222222222,0.0,0.7222222222222222,0.7222222222222222,0.0,0.7222222222222222,0.0,0.0,0
mmqa,default,bigquery,Q3f,text,1,f1_score,5,"[0.6667, 0.6667, 0.6667, 0.6667, 0.6667]",0.6666666666666666,0.0,0.6666666666666666,0.6666666666666666,0.0,0.6666666666666666,0.0,0.0,0
mmqa,default,bigquery,Q4,text,1,f1_score,5,"[0.6154, 0.6154, 0.5909, 0.6292, 0.5682]",0.6038147246012414,0.02423365986591847,0.5681818181818182,0.6292134831460674,0.061031664964249166,0.6153846153846153,0.025398758544825983,0.011569890783373893,0
mmqa,default,bigquery,Q6a,table,1,f1_score,5,"[0.029, 0.029, 0.029, 0.029, 0.029]",0.028985507246376812,0.0,0.028985507246376812,0.028985507246376812,0.0,0.028985507246376812,0.0,0.0,0
mmqa,default,bigquery,Q6b,table,1,f1_score,5,"[0.0426, 0.0426, 0.0426, 0.0426, 0.0426]",0.042553191489361694,0.0,0.042553191489361694,0.042553191489361694,0.0,0.042553191489361694,0.0,0.0,0
mmqa,default,bigquery,Q6c,table,1,f1_score,5,"[0.1299, 0.1538, 0.1299, 0.1299, 0.1299]",0.13466533466533467,0.010722403888110865,0.12987012987012989,0.15384615384615383,0.02397602397602394,0.12987012987012989,0.019180819180819153,-0.004795204795204788,0
mmqa,default,bigquery,Q7,image+table,0,f1_score,5,"[0.0, 0.0, 0.0, 0.0, 0.0]",0.0,0.0,0.0,0.0,0.0,0.0,0.0,0.0,0
mmqa,default,lotus,Q1,table+text,1,f1_score,4,"[1.0, 1.0, 1.0, 1.0]",1.0,0.0,1.0,1.0,0.0,1.0,0.0,0.0,0
mmqa,default,lotus,Q2a,image+table,0,f1_score,4,"[0.8333, 0.8333, 0.8333, 0.8333]",0.8333333333333333,0.0,0.8333333333333333,0.8333333333333333,0.0,0.8333333333333333,0.0,0.0,0
mmqa,default,lotus,Q2b,image+table,0,f1_score,5,"[0.8333, 0.8333, 0.8333, 0.8333, 0.8333]",0.8333333333333333,0.0,0.8333333333333333,0.8333333333333333,0.0,0.8333333333333333,0.0,0.0,0
mmqa,default,lotus,Q3a,text,1,f1_score,5,"[0.8276, 0.8276, 0.8276, 0.8276, 0.8276]",0.8275862068965518,0.0,0.8275862068965517,0.8275862068965517,0.0,0.8275862068965517,-1.1102230246251565e-16,-1.1102230246251565e-16,0
mmqa,default,lotus,Q3f,text,1,f1_score,5,"[1.0, 1.0, 1.0, 1.0, 1.0]",1.0,0.0,1.0,1.0,0.0,1.0,0.0,0.0,0
mmqa,default,lotus,Q5,text,1,f1_score,5,"[1.0, 1.0, 1.0, 1.0, 1.0]",1.0,0.0,1.0,1.0,0.0,1.0,0.0,0.0,0
mmqa,default,lotus,Q6a,table,1,f1_score,5,"[1.0, 1.0, 1.0, 1.0, 1.0]",1.0,0.0,1.0,1.0,0.0,1.0,0.0,0.0,0
mmqa,default,lotus,Q6b,table,1,f1_score,5,"[1.0, 1.0, 1.0, 1.0, 1.0]",1.0,0.0,1.0,1.0,0.0,1.0,0.0,0.0,0
mmqa,default,lotus,Q6c,table,1,f1_score,5,"[1.0, 1.0, 1.0, 1.0, 1.0]",1.0,0.0,1.0,1.0,0.0,1.0,0.0,0.0,0
mmqa,default,lotus,Q7,image+table,0,f1_score,3,"[0.3226, 0.3125, 0.3125]",0.31586021505376344,0.005820063197476093,0.3125,0.32258064516129037,0.01008064516129037,0.32258064516129037,0.006720430107526931,0.006720430107526931,0
mmqa,default,palimpzest,Q1,table+text,1,f1_score,5,"[1.0, 1.0, 1.0, 1.0, 1.0]",1.0,0.0,1.0,1.0,0.0,1.0,0.0,0.0,0
mmqa,default,palimpzest,Q2a,image+table,0,f1_score,5,"[1.0, 1.0, 1.0, 1.0, 1.0]",1.0,0.0,1.0,1.0,0.0,1.0,0.0,0.0,0
mmqa,default,palimpzest,Q2b,image+table,0,f1_score,5,"[1.0, 1.0, 1.0, 1.0, 1.0]",1.0,0.0,1.0,1.0,0.0,1.0,0.0,0.0,0
mmqa,default,palimpzest,Q3a,text,1,f1_score,5,"[0.8, 0.8, 0.8, 0.8, 0.8]",0.8000000000000002,0.0,0.8000000000000002,0.8000000000000002,0.0,0.8000000000000002,0.0,0.0,0
mmqa,default,palimpzest,Q3f,text,1,f1_score,5,"[1.0, 1.0, 1.0, 1.0, 1.0]",1.0,0.0,1.0,1.0,0.0,1.0,0.0,0.0,0
mmqa,default,palimpzest,Q4,text,1,f1_score,5,"[0.5432, 0.5432, 0.5432, 0.5432, 0.5432]",0.5432098765432098,0.0,0.5432098765432098,0.5432098765432098,0.0,0.5432098765432098,0.0,0.0,0
mmqa,default,palimpzest,Q5,text,1,f1_score,5,"[1.0, 1.0, 1.0, 1.0, 1.0]",1.0,0.0,1.0,1.0,0.0,1.0,0.0,0.0,0
mmqa,default,palimpzest,Q6a,table,1,f1_score,5,"[1.0, 1.0, 1.0, 1.0, 1.0]",1.0,0.0,1.0,1.0,0.0,1.0,0.0,0.0,0
mmqa,default,palimpzest,Q6b,table,1,f1_score,5,"[1.0, 1.0, 1.0, 1.0, 1.0]",1.0,0.0,1.0,1.0,0.0,1.0,0.0,0.0,0
mmqa,default,palimpzest,Q6c,table,1,f1_score,5,"[1.0, 1.0, 1.0, 1.0, 1.0]",1.0,0.0,1.0,1.0,0.0,1.0,0.0,0.0,0
mmqa,default,palimpzest,Q7,image+table,0,f1_score,5,"[0.3125, 0.303, 0.3125, 0.3125, 0.2941]",0.3069295900178253,0.008252858951665021,0.29411764705882354,0.3125,0.01838235294117646,0.3125,0.005570409982174673,0.005570409982174673,0
mmqa,default,thalamusdb,Q3a,text,1,f1_score,5,"[0.75, 0.75, 0.75, 0.75, 0.75]",0.7499999999999999,0.0,0.7499999999999999,0.7499999999999999,0.0,0.7499999999999999,0.0,0.0,0
mmqa,default,thalamusdb,Q3f,text,1,f1_score,5,"[1.0, 1.0, 1.0, 1.0, 1.0]",1.0,0.0,1.0,1.0,0.0,1.0,0.0,0.0,0
mmqa,default,thalamusdb,Q6a,table,1,f1_score,5,"[0.3333, 0.3333, 0.3333, 0.3333, 0.3333]",0.33333333333333337,0.0,0.33333333333333337,0.33333333333333337,0.0,0.33333333333333337,0.0,0.0,0
mmqa,default,thalamusdb,Q6b,table,1,f1_score,5,"[1.0, 1.0, 1.0, 1.0, 1.0]",1.0,0.0,1.0,1.0,0.0,1.0,0.0,0.0,0
mmqa,default,thalamusdb,Q6c,table,1,f1_score,5,"[0.5263, 0.5263, 0.5263, 0.5263, 0.5263]",0.5263157894736842,0.0,0.5263157894736842,0.5263157894736842,0.0,0.5263157894736842,0.0,0.0,0
medical,default,bigquery,Q1,text,1,f1_score,4,"[0.3089, 0.3089, 0.3089, 0.3089]",0.30888030888030893,0.0,0.30888030888030893,0.30888030888030893,0.0,0.30888030888030893,0.0,0.0,0
medical,default,bigquery,Q2,audio,0,f1_score,4,"[0.0, 0.0, 0.0, 0.0]",0.0,0.0,0.0,0.0,0.0,0.0,0.0,0.0,0
medical,default,bigquery,Q3,image+text,0,f1_score,4,"[1.0, 1.0, 1.0, 1.0]",1.0,0.0,1.0,1.0,0.0,1.0,0.0,0.0,0
medical,default,bigquery,Q4,text,1,relative_error,4,"[0.9844, 0.9844, 0.9844, 0.9844]",0.9843942945279845,0.0,0.9843942945279845,0.9843942945279845,0.0,0.9843942945279845,0.0,0.0,0
medical,default,bigquery,Q5,audio+image,0,relative_error,4,"[0.0, 0.0, 0.0, 0.0]",0.0,0.0,0.0,0.0,0.0,0.0,0.0,0.0,0
medical,default,bigquery,Q6,audio+image+text,0,f1_score,4,"[0.5477, 0.5255, 0.5179, 0.5204]",0.5279014446907484,0.013594612986980534,0.517948717948718,0.5477386934673366,0.029789975518618617,0.5204081632653061,0.019837248776588212,-0.007493281425442255,0
medical,default,bigquery,Q7,audio+image+text,0,f1_score,4,"[0.8743, 0.8729, 0.8746, 0.8737]",0.8738663145022334,0.0007358318067045345,0.8729152563234661,0.874592131995321,0.0016768756718549271,0.8742684654715701,0.0007258174930876438,0.000402150969336712,0
medical,default,bigquery,Q8,image,0,f1_score,4,"[0.55, 0.55, 0.58, 0.55]",0.5575,0.014999999999999958,0.55,0.58,0.029999999999999916,0.55,0.022499999999999964,-0.007499999999999951,0
medical,default,bigquery,Q9,image,0,f1_score,4,"[0.5455, 0.5455, 0.5455, 0.5455]",0.5454545454545454,0.0,0.5454545454545454,0.5454545454545454,0.0,0.5454545454545454,0.0,0.0,0
medical,default,bigquery,Q10,text,1,f1_score,4,"[0.5829, 0.5932, 0.5924, 0.5704]",0.5847395865675853,0.010607444083156965,0.5704394884194653,0.5931673136534534,0.022727825233988086,0.5704394884194653,0.008427727085868142,-0.014300098148119944,0
medical,default,lotus,Q1,text,1,f1_score,4,"[0.4038, 0.4038, 0.4078, 0.4038]",0.4048263629574309,0.0019604182225541333,0.40384615384615385,0.4077669902912621,0.003920836445108267,0.4077669902912621,0.002940627333831214,0.002940627333831214,0
medical,default,lotus,Q3,image+text,0,f1_score,4,"[0.6, 0.6, 0.6, 0.6]",0.6,0.0,0.6,0.6,0.0,0.6,0.0,0.0,0
medical,default,lotus,Q4,text,1,relative_error,4,"[0.9917, 0.9917, 0.9935, 0.9917]",0.9921375395303298,0.0008794104591570706,0.9916978343007513,0.9934566552190655,0.0017588209183141412,0.9916978343007513,0.0013191156887356614,-0.0004397052295784798,0
medical,default,lotus,Q8,image,0,f1_score,4,"[0.73, 0.73, 0.73, 0.73]",0.7299999999999999,0.0,0.7299999999999999,0.7299999999999999,0.0,0.7299999999999999,0.0,0.0,0
medical,default,lotus,Q9,image,0,f1_score,4,"[0.5722, 0.572, 0.5709, 0.5714]",0.5716311743868214,0.0005987337376864687,0.5708884688090737,0.5722379603399433,0.0013494915308696065,0.5714285714285714,0.0006067859531219133,-0.00020260295825003105,0
medical,default,lotus,Q10,text,1,f1_score,4,"[0.546, 0.5457, 0.5454, 0.5444]",0.5453672629183617,0.0006679254061996852,0.5444410167702821,0.5459875370925805,0.0015465203222984059,0.5453638973106218,0.0006202741742188378,-3.365607739835852e-06,0
medical,default,palimpzest,Q1,text,1,f1_score,4,"[0.3139, 0.3139, 0.3139, 0.3139]",0.31386861313868614,0.0,0.31386861313868614,0.31386861313868614,0.0,0.31386861313868614,0.0,0.0,0
medical,default,palimpzest,Q2,audio,0,f1_score,4,"[0.0833, 0.0833, 0.0833, 0.0833]",0.08333333333333334,0.0,0.08333333333333334,0.08333333333333334,0.0,0.08333333333333334,0.0,0.0,0
medical,default,palimpzest,Q3,image+text,0,f1_score,4,"[0.6, 0.6, 0.6, 0.6]",0.6,0.0,0.6,0.6,0.0,0.6,0.0,0.0,0
medical,default,palimpzest,Q4,text,1,relative_error,4,"[0.9612, 0.9612, 0.9612, 0.9612]",0.9612382622061049,0.0,0.9612382622061049,0.9612382622061049,0.0,0.9612382622061049,0.0,0.0,0
medical,default,palimpzest,Q5,audio+image,0,relative_error,4,"[1.0, 1.0, 1.0, 1.0]",1.0,0.0,1.0,1.0,0.0,1.0,0.0,0.0,0
medical,default,palimpzest,Q6,audio+image+text,0,f1_score,4,"[0.487, 0.4767, 0.4792, 0.4935]",0.48410093253033665,0.007670300156318347,0.4766839378238342,0.49350649350649345,0.016822555682659224,0.4766839378238342,0.009405560976156802,-0.007416994706502422,0
medical,default,palimpzest,Q7,audio+image+text,0,f1_score,4,"[0.8645, 0.8646, 0.8642, 0.8639]",0.8642941186258268,0.0003117065316243734,0.8639061518050416,0.8645665991478663,0.000660447342824666,0.8641785838855948,0.00027248052203943107,-0.00011553474023207055,0
medical,default,palimpzest,Q8,image,0,f1_score,4,"[0.66, 0.63, 0.64, 0.65]",0.645,0.012909944487358068,0.63,0.66,0.030000000000000027,0.63,0.015000000000000013,-0.015000000000000013,0
medical,default,palimpzest,Q9,image,0,f1_score,4,"[0.3786, 0.3786, 0.3786, 0.3786]",0.37858032378580325,0.0,0.37858032378580325,0.37858032378580325,0.0,0.37858032378580325,0.0,0.0,0
medical,default,palimpzest,Q10,text,1,f1_score,4,"[0.5144, 0.5144, 0.5144, 0.5144]",0.5144469840958082,0.0,0.5144469840958082,0.5144469840958082,0.0,0.5144469840958082,0.0,0.0,0
medical,default,thalamusdb,Q1,text,1,f1_score,4,"[0.2892, 0.2716, 0.2821, 0.2927]",0.28387394341454486,0.009297948001010588,0.2716049382716049,0.2926829268292683,0.021077988557663352,0.28205128205128205,0.008808983414723415,-0.001822661363262812,0
medical,default,thalamusdb,Q2,audio,0,f1_score,4,"[0.0, 0.0, 0.08, 0.08]",0.04,0.046188021535170064,0.0,0.08,0.08,0.0,0.04,-0.04,0
medical,default,thalamusdb,Q3,image+text,0,f1_score,4,"[0.9091, 0.9091, 0.9091, 0.9091]",0.9090909090909091,0.0,0.9090909090909091,0.9090909090909091,0.0,0.9090909090909091,0.0,0.0,0
medical,default,thalamusdb,Q4,text,1,relative_error,4,"[0.9407, 0.9407, 0.9407, 0.9393]",0.9403785626110011,0.0006942485929598008,0.9393371897215613,0.9407256869074809,0.0013884971859196016,0.9407256869074809,0.00034712429647987264,0.00034712429647987264,0
medical,default,thalamusdb,Q5,audio+image,0,relative_error,4,"[0.0, 0.0, 0.0, 0.0]",0.0,0.0,0.0,0.0,0.0,0.0,0.0,0.0,0
medical,default,thalamusdb,Q6,audio+image+text,0,f1_score,4,"[0.0, 0.0, 0.0, 0.0]",0.0,0.0,0.0,0.0,0.0,0.0,0.0,0.0,0
medical,default,thalamusdb,Q7,audio+image+text,0,f1_score,4,"[0.1415, 0.1418, 0.1416, 0.1421]",0.14176001612292852,0.00023582274543404157,0.14153920854576352,0.1420592520641088,0.0005200435183452812,0.14183363691560416,0.0002992359411802814,7.362079267564381e-05,0
medical,default,thalamusdb,Q8,image,0,f1_score,4,"[0.6154, 0.5803, 0.6122, 0.6224]",0.6075973434411629,0.018684784411880574,0.5803108808290157,0.6224489795918368,0.04213809876282104,0.5803108808290157,0.014851636150673864,-0.027286462612147178,0
medical,default,thalamusdb,Q9,image,0,f1_score,4,"[0.0, 0.0, 0.0, 0.0]",0.0,0.0,0.0,0.0,0.0,0.0,0.0,0.0,0
