id,reviewId,creationDate,criticName,isTopCritic,originalScore,reviewState,publicatioName,reviewText,scoreSentiment,reviewUrl
get_out,2655994,2019-12-23,Randall King,False,,fresh,Winnipeg Free Press,"Come for the scares. Stay for the humour, which is scalpel-sharp.",POSITIVE,http://www.winnipegfreepress.com/arts-and-life/entertainment/movies/
taken_3,2249445,2015-03-03,John Beifuss,False,2/4,rotten,"Commercial Appeal (Memphis, TN)","He never discovers the real killers are returning director Olivier Megaton and producer-auteur Luc Besson, who callously dispose of the sympathetic Lenore to create new motivation for their hero's lethal kinesthesia and for their own chaotic set pieces.",NEGATIVE,http://www.commercialappeal.com/go-memphis/entertainment-bog/mini-review-taken-3
spider_man_far_from_home,2610735,2019-08-01,Sean Keane,False,,fresh,CNET,"Holland is spectacular, proving hilarious and warm throughout his European adventure -- he gets a pretty rad set of costumes too.",POSITIVE,https://www.cnet.com/news/spider-man-far-from-home-review-the-perfect-avengers-endgame-epilogue/
star_wars_the_last_jedi,2525226,2018-10-31,Ian Thomas Malone,False,,fresh,ianthomasmalone.com,The Last Jedi offers aimless entertainment.,POSITIVE,https://ianthomasmalone.com/2017/12/the-last-jedi-offers-aimless-entertainment/#comments
first_man,2519431,2018-10-17,James Kendrick,False,3.5/4,fresh,Q Network Film Desk,deserves kudos for bravery in tackling a difficult character and refusing to soft-sell his shortcomings or offer easy pabulum to the audience who might be looking for some superficial reinforcement of American greatness,POSITIVE,http://www.qnetwork.com/review/4100
first_man,2617930,2019-08-21,Linda and Al Lerner,False,,fresh,Movies and Shakers,"This may be [Damien] Chazelle's best film yet. It may not be a joyous celebration, but watching the intense performances and the meticulous detail, should put your over the moon.",POSITIVE,https://moviesandshakers.com/first-man/
solo_a_star_wars_story,2607017,2019-07-19,Víctor López G.,False,4/5,fresh,Espinof,"With the exception of Emilia Clarke, who is insipid, the rest of the interpreters promote the story with their talent and spirit. [Full Review in Spanish]",POSITIVE,https://www.espinof.com/criticas/han-solo-historia-star-wars-encantadora-aventura-espiritu-western-mas-nejo
widows_2018,2677961,2020-03-18,Dan Scully,False,,fresh,Cinema76,Everything about Widows works. There's just no resisting it.,POSITIVE,https://www.cinema76.com/home/2018/11/16/widows-is-the-best-theatrical-experience-of-the-year
spider_man_far_from_home,2602222,2019-07-03,Shyama Krishna Kumar,False,,fresh,Gulf News (UAE),"It's a familiar Spider-Man story, told in an entirely fresh way, and it completely works here.",POSITIVE,https://gulfnews.com/going-out/movie-reviews/spider-man-far-from-home-film-review-tom-holland-at-his-best-1.64995263
first_man,2549626,2019-01-19,Pete Vonder Haar,False,4.5/5,fresh,Houston Press,"Did Ed White have it right when he said, ""If a civilization doesn't try to expand its horizons, it can never grow as a nation."" What was that about American prestige again?",POSITIVE,https://www.houstonpress.com/arts/damien-chazelles-first-man-is-a-truly-cinematic-moonshot-10937291
top_gun_maverick,102771585,2023-01-23,Felix Vasquez Jr.,False,,fresh,Cinema Crazed,A big jingoistic cartoon&#46; But it&#8217;s a fun jingoistic cartoon&#46;&#46;&#46;,POSITIVE,https://www.cinema-crazed.com/blog/2023/01/22/top-gun-maverick-2022/
captain_marvel,2565348,2019-03-08,James Verniere,False,C+,rotten,Boston Herald,"Captain Marvel could not be duller beside DC's Wonder Woman if she tried. Apparently, personality is not the Captain's superpower.",NEGATIVE,https://www.bostonherald.com/2019/03/08/superhero-slog-not-much-to-marvel-at/
taken_3,2241844,2015-01-10,Eric D. Snider,False,,rotten,GeekNation,This intentionally superficial character and premise have been stretched out much further than they were ever meant to be stretched.,NEGATIVE,http://geeknation.com/review-taken-3-again-fails-to-realize-what-we-liked-about-taken/
taken_3,2241491,2015-01-08,Kate Muir,True,2/5,rotten,Times (UK),"With his third kidnapping caper, Taken 3, Liam Neeson takes self-parody to new lows and the result is hysterically, enjoyably bad.",NEGATIVE,http://www.thetimes.co.uk/tto/arts/film/reviews/article4317621.ece
star_wars_the_rise_of_skywalker,2654378,2019-12-18,Evan Dossey,False,,fresh,Midwest Film Journal,"""The Rise of Skywalker"" brings the sequel trilogy's characters to a stirring emotional conclusion that befits the franchise as a whole ... while also offering a gratifying and delightfully bizarre denouement.",POSITIVE,https://midwestfilmjournal.com/2019/12/18/star-wars-the-rise-of-skywalker/
jurassic_world_fallen_kingdom,2526573,2018-11-01,Matt Oakes,False,D-,rotten,Silver Screen Riot,The thrill of dinosaurs invading our cineplexes has gone extinct.,NEGATIVE,https://silverscreenriot.com/out-in-theaters-jurassic-world-fallen-kingdom/
the_revenant_2015,2303329,2016-01-10,Simon Miraudo,False,3/5,fresh,Student Edge,"If you absolutely have to watch a film about an incredibly inventive man surviving in the absolute worst conditions imaginable, can I recommend The Grey instead?",POSITIVE,https://studentedge.com.au/article/movie-review-the-revenant
black_panther_2018,2458139,2018-02-15,Devesh Sharma,False,4/5,fresh,Filmfare,"Coogler has played with the age of dilemma of winning freedom through armed struggle versus gaining it through peaceful means. But Black Panther is no Gandhi, he's a superhero with enhanced abilities and a combat suit that James Bond would kill for.",POSITIVE,https://www.filmfare.com/reviews/bollywood-movies/black-panther-movie-review-the-best-superhero-origin-story-in-recent-times-26618.html
nomadland,2769699,2021-02-19,James Verniere,False,A-,fresh,Boston Herald,Turn on (your engines) tune in (your radios) and drop out. Film mines appeal of alternate lifestyle.,POSITIVE,https://www.bostonherald.com/2021/02/19/nomadland-mines-appeal-of-life-off-the-grid/
booksmart,2586843,2019-05-16,Roger Moore,False,3/4,fresh,Movie Nation,Smells like teen spirit.,POSITIVE,https://rogersmovienation.com/2019/05/16/movie-review-one-night-makes-teens-see-theres-more-to-life-than-just-being-booksmart/
la_la_land,2640829,2019-10-30,Debbie Lynn Elias,False,,fresh,Behind The Lens,"[A] glorious, toe-tapping, Technicolor delight!",POSITIVE,http://behindthelensonline.net/site/reviews/la-la-land/
everything_everywhere_all_at_once,102764053,2022-12-24,Michael Ward,False,4.5/5,fresh,Should I See It,&#40;The Daniels&#41; Kwan and Scheinert make everything seem possible&#46; ,POSITIVE,https://www.shouldiseeit.net/reviews/2022/everything-everywhere-all-at-once-2022
dunkirk_2017,2518712,2018-10-14,Joey Magidson,False,4/4,fresh,Hollywood News,"This is a near perfect movie. Nolan has a master's grasp on the material, showcasing it from start to finish.",POSITIVE,http://www.hollywoodnews.com/2017/07/20/dunkirk-is-a-towering-achievement-from-christopher-nolan/
2012,1854723,2009-11-11,Victoria Alexander,False,,rotten,FilmsInReview.com,"Terrible with no story, a god-awful cast led by the cursed Amanda Peet, and stale dialogue. Cheesy CGI.",NEGATIVE,http://www.filmsinreview.com/2009/11/11/2012/
the_batman,102662422,2022-02-28,J. Don Birnam,False,B+,fresh,Splash Report,"""The Batman"" plays brilliantly like a murder horror mystery for 2h15, and then like a boring superhero movie for the last 30m. Thankfully the great vastly overwhelms the choppy.",POSITIVE,http://splashreport.com/the-batman-review-reeves-pattinson/
a_star_is_born_2018,2524433,2018-10-30,Armond White,False,,rotten,National Review,"All Cooper and Gaga do is repeat a self-congratulatory Hollywood motto about artists ""having something to say."" Now is the wrong time for that.",NEGATIVE,https://www.nationalreview.com/2018/10/movie-review-a-star-is-born-remade-wrong-way/
solo_a_star_wars_story,2525181,2018-10-31,Jennifer Heaton,False,8.5/10,fresh,Alternative Lens,"Solo never does make the case that it needs to exist but, in terms of quality of execution, it's possibly the best movie one could hope for given the brief it has to fulfil.",POSITIVE,https://altfilmlens.wordpress.com/2018/05/24/solo-a-star-wars-story-an-alternative-lens-review/
avengers_endgame,2579791,2019-04-23,Matthew Pejkovic,False,4/5,fresh,Matt's Movie Reviews,"A grand, clever and heartfelt blockbuster sure to enthral its audience.",POSITIVE,http://www.mattsmoviereviews.net/movie-critic-reviews/avengers-endgame.html
star_wars_the_last_jedi,2443730,2017-12-16,Susan Granger,False,10/10,fresh,SSG Syndicate,Rian Johnson's spectacular expansion of George Lucas' galactic adventure franchise is everything you want it to be - and more. What a great holiday gift for moviegoers! May the Force Be With You...,POSITIVE,http://www.susangranger.com/?p=10406
knives_out,2649633,2019-11-27,Danny Leigh,True,4/5,fresh,Financial Times,"A viciously droll game of movie Cluedo, the murder mystery dusted off for the modern age.",POSITIVE,https://www.ft.com/content/c58dafc6-1125-11ea-a225-db2f231cfeae
joker_2019,102755037,2022-11-22,Wesley Lovell,False,3/4,fresh,Cinema Sight,In the simply titled Joker&#44; we get yet another version and this one is probably the most toxic of them all and not in a satisfying way&#46;,POSITIVE,http://cinemasight.com/review-joker-2019/
thor_love_and_thunder,102706155,2022-07-05,David Rooney,True,,rotten,Hollywood Reporter,"The movie feels weightless, flippant, instantly forgettable, sparking neither love nor thunder.",NEGATIVE,https://www.hollywoodreporter.com/movies/movie-reviews/thor-love-and-thunder-1235175416
first_man,102775087,2023-01-31,David Gonzalez,False,,fresh,The Cinematic Reel,First Man is more than just a technical marvel&#46; It is a film that truly captures the struggle and journey of not just America&#8217;s race to space but a man&#8217;s sacrifice to reach his ultimate goal of walking on the moon&#46; ,POSITIVE,https://thecinematicreel.com/reel-review-first-man/
knives_out,2623367,2019-09-08,Brian Tallerico,True,3.5/4,fresh,RogerEbert.com,"Directing a wildly charismatic cast who are all-in on what he's doing, Johnson confidently stays a step or two ahead of his audience, leaving them breathless but satisfied at the end.",POSITIVE,https://www.rogerebert.com/reviews/knives-out-2019
ant_man_and_the_wasp_quantumania,102779486,2023-02-14,Ian Sandwell,False,3/5,fresh,Digital Spy,Ant-Man and The Wasp&#58; Quantumania ends up as a movie with great elements&#44; rather than completely satisfying whole&#46;,POSITIVE,https://www.digitalspy.com/movies/a42854659/ant-man-wasp-quantumania-review/
elvis,102711995,2022-07-24,Cameron Meier,False,2/5,rotten,MeierMovies.com,&#8220;Wise men say only fools rush in&#44;&#8221; Elvis Presley sang&#46; Director Baz Luhrmann should have taken those words to heart&#44; as almost all he does in Elvis&#44; his new whirlwind of a musical bio-pic&#44; is rush&#46; ,NEGATIVE,https://www.meiermovies.com/elvis/
captain_marvel,2564777,2019-03-07,Christopher Lloyd,False,4/5,fresh,The Film Yap,An uneven but passionate and energetic introduction for a figure some have called the most powerful hero in the MCU.,POSITIVE,http://www.thefilmyap.com/movies/captain-marvel/
batman_v_superman_dawn_of_justice,2316730,2016-03-25,Sean Burns,False,,rotten,Spliced Personality,"The movie has a bullying, hostile tone that comes through in the surly performances, a callous indifference to innocents killed and the general philosophical disposition of a teenager who just discovered Nietzsche after being grounded.",NEGATIVE,https://splicedpersonality.wordpress.com/2016/03/25/batman-v-superman-dawn-of-justice/
dune_2021,2837916,2021-11-06,Linda and Al Lerner,False,,fresh,Movies and Shakers,"This updated, fresh, fully conceptualized adaptation of Frank Herbert's bestseller is a swashbuckling futuristic interplanetary epic. Writer/Director Denis Villeneuve finally brings a long pandemic delayed version of a very complicated tale...",POSITIVE,https://moviesandshakers.com/dune/
once_upon_a_time_in_hollywood,2616362,2019-08-16,Michael J. Casey,False,,fresh,Boulder Weekly,Only in dreams.,POSITIVE,https://www.boulderweekly.com/entertainment/screen/only-in-dreams/
star_wars_the_last_jedi,2442277,2017-12-12,Dave Schilling,False,,fresh,Birth.Movies.Death.,"A more complicated visit to a galaxy far far away, one that manages to be a great stand-alone adventure in its own right.",POSITIVE,http://birthmoviesdeath.com/2017/12/12/star-wars-the-last-jedi-review-the-star-wars-film-that-finally-lives-up-to
thor_love_and_thunder,102709081,2022-07-14,Kate Rodger,False,4.5/5,fresh,Newshub (NZ),"Thor is not a perfect film, but for me, it was the perfect two hours my cinematic soul wanted and needed.",POSITIVE,https://www.newshub.co.nz/home/entertainment/2022/07/review-thor-love-and-thunder-is-another-classic-thor-adventure.html
mission_impossible_fallout,2493520,2018-07-27,Frank Wilkins,False,4/5,fresh,Reel Reviews,"A ticking time bomb of harrowing action, frazzled nerves, and edge-of-your-seat mystery. But, at the same time, it is way too long and its plot far too complex and convoluted",POSITIVE,http://reelreviews.com/mission-impossible-fallout-movie-review
ready_player_one,2467554,2018-03-28,Soren Andersen,True,2/4,rotten,Seattle Times,"I've seen ""Ready Player One,"" and now my eyeballs need a vacation.",NEGATIVE,https://www.seattletimes.com/entertainment/movies/ready-player-one-the-hunt-is-on-in-steven-spielbergs-overloaded-spectacle/?utm_source=RSS&utm_medium=Referral&utm_campaign=RSS_movies
star_wars_the_last_jedi,2570597,2019-03-26,Nicolás Ruiz,False,8.4/10,fresh,Código espagueti,Star Wars: The Last Jedi is a complete shift for the Star Wars saga and a brave reinvention of the jedi mythos. [Full review in Spanish],POSITIVE,https://codigoespagueti.com/resenas/star-wars-the-last-jedi/
spider_man_no_way_home,2846556,2021-12-14,Kristy Puchko,True,,fresh,Mashable,"It's not only an enthralling thrill ride, not only a celebration of Spidey fandom, not only a rousing adventure but also an emotionally riveting drama that doesn't pull its punches.",POSITIVE,https://mashable.com/article/spider-man-no-way-home-review
the_front_runner_2018,2533170,2018-11-16,Richard Roeper,True,3.5/4,fresh,Chicago Sun-Times,"""The Front Runner"" doesn't hit us over the head with parallels to today's political and media world. It doesn't have to.",POSITIVE,https://chicago.suntimes.com/entertainment/front-runner-review-movie-gary-hart-hugh-jackman-richard-roeper/
captain_america_civil_war,2325589,2016-05-06,Michael Burgin,False,8.5/10,fresh,Paste Magazine,Civil War maintains the same balance of action and significant (if brief) character development/interaction that made Winter Soldier so enjoyable.,POSITIVE,http://www.pastemagazine.com/articles/2016/05/captain-america-civil-war.html
dunkirk_2017,2405957,2017-07-21,Rob Thomas,False,4/4,fresh,"Capital Times (Madison, WI)","The brilliant, unconventional structure adds to the immersive nature of ""Dunkirk,"" reinforcing the sense that the war is everywhere, that characters who haven't even met make decisions with life-or-death consequences for each other.",POSITIVE,http://host.madison.com/ct/entertainment/movies/movie-review-dunkirk-is-a-harrowing-and-surprisingly-experimental-war/article_7d3ddcff-113b-5045-8e4d-0571d1841fde.html?utm_source=dlvr.it&utm_medium=twitter
taken_3,2241516,2015-01-08,Frank Swietek,False,C-,rotten,One Guy's Opinion,"Just another extended chase movie, one far longer--and sillier--than a Road Runner cartoon.",NEGATIVE,http://www.oneguysopinion.com/taken-3/
wonder_woman_1984,2751333,2020-12-15,JimmyO,False,9/10,fresh,JoBlo's Movie Network,"Wonder Woman 1984 is something special. From its breathtaking opening sequence to the refreshingly original final act, there is much to rejoice in.",POSITIVE,https://www.joblo.com/movie-news/wonder-woman-1984-review
black_panther_2018,2554358,2019-02-03,Carla Renata,False,10/10,fresh,The Curvy Film Critic,"Ryan Coogler has permanently stitched himself into the Hollywood fabric as one of the most innovative directors stretching across multiple genres. What Coogler does with Black Panther is inspiring, admirable and transformative.",POSITIVE,https://wp.me/p2v8yf-38H
avatar_the_way_of_water,102763364,2022-12-22,Nick Johnston,False,,fresh,Vanyaland,"[Cameron] is once again unparalleled at presenting us with an ecological and ethnographic survey of a fictional world that is, like the whole concept, familiar and yet novel.",POSITIVE,https://vanyaland.com/2022/12/14/avatar-the-way-of-water-review-worth-the-10-year-wait/
la_la_land,2366579,2016-12-09,Betty Jo Tucker,False,,fresh,ReelTalk Movie Reviews,"A modern love story filmed in a style reminiscent of glorious classic musicals, 'La La Land' emerges as a bittersweet treat for the eyes, the ears and the heart.",POSITIVE,http://www.reeltalkreviews.com/browse/viewitem.asp?type=review&id=5924
aladdin,2589054,2019-05-22,A.O. Scott,True,,rotten,New York Times,"The movie itself, while not entirely terrible - a lot of craft has been purchased, and even a little art - is pointless in a particularly aggressive way.",NEGATIVE,https://www.nytimes.com/2019/05/22/movies/aladdin-review.html
eternals,2836975,2021-11-04,Travis Hopson,False,3/5,fresh,Punch Drunk Critics,"While it ultimately gives in to the demands of the MCU,Eternalsstrives to be more than just another superhero movie. It's the reason why it has won me over, and may be the reason why it won't work for others.",POSITIVE,https://punchdrunkcritics.com/2021/11/review-eternals/
wonder_woman_2017,2566513,2019-03-12,Rachel Wagner,False,A,fresh,rachelsreviews.net,Congrats to Patty Jenkins and everyone involved for finally giving me a blockbuster I actually cared about! Thank you!,POSITIVE,https://54disneyreviews.com/2017/06/02/wonder-woman-review/
birds_of_prey_2020,2668367,2020-02-10,Greg Carlson,False,,fresh,Vague Visages,"As proof of concept for Harley Quinn's ability to control center stage, Birds of Prey works...",POSITIVE,https://vaguevisages.com/2020/02/08/review-cathy-yans-birds-of-prey/
ant_man_and_the_wasp,2586401,2019-05-15,Federico Furzan,False,3/4,fresh,Cinelipsis,"Even when following a guideline that serves a big purpose, this sequel manages to stay fresh with its quick paced script and dosed humour. [Full review in Spanish].",POSITIVE,https://cinelipsis.com/2019/05/07/critica-cine-ant-man-and-the-wasp-2018/
ready_player_one,2467452,2018-03-27,Chris Hunneysett,False,5/5,fresh,Daily Mirror (UK),"Demonstrating his enduring ability to entertain while embracing the latest technology and remaining relevant to a modern audience, Spielberg proves he's still Hollywood's number one player.",POSITIVE,https://www.mirror.co.uk/tv/tv-reviews/ready-player-one-review-steven-12227775
parasite_2019,2672549,2020-02-26,Tessa Smith,False,5/5,fresh,Mama's Geeky,"Parasite surprised me over and over. I constantly had no idea what was going to happen next. But what did happen, was amazing and extremely well done.",POSITIVE,https://mamasgeeky.com/2020/02/did-parasite-deserve-oscars.html
star_wars_episode_vii_the_force_awakens,2465168,2018-03-16,Fico Cangiano,False,4.5/5,fresh,CineXpress,"The Star Wars film we needed (a palate cleanser). Funny, full of action and lots of feels, this new entry achieves great balance between nostalgia and novelty. [Full review in Spanish]",POSITIVE,http://cinexpresspr.com/site/2015/12/18/resena-star-wars-the-force-awakens/
knives_out,2699194,2020-06-26,Brent McKnight,False,B+,fresh,The Last Thing I See,"The sheer charisma of the actors, all working at a high level and having a damn good time, propels the movie and makes it truly special.",POSITIVE,https://www.thelastthingisee.com/2019/11/knives-out-2019-movie-review.html
star_wars_the_rise_of_skywalker,2657555,2020-01-03,David 'Mad Dog' Bradley,False,6/10,rotten,Adelaide Review,"It all feels just a little underwhelming, but John Williams' done-to-death score swells to hopefully convince you that you are indeed having an awesome experience, and [Daisy] Ridley, in particular, acts her heart out.",NEGATIVE,https://www.adelaidereview.com.au/arts/cinema/2019/12/19/film-review-star-wars-the-rise-of-skywalker/
taken_3,2763220,2021-02-02,Richard Crouse,False,1/5,rotten,Richard Crouse,"We don't go to the Taken movies to see great art, we go to have a good time at the movies. Unfortunately, this time around, that pleasure has been ""taken"" from us.",NEGATIVE,http://www.richardcrouse.ca/taken-3-1-star-its-audiences-that-get-brutalized-in-taken-3/
the_lion_king_2019,2605704,2019-07-16,Sandie Angulo Chen,False,3/5,fresh,Common Sense Media,"Visually stunning remake is darker, more violent.",POSITIVE,https://www.commonsensemedia.org/movie-reviews/the-lion-king
the_batman,102662391,2022-02-28,David Gonzalez,False,4/4,fresh,The Cinematic Reel,Batman &#40;1989&#41; walked so&#160;The Dark Knight&#160;could run&#44; and now&#160;The Batman&#160;flies its way into the pantheon of comic book film transcendence&#46;,POSITIVE,https://thecinematicreel.com/the-batman/
taken_3,2310947,2016-02-25,John Fink,False,C,rotten,The Film Stage,Taken 3 isn't a bad time; it's often laughable without veering totally into self-parody.,NEGATIVE,http://thefilmstage.com/reviews/review-taken-3/
cruella,2811339,2021-08-05,Erick Estrada,False,,fresh,Cinegarage,Emma Stone is undoubtedly the best part about this movie. ,POSITIVE,https://www.patreon.com/posts/cruella-critica-51716631
avengers_infinity_war,2473324,2018-04-25,Roger Moore,False,2/4,rotten,Movie Nation,"Maybe ""Deadpool 2"" will be better...",NEGATIVE,https://rogersmovienation.com/2018/04/25/movie-review-avengers-infinity-war-isnt-actually-infinitely-long/
ant_man_and_the_wasp,2491385,2018-07-18,Tim Robey,True,4/5,fresh,Daily Telegraph (UK),"A Marvel film giving off the repeated vibe that in some other space and time, Pixar might have made it.",POSITIVE,https://www.telegraph.co.uk/films/0/ant-man-wasp-review-marvels-small-scale-superheroes-next-door/
arrival_2016,2361163,2016-11-10,Matt Neal,False,4.5/5,fresh,ABC Radio (Australia),Remember all that crap at the end of Interstellar where it tried to get clever but failed horribly? This pulls it off.,POSITIVE,https://movies8mylife.blogspot.com.au/2016/11/arrival.html
captain_america_civil_war,2429777,2017-10-24,Matthew Bond,False,3/5,rotten,The Mail on Sunday (UK),"Captain America: Civil War is very much a sequel to Winter Soldier but, regrettably, too long, tryingly complicated and it takes the best part of 75 minutes before it breaks into anything resembling comic exuberance.",NEGATIVE,http://www.dailymail.co.uk/home/event/article-3563226/Kap-ouch-s-swarming-warring-superheroes-Captain-America-sequel-like-punch-five-star-original.html
wonder_woman_1984,2751311,2020-12-15,Katie Smith-Wong,False,3/5,rotten,Flick Feast,"Overall, Wonder Woman 1984 set its sights high in the sky. Gadot, Jenkins and Wiig are on board but it essentially struggles to find its wings.",NEGATIVE,https://www.flickfeast.co.uk/reviews/film-reviews/wonder-woman-1984-2/
three_billboards_outside_ebbing_missouri,2426821,2017-10-13,Emma Simmonds,False,5/5,fresh,The List,"It's all about McDormand - truly a performer you can build a whole film around, and one who can whisk a scene away from even her most seasoned peers.",POSITIVE,https://film.list.co.uk/article/96500-three-billboards-outside-ebbing-missouri/
joker_2019,2660111,2020-01-14,Derek Deskins,False,,rotten,Edge Media Network,"To celebrate ""Joker"" as the best of the year is akin to telling your friends of all the celebrities you met while walking through Madame Tussauds. It isn't and you didn't.",NEGATIVE,https://www.edgemedianetwork.com/entertainment/movies/reviews//285200
taken_3,2522072,2018-10-24,Aaron Peterson,False,4/10,rotten,The Hollywood Outsider,"[Taken 3] is as clichéd and flawed an action vehicle as I have seen in some time, and when it came to a close I was just glad to finally see it end.",NEGATIVE,https://www.thehollywoodoutsider.com/taken-3-film-review/
jojo_rabbit,2623543,2019-09-09,Chris Evangelista,False,10/10,fresh,Slashfilm,"There's some sort of strange magic residing in Taika Waititi's Jojo Rabbit, a film that really shouldn't work - but does, with remarkable results.",POSITIVE,https://t.co/dwV2Jjgz0r
batman_v_superman_dawn_of_justice,2316108,2016-03-22,Jon Lyus,False,4/5,fresh,HeyUGuys,"An action-packed and epic start to the DC Films Universe, Batman v Superman will have you grinning from ear to ear from start to finish.",POSITIVE,http://www.heyuguys.com/batman-v-superman-dawn-of-justice-review/
widows_2018,2550696,2019-01-24,Amanda Greever,False,,rotten,The Daily Times (Tennessee),It is a slow character study that didn't really tell us anything about the characters in the film.,NEGATIVE,https://www.thedailytimes.com/columns/amanda_greever/review-widows-less-of-a-heist-thriller-than-a-potboiler/article_cc89da02-d800-59ba-b8a6-62203d689224.html
ant_man_and_the_wasp_quantumania,102780028,2023-02-15,Olly Richards,True,2/5,rotten,Time Out,"Marvel’s mini-hero is back in a movie that’s all scale, no fun.  ",NEGATIVE,https://www.timeout.com/movies/ant-man-and-the-wasp-quantumania-2023
taken_3,2300345,2015-12-18,Norman Wilner,False,1/5,rotten,NOW Toronto,"There is no redeeming value to Taken 3. We don't get the satisfaction of a well-made action movie, the pleasure of elaborate stunt work or the pure joy of watching Liam Neeson badass his way through a bunch of heavies.",NEGATIVE,
spider_man_homecoming,2403825,2017-07-07,Mike McGranaghan,False,3.5/4,fresh,Aisle Seat,"Spider-Man: Homecoming isn't really a Spider-Man movie. It's a Peter Parker movie, and that turns out to be an incredibly good thing.",POSITIVE,http://aisleseat.com/spiderman-homecoming
roma_2018,2537175,2018-12-04,Jonathan W. Hickman,False,10/10,fresh,Daily Film Fix,"Few films this year impacted me more than ""Roma.""",POSITIVE,https://dailyfilmfix.com/?p=6490
a_star_is_born_2018,102759231,2022-12-08,Brian T. Carney,False,,fresh,Washington Blade,Gaga’s performances always sizzle. Her bond with the audience is palpable and her joy in entertaining is apparent in every note.,POSITIVE,https://www.washingtonblade.com/2018/10/04/a-star-is-born-review/
the_front_runner_2018,2536995,2018-12-03,Diana Saenger,False,4,fresh,ReviewExpress.com,"Hugh Jackman takes a large leap playing Gary Hart, a Democrat Colorado senator in 1984 who lost in the primaries, but has not given up.",POSITIVE,http://reviewexpress.com/review.php?rv=1914
thor_ragnarok_2017,2428486,2017-10-19,Drew McWeeny,False,A,fresh,The Tracking Board,"One thing about Taika Waititi is evident: he is 100% worthy, and the power of Thor is his.",POSITIVE,http://www.tracking-board.com/thor-review-taika-waititi-brings-absurd-earnest-fun-to-the-mcu/
suicide_squad_2016,2748670,2020-12-05,Mike Massie,False,2/10,rotten,Gone With The Twins,It's baffling that this movie struggled with its storyline to such a distressing degree.,NEGATIVE,http://gonewiththetwins.com/new/suicide-squad-2016/
solo_a_star_wars_story,2481043,2018-05-29,Sebastian Zavala Kahn,False,3.5/5,fresh,Cinencuentro,"A modest yet fun movie full of energetic action sequences, great special effects and efficient performances. [Full review in Spanish]",POSITIVE,https://www.cinencuentro.com/2018/05/28/critica-han-solo-una-historia-de-star-wars/
wonder_woman_2017,2397605,2017-06-02,Peter Rainer,True,B-,fresh,Christian Science Monitor,"It's overlong at 141 minutes and suffers from too much origin story exposition and middling CGI effects, but it has a frisky, friendly spirit that perfectly aligns with its wide-eyed lead actress, Gal Gadot.",POSITIVE,http://www.csmonitor.com/The-Culture/Movies/2017/0602/Wonder-Woman-has-a-frisky-friendly-spirit
parasite_2019,2623087,2019-09-07,Chris Bumbray,False,,fresh,JoBlo's Movie Network,Delicious social satire from a master of the genre.,POSITIVE,https://www.joblo.com/movie-news/review-parasite-tiff-2019
nope,102710647,2022-07-20,Richard Roeper,True,4/4,fresh,Chicago Sun-Times,"Jordan Peele’s masterfully audacious, wickedly funny and utterly outlandish sci-fi horror fable Nope is a classic example of a bold and original film that pays homage to a seemingly endless stream of great movies and yet is more than the sum of its parts.",POSITIVE,https://chicago.suntimes.com/movies-and-tv/2022/7/20/23270974/nope-review-jordan-peele-movie-daniel-kaluuya-keke-palmer-steven-yeun-michael-wincott
star_wars_the_last_jedi,2442290,2017-12-12,Justin Chang,True,,fresh,Los Angeles Times,"The Last Jedi, written and directed by the gifted indie auteur Rian Johnson, nails the balance of novelty and nostalgia in much more satisfying fashion.",POSITIVE,http://www.latimes.com/entertainment/movies/moviesnow/95419918-132.html
captain_marvel,2565168,2019-03-08,Joanna Langfield,False,,fresh,The Movie Minute,"Not exactly marvelous, this origins story eventually warms up, takes flight and wins us over.",POSITIVE,https://themovieminute.com/captain-marvel/
taken_3,2242045,2015-01-13,Robert Levin,False,1.5/4,rotten,amNewYork,The movie stinks. It doesn't stink in a clever or interesting way. It's not even so bad that it's funny.,NEGATIVE,http://www.amny.com/entertainment/taken-3-movie-review-1-5-stars-1.9796001
captain_marvel,2719432,2020-09-02,Victor Pineyro,False,7/10,fresh,Seventh Art Studio,"It's far from being the best MCU film, but it does a decent job on introducing on of the most powerful characters of that universe. [Full review in Spanish]",POSITIVE,http://seventhartstudio.com/captain-marvel-2019-resena/
avengers_endgame,2580377,2019-04-25,Jamie East,False,4/5,fresh,The Sun (UK),"The end of an era, done exactly as you'd hoped.",POSITIVE,https://www.thesun.co.uk/tvandshowbiz/8925539/review-avengers-endgame-premiere/
the_batman,102669398,2022-03-17,Brandon Collins,False,5/5,fresh,Medium Popcorn,This is at least in the top three Batman films of all time for me. It was a combination of all of the best elements of the Batman character and Gotham as a city. It blew me away. This was fantastic. ,POSITIVE,https://www.mediumpopcorn.com/episodes/bonus-the-batman
blackkklansman,2498007,2018-08-16,Emma Simmonds,False,4/5,fresh,Radio Times,"The vibe is authentic, the period detail tasty, yet BlacKkKlansman burns with contemporary anger and concludes on an impossibly affecting, painfully relevant note.",POSITIVE,https://www.radiotimes.com/news/film/2018-08-16/blackkklansman-review-spike-lee-struts-his-film-making-stuff-with-ambition-and-gusto/
snow_white_and_the_huntsman,2087570,2012-06-01,Drew Taylor,False,C-,rotten,The Playlist,"Snow White & the Huntsman may be occasionally beautiful to look at, but as the evil queen teaches us, it comes at a cost -- in this sense, narrative momentum, actual stakes, and above all, an enjoyable experience.",NEGATIVE,http://blogs.indiewire.com/theplaylist/review-snow-white-the-huntsman-is-a-beautiful-slog-20120531
aquaman_2018,2539657,2018-12-11,Khal Davenport,False,,rotten,Complex,"I won't front like I didn't enjoy some elements of the film, but as a whole? It felt like I was watching a film based on what worked in a number of superhero flicks over the last few years.",NEGATIVE,https://www.complex.com/pop-culture/2018/12/aquaman-review-jason-momoa
the_batman,102663959,2022-03-03,Kevin A. Ranson,False,4/4,fresh,MovieCrypt.com,"With a sweeping soundtrack, actual detective work, and a surprising turn by a capable Pattinson leading a great cast, this Caped Crusader is learning to be better than he was yesterday in a city losing hope... a reconstruction of the superhero genre?",POSITIVE,https://moviecrypt.com/2022/03/03/review-the-batman-the-longer-halloween/
parasite_2019,2633824,2019-10-09,Pete Hammond,False,5/5,fresh,Deadline Hollywood Daily,Bong Joon Ho's Cannes Film Festival winner is a flat out masterpiece.,POSITIVE,https://deadline.com/video/parasite-review-bong-joon-ho-cannes-palme-dor-winner/
la_la_land,2748622,2020-12-05,Mike Massie,False,9/10,fresh,Gone With The Twins,"A celebration of music and magic, where swelling emotions are captured by somber yet jazzy leitmotifs.",POSITIVE,http://gonewiththetwins.com/new/la-la-land-2016/
2012,1854643,2009-11-11,Clay Cane,False,C,rotten,BET.com,A gargantuan mess.,NEGATIVE,http://blogs.bet.com/entertainment/whattheflick/movie-review-2012/
taken_3,2242720,2015-01-16,Ben Kendrick,False,1.5/5,rotten,Screen Rant,Taken 3 takes the franchise past the point of absurdity - purely for the sake of selling a third series installment.,NEGATIVE,http://screenrant.com/taken-3-movie-reviews-2014/
thor_love_and_thunder,102706231,2022-07-05,Tania Lamb,False,,fresh,Lola Lambchops,Thor&#58; Love and Thunder is good&#59; it&apos;s not great&#46; You&apos;ll get a bunch of laughs&#44; but you also get a dose of cynicism that undercuts the spirit of love&#46; ,POSITIVE,https://lolalambchops.com/thor-love-and-thunder-kid-friendly-parents-guide/
the_post,2613447,2019-08-07,Linda and Al Lerner,False,,fresh,Movies and Shakers,[Steven] Spielberg knows how to grab your attention with great storytelling in a straightforward portrayal of this moment in history.,POSITIVE,https://moviesandshakers.com/119/
snow_white_and_the_huntsman,2087348,2012-05-31,Frank Swietek,False,C-,rotten,One Guy's Opinion,Gloomy and lugubrious...another expensive dud.,NEGATIVE,http://www.oneguysopinion.com/Review.php?ID=3549
la_la_land,2350415,2016-09-13,Mike Ryan,False,9/10,fresh,Uproxx,"La La Land is what they call a ""humdinger"" of a movie.",POSITIVE,http://uproxx.com/movies/la-la-land-review-tiff/
once_upon_a_time_in_hollywood,2617010,2019-08-19,Tom Augustine,False,5/5,fresh,New Zealand Herald,"To watch a film is something like a waking dream - and it's within this space that Once Upon a Time operates, right down to its fantastical title.",POSITIVE,https://www.nzherald.co.nz/entertainment/news/article.cfm?c_id=1501119&objectid=12258315
parasite_2019,2633772,2019-10-09,Carla Renata,False,,fresh,The Curvy Film Critic,"Brilliantly crafted film delving full on into social class, racism within the race with a delicious twist in the final act make Parasite a must-see!",POSITIVE,http://wp.me/p2v8yf-3UN
arrival_2016,2361390,2016-11-10,Gonzalo Lira Galván,False,4.5/5,fresh,Cine Premiere,An interesting study on contemporary themes explained through science fiction and a monumental achievement for its director. [Full review in Spanish],POSITIVE,http://www.cinepremiere.com.mx/la-llegada-critica-61199.html
joker_2019,2632484,2019-10-04,Daniel M. Kimmel,False,2/5,rotten,North Shore Movies,"Director Phillips, best known for the inane Hangover movies, wants to show he can be serious and profound, but has bitten off more than he can chew.",NEGATIVE,https://northshoremovies.wordpress.com/2019/10/03/review-joker/
star_wars_the_last_jedi,2442743,2017-12-13,John Lui,False,4/5,fresh,The Straits Times (Singapore),"Big space battles are one thing, but there are smaller action setpieces here that can only be described as beautiful.",POSITIVE,http://www.straitstimes.com/lifestyle/entertainment/star-wars-the-last-jedi-packed-with-action-and-humour
dunkirk_2017,2409149,2017-08-09,K. Austin Collins,True,,fresh,The Ringer,"When Dunkirk ended, I realized it wasn't Dunkirk I wanted to watch: It was the sequel.",POSITIVE,https://www.theringer.com/2017/7/19/16078320/dunkirk-movie-review-christopher-nolan-74e9c2d2dfff
taken_3,2241621,2015-01-09,James Berardinelli,True,2/4,rotten,ReelViews,Taken 3 is exactly what one might anticipate from an unnecessary sequel in a mediocre franchise.,NEGATIVE,http://www.reelviews.net/php_review_template.php?identifier=2851
ad_astra,2687508,2020-05-04,Shikhar Verma,False,3.5/5,fresh,High on Films,James Gray's Ad Astra is an inwards journey about the necessity to feel things.,POSITIVE,https://www.highonfilms.com/the-50-best-films-of-2019/
midsommar,2672659,2020-02-26,Dan Schindel,False,,fresh,Hyperallergic,"Much of the film is keenly attuned to human failure and the ugliness of bad relationships, making for a magnetic but continually cringe-inducing ride.",POSITIVE,https://hyperallergic.com/507775/midsommar/
star_wars_the_rise_of_skywalker,2654468,2019-12-18,Glen Weldon,True,,rotten,NPR,It's an accretion - a buildup of plotlines and characters that rolls toward its conclusion by dint of momentum lent to it by all that's come before.,NEGATIVE,https://www.npr.org/2019/12/18/787544162/the-rise-of-skywalker-makes-for-an-exciting-exhaustive-effortful-ending?utm_medium=RSS&utm_campaign=movies
once_upon_a_time_in_hollywood,2608147,2019-07-24,Jeanne Kaplan,False,,fresh,Kaplan vs. Kaplan,It is DiCaprio and Pitt who make ONCE UPON A TIME...IN HOLLYWOOD what it is --- magnificent!,POSITIVE,https://www.kaplanvskaplan.com/new-releases/once-upon-a-time-in-hollywood/
dune_2021,2834394,2021-10-25,Tim Brayton,False,3.5/5,fresh,Alternate Ending,The best kind of popcorn movie with aspirations to a monumental tone and a feeling of grave importance to its razzle dazzle.,POSITIVE,https://www.alternateending.com/2021/10/dune-2021.html
the_front_runner_2018,2554090,2019-02-02,David Stratton,True,4/5,fresh,The Australian,The Front Runner is commendably even-handed in its portrayal of both the political system and the fourth estate. And Jackman's commanding performance should be required viewing.,POSITIVE,https://www.theaustralian.com.au/arts/review/did-we-learn-anything-from-hart-affair/news-story/a0e5b337d141c66c4b1dbcf8b7a445b5
doctor_strange_2016,2412409,2017-08-22,Megan Burbank,False,,fresh,"The Stranger (Seattle, WA)","Doctor Strange might have a lot of baggage, but more than anything else, it's fun.",POSITIVE,http://www.thestranger.com/film/2016/11/02/24668918/the-magical-whitewash-of-doctor-strange
spider_man_into_the_spider_verse,2548995,2019-01-18,Amanda Greever,False,,fresh,The Daily Times (Tennessee),"The characters, screenplay and voice acting are so compelling, so effective, that it is able to rise above what would have easily undone a lesser movie.",POSITIVE,https://www.thedailytimes.com/columns/amanda_greever/review-a-visit-to-this-spider-verse-both-dazzling-and/article_29abc73d-35b9-5681-a137-ba4801d47eb7.html
captain_america_civil_war,2325419,2016-05-06,Sarah Boslaugh,False,6/10,fresh,Playback:stl,"...while one of the story lines does pick up from Captain America: The Winter Soldier, it's Iron Man who steals the show.",POSITIVE,http://www.playbackstl.com/movies/reviews-movies/captain-america-civil-war-walt-disney-studios-motion-pictures-pg-13/
arrival_2016,2361632,2016-11-11,Kristy Puchko,True,,rotten,CBR,Villeneuve's indulgence in mood and melancholy mount to a conclusion that wastes its compelling premise and wallows in infuriatingly all-consuming sentimentality.,NEGATIVE,http://www.cbr.com/review-arrival-brings-mood-but-no-thrills/
toy_story_4,2596723,2019-06-13,Kenneth Turan,True,,fresh,Los Angeles Times,"""Toy Story 4"" will blow you away in ways you won't be expecting.",POSITIVE,https://www.latimes.com/entertainment/movies/la-et-mn-toy-story-4-pixar-review-20190610-story.html?utm_source=dlvr.it&utm_medium=twitter
taken_3,2241862,2015-01-11,Jeffrey M. Anderson,False,2/5,rotten,Common Sense Media,"Olivier Megaton (Taken 2) directs again, and from the movie's flagging energy level, it appears as if he, too, is ready to retire this series.",NEGATIVE,https://www.commonsensemedia.org/movie-reviews/taken-3
nomadland,2769528,2021-02-19,Jason McKiernan,False,4.5/5,fresh,Film Racket,"Zhao's vision ventures beyond naturalism to reach a true synthesis of nature and narrative, achieving a sort of Narrative Verité, if such a term could exist.",POSITIVE,https://filmracket.com/nomadland/movie-review
avengers_infinity_war,2603653,2019-07-10,Rucha Sharma,False,3.5/5,fresh,DNA India,The last half an hour of the movie is spectacular in every way. Twists and turns hit you full speed and a massive cliffhanger leaves you wanting.,POSITIVE,https://www.dnaindia.com/movie-reviews/report-avengers-infinity-war-review-marvel-s-biggest-movie-entertains-delivers-on-colossal-expectations-2608817
batman_v_superman_dawn_of_justice,2316391,2016-03-24,Charlotte O'Sullivan,True,3/5,fresh,London Evening Standard,"More befuddled, plot-wise, than just about any other superhero epic of the last decade, Batman v Superman nevertheless deserves points for creating a vision of modern America that feels truly fractured.",POSITIVE,http://www.standard.co.uk/goingout/film/batman-v-superman-dawn-of-justice-film-review-why-so-super-serious-a3210921.html
once_upon_a_time_in_hollywood,2609995,2019-07-30,Brad Keefe,False,4/5,fresh,Columbus Alive,"The fact that ""Once Upon a Time"" isn't exactly what you'd expect is a testament to Tarantino's ability to still shock and surprise audiences, even as he's up to his familiar tricks.",POSITIVE,https://www.columbusalive.com/entertainment/20190729/tarantinos-once-upon-time-is-nostalgic-love-letter-to-hollywood
a_star_is_born_2018,2519222,2018-10-16,Saibal Chatterjee,False,3.5/5,fresh,NDTV,A Star Is Born is a remake that is good enough to stand on its own without the fear of comparison.,POSITIVE,http://movies.ndtv.com/movie-reviews
rogue_one_a_star_wars_story,2367038,2016-12-13,William Bibbiani,False,,fresh,CraveOnline,"I'm recommending it, if only as a three-star action movie. But I think it's important to consider how the original Star Wars movies transcended their pulpy influences and how Rogue One gets mired in them.",POSITIVE,http://www.craveonline.com/entertainment/1180115-rogue-one-review-star-wars-mad-libs-movie
ant_man_and_the_wasp_quantumania,102779521,2023-02-14,Clarisse Loughrey,True,3/5,fresh,Independent (UK),"All in all – particularly when balanced against the weightiness of Majors’s performance – Quantumania nicely hits the mark: it’s goofy, but goofy to just the right degree.",POSITIVE,https://www.independent.co.uk/arts-entertainment/films/reviews/ant-man-quantumania-review-b2282134.html
captain_america_civil_war,2325604,2016-05-06,Sandy Schaefer,False,4/5,fresh,Screen Rant,Captain America: Civil War is a great superhero blockbuster that lays the groundwork for even bigger and better things to come in Phase 3 of the MCU.,POSITIVE,http://screenrant.com/captain-america-civil-war-movie-reviews/
solo_a_star_wars_story,2713507,2020-08-14,Tom Beasley,False,3/5,fresh,Flickering Myth,This could easily have been exhausting - and it occasionally is - but there's a certain joy to seeing these iconic characters done slightly differently.,POSITIVE,https://www.flickeringmyth.com/2018/05/movie-review-solo-a-star-wars-story-2018-2/
captain_marvel,2564122,2019-03-05,Peter Sobczynski,False,4/5,fresh,eFilmCritic.com,"It moves quickly and avoids the bloated running time that has plagued many of these films, it has some nice bits of humor sprinkled throughout and, most importantly, the strong and entertaining Brie Larson performance.",POSITIVE,http://www.efilmcritic.com/review.php?movie=27768&reviewer=389
dunkirk_2017,2513045,2018-09-25,Achara Kirk,False,,fresh,CinePals,"It's all about survival, and the lengths you will go to...it definitely gave me more on the second time around.",POSITIVE,https://www.youtube.com/watch?v=E-iewSGYAGU&list=PLpu7-TGm7LHplY3WeOWndYR6zsIpI7KDa&index=39&t=0s
taken_3,2242765,2015-01-16,Andy Crump,False,4.5/10,rotten,Paste Magazine,"Taken 3 isn't a good movie. Against all logic, it isn't a bad movie, either. Instead, it's so casual and indifferent to itself it lapses into something altogether appalling.",NEGATIVE,http://www.pastemagazine.com/articles/2015/01/taken-3.html
avengers_endgame,102659038,2022-02-18,David Gonzalez,False,4/4,fresh,The Cinematic Reel,Avengers&#58; Endgame broke me&#44; put me back together&#44; and decided to cut me again in one of the most impactful cinematic experiences of all time&#46; ,POSITIVE,https://thecinematicreel.com/reel-review-avengers-endgame/
black_panther_wakanda_forever,102750348,2022-11-08,Alistair Harkness,False,3/5,fresh,Scotsman,"As with the first film, Wakanda Forever works best when it’s deviating from the expected tropes of a superhero film.",POSITIVE,https://www.scotsman.com/arts-and-culture/film-and-tv/film-reviews-black-panther-wakanda-forever-no-bears-a-bunch-of-amateurs-3910814
captain_marvel,2597904,2019-06-17,Cory Woodroof,False,,fresh,Nashville Scene,"Captain Marvel can stand alone as a step forward for a film series that was long past due making one, just as it can fall short of its potential",POSITIVE,https://www.nashvillescene.com/arts-culture/film/article/21050199/captain-marvel-is-a-fun-diversion-that-doubles-as-a-genre-milestone
jurassic_world_fallen_kingdom,2482508,2018-06-05,Germain Lussier,False,,rotten,io9.com,Maybe we've just become so desensitized to seeing dinosaurs running around and eating people that we need something new and bigger to impress us.,NEGATIVE,https://io9.gizmodo.com/jurassic-world-fallen-kingdom-lacks-the-majesty-the-fr-1826580479
a_star_is_born_2018,2556016,2019-02-07,Hannah Brown,False,,fresh,Jerusalem Post,"It may be a little less powerful if you know where the story is heading, but it's undeniably a triumph for Cooper.",POSITIVE,https://www.jpost.com/Israel-News/Culture/Grace-and-Frankie-delight-A-Star-is-Born-comes-home-580000
dune_2021,2841253,2021-11-20,Rosa Parra,False,3.5/5,fresh,Latinx Lens,Dune is easily one of the best visually & audibly crafted films of 2021. Hans Zimmer's score is perfection. Narratively? hmmm not so much.,POSITIVE,https://podcasts.apple.com/us/podcast/45-mass-dune-women-is-losers/id1518650275?i=1000541050027
the_irishman,2655971,2019-12-23,Wenlei Ma,True,4/5,fresh,News.com.au,"The Irishman is a much more deliberate and weighty gangster film - by comparison, Goodfellas is a riot. But it's a vibe that works in its gravitas.",POSITIVE,https://www.news.com.au/entertainment/movies/new-movies/the-irishman-is-an-epic-luxurious-scorsese-classic/news-story/8180cbd00b62ae1428304b73ac66f01f
godzilla_vs_kong,2785009,2021-04-21,Caffeinated Clint,False,,fresh,Moviehole,"King Kong vs. Godzilla"" isn't ""intellectual"" but if you're going to lose braincells, there's no better way to do it!",POSITIVE,https://moviehole.net/godzilla-vs-kong-review-welcome-back-to-the-movies/
wonder_woman_1984,2770446,2021-02-22,Tony Medley,False,3/10,rotten,The Larchmont Chronicle,"It is even more absurd than the first one that grossly distorted history. Gal Gadot's delivery makes Tony Curtis', ""Yonda Lies Da Castle of My Fodda,"" seem Shakespearean.",NEGATIVE,http://www.tonymedley.com/2020/Wonder_Woman_1984.htm
widows_2018,2508631,2018-09-09,Chris Evangelista,False,8/10,fresh,Slashfilm,"Steve McQueen and Gillian Flynn team for Widows, an exciting, brilliantly-acted thriller about a team of desperate women pushed to desperate measures. A heist film with a lot more on its mind than meets the eye, Widows is a gem.",POSITIVE,https://www.slashfilm.com/widows-review/
the_front_runner_2018,2535986,2018-11-29,Linda Cook,False,3/4,fresh,"Quad City Times (Davenport, IA)","It may not be winning at the box office, but it's a sure bet for entertainment.",POSITIVE,https://qctimes.com/news/the-front-runner-isn-t-winning-at-the-box-office/article_8e143b02-bd45-5fc3-89dd-f8c937a2676d.html
shazam,2574416,2019-04-05,Chris Wasser,False,3/5,fresh,The Herald (Ireland),"Shazam! gets a little greedy towards the end, and it could probably stand to lose at least 20 minutes from its noisy finale. But hey, it gets the job done. It might just kick-start a new franchise. It's a bit of a hoot. I didn't see that coming.",POSITIVE,http://www.independent.ie/entertainment/movies/movie-reviews/
top_gun_maverick,102699767,2022-06-14,Maxwell Rabb,True,,fresh,Chicago Reader,"Somehow Cruise's foray back into the danger zone will be remembered more than the original, setting a new standard in the era of reboots.",POSITIVE,https://chicagoreader.com/film/top-gun-maverick/
black_panther_2018,2524918,2018-10-31,Bob Chipman,False,4,fresh,Geek,"A genuine masterpiece of popcorn filmmaking that raises the bar really high for 2018 blockbusters and a near-perfect version of... well, itself.",POSITIVE,https://www.geek.com/movies/moviebob-reviews-black-panther-2018-1731099/
skyfall,2111450,2012-10-23,Devin Faraci,False,,fresh,Birth.Movies.Death.,"Every time a Bond fan extols the virtues of the Bond films I wish I could see what they saw. I finally have, and I saw it in SKYFALL.",POSITIVE,http://badassdigest.com/2012/10/23/movie-review-skyfall-has-made-a-bond-fan-of-me/
glass_2019,2548880,2019-01-17,Andrew J. Salazar,False,,fresh,Geeks of Color,"Through its many ups and downs, Glass still stands as a somewhat decent sequel to two of Shyamalan's best entries.",POSITIVE,https://geeksofcolor.co/2019/01/16/m-night-shyamalans-trilogy-trips-across-the-finish-line-with-glass-review/
parasite_2019,2656652,2019-12-27,Arturo Magaña,False,5/5,fresh,Cine Premiere,Bong Joon-ho succeeds in showing us that the worst monster of our reality is the system that we have built. [Full Review in Spanish],POSITIVE,https://www.cinepremiere.com.mx/parasitos-parasite-critica.html
spider_man_far_from_home,2602480,2019-07-05,Matthew Norman,True,3/5,fresh,London Evening Standard,This mischievous film never tires of teasing the conventions and traditions of the genre.,POSITIVE,https://www.standard.co.uk/go/london/film/spiderman-far-from-home-review-marvel-endgame-a4180076.html
the_batman,102662495,2022-02-28,David Fear,True,,fresh,Rolling Stone,"At its best, The Batman is a helluva tough-guy yarn -- an entertaining pulp-fiction epic under the guise of sure-thing blockbuster. At its worst, it’s the cinematic equivalent of a mixtape.",POSITIVE,https://www.rollingstone.com/movies/movie-reviews/batman-review-robert-pattinson-1301492/
black_widow_2021,2803975,2021-07-07,Peter Sobczynski,False,4/5,fresh,eFilmCritic.com,"If this does turn out to be Johansson's farewell to the role that helped make her one of the most popular actresses in the world, it is a film that does ultimately honor both her and the character.",POSITIVE,https://www.efilmcritic.com/review.php?movie=29825&reviewer=389
avengers_infinity_war,2558503,2019-02-13,Bertie Archer,False,5/5,fresh,One Room With A View,"A triumph for Marvel, Disney and blockbuster filmmaking. By fusing the best parts of the 18 movies behind it, the sum is considerably greater.",POSITIVE,https://oneroomwithaview.com/2018/04/24/avengers-infinity-war-review/
jojo_rabbit,2638126,2019-10-22,Richard Brody,True,,rotten,New Yorker,"Today, making fun of Hitler and his minions is both easy and pointless, because he poses no threat; Waititi is kicking a dead bull.",NEGATIVE,https://www.newyorker.com/culture/the-front-row/springtime-for-nazis-how-the-satire-of-jojo-rabbit-backfires
first_man,2518470,2018-10-12,Robert Denerstein,False,,fresh,Denerstein Unleashed,"First Man struck me as a far more ambitious and worthier work than either Whiplash or La La Land, two of Chazelle's previous movies.",POSITIVE,http://denersteinunleashed.blogspot.com/2018/10/the-story-of-moon-landing.html
the_batman,102662447,2022-02-28,Laura Clifford,False,A-,fresh,Reeling Reviews,"It seems we get the Batman movie for our times And so now, in 2022, we get the darkest Batman yet, one that pictures a Gotham City so drenched in corruption, Bruce Wayne (Robert Pattinson) finds himself looking into his own family history.",POSITIVE,https://www.reelingreviews.com/reviews/the-batman/
cruella,2797119,2021-06-10,Asia Frey,False,,fresh,"Lagniappe (Mobile, AL)","The fabulously fashionable workplace drama I never knew I needed... better than the recent live-action remakes of earlier Disney animations because it is merely inspired by the cartoon, not a recreation.",POSITIVE,https://lagniappemobile.com/cruella-is-a-highly-stylish-oddball-treat/
28_days_later,813873,2002-11-19,Peter Bradshaw,True,3/5,fresh,Guardian,"It flags during the encampment scenes, with some redundant gore, but this is a muscular, virile piece of film-making from Boyle.",POSITIVE,"http://film.guardian.co.uk/Film_Page/0,4061,813866,00.html"
dune_2021,2833333,2021-10-20,Sebastian Zavala Kahn,False,4/5,fresh,Me gusta el cine,"Flawed as it is, ""Dune"" is a passion project, an ambitious film that feels more honest than 90% of blockbusters that are released each year. [Full review in Spanish]",POSITIVE,https://megustaelcine.com/critica-dunaun-film-ambicioso-con-excelentes-efectos-visuales-y-sonoros-que-falla-en-la-pasividad-de-su-protagonista/
black_panther_2018,2549428,2019-01-19,Nathalia Aryani,False,,fresh,San Diego Entertainer,"One of the best, most important superhero movies of all time.",POSITIVE,https://www.sdentertainer.com/movies/movie-review-black-panther/
aladdin,2590420,2019-05-25,Min-sik Yoon,False,6/10,fresh,Korea Herald,"Overall, it was a fun film, an OK film, but not one that leaves much of an impression.",POSITIVE,http://www.koreaherald.com/view.php?ud=20190521000750
nomadland,2781371,2021-04-01,Rohan Naahar,False,,rotten,Hindustan Times,Nomadland is 21st Century Oscar-bait in its most shameless form - almost as eye-rollingly obvious in its intentions as some of those awards-friendly period dramas that the Weinsteins used to produce a decade or two ago.,NEGATIVE,https://www.hindustantimes.com/entertainment/hollywood/nomadland-movie-review-frances-mcdormand-will-win-oscar-for-the-least-amount-of-acting-she-s-ever-done-101617257852136.html
dunkirk_2017,2768595,2021-02-16,John Serba,False,,fresh,Decider,I stand by my assertion that Dunkirk is Nolan's masterpiece.,POSITIVE,https://decider.com/2021/02/12/dunkirk-stream-it-or-skip-it/
the_front_runner_2018,2533100,2018-11-16,Chris Knight,False,3.5/5,fresh,National Post,"[The Front Runner] provides an instructive how-did-we-get-here tale, looking at how media intrusion, once started, and whether for good or ill, is difficult to rein in.",POSITIVE,https://nationalpost.com/entertainment/movies/the-front-runner-shows-a-moment-in-politics-when-then-became-now
captain_marvel,2567862,2019-03-16,Bob Grimm,False,2.25/5,rotten,Reno News and Review,Brie Larson seems oddly detached from the proceedings.,NEGATIVE,https://www.newsreview.com/reno/little-wonder/content?oid=27838512
taken_3,2241581,2015-01-09,Chris Bumbray,False,3/10,rotten,JoBlo's Movie Network,So low-rent that it feels like everyone involved - from the writers to the director to the star - just decided to put as little effort into the follow-up as possible.,NEGATIVE,http://www.joblo.com/movie-news/review-taken-3-291-02
star_wars_episode_vii_the_force_awakens,2299585,2015-12-16,Isaac Feldberg,False,10/10,fresh,We Got This Covered,"Star Wars: The Force Awakens is some kind of miracle, as it works on every imaginable level.",POSITIVE,http://wegotthiscovered.com/movies/star-wars-force-awakens-review
ant_man_and_the_wasp_quantumania,102780821,2023-02-17,Eli Glasner,False,3/5,rotten,CBC News,This is the Marvel way&#58; The studio recruits actors and directors for their distinctive qualities&#44; but over time the thing that stuck out  gets filed down&#44; until they&apos;re just part of the machine&#46;  Ant-Man and the Wasp&#58; Quantumania is more of the same&#46;,NEGATIVE,https://www.cbc.ca/news/entertainment/ant-man-wasp-quantumania-1.6749393
joker_2019,2648575,2019-11-23,Linda Cook,False,4/4,fresh,"Quad City Times (Davenport, IA)","Grim, violent 'Joker' is no laughing matter.",POSITIVE,https://qctimes.com/entertainment/columnists/linda-cook/grim-violent-joker-is-no-laughing-matter/article_08eb0e6e-db4a-5f6a-b4c3-fd235d95e410.html
la_la_land,2499337,2018-08-21,Kathryn Reklis,False,,fresh,The Christian Century,It's an airy confection of delight that is at the same time wised-up and nostalgic. And it aims for a vision of moviemaking that is rhapsodic and earnest without being sentimental.,POSITIVE,https://www.christiancentury.org/article/how-paterson-sidesteps-clichés-embraced-la-la-land
avengers_infinity_war,2473244,2018-04-25,Eric Kohn,True,B,fresh,indieWire,"Even as the movie forces audiences to submit to so many cataclysmic events, the directors manage to direct the cascading mayhem to a unique kind of cliffhanger.",POSITIVE,http://www.indiewire.com/2018/04/avengers-infinity-war-review-1201956706/
black_panther_2018,2455656,2018-02-06,Brian Lowry,True,,fresh,CNN.com,"Black Panther pounces toward the head of the class in a way that should make the King, and his key subjects, a cornerstone of an already-formidable roster.",POSITIVE,http://www.cnn.com/2018/02/06/entertainment/black-panther-review/index.html
arrival_2016,2361784,2016-11-12,Willie Waffle,False,2/4,rotten,WaffleMovies.com,Hokey malarkey.,NEGATIVE,http://dcw50.com/2016/11/11/arrival-hokey-malarkey-review/
midsommar,2601822,2019-07-02,Mark Dujsik,False,3/4,fresh,Mark Reviews Movies,"There's a reckoning coming for everyone in Midsommar, and it's as cold, harsh, and unforgiving as the light of a northern sun.",POSITIVE,http://www.markreviewsmovies.com/reviews/M/midsommar.htm
once_upon_a_time_in_hollywood,2589093,2019-05-22,Pablo O. Scholz,False,,fresh,Clarín,Has a glorious and jaw-dropping ending. [Full review in Spanish],POSITIVE,https://www.clarin.com/espectaculos/cine/quentin-tarantino-festival-cannes-pelicula-controvertida_0_Nr_EJQAXT.html
star_wars_the_rise_of_skywalker,2657573,2020-01-03,Juan Roures,False,2/5,rotten,El antepenúltimo mohicano,"Neither Abrams nor Johnson, who have more than proven their skills as filmmakers on other occasions, are guilty of a trilogy's failure that, of course, originated without a true narrative purpose. [Full review in Spanish]",NEGATIVE,https://www.elantepenultimomohicano.com/2020/01/critica-star-wars-el-ascenso-de-skywalker.html
parasite_2019,2616540,2019-08-16,Hannah Brown,False,,fresh,Jerusalem Post,"I certainly won't give away any spoilers here, but suffice it to say that you won't guess any of the secrets, and once the story goes down the rabbit hole, it stays very dark till the end.",POSITIVE,https://www.jpost.com/Israel-News/Culture/Parasite-will-grow-on-you-598626
wonder_woman_1984,2753154,2020-12-22,Julian Roman,False,3/5,fresh,MovieWeb,"Wonder Woman 1984 delivers the blockbuster goods, but is not on par with the genre's best films. Terrific supporting performances, a comical retro setting, and glaring spotlight on sexism make up for the narrative deficits.",POSITIVE,https://movieweb.com/wonder-woman-1984-review/
spider_man_far_from_home,2601541,2019-07-01,Orlando Maldonado,False,3.5/5,fresh,Movie Network,"Ends a phase and kicks off a new one with a few surprises, some inspired choices and a couple of clichés. - [Full review in Spanish]",POSITIVE,https://movienetworkpr.com/resena-de-spider-man-far-from-home/
knives_out,2650413,2019-12-02,Ani Bundel,False,,fresh,NBC News THINK,"Knives Out not only brings back this breed of manor house murder mystery - last a cult hit with the 1980s-era ""Clue"" - but proves that the current climate may be ripe for a full-scale modern revival.",POSITIVE,https://www.nbcnews.com/think/opinion/knives-out-finally-finds-way-update-manor-house-murder-mystery-ncna1092716
ant_man_and_the_wasp_quantumania,102781777,2023-02-22,John Rocha,False,4/5,fresh,The Outlaw Nation (Youtube),Thoroughly enjoyed Ant Man And The Wasp&#58; Quantumania&#46; Jonathan Majors is a superstar with Michelle Pfeiffer matching him beat for beat&#46; The world building of the Quantum Realm is stunning&#46; It has the right mix of humor&#44; emotional stakes&#44; action&#44; and awe&#46; ,POSITIVE,https://youtu.be/vDYu3i9t-VQ
shazam,2581827,2019-04-30,Dustin Chase,False,C-,rotten,Texas Art & Film,"It's Power Rangers under a different name, it's a Nickelodeon type cartoon re-envisioned for the big screen.",NEGATIVE,http://www.texasartfilm.net/shazam/
taken_3,2241538,2015-01-09,Rob Vaux,False,D,rotten,Mania.com,[It] isn't so much out of gas as it is dragging itself away from the stalled car across the baking desert by its fingernails.,NEGATIVE,http://www.mania.com/mania-review-taken-3_article_141142.html
black_panther_2018,2458397,2018-02-16,Eric Melin,False,4/5,fresh,The Pitch,... there's so much more to Black Panther than a shrewd movie studio finally recognizing the value of an untapped market.,POSITIVE,https://www.pitch.com/arts-entertainment/movies/blog/20992843/black-panther-is-a-gamechanging-superhero-movie
cruella,2793894,2021-05-29,Katey Stoetzel,False,8/10,fresh,The Young Folks,"As much of a good time as Cruella is, it's still a shiny piece of IP from Disney.",POSITIVE,https://www.theyoungfolks.com/review/153879/cruella-review/
top_gun_maverick,102688690,2022-05-12,Pete Hammond,False,,fresh,Deadline Hollywood Daily,"Tops the original in every way imaginable, from an all-knowing performance for the ages from Cruise to its highly emotional storyline, “take my breath away” aerial sequences and just about anything else you want from a studio blockbuster.",POSITIVE,https://deadline.com/video/top-gun-maverick-review-tom-cruise-sequel
taken_3,2241160,2015-01-06,Emma Dibdin,False,1/5,rotten,Digital Spy,"This is as hackneyed and unashamedly cynical as sequels get, a miserable blend of tin-eared soap opera and clunky action that feels infinitely longer than its 109 minutes.",NEGATIVE,http://www.digitalspy.co.uk/movies/review/a619538/taken-3-review-as-hackneyed-and-unashamedly-cynical-as-sequels-get.html
parasite_2019,2699533,2020-06-27,Damond Fudge,False,,fresh,"KCCI (Des Moines, IA)","Parasite is a masterful piece of social satire and dark comedy, a scathing portrait of both the upper and lower classes.",POSITIVE,https://www.kcci.com/article/movie-review-parasite/29668934
the_front_runner_2018,2527786,2018-11-03,Anthony Lane,True,,fresh,New Yorker,"Hart is played in the film by Hugh Jackman, or, rather, by a brave dialectical struggle between the actor and his wig. By a hair's breadth, the actor wins.",POSITIVE,https://www.newyorker.com/magazine/2018/11/12/the-fall-of-man-in-the-front-runner-and-outlaw-king
solo_a_star_wars_story,2519211,2018-10-16,Alex Maidy,False,8/10,fresh,JoBlo's Movie Network,"There is so much to love in SOLO: A STAR WARS STORY. From great character design to even more brilliantly executed practical effects, the pros far outweigh the cons with this production.",POSITIVE,http://www.joblo.com/movie-news/the-unpopular-opinion-solo-a-star-wars-story-280
avengers_endgame,2581317,2019-04-27,Jeff Beck,False,3/4,fresh,The Blu Spot,"This is an emotionally-satisfying conclusion to this grand venture, featuring many moments that tug at the heartstrings, plenty of chuckles, and, of course, more action than anyone could ever want in a film.",POSITIVE,https://www.thebluspot.com/single-post/2019/04/27/Avengers-Endgame-A-Thrilling-and-Emotionally-Satisfying-Conclusion
top_gun_maverick,102693725,2022-05-26,Benjamín Harguindey,False,9/10,fresh,EscribiendoCine,"SFX are mostly practical (made in the sky, not in a garage) and the aerial stunts look more impressive than ever, but the biggest draw is seeing the determined star doing what he knows how to do best... [Full review in Spanish]",POSITIVE,https://www.escribiendocine.com/noticias/2022/05/25/14460-critica-de-top-gun-maverick-tom-cruise-y-una-secuela-a-toda-velocidad
justice_league_2017,2612959,2019-08-06,Víctor López G.,False,,rotten,Espinof,"'Justice League' constitutes an empty, with no soul, form of entertainment, that translates into a stab straight to the heart of all those who have enjoyed the previous productions of the Extended DC Universe. [Full Review in Spanish]",NEGATIVE,https://www.espinof.com/criticas/liga-de-la-justicia-una-punalada-directa-al-corazon-para-los-fans-del-universo-cinematografico-dc
suicide_squad_2016,2342917,2016-08-03,Nell Minow,True,B,fresh,Movie Mom,"Margot Robbie is a huge movie star who owns this film and every moment she is on screen in ""Suicide Squad"" you get your money's worth and then some.",POSITIVE,https://moviemom.com/suicide-squad/
joker_2019,2651617,2019-12-06,Angie Han,True,,rotten,Mashable,"The result of these creative decisions, however, is that whatever power Joker, as a pop culture icon, might wield, Joker, as a movie, feels toothless.",NEGATIVE,https://mashable.com/article/joker-movie-review/
ant_man_and_the_wasp_quantumania,102779630,2023-02-14,Kyle Anderson,False,3/5,fresh,Nerdist,As a movie to properly foist Kang the Conqueror onto the Marvel Cinematic Universe&#44; Ant-Man and the Wasp&#58; Quantumania succeeds and then some&#46; As a movie for Ant-Man&#44; the Wasp&#44; and their family of size-changing heroes&#63; It&#8217;s only just fine&#46;,POSITIVE,https://nerdist.com/article/ant-man-and-the-wasp-quantumania-review-marvel-kang/
jojo_rabbit,2648195,2019-11-22,Edward Johnson-Ott,False,4.5/5,fresh,NUVO Newsweekly,"Jojo Rabbit is terrifying, heartbreaking, violent, tender, cruel, surreal, and occasionally hilarious. I ask you again, are you up to the challenge?",POSITIVE,https://www.nuvo.net/entertainment/screens/jojo-rabbit/article_5d295eae-0d19-11ea-8e28-6f42a2ede292.html
parasite_2019,2665329,2020-01-30,Allen Adams,False,5/5,fresh,The Maine Edge,"Parasite is staggeringly good, a remarkable piece of filmmaking that immerses and unnerves. Bong Joon Ho's direction is that of a maestro, of an auteur unleashed.",POSITIVE,https://www.themaineedge.com/buzz/movies/class-conflict-family-ties-and-the-darkness-beneath-%E2%80%93-parasite
incredibles_2,2609751,2019-07-29,Udita Jhunjhunwala,True,,fresh,Livemint,"Bird laces in subliminal messages, but the main attraction of Incredibles 2 is the focussed storytelling, the clear and uncluttered animation and unadulterated fun.",POSITIVE,https://www.livemint.com/Consumer/geP3uehR9SIObVjUhksyCI/Film-review-Incredibles-2.html
black_panther_wakanda_forever,102751839,2022-11-11,Joe Lipsett,False,4/5,fresh,Queer.Horror.Movies.,Black Panther works best when it is a drama focused on grief and loss&#46; It&#8217;s when Kevin Feige&#8217;s Disney&#47;MCU machine steps in to demand CGI action that the film becomes just another entry in the franchise&#8217;s multi-phased plan&#46;,POSITIVE,https://www.queerhorrormovies.com/review-black-panther-wakanda-forever/
thor_ragnarok_2017,2432418,2017-11-02,Britton Peele,True,B-,fresh,Dallas Morning News,"The third film about Marvel's superhero based on the Norse god of thunder shakes things up drastically, taking the series in a more colorful, more fantastic and more comedic direction.",POSITIVE,https://www.guidelive.com/movie-reviews/2017/11/01/thor-ragnarok-chris-hemsworth-tom-hiddleston
the_invisible_man_2020,2672260,2020-02-25,Shannon McGrew,False,4.5/5,fresh,Nightmarish Conjurings,Leigh Whannell's The Invisible Man goes to show that the Universal Monster films can be adapted for modern audiences as long as they are in the hands of the right person.,POSITIVE,http://www.nightmarishconjurings.com/2020/02/25/movie-review-the-invisible-man/
taken_3,2241514,2015-01-08,Travis Hopson,False,2/5,rotten,Examiner.com,Surely they had to know this wouldn't be a satisfying payoff.,NEGATIVE,http://www.examiner.com/review/review-liam-neeson-s-set-of-skills-can-t-rescue-lousy-taken-3
snow_white_and_the_huntsman,2576576,2019-04-12,Micheal Compton,False,,fresh,Bowling Green Daily News,A film that succeeds somewhat by not trying to be anything it's not.,POSITIVE,https://www.bgdailynews.com/community/snow-white-overcomes-stewart-s-poor-acting/article_976a47f6-b0b3-11e1-b783-001a4bcf887a.html
star_wars_the_last_jedi,2541408,2018-12-17,Matt Hudson,False,9/10,fresh,What I Watched Tonight,The Last Jedi is certainly an adventure that will pull you this way and throw you that way but never ceases to be anything but Star Wars,POSITIVE,https://www.whatiwatchedtonight.co.uk/the-last-jedi
black_widow_2021,2808385,2021-07-23,Tim Cogshell,True,,rotten,FilmWeek (KPCC - NPR Los Angeles),It suggests to me that there was never a real grasp on what this film was supposed to be.,NEGATIVE,https://www.kpcc.org/show/filmweek/2021-07-09/filmweek-black-widow-summertime-scales-and-more
avengers_endgame,2579877,2019-04-23,Mara Reinstein,True,,fresh,Us Weekly,Directors Anthony and Joe Russo have somehow crafted a coherent and exhilarating epic that incorporates all your favorite superheroes (and many of their loved ones) in one emotionally resonant package.,POSITIVE,https://www.usmagazine.com/entertainment/news/the-amazing-avengers-end-game-gets-4-stars/
star_wars_the_rise_of_skywalker,2654441,2019-12-18,Ross Raihala,False,3/4,fresh,St. Paul Pioneer Press,There's no way it could please every fan and it most certainly will not. But I think Abrams did the best he could with a seemingly insurmountable task.,POSITIVE,https://www.twincities.com/2019/12/18/heres-a-spoiler-free-review-of-star-wars-the-rise-of-skywalker-a-film-with-a-whole-lot-going-on/
arrival_2016,2361585,2016-11-11,Allyson Johnson,False,8.5/10,fresh,The Young Folks,"... this is a hopeful tale despite it's forlorn air, one where a linguist is the hero at the end of the day, where the answer to peace is obvious and the notion that despite terrible loss, life goes on, life still exists and it will be remembered.",POSITIVE,http://theyoungfolks.com/review/movie-review-arrival/91452
avengers_endgame,2580138,2019-04-24,Rob Hunter,False,,fresh,Film School Rejects,"It offers an ending to nearly everything that has come before. That it accomplishes its goal in exciting, affecting, and mostly satisfying fashion is no small feat.",POSITIVE,https://filmschoolrejects.com/avengers-endgame-review/
star_wars_the_last_jedi,2442253,2017-12-12,Nicholas Barber,True,4/5,fresh,BBC.com,"The most intelligent film in the franchise by several light years, The Last Jedi can be seen as the space-opera equivalent of Clint Eastwood's revisionist western, Unforgiven.",POSITIVE,http://www.bbc.com/culture/story/20171212-film-review-star-wars-episode-viii-the-last-jedi
star_wars_episode_vii_the_force_awakens,2299600,2015-12-16,Devin Faraci,False,,fresh,Birth.Movies.Death.,A remix of the original STAR WARS that is saved by wonderful new iconic characters.,POSITIVE,http://birthmoviesdeath.com/2015/12/16/star-wars-the-force-awakens-review
ant_man_and_the_wasp_quantumania,102779541,2023-02-14,Alex Godfrey,True,3/5,fresh,Empire Magazine,"Marvel, with all their resources, have made a film set in a universe where time and space are not as we know them, yet have ended up with something that looks surreal, but feels shackled. Mind-bending it is not. But that doesn’t mean it’s not fun.",POSITIVE,https://www.empireonline.com/movies/reviews/ant-man-and-the-wasp-quantumania/
dune_2021,2823531,2021-09-15,Jonathan DeHaan,False,8/10,fresh,Nightmare on Film Street,"I don't know if it was the IMAX presentation, or the half an edible I had before going in, but I enjoyed the heck out of this $165 Million sci-fi spectacle.",POSITIVE,https://nofspodcast.com/tiff21-review-you-dont-have-to-know-a-damn-thing-about-dune-to-like-dune-take-it-from-me-a-lifelong-dune-avoider
incredibles_2,2586639,2019-05-15,Kaitlyn Booth,False,9/10,fresh,Bleeding Cool,Incredibles 2 brings back the Barr family in this fantastic sequel to one of the best movies Pixar has ever made.,POSITIVE,https://www.bleedingcool.com/2018/06/11/incredibles-2-review-heartwarming/
dune_2021,102713068,2022-07-28,Nicki Dusse,False,B+,fresh,Frames Per Second Podcast,There was a lot of things to like about this film but when it ended I couldn&apos;t help but say to myself &quot;Damn that&apos;s it&#63;&quot; - Kennith B&#46; Inge,POSITIVE,https://youtu.be/mm65zW7SO2I?t=70
toy_story_4,2596765,2019-06-13,Lindsey Bahr,True,3/4,fresh,Associated Press,Let this be a lesson to all franchise cynics: Sometimes more is actually good.,POSITIVE,http://www.startribune.com/review-in-the-joyous-toy-story-4-the-toys-evolve-too/511243012/
wonder_woman_2017,2396966,2017-05-31,David Jenkins,True,3/5,fresh,Little White Lies,"A rousing adventure yarn, shorn of the usual fanboy mythos.",POSITIVE,http://lwlies.com/reviews/wonder-woman/
taken_3,2242565,2015-01-16,Jon Lyus,False,2/5,rotten,HeyUGuys,"With a damp squib of a sequel under its belt, the 'Taken' franchise grinds to an utterly underwhelming finale.",NEGATIVE,http://www.heyuguys.com/taken-3-review/
la_la_land,2495113,2018-08-06,Morgan Rojas,False,,fresh,Cinemacy,"La La Land is a throwback film that celebrates the way movies were made and the feelings that came with them, while simultaneously infusing that nostalgia into a glamorized modern Hollywood romance.",POSITIVE,http://cinemacy.com/la-la-land-is-a-beautiful-and-bittersweet-look-at-the-artistic/
joker_2019,2632026,2019-10-03,Steven Prokopy,False,3/4,fresh,Third Coast Review,The movie doesn't make excuses; it simply lays out this life in decline and dares us to watch how it turns out.,POSITIVE,https://thirdcoastreview.com/2019/10/03/film-review-joker-2019/
doctor_strange_in_the_multiverse_of_madness,102686678,2022-05-04,Scott Greenstone,True,3/4,fresh,Seattle Times,"Leaning into the sideshow kitsch of a superhero movie about a flying magician in an anthropomorphic cape, Raimi — in a marvelous act of movie prestidigitation — has pulled a cute rabbit from the old Disney hat.",POSITIVE,https://www.seattletimes.com/entertainment/movies/doctor-strange-in-the-multiverse-of-madness-review-director-sam-raimi-works-his-magic/?utm_source=RSS&utm_medium=Referral&utm_campaign=RSS_movies
knives_out,2709436,2020-07-29,Scott Phillips,False,,fresh,The Screen Scene,"The all-star cast takes turns chewing the scenery. Daniel Craig nearly steals the film as Benoit Blanc. If film fans are wondering if there is life after James Bond for Daniel Craig, the answer is a resounding YES.",POSITIVE,https://www.wrbl.com/the-screen-scene/the-screen-scene-knives-out/
avengers_endgame,2581053,2019-04-26,Mathew DeKinder,False,4/5,fresh,Suburban Journals of St. Louis,"The Avengers as we know them will never reassemble and, in their wake, superhero movies will never be the same again.",POSITIVE,https://www.stltoday.com/suburban-journals/illinois/life/matdekinder/avengers-endgame-gives-fitting-sendoff-for-some-beloved-marvel-characters/article_5b9a899a-0b76-5119-b30e-0144c7de2692.html
captain_marvel,102771117,2023-01-21,Maia Rose,False,8/10,fresh,But Why Tho? A Geek Community,That moment where we see Captain Marvel in her full glory punching holes through the sky letting the audience know every girl can fly&#63; That moment Captain Marvel absolutely delivers&#46;,POSITIVE,https://butwhytho.net/2019/03/review-captain-marvel-absolutely-delivers-despite-some-bumps-in-the-road/
moonlight_2016,2360086,2016-11-03,Ty Burr,True,4/4,fresh,Boston Globe,"In its quietly radical grace, it's a cultural watershed - a work that dismantles all the ways our media view young black men and puts in their place a series of intimate truths.",POSITIVE,http://www.bostonglobe.com/arts/movies/2016/11/02/moonlight-coming-age-movie-revelation/VK9L0h9UlkEsJUkKUHIPnN/story.html
rogue_one_a_star_wars_story,102723687,2022-08-24,Keith Garlington,False,4.5/5,fresh,Keith & the Movies,&#8220;Rogue One&#8221; looks amazing&#44; the effects are stunning&#44; the action is energetic&#44; the nostalgia is delightful&#44; there&#8217;s the right amount of humor&#44; and it tells a good story&#46;,POSITIVE,https://keithandthemovies.com/2016/12/18/review-rogue-one-a-star-wars-story/
the_lighthouse_2019,2665664,2020-01-31,Jamie East,False,3/5,fresh,The Sun (UK),"Surreal, confusing, funny and shocking, it does not entirely succeed. But there is more than enough here to merit a visit.",POSITIVE,https://www.thesun.co.uk/tvandshowbiz/10859846/rob-pattinson-is-fantastic-opposite-willem-dafoe-in-the-lighthouse/
mission_impossible_fallout,2527851,2018-11-03,Chris Feil,False,B-,fresh,The Film Experience,Ethan Hunt has finally begun to escape being defined solely by the aura of the star that plays him.,POSITIVE,http://thefilmexperience.net/blog/2018/7/26/review-mission-impossible-fallout.html
snow_white_and_the_huntsman,2087233,2012-05-31,Rene Rodriguez,True,1.5/4,rotten,Miami Herald,"When Snow rides into battle wielding a sword, you want to tell her to put that thing down before she pokes her eye out.",NEGATIVE,
batman_v_superman_dawn_of_justice,2316759,2016-03-25,Jonathan W. Hickman,False,4.5/10,rotten,The Newnan Times-Herald,"How do you solve the problem of Superman? It's a hurdle that not even the producers of ""Batman v Superman"" can leap in a single bound.",NEGATIVE,http://times-herald.com/news/2016/03/batman-v-superman-dawn-of-justice-is-a-bonkers-mess
taken_3,2241409,2015-01-08,Liam Maguren,False,1/5,rotten,"Flicks (AU, NZ, UK)",It's how I'd imagine an over-caffeinated Tony Scott would shoot a Transformer-less Transformers film.,NEGATIVE,http://www.flicks.co.nz/blog/reviews/review-taken-3/
ant_man_and_the_wasp_quantumania,102780299,2023-02-16,Katie Smith-Wong,False,2/5,rotten,Flick Feast,After the mixed reviews of the last few Marvel films&#44; Ant-Man and the Wasp&#58; Quantumania looks set to continue the trend with the cast&#44; especially Majors&#44; stopping this from being a complete bore&#46;,NEGATIVE,https://www.flickfeast.co.uk/reviews/film-reviews/ant-man-wasp-quantumania/
knives_out,2623234,2019-09-08,Charles Bramesco,True,A,fresh,The Playlist,"There's so much to love about Rian Johnson's triumph, both as gratuitously enjoyable entertainment and the first film to take on the significance of a President Trump without lapsing into corny preachiness.",POSITIVE,https://theplaylist.net/knives-out-rian-johnson-tiff-review-20190908/
nope,102711075,2022-07-21,Michael Phillips,True,3/4,fresh,Chicago Tribune,"The best of its otherworldly images, sounds and shudders stick in the craw the morning after. I’ve already seen too many films this year that can’t make the same claim.",POSITIVE,https://www.chicagotribune.com/entertainment/movies/michael-phillips/sc-ent-nope-jordan-peele-ufo-review-20220720-2v4zzkyprba65ds3xti6yyrhbq-story.html
halloween_2018,2519977,2018-10-18,Brian Lowry,True,,rotten,CNN.com,"While drawing a straight line back to John Carpenter's original might be a neat trick, except perhaps for those who are a lot more invested in the franchise than this critic admittedly is, it's not much of a treat.",NEGATIVE,https://www.cnn.com/2018/10/18/entertainment/halloween-review/index.html
once_upon_a_time_in_hollywood,2615434,2019-08-14,Andiee Paviour,False,4.5/5,fresh,Nobody's Reading This But Me,The story-line of writer-director Quentin Tarantino's ninth feature is one long high.,POSITIVE,https://www.nobodysreadingthisbutme.com/2019/08/14/once-upon-a-time-in-hollywood/
the_lion_king_2019,2610015,2019-07-30,Sr. Rose Pacatte,False,,fresh,National Catholic Reporter,"Leave comparisons at home and enjoy 2019's ""The Lion King"" for what it is: a work of art.",POSITIVE,https://www.ncronline.org/news/media/lion-king-returns-stunning-visual-realism
prairie_home_companion,1512654,2006-06-08,Michael Phillips,True,3/4,fresh,Chicago Tribune,"Altman's sidewinding tribute to a surprisingly hardy 32-year-old public radio phenomenon is like a 105-minute putter in the garden, with a few songs and some jokes. It's nice.",POSITIVE,
prairie_home_companion,1514779,2006-06-23,Robin Clifford,False,B+,fresh,Reeling Reviews,This is the kind of entertainment that will get the over-50 crowd out of their Lazy Boys and into the theater,POSITIVE,http://www.reelingreviews.com/aprairiehomecompanion.htm
captain_marvel,2564000,2019-03-05,Mike Ryan,False,7/10,fresh,Uproxx,Captain Marvel is a lot weirder and more cosmic than you're probably expecting.,POSITIVE,https://uproxx.com/hitfix/captain-marvel-review-brie-larson/
joker_2019,2635082,2019-10-11,Jason McKiernan,False,1/5,rotten,Film Racket,"Joker is a dread carnival, a relentlessly bleak tome of psychopathic origins that understands neither psychopathy nor origin stories.",NEGATIVE,https://filmracket.com/joker/movie-review
ant_man_and_the_wasp,2487166,2018-06-27,Kyle Anderson,False,3.5/5,fresh,Nerdist,"Inconsequential, but damn, is it fun.",POSITIVE,https://nerdist.com/ant-man-and-the-wasp-review/
elvis,102693708,2022-05-26,Rafael Motamayor,False,7/10,fresh,Slashfilm,Elvis is the Baz Luhrmanniest film Baz Luhrmann has made yet&#46;,POSITIVE,https://www.slashfilm.com/875608/elvis-review-an-electric-excessive-musical-biopic-that-feels-like-a-comic-book-movie-cannes/
wonder_woman_1984,2753843,2020-12-26,Rubén Rosario,False,,fresh,MiamiArtZine,"[D]espite the plot's shopworn elements, there's a warm, nurturing vibe driving ""Wonder Woman 1984.""",POSITIVE,https://www.miamiartzine.com/Features.php?op=Article_Christmas+Movie+Haul+Features+Year+End+Heavyweights+Festival+Hits
a_star_is_born_2018,2516482,2018-10-09,Ken Eisner,False,,fresh,Georgia Straight,"This update is less anguished, has better songs and, even at 135 minutes, is actually shorter than the last two.",POSITIVE,https://www.straight.com/movies/1147776/lady-gaga-and-bradley-cooper-mostly-nail-star-born
nope,102720394,2022-08-18,Mikel Zorrilla,False,4/5,fresh,Espinof,Nope plays with various elements and we have to connect them in order to have a truly fascinating experience. [Full review in Spanish],POSITIVE,https://www.espinof.com/criticas/nop-pelicula-ciencia-ficcion-terrorifica-ano-ambiciosa-propuesta-jordan-peele-que-retuerce-sentido-espectaculo
toy_story_4,2596788,2019-06-13,Perri Nemiroff,True,9.5/10,fresh,Collider Video,"Toy Story 4 is exceptional on so many levels. Non-stop laughs, jaw-dropping animation, and an especially touching chapter of Woody's journey. If you want to walk out of a movie feeling hopeful about the endless possibilities out there, this one's a must.",POSITIVE,https://www.youtube.com/watch?v=rZirji6l7DE
taken_3,2241672,2015-01-09,Randy Cordova,True,1.5/5,rotten,Arizona Republic,All kinds of problems are forgivable in a movie like this if the finished product is exciting. That doesn't happen here.,NEGATIVE,http://www.azcentral.com/story/entertainment/movies/2015/01/09/review-taken-lacks-particular-set-skills/21500673/
the_favourite_2018,2505640,2018-08-30,Stephanie Zacharek,True,,fresh,TIME Magazine,A fantastic little cupcake of a movie laced with thistle frosting.,POSITIVE,http://time.com/5466482/the-favourite-mary-queen-of-scots/
ant_man_and_the_wasp_quantumania,102781215,2023-02-19,Wendy Ide,True,2/5,rotten,Observer (UK),"The film’s main asset is Jonathan Majors as Kang the Conqueror: his performance, with its velvet-soft line deliveries and unfathomable, boundless rage, is the magnetic core of this incoherent effects-dump of a movie.",NEGATIVE,https://www.theguardian.com/film/2023/feb/19/ant-man-and-the-wasp-quantumania-review-incoherent-special-effects-dump-jonathan-majors
first_man,2518375,2018-10-12,Sara Michelle Fetters,True,3/4,fresh,MovieFreak.com,From start to finish the moon landing segment is arguably the most sensational bit of filmmaking I've had the pleasure of witnessing in all of 2018.,POSITIVE,http://moviefreak.com/first-man-2018-movie-review/#.W8Dy6thKhBw
little_women_2019,2649065,2019-11-26,Molly Freeman,False,4.5/5,fresh,Screen Rant,Greta Gerwig's Little Women weaves a stunningly heartfelt and achingly honest coming of age story with excellent performances from its entire cast.,POSITIVE,https://screenrant.com/little-women-2019-movie-reviews/
doctor_strange_in_the_multiverse_of_madness,102687626,2022-05-07,Anupama Chopra,True,,rotten,Film Companion,Doctor Strange In The Multiverse of Madness is visually imaginative but underwhelming&#46;,NEGATIVE,https://www.filmcompanion.in/reviews/hollywood-review/doctor-strange-in-the-multiverse-of-madness-review-marvel-benedict-cumberbatch-is-twisty-and-visually-imaginative-but-underwhelming/
avatar_the_way_of_water,102762411,2022-12-19,Keith Garlington,False,4/5,fresh,Keith & the Movies,The story may stumble in a few spots&#44; but it&#8217;s still an exciting step up from the first movie&#46; And as an experience&#44; visiting Pandora has never felt so exciting and full of life&#46;,POSITIVE,https://keithandthemovies.com/2022/12/19/review-avatar-the-way-of-water-2022/
captain_marvel,2814371,2021-08-17,Kip Mooney,False,B,fresh,College Movie Review,This feels like a very by-committee MCU entry. At least they actually shoot in daylight at some honest-to-god recognizable locations in this one.,POSITIVE,https://collegemoviereview.com/reviews/captain-marvel/
taken_3,2241620,2015-01-09,Bruce Kirkland,False,1.5/5,rotten,Jam! Movies,"With his quirks and thoughtful manner, Whitaker seems to be in a different movie. Neeson knows better, just going through the motions and spouting the idiotic dialogue that Besson and Kamen cooked up in English and Russian.",NEGATIVE,http://jam.canoe.ca/Movies/Reviews/T/Taken_3/2015/01/09/22172436.html?cid=rssentertainment
guardians_of_the_galaxy_vol_2,2390372,2017-04-24,Stefan Pape,False,5/5,fresh,HeyUGuys,"It's a true masterclass in storytelling, and Gunn's screenplay is tantamount to this, particularly impressive in how we understand and care for this myriad of characters - not always an easy task where ensemble features of this nature are concerned.",POSITIVE,http://www.heyuguys.com/guardians-of-the-galaxy-vol-2-review/
roma_2018,2561211,2019-02-24,Jim Schembri,False,4.5/5,fresh,3AW,Cuaron's love of long takes - demonstrated so masterfully in Children of Men & Gravity - allows you to soak in all the subtly placed detail about the lives of these people...his understated use of the camera engineers some great cinematic moments.,POSITIVE,http://tinyurl.com/y3poae4h
parasite_2019,2666928,2020-02-05,Rafer Guzman,True,3/4,fresh,Newsday,An imaginative comedy-thriller with darkness at its core.,POSITIVE,https://www.newsday.com/entertainment/movies/parasite-review-1.41420562
captain_marvel,2595844,2019-06-10,Jeff Mitchell,False,3/4,fresh,Art House Film Wire,"Our comic book heroine has to remember her past, and you won't easily forget this fun, milestone movie.",POSITIVE,http://www.arthousefilmwire.com/reviews/captain-marvel-is-a-fun-milestone-marvel-film-that-you-wont-easily-forget/
kong_skull_island,2450987,2018-01-19,Steph Cozza,False,4/5,fresh,Aggressive Comix,Sam Jackson and John C Riley definitely stole the show.,POSITIVE,https://youtu.be/PKkuS5hRrJY
blackkklansman,2477902,2018-05-15,David Ehrlich,True,B+,fresh,indieWire,It was history written with lightning. BlaKkKlansman is a deafening roll of the thunder we've been waiting for ever since.,POSITIVE,http://www.indiewire.com/2018/05/blackkklansman-review-spike-lee-cannes-2018-1201964558/
the_batman,102689778,2022-05-16,Mary Beth McAndrews,False,4/5,fresh,Dread Central,&#8216;The Batman&#8217; is a little long&#44; but it&#8217;s an overall surprisingly fun and creepy comic book film that never takes itself too seriously&#46; And Robert Pattinson makes one good emo Batman&#46;,POSITIVE,https://www.dreadcentral.com/reviews/425030/the-batman-review-the-emo-knight-rises/
kong_skull_island,2525254,2018-10-31,Jennifer Heaton,False,8/10,fresh,Alternative Lens,"It's a marked improvement over Godzilla by simply not taking itself as seriously, focusing instead on what a giant monster movie should be: entertaining.",POSITIVE,https://altfilmlens.wordpress.com/2017/03/09/kong-skull-island-review/
dunkirk_2017,2406214,2017-07-23,Matt Neal,False,4/5,fresh,ABC Radio (Australia),Nolan has given us the cinematic equivalent of the British stiff upper lip.,POSITIVE,http://movies8mylife.blogspot.com.au/2017/07/dunkirk.html
spider_man_far_from_home,2643325,2019-11-07,Katie Smith-Wong,False,4/5,fresh,Flick Feast,"After Endgame, Spider-Man: Far from Home didn't need to be amazing - it needed to reassure audiences that there is still life in the MCU. Thanks to Holland's performance, it looks like Spider-Man is here to stay....at least for a while.",POSITIVE,https://www.flickfeast.co.uk/reviews/film-reviews/spider-man-far-from-home-2019-film-review/
solo_a_star_wars_story,2478067,2018-05-15,Scott Mendelson,False,6/10,fresh,Forbes,"For better or worse, this is the first STAR WARS movie that doesn't feel or play like an event.",POSITIVE,https://www.forbes.com/sites/scottmendelson/2018/05/15/solo-review-a-star-wars-story-that-plays-like-an-indiana-jones-movie/#68fbd9287987
la_la_land,2484541,2018-06-14,Rich Juzwiak,False,,rotten,The Muse/Jezebel,"The whole thing felt like such a waste of time. I squinted at the screen, trying in vain to find a point.",NEGATIVE,https://themuse.jezebel.com/the-case-against-la-la-land-1789527363#_ga=2.233071323.452340543.1528738359-2921158.1462822802
avatar_the_way_of_water,102760710,2022-12-13,Steph Cozza,False,9/10,fresh,Cinema Vixens,The Na&#8217;vi aren&#8217;t just &#8220;fighting the good fight&#8221; this time around&#46; Avatar&#58; The Way of Water is about perseverance&#44; loyalty&#44; and the lengths they go to keep their family safe&#46; ,POSITIVE,https://cinemavixens.com/blogs/blog/avatar-the-way-of-water-review
the_front_runner_2018,2506743,2018-09-07,Sasha Stone,True,,fresh,TheWrap,"It doesn't tell us how we should feel or pretend to know all the answers. For some, that might be frustrating, but ""The Front Runner"" delivers more than enough provocative material to make it a wild, occasionally hopeful, often depressing ride.",POSITIVE,https://www.thewrap.com/the-front-runner-film-review/
2012,1860566,2009-12-15,Karina Montgomery,False,4.5/5,fresh,Cinerina,"My enthusiasm for 2012 is not because I think it's high art with an important social message. Screw that %u2013 this movie is about pure spectacle, and it pulls that off fabulously.",POSITIVE,http://www.cinerina.com/reviews/2012-2/
la_la_land,2349549,2016-09-09,Kaleem Aftab,True,,fresh,Glamour (UK),Arguably one of the best romantic films made since cult favorite Amélie.,POSITIVE,https://www.glamourmagazine.co.uk/gallery/la-la-land-review-emma-stone-ryan-gosling
once_upon_a_time_in_hollywood,2628233,2019-09-20,Brian Gill,False,A+,fresh,Mad About Movies Podcast,"Easily the most accessible Tarantino movie yet, Hollywood serves as a greatest hits album for the filmmaker and DiCaprio-Pitt pairing shines throughout.",POSITIVE,http://madaboutmoviespodcast.com/episodes/2019/7/30/once-upon-a-time-in-hollywood
arrival_2016,2351472,2016-09-17,Jake Cole,True,,fresh,Slant Magazine,"With Arrival, Denis Villeneuve communicates the wonder of a Steven Spielberg alien movie within a decidedly hard sci-fi milieu.",POSITIVE,http://www.slantmagazine.com/house/article/toronto-international-film-festival-2016-denis-villeneuves-arrival
batman_v_superman_dawn_of_justice,2410375,2017-08-14,Brooke Corso,False,C+,rotten,"The Monitor (McAllen, TX)","At two-and-a-half hours, the film features Wayne and Kent mostly glowering at each other at swanky high-rise parties as the rabble teems below.",NEGATIVE,http://www.themonitor.com/entertainment/article_24d7a832-f821-11e5-9c60-1713b3fed5ec.html
justice_league_2017,2439019,2017-11-28,Kim Newman,True,,rotten,Sight & Sound,"It's an even messier saga than Dawn of Justice, with a tiresome and whiskery macguffin in which three magic boxes must be brought together for evil, then prised apart for good.",NEGATIVE,http://www.bfi.org.uk/news-opinion/sight-sound-magazine/reviews-recommendations/justice-league-warner-dc-zac-snyder-good-superheroes-go-bad
mad_max_fury_road,2262052,2015-05-14,Pablo O. Scholz,False,,fresh,Clarín,"Two movies rolled into one: one is an action packed and high octane film, and another with a sociological and even a spiritual background. [full review in Spanish]",POSITIVE,http://www.clarin.com/extrashow/cine/Mad_Max-_Furia_en_el_camino-Critica_de_cine-Scholz-George_Miller-Tom_Hardy-Charlize_Theron-Mad_Max-_Fury_Road_0_1356464781.html
logan_2017,2383778,2017-03-14,John Beifuss,False,3.5/4,fresh,"Commercial Appeal (Memphis, TN)","The movie is exhilaratingly vicious (those claws are made to order for R-rated bloodshed) but also elegiac, thanks to Stewart's gravitas, Jackman's weary charisma and the quixotic-quest storyline...",POSITIVE,http://www.commercialappeal.com/story/entertainment/movies/reviews/2017/03/13/beifuss-logan---review/99116114/
ant_man_and_the_wasp_quantumania,102780956,2023-02-17,Scott Davis,False,2/5,rotten,HeyUGuys,The latest phase of the MCU begins in the microscopic world of the Quantum Realm - but is Marvel in danger of burnout just as Kang arrives&#63;,NEGATIVE,https://www.heyuguys.com/ant-man-and-the-wasp-quantumania-review/
taken_3,2241566,2015-01-09,Willie Waffle,False,1.5/4,rotten,WaffleMovies.com,Liam Neeson doesn't have anything left to be taken.,NEGATIVE,http://dcw50.com/2015/01/09/taken-3-whats-left-to-take-review/
wonder_woman_2017,2396740,2017-05-29,Joshua Yehl,False,7.9/10,fresh,IGN Movies,Wonder Woman is leaps and bounds above the other three entries in the DCEU.,POSITIVE,http://www.ign.com/articles/2017/05/30/wonder-woman-review
avengers_endgame,2581308,2019-04-27,Ian Thomas Malone,False,,fresh,ianthomasmalone.com,Avengers: Endgame is a spectacular conclusion to the Marvel Cinematic Universe's first era.,POSITIVE,https://ianthomasmalone.com/2019/04/avengers-endgame-sends-the-first-era-of-the-mcu-out-with-a-bang/
everything_everywhere_all_at_once,102672691,2022-03-25,Martin Tsai,False,,fresh,New York Sun,"The film has everything we love about chopsocky, the Stephen Chow-brand of mo lei tau comedy, and Wong Kar-wai's doomed romances.",POSITIVE,https://www.nysun.com/article/this-films-title-gives-a-sense-of-what-its-trying-to-capture
captain_marvel,2590566,2019-05-26,Richard Bonaduce,False,B,fresh,Salt Lake Magazine,Thanos on notice!,POSITIVE,https://www.saltlakemagazine.com/captain-marvel-2019/
avatar_the_way_of_water,102760622,2022-12-13,Justin Chang,True,,fresh,Los Angeles Times,"Cameron pulls you down so deep, and sets you so gently adrift, that at times you don’t feel like you’re watching a movie so much as floating in one.",POSITIVE,https://www.latimes.com/entertainment-arts/movies/story/2022-12-13/review-avatar-way-of-water-james-cameron
star_wars_the_rise_of_skywalker,2656622,2019-12-27,Roxana Hadadi,True,2.5/5,rotten,Chesapeake Family Magazine,"A sizable amount of the narrative of The Rise of Skywalker is spent specifically undoing what happened in The Last Jedi, and the result is a film that lacks forward momentum.",NEGATIVE,https://chesapeakefamily.com/fun/movies/9778-family-movie-review-star-wars-ix-the-rise-of-skywalker-pg-13
joker_2019,2651008,2019-12-04,Steven Redgrave,False,,fresh,Pop Culture Leftovers,Joker is an uncomfortable film that focuses on the beautiful cinematography and subtle dialogue to reflect on symbolic meanings and deeper thought of an individual's sanity.,POSITIVE,http://www.popcultureleftovers.com/joker-review-steven-redgrave/
captain_marvel,2567282,2019-03-14,Margrira,False,,fresh,New York Amsterdam News,"This prequel has a sturdy gaze, forward.",POSITIVE,http://amsterdamnews.com/news/2019/mar/14/captain-marvel-brings-us-powerful-and-beautiful-ve/
birds_of_prey_2020,2666817,2020-02-05,Helen O'Hara,True,4/5,fresh,Time Out,"Cathy Yan lets her heroine's mania guide her through a story that's scrappy, weird and ultimately fun as hell.",POSITIVE,https://www.timeout.com/london/film/birds-of-prey
once_upon_a_time_in_hollywood,2588680,2019-05-21,Alonso Díaz de la Vega,False,3.5/5,fresh,Cine Premiere,"Tarantino may not have made a masterpiece, but his latest is more intimate and a sort of testament. [Full Review in Spanish]",POSITIVE,https://www.cinepremiere.com.mx/once-upon-a-time-in-hollywood-critica.html
taken_3,2241797,2015-01-09,Rafer Guzman,True,2/4,rotten,Newsday,"Neeson's late-life rebirth as an action star may be drawing to a close with this limping, wheezing entry in the ""Taken"" franchise.",NEGATIVE,http://www.newsday.com/entertainment/movies/taken-3-review-franchise-end-on-a-dispiriting-note-1.9790989
widows_2018,2508690,2018-09-10,Danielle Solzman,False,,fresh,Solzy at the Movies,"With sociopolitical issues at the core of this thriller, Widowsis able to tackle many themes while planning a heist on top.",POSITIVE,http://www.solzyatthemovies.com/2018/09/09/tiff-2018-widows/
taken_3,2240508,2015-01-05,Tom Huddleston,True,3/5,fresh,Time Out,"'Taken 3' scores over its predecessor on almost every level: the stakes are higher, the LA locations are nicely photographed and, best of all, there's an actual plot, with twists and everything.",POSITIVE,http://www.timeout.com/london/film/taken-3
ant_man_and_the_wasp_quantumania,102780668,2023-02-17,Nicola Austin,False,3/5,fresh,We Have a Hulk,Excellent performances from Majors&#44; Pfeiffer and Rudd aside&#44; this third instalment certainly feels destined to be in service of the larger cogs of the MCU rather than a worthy story in its own right&#46;,POSITIVE,https://wehaveahulk.co.uk/ant-man-and-the-wasp-quantumania-review/
top_gun_maverick,102693906,2022-05-26,Harry Guerin,False,3/5,fresh,RTÉ (Ireland),"Arguably, the greatest achievement of the summer's biggest blockbuster is not the stunning action sequences, but the fact that Tom Cruise's star is brighter on landing than it was before take-off.",POSITIVE,https://www.rte.ie/entertainment/movie-reviews/2022/0524/1300811-top-gun-maverick-cruise-hits-60-looks-30-thinks-20/
deadpool_2,2477825,2018-05-15,Michael O'Sullivan,True,4/4,fresh,Washington Post,"It is a fairly brilliant sendup of comic-book action movies, as well as also being an excellent example of one.",POSITIVE,https://www.washingtonpost.com/goingoutguide/movies/deadpool-2-is-painfully-self-referential-and-thats-why-its-absolutely-perfect/2018/05/14/64ca087c-53f5-11e8-9c91-7dab596e8252_story.html?utm_term=.f0ddd5eed449
doctor_strange_in_the_multiverse_of_madness,102686401,2022-05-03,Matt Donato,False,4/5,fresh,What To Watch,"Sam Raimi makes the most Sam Raimi movie Marvel would allow, which works to liven otherwise heavy exposition in a more formulaic script focused on connecting multiverse dots.",POSITIVE,https://www.whattowatch.com/reviews/doctor-strange-in-the-multiverse-of-madness-review-sam-raimi-brings-horror-to-marvel
taken_3,2241522,2015-01-08,Matt Singer,True,2/10,rotten,ScreenCrush,Listen to me very carefully: Your money is about to be taken.,NEGATIVE,http://screencrush.com/taken-3-review/
spider_man_into_the_spider_verse,2540420,2018-12-13,Sean P. Means,False,4/4,fresh,The Movie Cricket,"It's a smart and timely reminder that every superhero's story has to start somewhere, and Miles Morales' fascinating story begins here.",POSITIVE,https://moviecricket.net/blog/2018/12/13/spider-man-into-the-spider-verse
dune_2021,102756329,2022-11-28,Vadim Rizov,False,,rotten,Filmmaker Magazine,"Five years later, the most cogent thought I emerged from Dune with was, ""Hans Zimmer must be stopped.""",NEGATIVE,https://filmmakermagazine.com/112166-venice-film-festival-critics-notebook-2021-dune-and-the-card-counter-an-oscar-isaac-double-feature/#.Y4UUa-zMJ6E
avengers_endgame,2608542,2019-07-25,Oscar Goff,False,,fresh,Boston Hassle,"Avengers: Endgame is almost certainly better than you expect, and far more satisfying and entertaining than its predecessor.",POSITIVE,https://bostonhassle.com/review-avengers-endgame-2019-dir-anthony-joe-russo/
thor_love_and_thunder,102706879,2022-07-07,Kshitij Rawat,False,,rotten,Wion,There was no way Taika Waititi was going to meet sky-high expectations he set with 2017&apos;s &apos;Thor&#58; Ragnarok&apos;&#46; And he does fall way&#44; way short with &apos;Thor&#58; Love and Thunder&apos;&#46; But the film is not just disappointing&#44; it is also a complete mess&#46; ,NEGATIVE,https://www.wionews.com/entertainment/hollywood/news-thor-love-and-thunder-review-chris-hemsworths-mcu-film-proves-marvel-formula-has-lost-its-charm-495191
taken_3,2241729,2015-01-09,Roy Ivy,False,D+,rotten,Consequence,"Neither 3xcr3able nor 3citing, Tak3n is cold steakums for action fans that want fresh meat.",NEGATIVE,http://consequenceofsound.net/2015/01/film-review-taken-3/
suicide_squad_2016,2528316,2018-11-04,Bob Chipman,False,1.5,rotten,Geek,"[Feels] all at once like an irritating wallow in the paint-huffing waste-of-skin teenage version of anarchic excess and the infuriatingly fake, phony, mass-market corporate co-opting of the paint-huffing waste-of-skin teenage version of anarchic excess.",NEGATIVE,https://www.geek.com/tech/moviebob-reviews-suicide-squad-1664807/
birds_of_prey_2020,2672152,2020-02-25,Brian Gill,False,B,fresh,Mad About Movies Podcast,"An extremely rough, clunky script hinders what should have been a much better movie, though the movie is fun enough to overcome some of the needless hurdles.",POSITIVE,http://madaboutmoviespodcast.com/episodes/2020/2/11/birds-of-prey
2012,1855515,2009-11-14,David Nusair,False,2.5/4,fresh,Reel Film Reviews,...2012's relentless emphasis on destruction ensures that most viewers will inevitably walk away satisfied.,POSITIVE,http://reelfilm.com/emmerich.htm#2012
once_upon_a_time_in_hollywood,2588637,2019-05-21,Charles Bramesco,True,,fresh,Birth.Movies.Death.,"This is the clear handiwork of an auteur aware that he's in his career's later phase, with an elegiac streak looking back in lamentation and fury. He leaves only scorched earth and the smell of propane behind him.",POSITIVE,https://birthmoviesdeath.com/2019/05/21/once-upon-a-time-in-hollywood-review-tarantino-leaves-tinseltown-burning-in
blackkklansman,2496568,2018-08-10,Jeremy Jahns,False,,fresh,JeremyJahns.com,"The movie's not perfect, but it sticks the landing of its message. It was engaging - thrilling at times - and I personally thought it was a great time.",POSITIVE,https://www.youtube.com/watch?v=jDARZDbp0UQ
avatar_the_way_of_water,102761149,2022-12-14,EJ Moreno,False,2/4,rotten,Flickering Myth,The film version of that beautiful person with no personality&#58; Avatar 2 tries to say and do a lot but comes off as a striking shell for a lackluster core&#46;,NEGATIVE,https://youtu.be/PiL6TmfxRmM
captain_marvel,2565431,2019-03-08,Melissa Leon,False,,fresh,The Daily Beast,"Its adherence to the tried-and-true conventions of a Phase One Marvel origin story, 10 years into an increasingly complex cinematic universe, might leave you neither overjoyed nor underwhelmed, but satisfied and wondering what's for dinner.",POSITIVE,https://www.thedailybeast.com/captain-marvel-starring-brie-larson-is-not-a-game-changer-for-marvel-but-has-plenty-of-promise?ref=scroll
aquaman_2018,2558046,2019-02-12,Paula Fleri-Soler,False,3/5,rotten,Times of Malta,"It's a straightforward and pretty undemanding plot, stretched unnecessarily over two hours and 23 minutes, and the only depth the film has is the ocean.",NEGATIVE,https://www.timesofmalta.com/articles/view/20181216/arts-entertainment/the-only-depth-is-the-ocean.696876
1193230-state_of_play,1813240,2009-04-17,Eugene Novikov,False,B+,fresh,Film Blather,"Foremost an intelligent, adult genre film -- the thriller antidote to Fast & Furious. It traffics in brainy old-school suspense, courtesy of a twisty plot that holds up under scrutiny.",POSITIVE,http://filmblather.com/review.php?n=stateofplay
nope,102710644,2022-07-20,Stephanie Zacharek,True,,fresh,TIME Magazine,"Nope, enjoyable as a spectacle but conceptually barely thought through, is all over the place. Peele can’t take just one or two interesting ideas and follow their trail of complexity. ",POSITIVE,https://time.com/6198949/nope-review-jordan-peele/
dunkirk_2017,2405224,2017-07-17,Harvey S. Karten,False,C,rotten,Shockya.com,"The story of a miracle should have been thrilling; but given the non-linear approach, ""Dunkirk"" lacks the kind of center that would prompt the audience to stand up and cheer.",NEGATIVE,http://www.shockya.com/news/2017/07/18/dunkirk-movie-review/
once_upon_a_time_in_hollywood,2615499,2019-08-14,Jake Wilson,True,4/5,fresh,The Age (Australia),"There seems little doubt that every detail of the tableau has been selected to give [Tarantino] pleasure, and we are being permitted to witness a private ritual of self-gratification, on more than one level.",POSITIVE,https://www.theage.com.au/entertainment/movies/tarantino-proves-the-master-of-weightless-violence-once-again-20190814-p52h0c.html
taken_3,2241553,2015-01-09,Victoria Luxford,False,2/5,rotten,Radio Times,"Different enough to avoid becoming ridiculous, but not original enough to truly excite, Taken 3 may satisfy action fans but it's unlikely anybody will be begging for part four.",NEGATIVE,http://www.radiotimes.com/film/ct87rv/taken-3
the_batman,102664899,2022-03-05,Jorge Ignacio Castillo,False,3/5,fresh,Planet S Magazine,The Batman lives and dies on its characterizations. They’re pretty good.,POSITIVE,https://planetsmag.com/the-darkest-bat-time/
ant_man_and_the_wasp_quantumania,102780494,2023-02-16,Razmig Bedirian,False,2/5,rotten,The National (UAE),"For those who recall the warnings He Who Remains gave in Loki (or even simply take a look at the titles the MCU has slated for the next year), it becomes quite clear how the film will end even before it begins.",NEGATIVE,https://www.thenationalnews.com/arts-culture/film-tv/2023/02/16/review-ant-man-wasp-quantumania/
a_star_is_born_2018,2537857,2018-12-06,Allen Adams,False,5/5,fresh,The Maine Edge,The performances are raw and heartfelt. The aesthetic is honest and the music is spectacular. It uplifts and undercuts with equal abandon. It is a fantastic movie experience.,POSITIVE,https://www.themaineedge.com/buzz/movies/a-star-is-born-burns-bright
joker_2019,2714841,2020-08-19,Jason Best,False,,fresh,Marie Claire,"Repellent and pitiful at the same time, Phoenix is absolutely riveting.",POSITIVE,https://www.marieclaire.co.uk/entertainment/tv-and-film/must-see-films-september-707952
the_favourite_2018,2708342,2020-07-25,Matt Cipolla,False,4.5/5,fresh,Film Monthly,"The Favourite marks [Lanthimos'] most dynamic work yet in its dissection of class structure and gender politics, doling out pity and hilarity with equal aplomb.",POSITIVE,http://www.filmmonthly.com/film/the-favourite
taken_3,2472790,2018-04-22,Dennis Schwartz,False,C+,rotten,Dennis Schwartz Movie Reviews,A stinker.,NEGATIVE,https://www.sover.net/~ozus/taken3.html
28_days_later,1926315,2010-08-26,Nell Minow,True,3/5,fresh,Common Sense Media,"Viral apocalypse, zombies, and terror. For adults.",POSITIVE,http://www.commonsensemedia.org/movie-reviews/28-days-later
taken_3,2323318,2016-04-26,Francesca Rudkin,False,3/5,fresh,New Zealand Herald,"It's Neeson that franchise fans will come back for. And although his lethally protective father routine has run its course, it's been fun watching the old bloke make the most of it.",POSITIVE,http://www.nzherald.co.nz/movie-reviews/news/article.cfm?c_id=1503737&objectid=11384145
arrival_2016,2361111,2016-11-09,Sarah Cullen,False,,rotten,Film Ireland Magazine,Arrival never fully escapes from the bounds of its source material.,NEGATIVE,http://filmireland.net/2016/11/08/review-arrival/
blue_is_the_warmest_color,2189020,2014-02-19,Leigh Paatsch,False,4/4,fresh,Herald Sun (Australia),"Viewed independently of the argy-bargy surrounding it, Blue Is the Warmest Colour is simply a remarkable work of cinema.",POSITIVE,http://www.heraldsun.com.au/entertainment/movies/blue-is-the-warmest-colour-a-simply-remarkable-piece-of-cinema/story-fni0bv7o-1226826349083
spider_man_no_way_home,2846359,2021-12-14,Joey Magidson,False,3.5/4,fresh,Awards Radar,"Spider-Man: No Way Home is an epic and high stakes Marvel adventure. Darker and more serious than the previous two, there's big emotions and moments that make your jaw drop.",POSITIVE,https://awardsradar.com/2021/12/14/film-review-spider-man-no-way-home-is-an-epic-intense-and-satisfying-adventure-for-peter-parker/
little_women_2019,2648711,2019-11-25,Tim Robey,True,4/5,fresh,Daily Telegraph (UK),"The hard work Gerwig has put in strikes deepening chords with the material as it goes. In tune with the March sisterhood, her film gradually figures out what it yearns to be.",POSITIVE,https://www.telegraph.co.uk/films/0/little-women-review-electric-timothee-chalamet-greta-gerwigs/
batman_v_superman_dawn_of_justice,2369639,2016-12-27,Chase Whale,False,,fresh,ChaseWhale.com,"Snyder knows how to paint a picture but perhaps needs to stay away from the writing process. Watch the Ultimate Edition when you can, and see if it changes how you feel about the movie. It sure did me.",POSITIVE,https://www.chasewhale.com/film/batmanvsupermandiscussion
joker_2019,2632031,2019-10-03,Jeanne Kaplan,False,,rotten,Kaplan vs. Kaplan,"Purported to be a significant commentary on the social ills of our time, JOKER only exacerbates the appeal of violence to individuals who are drawn to its dark and disturbing content.",NEGATIVE,https://www.kaplanvskaplan.com/new-releases/joker/
deadpool_2,2477756,2018-05-15,Angie Han,True,,fresh,Mashable,"If you enjoyed the first one, there's every chance you'll like this one as well. Similarly, if you hated the first one, you probably won't find much to love about the follow-up either.",POSITIVE,https://mashable.com/2018/05/14/deadpool-2-movie-review/#ytUMHe0Q0iq0
the_lighthouse_2019,2636288,2019-10-16,Dana Stevens,True,,rotten,Slate,This at first fascinating and never less than bonkers movie is eventually sunk by its own theological overreach.,NEGATIVE,https://slate.com/culture/2019/10/the-lighthouse-movie-review-robert-pattinson-horror-farts.html
doctor_strange_in_the_multiverse_of_madness,102686647,2022-05-04,Rafer Guzman,True,3/4,fresh,Newsday,"A Marvel entry meant for mega-fans, but with intriguingly dark shadings and moments of emotional power.",POSITIVE,https://www.newsday.com/entertainment/movies/doctor-strange-multiverse-madness-review-ed4sczjn
wonder_woman_1984,2753299,2020-12-23,Jonathan W. Hickman,False,7/10,fresh,The Newnan Times-Herald,"Instead of making a sophisticated point, ""Wonder Woman 1984"" devolves into a typical action-driven superhero yarn. But those elements are mighty well presented.",POSITIVE,https://times-herald.com/news/2020/12/wonder-woman-1984-fun-sequel-lacks-sophisticated-punch
star_wars_the_last_jedi,2786752,2021-04-29,Olly Richards,False,4/5,fresh,NME,"Not all its risks pay off, but its biggest wins outdo anything in the previous film. For fans, there are many, many moments that will leave you cheering or weeping, possibly both at once.",POSITIVE,https://www.nme.com/reviews/star-wars-last-jedi-film-review-2170831
parasite_2019,2641930,2019-11-03,Adam Graham,True,A,fresh,Detroit News,"It's a fitting movie for our times, and Joon-ho delivers with uncompromising clarity and vision. See it before the inevitable American remake sands down all its razor sharp edges.",POSITIVE,https://www.detroitnews.com/story/entertainment/movies/2019/10/31/review-parasite-cutting-class-structure-commentary-our-times/4102494002/
black_panther_wakanda_forever,102750327,2022-11-08,Kirsten Acuna,False,B+,fresh,Insider,While full of breathtaking visuals&#44; a few truly shocking moments&#44; and another Grammy-worthy soundtrack from Ludwig G&#246;ransson&#44; the sequel wastes a decent portion of its lengthy two-hour-and-41-minute runtime on setting up spin-offs&#46;,POSITIVE,https://www.insider.com/black-panther-wakanda-forever-review-2022-11
ready_player_one,2466083,2018-03-21,Juanma Fernández París,False,10/10,fresh,Entertainment Affair,"Spielberg has created his ultimate battle cry for movie magic, putting the audience under an irresistible spell that lingers after the movie is over",POSITIVE,http://www.entertainmentaffair.com/2018/03/ready-player-one-steven-spielbergs-ultimate-battle-cry-for-movie-magic/#.WrGx6hTWcfE
the_batman,102663251,2022-03-02,Sarah Marrs,False,,fresh,Lainey Gossip,"Echoes with the doubled resonance of the best myths, at once a thrilling adventure and a cautionary tale.",POSITIVE,https://www.laineygossip.com/review-matt-reeves-the-batman-starring-spectacular-robert-pattinson-understands-the-assignment/70462
once_upon_a_time_in_hollywood,2610415,2019-07-31,Rick Kisonak,False,5/5,fresh,Seven Days (VT),Tarantino is nostalgic and elevates that longing into a thing of elegiac beauty.,POSITIVE,https://www.sevendaysvt.com/vermont/once-upon-a-time-in-hollywood/Content?oid=28111002
doctor_strange_in_the_multiverse_of_madness,102686359,2022-05-03,Kevin A. Ranson,False,4/4,fresh,MovieCrypt.com,"... the story is deadite simple, the framework for a character piece exploring the consequences of ego, power, and grief. Sam Raimi injects a welcome dose of gothic horror into the MCU... parental guidance is highly suggested.",POSITIVE,https://moviecrypt.com/2022/05/03/review-doctor-strange-in-the-multiverse-of-madness-what-dreams-may-come/
captain_marvel,2564473,2019-03-06,Michael Sangiacomo,False,A,fresh,Cleveland Plain Dealer,"Without qualification, Captain Marvel is a brilliant, blazing success and the perfect lead-in to the Avenger's Endgame.",POSITIVE,https://www.cleveland.com/arts/2019/03/captain-marvel-measure-up-as-the-first-marvel-studios-female-driven-superhero-flick-review.html
mission_impossible_fallout,2490610,2018-07-13,Ian Sandwell,False,4/5,fresh,Digital Spy,"With impeccable stuntwork and crisp direction, Fallout delivers intense and thrilling set pieces that pack a punch with a weight and realism that few other blockbusters can match.",POSITIVE,http://www.digitalspy.com/movies/mission-impossible/review/a861408/mission-impossible-fallout-review-tom-cruise/
the_invisible_man_2020,2672885,2020-02-27,Tomris Laffly,True,4/4,fresh,RogerEbert.com,"[A] mean, handsomely-styled and absorbing thriller.",POSITIVE,https://www.rogerebert.com/reviews/the-invisible-man-movie-review-2020
nomadland,2723448,2020-09-11,David Rooney,True,,fresh,Hollywood Reporter,A powerful character study of a different kind of freedom fighter.,POSITIVE,https://www.hollywoodreporter.com/news/nomadland-film-review-venice-2020
joker_2019,2620988,2019-08-31,Jenna Busch,False,10/10,fresh,VitalThrills.com,"""Joaquin Phoenix is astounding as Arthur Fleck/Joker...I think this is going to be a definitive part of Joker canon.""",POSITIVE,https://www.vitalthrills.com/2019/08/31/joker-review-joaquin-phoenix-astounds/
star_wars_the_rise_of_skywalker,2654419,2019-12-18,Donald Clarke,True,2/5,rotten,Irish Times,It has no more use or appeal when examined in isolation than would a sparkplug or a distributor cap.,NEGATIVE,https://www.irishtimes.com/culture/film/star-wars-the-rise-of-skywalker-review-it-s-unworthy-of-the-word-cinema-1.4118711
avengers_endgame,2655172,2019-12-19,Stephen Romei,True,3/5,fresh,The Australian,"It is this part of the story, the human side, to narrow it down to our marginal planet, that holds the movie together for its three-hour run time.",POSITIVE,https://www.theaustralian.com.au/arts/film/game-of-stones/news-story/e28372a68547153eb5d6b6005d015633
2012,1854904,2009-11-12,Ty Burr,True,2/4,rotten,Boston Globe,"A state-of-the-art multiplex three-ring circus whose special effects stagger the senses and play like a video game, whose human drama aims for the cosmic and lands waist-deep in the Big Silly.",NEGATIVE,http://www.boston.com/ae/movies/articles/2009/11/13/director_emmerich_destroys_the_earth____again____in_2012/
first_man,2506516,2018-09-01,Chris Nashawaty,True,A-,fresh,Entertainment Weekly,"Chazelle and Gosling have achieved something remarkable with First Man, even if that first man is the last man we feel we truly know.",POSITIVE,https://ew.com/movies/2018/09/01/first-man-telluride-review/
spider_man_no_way_home,2847549,2021-12-17,Rosie Knight,False,4/5,fresh,Nerdist,"It's hard to live up to the expectations of a film like Spider-Man: No Way Home. And yet, somehow Jon Watts' charming, emotional, and funny third Spidey movie does just that.",POSITIVE,https://nerdist.com/article/spiderman-no-way-home-review-marvel-tom-holland/
taken_3,2241706,2015-01-09,Peter Travers,True,0/4,rotten,Rolling Stone,"Be warned, sequel fanboys: This thing sucks! At 62, Neeson still has a glare that means badass. Nothing else makes a damn lick of sense. The only thing getting taken is the audience.",NEGATIVE,http://www.rollingstone.com/movies/reviews/taken-3-20150109
avengers_endgame,2580116,2019-04-24,Radheyan Simonpillai,True,2.5/4,fresh,CTV's Your Morning,Endgame is the participation trophy you get after committing 11 years to these characters.,POSITIVE,https://www.youtube.com/watch?v=wA-k184FrYk
2012,1853158,2009-11-02,Patrick Kolan,False,1/5,rotten,IGN Movies AU,Terrible; wonderfully terrible.,NEGATIVE,http://au.movies.ign.com/articles/104/1041326p1.html
ant_man_and_the_wasp_quantumania,102779545,2023-02-14,Kevin Harley,False,3/5,fresh,Total Film,"Even as Ant-Man sizes up impressively and Kang makes an outsized entrance proper, Quantumania reminds us there’s value in sweating the small stuff.",POSITIVE,https://www.gamesradar.com/ant-man-and-the-wasp-quantumania-review-marvel/
dune_2021,2833660,2021-10-21,James Verniere,False,A-,fresh,Boston Herald,"Dune is sci-fi world building at its best. Great visuals and design, punishing Hans Zimmer score, charismatic cast. Stellan Skarsgard steals the show as the s-f villain to top all villains. Goodbye Emperor Ming.",POSITIVE,https://www.bostonherald.com/2021/10/21/dune-more-than-delivers-heavy-metal-sci-fi-majesty/
black_panther_2018,2499706,2018-08-21,Deirdre Crimmins,False,,fresh,Daily Grindhouse,A vastly entertaining superhero movie with a new hero who is easy to root for.,POSITIVE,http://dailygrindhouse.com/thewire/theaters-now-black-panther-2018/
parasite_2019,2668034,2020-02-09,Kevin Wight,False,5,fresh,The Wee Review,"This serpentine, unclassifiable piece stands as a highlight among the director's already glittering career.",POSITIVE,https://theweereview.com/review/parasite/
la_la_land,2351456,2016-09-16,Tom Charity,True,,fresh,Sight & Sound,"Chazelle has crafted that rare thing, a genuinely romantic comedy, and as well, a rhapsody in blue, red, yellow and green.",POSITIVE,http://www.bfi.org.uk/news-opinion/sight-sound-magazine/reviews-recommendations/la-la-land-first-look
west_side_story_2021,2843541,2021-12-02,Ryan Swen,False,A-,fresh,The Film Stage,"West Side Story traffics in such deviations, at the level of both form and content, in a manner that alternately heralds the brilliance of both its source material and director.",POSITIVE,https://thefilmstage.com/west-side-story-review-steven-spielberg-remakes-the-classic-musical-with-passion-and-vitality/
taken_3,2241616,2015-01-09,Susan Granger,False,3/10,rotten,SSG Syndicate,"Tediously trifling domestic melodrama, punctuated by a discordant series of screeching, seemingly endless car chases on the Southern California freeways.",NEGATIVE,http://susangranger.com/?p=8060
snow_white_and_the_huntsman,2088902,2012-06-08,Eric D. Snider,False,B-,fresh,EricDSnider.com,"When it's focused on Good vs. Evil and the mechanics of the plot, the film is highly watchable -- enchanting, even.",POSITIVE,http://www.ericdsnider.com/movies/snow-white-and-the-huntsman/
the_front_runner_2018,102719345,2022-08-17,M.N. Miller,False,2.5/5,rotten,Ready Steady Cut,Why has a film that is so focused on driving home the failings of the media come during the current administration&#8217;s effort to silence it&#63; Entertaining&#44; uneven&#44; and questionable&#46;,NEGATIVE,https://readysteadycut.com/2018/11/24/the-front-runner-review/
captain_marvel,2595667,2019-06-09,Chase Whale,False,,fresh,ChaseWhale.com,There could not have been a better choice for Captain Marvel than Brie Larson -- she lights up the screen.,POSITIVE,https://www.chasewhale.com/film/captainmarvelreview
star_wars_the_rise_of_skywalker,2654892,2019-12-19,Benjamin Gummery,False,4/5,fresh,Indie Mac User,Like most long standing franchises this installment is like Marmite you are either going to love it or hate it....and we loved it.,POSITIVE,https://indiemacuser.co.uk/2019/12/19/review-star-wars-the-rise-of-skywalker/#more-11206
shazam,2574431,2019-04-05,Kevin Maher,True,4/5,fresh,Times (UK),"In context and considering the movie monstrosities that have preceded it, Shazam! is irrepressibly fresh and wholesome, and ultimately suggests a new and exciting future for the stars of the DC Extended Universe. Up, up and away!",POSITIVE,https://www.thetimes.co.uk/edition/times2/shazam-review-rq0r6rpn3
solo_a_star_wars_story,2478060,2018-05-15,Andrew Barker,True,,fresh,Variety,"Though burdened with a slow start and enough thirsty fan-service to power Comic-Con's Hall H for a decade, it has a kicky, kinetic heist movie at its heart, and its action sequences are machine-tooled spectacles of the first order.",POSITIVE,http://variety.com/2018/film/reviews/solo-a-star-wars-story-review-alden-ehrenreich-1202811559/
ant_man_and_the_wasp_quantumania,102780403,2023-02-16,Richard Whittaker,True,3.5/5,fresh,Austin Chronicle,"Quantumania goes big, but it never forgets that Ant-Man is our guy.",POSITIVE,https://www.austinchronicle.com/events/film/2023-02-17/ant-man-and-the-wasp-quantumania/
blackkklansman,2478641,2018-05-17,Emma Jones,True,,fresh,BBC.com,This could well be a commercial success. It's a blockbuster of an American film and it was much needed...,POSITIVE,http://www.bbc.com/culture/story/20180516-cannes-film-review-blackkklansman
taken_3,2241817,2015-01-09,Amy Nicholson,True,C,fresh,L.A. Weekly,All you need to know about Taken 3 is that Liam Neeson survives an explosive car crash - twice.,POSITIVE,http://www.laweekly.com/film/best-thing-in-taken-3-the-way-liam-neeson-says-bagels-5332089
the_invisible_man_2020,2684221,2020-04-18,Brandon Collins,False,4/5,fresh,Medium Popcorn,"Really entertaining, and I was really surprised by it.",POSITIVE,https://www.podomatic.com/podcasts/mediumpopocorn/episodes/2020-03-25T05_25_10-07_00
a_star_is_born_2018,2515254,2018-10-04,Kevin Fallon,False,,fresh,The Daily Beast,"With A Star Is Born, Lady Gaga nails those 12 notes. And she takes it up a key, too.",POSITIVE,https://www.thedailybeast.com/the-joy-of-lady-gaga-being-so-damn-good-in-a-star-is-born?ref=wrap
taken_3,2241826,2015-01-10,David Nusair,False,3/4,fresh,Reel Film Reviews,...a sequel that's right in line with its immediate predecessor...,POSITIVE,http://reelfilm.com/taken.htm#3
black_widow_2021,2806671,2021-07-17,Valerie Complex,True,,fresh,io9.com,"Director Cate Shortland has a sharp eye for directing action sequences, but the script is flawed.",POSITIVE,https://gizmodo.com/black-widow-is-a-good-film-but-it-has-flaws-that-need-1847313693
captain_marvel,2565636,2019-03-09,Heather Hogan,True,,fresh,Autostraddle,"A slow start, but once the movie got going, it left me breathless.",POSITIVE,https://www.autostraddle.com/captain-marvel-is-more-kickass-and-queer-than-my-wildest-dreams/
star_wars_episode_vii_the_force_awakens,2299869,2015-12-16,Matt Neal,False,4/5,fresh,ABC Radio (Australia),The prequels don't stand a chance - this is as good as fans could have hoped for and better than we deserve.,POSITIVE,http://movies8mylife.blogspot.com/2015/12/star-wars-episode-vii-force-awakens.html
three_billboards_outside_ebbing_missouri,2428693,2017-10-19,Peter Turner,False,9/10,fresh,Starburst,Three Billboards is a wonderfully tragic comedy that gifts McDormand with an incredible character.,POSITIVE,http://www.starburstmagazine.com/reviews/latest-reviews-of-movies/19514-movie-review-three-billboards-lff
toy_story_4,102771443,2023-01-22,Nicolas Soto,False,,fresh,But Why Tho? A Geek Community, It&#8217;s a family film that will surely leave audiences walking out feeling very emotional&#46; ,POSITIVE,https://butwhytho.net/2019/06/review-toy-story-4-is-a-fond-farewell-that-bridges-nostalgia-and-a-new-story/
top_gun_maverick,102703223,2022-06-24,Justin Brown,False,,fresh,Medium Popcorn,As someone who typically hates sequels&#44; this is by far one of the best ones ever made&#46; It pays homage to the original and elevates everything&#33;,POSITIVE,https://www.mediumpopcorn.com/episodes/top-gun-maverick
wonder_woman_2017,2397327,2017-06-01,Gavia Baker-Whitelaw,False,,fresh,The Daily Dot,"The film's strengths far outweigh its flaws, combining moral and emotional authenticity with superhuman stunts and a lively sense of fun: everything you want from a PG-13 superhero movie. It also feels undeniably fresh.",POSITIVE,https://www.dailydot.com/parsec/wonder-woman-movie-review/
spider_man_far_from_home,2600627,2019-06-27,Jeffrey Lyles,False,9.5/10,fresh,Lyles' Movie Files,"For most, Endgame would be cause for a letdown. For Marvel Studios? That's just a challenge to come back better with Spider-Man: Far From Home, a superior Spidey.",POSITIVE,https://lylesmoviefiles.com/2019/06/27/spider-man-far-from-home-movie-review-swings-higher-than-any-other-spidey-film/
parasite_2019,2636648,2019-10-17,Kyle Turner,False,8.5/10,fresh,Paste Magazine,"As we watch both families act in different, but intersecting, pieces of social/anthropological theatre, Bong [Joon-ho] cuts through their mutual hunger, and what ultimately and tragically separates them, with a jaundiced eye and an acidic sense of humor.",POSITIVE,https://www.pastemagazine.com/articles/2019/10/everyone-and-everything-is-a-performance-in-bong-j.html
batman_v_superman_dawn_of_justice,2316431,2016-03-24,Laura Clifford,False,C+,rotten,Reeling Reviews,"...has some standout scenes (a Superman Congressional hearing, any featuring Luthor), but its climax short circuits and too many of its themes are squandered.",NEGATIVE,http://www.reelingreviews.com/batmanvsupermandawnofjustice.htm
first_man,2517876,2018-10-11,CJ Johnson,False,2.5/5,fresh,Film Mafia,"Technically, there is no faulting First Man ... Dramatically, however, things are a different story.",POSITIVE,http://www.abc.net.au/radio/programs/nightlife/cj-reviews/10364934
captain_marvel,2566054,2019-03-11,Pamela Powell,False,3/4,fresh,"Daily Journal (Kankakee, IL)","Those of us who have had our fill of this genre will still enjoy the message it sends, with great character development and interaction connecting us to the characters and creating a strong female lead.",POSITIVE,https://www.daily-journal.com/life/entertainment/reel-talk-captain-marvel/article_923a15ea-3c52-11e9-8330-9f2f8a3fa5ac.html
godzilla_vs_kong,2784529,2021-04-17,Patrick McDonald,False,4.5/5,fresh,"WBGR-FM (93.7 FM - Monroe, WI)","One of the few films that exceed hype. Kudos for getting beyond the early films murkiness, and getting top actors really makes it work. Fantastical and Fun, Go-Go Godzilla!",POSITIVE,https://youtu.be/oBAqRhHpj6o
doctor_strange_2016,2359334,2016-10-28,Bryan Bishop,False,,rotten,The Verge,"Perhaps it's just that there's a little too much Marvel Studios in Doctor Strange, when the strongest thing about the film are the filmmakers hired to bring it to life.",NEGATIVE,http://www.theverge.com/2016/10/28/13447594/doctor-strange-review-marvel-benedict-cumberbatch
top_gun_maverick,102688662,2022-05-12,Allison Rose,False,4.5/5,fresh,FlickDirect,Much like Ethan Hunt in the Mission&#58; Impossible movies&#44; Cruise embodies the character of Maverick with all his bravado&#44; insecurities and skeletons&#46;,POSITIVE,https://flickdirect.com/movie-review/2791/top-gun-maverick/movie.ashx
wonder_woman_2017,2497821,2018-08-15,Britany Murphy,False,,fresh,Geeks of Color,"With director Patty Jenkins at the helm, Wonder Woman was in the hands of someone who was more than capable of doing Diana's story justice.",POSITIVE,https://geeksofcolor.co/2017/05/29/wonder-woman-is-a-film-that-inspires-justice-peace-and-love-spoiler-free-review/
parasite_2019,102699925,2022-06-14,Tom O'Brien,False,10/10,fresh,Next Best Picture,This is a filmmaker working at the top of his game&#44; aided by brilliant satirical writing that feels as culturally relevant as it is emotionally resonant&#46; It is a flawless knockout in every sense of the word&#46;,POSITIVE,https://www.nextbestpicture.com/parasite.html
birds_of_prey_2020,2666780,2020-02-05,John Nguyen,False,4/5,fresh,Nerd Reactor,"Birds of Prey is a lot of fun, brutal and kickass.",POSITIVE,https://www.youtube.com/watch?v=qPySb-KI4FA
joker_2019,2828433,2021-10-02,Don Shanahan,False,,fresh,Cinephile Hissy Fit Podcast,"""Joker"" a lovely homage to films of a previous era and a subversive take on the ""formula"" of superhero/comic-book media.",POSITIVE,https://open.spotify.com/episode/2Ojbu15msdon1x5QZ4bdyB?si=M9JfVCyySzGDl3XVmjjE1A&dl_branch=1
doctor_strange_in_the_multiverse_of_madness,102686607,2022-05-04,Victor Pineyro,False,8/10,fresh,Seventh Art Studio,It&apos;s simple enough for a multiversal travel movie&#46; Raimi gives us an incredible MCU film filled with horror genre hints and an amazing score by Danny Elfman&#46; The villain feels a little incoherent&#44; but serves a development purpose&#46; &#91;Full review in Spanish&#93;,POSITIVE,https://seventhartstudio.com/doctor-strange-in-the-multiverse-of-madness-2022-resena/
captain_marvel,2599639,2019-06-23,Grant Watson,False,8/10,fresh,Fiction Machine,"It works spectacularly as a feminist text, in which a woman steps out from a patriarchal shadow and challenges a sexist male mentor in the process.",POSITIVE,https://fictionmachine.com/2019/04/03/review-captain-marvel-2019/
ant_man_and_the_wasp,2549470,2019-01-19,Nathalia Aryani,False,,fresh,San Diego Entertainer,"Lighthearted and humorous, Ant-Man and the Wasp is surprisingly refreshing.",POSITIVE,https://www.sdentertainer.com/movies/movie-review-ant-man-and-the-wasp/
avengers_endgame,102721274,2022-08-19,M.N. Miller,False,4.5/5,fresh,Ready Steady Cut,I&#8217;m not sure if I would call the great completion of the Marvel Cinematic Universe the best comic book film of all time&#46; Still&#44; it&#8217;s certainly the finest conclusion to a greater ideal Hollywood has ever put together&#46;,POSITIVE,https://readysteadycut.com/2019/04/27/avengers-endgame-film-review/
wonder_woman_2017,2397333,2017-06-01,Dana Stevens,True,,fresh,Slate,This is a movie about battling evil that pauses to ask what evil is and whether it's necessary to understand its nature in order to defeat it.,POSITIVE,http://www.slate.com/articles/arts/movies/2017/06/wonder_woman_starring_gal_gadot_reviewed.html
doctor_strange_in_the_multiverse_of_madness,102692017,2022-05-20,Emmanuel Báez,False,4/5,fresh,Cinéfiloz,Opens up the portals so Marvel Studios continues to make superhero movies for the next fifty years... [Full review in Spanish],POSITIVE,https://cinefiloz.com/doctor-strange-en-el-multiverso-de-la-locura/
black_panther_2018,2455782,2018-02-06,Travis Johnson,False,,fresh,FILMINK (Australia),"...perhaps the most complete on screen encapsulation of the wild flights of imagination comics are capable of, grounded in astute, modern political sensibilities...",POSITIVE,https://www.filmink.com.au/reviews/black-panther/
rogue_one_a_star_wars_story,2503190,2018-08-27,Jacob Oller,False,,rotten,Oklahoma Gazette,Edwards has a keen sense of awe and little regard for the humans underfoot.,NEGATIVE,https://www.okgazette.com/oklahoma/star-wars-standalone-rogue-one-offers-visual-thrills-in-a-story-that-could-use-more-character/Content?oid=2980817
ant_man_and_the_wasp_quantumania,102782426,2023-02-24,Sandie Angulo Chen,False,3/5,fresh,Common Sense Media,Is it worth watching this to keep up with the MCU&#63; Sure&#46; It&apos;s hard not to root for the &quot;little guy&#46;&quot; But this movie is &quot;just fine&quot; instead of particularly funny&#44; thrilling&#44; or memorable&#46; ,POSITIVE,https://www.commonsensemedia.org/movie-reviews/ant-man-and-the-wasp-quantumania
black_widow_2021,2804151,2021-07-08,Sarah Marrs,False,,fresh,Lainey Gossip,"A throwback to the beginnings of the MCU when Marvel movies were a little simpler, a little more stripped down, and focused a wee bit more on character interactions than shoving 900 units of plot in our faces.",POSITIVE,https://www.laineygossip.com/review-black-widow-starring-scarlett-johansson-and-florence-pugh-one-of-the-best-movies-marvel-has-ever-made/68950
ant_man_and_the_wasp_quantumania,102785260,2023-03-04,Tim Brayton,False,1.5/5,rotten,Alternate Ending,I cannot imagine ranking it anywhere other than dead last out of the 31 features presently constituting the Marvel Cinematic Universe&#46;,NEGATIVE,https://www.alternateending.com/2023/03/ant-man-and-the-wasp-quantumania-2023.html
the_front_runner_2018,2506743,2018-09-07,Sasha Stone,True,,fresh,TheWrap,"It doesn't tell us how we should feel or pretend to know all the answers. For some, that might be frustrating, but ""The Front Runner"" delivers more than enough provocative material to make it a wild, occasionally hopeful, often depressing ride.",POSITIVE,https://www.thewrap.com/the-front-runner-film-review/
rocketman_2019,2592255,2019-05-31,Christian Toto,False,2.5/4,fresh,HollywoodInToto.com,There's plenty to admire about both Taron Egerton and Hollywood's latest musical biopic. So why aren't we cheering like we should?,POSITIVE,https://www.hollywoodintoto.com/rocketman-review/
avatar_the_way_of_water,102760549,2022-12-13,Liam Crowley,False,5/5,fresh,ComicBook.com,Words don&apos;t do Avatar&#58; The Way of Water justice&#46; While this film has all the makings of a once-in-a-lifetime theatrical experience&#44; audiences should relish in the fact that there is much more to come&#46;,POSITIVE,https://comicbook.com/movies/news/avatar-the-way-of-water-review-james-cameron-zoe-saldana-sam-worthington/
taken_3,2241644,2015-01-09,Richard Roeper,True,2/5,rotten,Chicago Sun-Times,"&#8203;I'll tell you what got ""Taken."" A hundred and twelve minutes of my life got ""Taken.""",NEGATIVE,
bohemian_rhapsody,2525987,2018-11-01,Josh Bell,False,1.5/4,rotten,"The Inlander (Spokane, WA)","Even as a celebration of Queen's music, Rhapsody is superficial and unconvincing, functioning only as a collection of mediocre music videos.",NEGATIVE,https://www.inlander.com/spokane/bohemian-rhapsody-gives-freddie-mercury-the-cursory-biopic-treatment/Content?oid=13971110
mission_impossible_fallout,2491021,2018-07-16,Peter Travers,True,4/5,fresh,Rolling Stone,"A dream come true for action junkies. At 56, and so not looking it, Tom Cruise is in the running, jumping, climbing, diving, flipping, fighting shape of his life. Off-the-charts spectacular.",POSITIVE,https://www.rollingstone.com/movies/movie-reviews/mission-impossible-fallout-movie-review-699564/
once_upon_a_time_in_hollywood,2609664,2019-07-29,Tim Stevens,False,,fresh,Comicsverse,"The note of sweet sadness the film closes on is, well, sort of beautiful. I am not scholar of late 60s Hollywood, but there is still something undeniably heart-aching about the universe QT creates.",POSITIVE,https://comicsverse.com/once-upon-a-time-in-hollywoods-burning-questions/
taken_3,2241390,2015-01-08,Neil Smith,False,2/5,rotten,Total Film,Liam Neeson cuts a rather sorry figure in what's less a final flourish for the series than a prolonged death rattle.,NEGATIVE,http://www.gamesradar.com/taken-3-review/
parasite_2019,2643423,2019-11-07,Elaine Cho,False,A,fresh,Mediaversity Reviews,"Parasite exudes cultural specificity, with deep cuts to Korean headlines and reality TV shows.",POSITIVE,https://www.mediaversityreviews.com/film-reviews/2019/11/7/parasite
star_wars_the_rise_of_skywalker,2655016,2019-12-19,Roger Tennis,False,4/5,fresh,Cinemaclips.com,Hyperspeed action and stunning effects fuel this satisfying sci-fi adventure.,POSITIVE,https://movie-reviews.cinemaclips.com/2019/12/star-wars-rise-of-skywalker.html
wonder_woman_2017,2397817,2017-06-03,Christopher Orr,True,,fresh,The Atlantic,"The final big action sequence, as now seems always to be the case, is a messy and overwrought CGI extravaganza. But at least the movie that precedes it involves actual characters-likeable ones, even!-exhibiting recognizable human emotions.",POSITIVE,https://www.theatlantic.com/entertainment/archive/2017/06/wonder-woman-review/528816/
joker_2019,2631624,2019-10-02,Sarah Marrs,False,,rotten,Lainey Gossip,"It's kind of amazing such an empty spectacle has sparked so much heated debate, but then, comic book movies usually are over-hyped.",NEGATIVE,https://www.laineygossip.com/joker-movie-review-starring-joaquin-phoenix/58678
taken_3,2241564,2015-01-09,Brian Orndorf,False,D,rotten,Blu-ray.com,The first Taken was a gem. Its second sequel is an insult.,NEGATIVE,http://www.blu-ray.com/Taken-3/317392/#Preview
solo_a_star_wars_story,2481804,2018-06-01,Louise Keller,False,,fresh,Urban Cinefile,"How Han Solo meets Chewbacca is one of the highlights of this thoroughly enjoyable, action packed adventure in which friendships are forged, hearts are broken; and plans change.",POSITIVE,http://www.urbancinefile.com.au/home/view.asp?a=24175&s=Reviews
ant_man_and_the_wasp_quantumania,102779531,2023-02-14,Don Shanahan,False,2/5,rotten,Film Obsessive,How is something that is supposed to be small become something that is way&#44; way&#44; way too much&#63;,NEGATIVE,https://filmobsessive.com/film/new-releases/ant-man-and-the-wasp-quantumania-flaunts-fluffy-stakes/
solo_a_star_wars_story,2620307,2019-08-29,Josh Wilding,False,5/5,fresh,ComicBookMovie.com,"In the capable hands of Ron Howard, this is Star Wars done right and Solo: A Star Wars Story is a blast from start to finish. Now, give us a sequel!",POSITIVE,https://www.comicbookmovie.com/sci-fi/star_wars/solo-a-star-wars-story-review-in-the-capable-hands-of-ron-howard-this-is-star-wars-done-right-a160850
joker_2019,2632681,2019-10-04,Phumlani S Langa,False,4/5,fresh,City Press (South Africa),"For me, The Joker is one of the top features released this year.",POSITIVE,https://city-press.news24.com/Trending/is-the-joker-controversy-valid-20191002
captain_marvel,2563982,2019-03-05,Lindsey Bahr,True,2.5/4,rotten,Associated Press,The first female-led movie of the MCU deserved more.,NEGATIVE,https://apnews.com/2f86eb249b5e40df8aff555ff0152f43?utm_medium=APEntertainment&utm_campaign=SocialFlow&utm_source=Twitter
dune_2021,2835470,2021-10-28,John Anderson,True,,rotten,America Magazine,"With plans to continue the story into a second movie, Villeneuve starts spinning his wheels in the sand about halfway to a sandwormy destination. It is terribly disappointing.",NEGATIVE,https://www.americamagazine.org/arts-culture/2021/10/22/dune-hbo-max-frank-herbert-241705
first_man,2700583,2020-07-01,Steven Prokopy,False,,fresh,Third Coast Review,One of the most compelling and inherently dramatic works of the year.,POSITIVE,https://thirdcoastreview.com/2018/10/12/film-review-first-man/
black_panther_wakanda_forever,102751853,2022-11-11,Sheri Flanders,True,,fresh,Chicago Reader,"A thoughtful and mature exploration of communal grief in the Marvel Cinematic Universe, Black Panther: Wakanda Forever is a fitting tribute to the legacy of Chadwick Boseman.",POSITIVE,https://chicagoreader.com/film/black-panther-wakanda-forever/
once_upon_a_time_in_hollywood,2608368,2019-07-24,Travis Hopson,False,4.5/5,fresh,Punch Drunk Critics,"A callback to an era he clearly loves, it's also a walkthrough of the many genres he's tackled throughout his career.",POSITIVE,http://www.punchdrunkcritics.com/2019/07/review-quentin-tarantinos-once-upon.html
black_panther_2018,2460670,2018-02-26,José Martín,False,4/5,fresh,El antepenúltimo mohicano,"In short, Black Panther emerges as a great cinematic triumph. [Full review in Spanish]",POSITIVE,https://www.elantepenultimomohicano.com/2018/02/critica-black-panther.html
parasite_2019,2638962,2019-10-24,Jas Keimig,False,,fresh,"The Stranger (Seattle, WA)","The resulting film offers an at turns hilarious and deeply unsettling look at class and survival, its essence echoed in the environments the characters inhabit.",POSITIVE,https://www.thestranger.com/film/2019/10/23/41762911/the-haves-and-have-nots-of-parasite
taken_3,102724022,2022-08-25,Keith Garlington,False,2.5/5,rotten,Keith & the Movies,The good news is &#8220;Taken 3&#8221; is better than the last film&#44; but not by a wide margin&#46;,NEGATIVE,https://keithandthemovies.com/2015/01/21/review-taken-3/
wonder_woman_1984,2751539,2020-12-16,Niall Browne,False,4/5,fresh,Movies in Focus,Wonder Woman 1984 is a handsomely produced superhero sequel which continues the story of Diana Prince's fight to improve humanity. Patty Jenkins' film improves on her blockbusting 2017 original and delivers an entertaining and action-packed adventure.,POSITIVE,http://www.moviesinfocus.com/review-wonder-woman-1984-is-an-energetic-fun-superhero-sequel/
alien_covenant,2600060,2019-06-25,Ryan Syrek,False,A,fresh,"The Reader (Omaha, NE)","Covenant is goofy, scary, ballsy and thoroughly satisfying, and if that's not what you consider a ""true Alien movie,"" your definition needs revision and reflection.",POSITIVE,https://thereader.com/film/aliencovenantreview
ready_player_one,2467782,2018-03-28,Nell Minow,True,B+,fresh,Movie Mom,"There has never been a director better at the craft of cinematic storytelling, and there has never been a story more suited to that craft than this one.",POSITIVE,http://moviemom.com/ready-player-one/
ant_man_and_the_wasp_quantumania,102779507,2023-02-14,Jamie Broadnax,False,3/5,fresh,Black Girl Nerds,Tonally this film is different from the other films&#46;  A bit uneven&#44; it feels like Jeff Loveness&#8217; script wasn&#8217;t sure what genre this movie wanted to be&#46; The first two Ant-Man films were straightforward with their comedy and pretty on the nose about it&#46; ,POSITIVE,https://blackgirlnerds.com/review-ant-man-and-the-wasp-quantumania-a-heavy-handed-star-wars-story/
parasite_2019,2656488,2019-12-26,Alonso Díaz de la Vega,False,,fresh,El Universal,We are before a remarkable degree of narrative skill. [Full review in Spanish],POSITIVE,https://www.eluniversal.com.mx/opinion/alejandro-aleman/parasite-o-el-poder-de-la-metafora-0
star_wars_episode_vii_the_force_awakens,2306411,2016-02-01,Stuart Klawans,False,,rotten,The Nation,"Star Wars: The Force Awakens dazzles audiences with a surface of nostalgic fun made shiny new-but beneath that mask, if you care to notice it, lurks an abyss of futility.",NEGATIVE,http://www.thenation.com/article/hodgepodge-mismatch-and-wild-disproportion/
toy_story_4,2604895,2019-07-13,Robert Roten,False,B+,fresh,Laramie Movie Scope,"Pixar has not only brought the saga of Woody, Buzz Lightyear and the rest of the toys back again, they've renewed the saga with style and heart, while keeping it from going stale.",POSITIVE,http://www.lariat.org/AtTheMovies/new/toystory4.html
black_panther_2018,2459535,2018-02-21,Al Hoff,False,,fresh,Pittsburgh City Paper,"Normally I'm inclined to not see comic-book movies in the first place, but this is one I'd like to see a second time.",POSITIVE,https://www.pghcitypaper.com/pittsburgh/black-panther/Content?oid=6753153
taken_3,2242775,2015-01-16,Ben Sachs,True,,rotten,Chicago Reader,"Forest Whitaker turns in one of his sleepiest performances; no one else seems to be trying very hard either, yet director Olivier Megaton delivers some good chases, fist fights, and shots of Neeson looking glum.",NEGATIVE,http://www.chicagoreader.com/chicago/taken-3/MovieTimes?oid=15903003
solo_a_star_wars_story,2478045,2018-05-15,Ray Greene,False,1.5 of 4,rotten,CineGods.com,"In his universally acceptable dreaminess and broad likability, Alden Ehrenreich is a walking hedge, a human limitation of risk. It's the movie star as politician. And that's not what I go to movies for.",NEGATIVE,http://cinegods.com/1254-2/
parasite_2019,2665907,2020-02-01,Manu Yáñez,False,4/5,fresh,Otroscines.com,Bong builds the rocambolesque plot of Parasite from a solid architectural skeleton. [Full Review in Spanish],POSITIVE,http://www.otroscines.com/nota-15388-dos-criticas-de-parasite-de-bong-joon-ho
batman_v_superman_dawn_of_justice,2316096,2016-03-22,Jake Coyle,True,,fresh,Associated Press,"It hurtles not with the kinetic momentum of Mad Max: Fury Road nor the comparatively spry skip of a Marvel movie, but with an operatic grandeur it sometimes earns and often doesn't.",POSITIVE,http://www.brandonsun.com/entertainment/breaking-news/film-review-worlds-collide-in-batman-v-superman-373141291.html?thx=y
parasite_2019,2651463,2019-12-06,Terry Mesnard,False,4.5/5,fresh,Gayly Dreadful,Parasite is a mature and complex examination of the cyclical nature of the haves and have-notes. It's probably the best film I've seen this year.,POSITIVE,https://www.gaylydreadful.com/blog/review-parasite-gisaengchung-is-a-flat-out-masterpiece
midsommar,2602432,2019-07-05,Jorge Ignacio Castillo,False,4/5,fresh,Prairie Dog Magazine,"Aster's heroes start knocked off-balance by grief. This makes them more open to new experiences and ideas, but also susceptible to whatever evil lurks in the vicinity.",POSITIVE,https://prairiedogmag.com/2019-07-04/dating-games/
avengers_endgame,2580899,2019-04-26,Mae Abdulbaki,False,4.5/5,fresh,Movies with Mae,"'Avengers: Endgame' is a well executed story that centers its characters and their journeys, while providing some of the best action sequences the MCU has ever had.",POSITIVE,http://movieswithmae.com/avengers-endgame-movie-review-an-emotionally-satisfying-conclusion/
star_wars_the_rise_of_skywalker,2654683,2019-12-18,Don Shanahan,False,3/5,rotten,25YL (25 Years Later),No amount of razzle-dazzle filling eyes and ears can cover up the glaring examples of questionable creativity and incomplete development enacted by Abrams and lead screenwriter Chris Terrio...,NEGATIVE,https://25yearslatersite.com/2019/12/18/star-wars-the-rise-of-skywalker-desperately-calls-out-for-finality/
the_batman,102665357,2022-03-07,Christopher Machell,False,4/5,fresh,CineVue,"Despite its flaws, Matt Reeves has marshalled one of the smartest and most mature comic book adaptations in memory. The film is strongest in its first half but the double act between Wright and Pattinson sustains throughout.",POSITIVE,https://cine-vue.com/2022/03/film-review-the-batman.html
black_widow_2021,2804611,2021-07-09,Jorge Ignacio Castillo,False,3/5,fresh,Planet S Magazine,"While this sounds like your standard Marvel solo outing (the hero must reckon with the past to defeat a villain they had a hand in creating), Black Widow benefits from the family dynamics.",POSITIVE,https://planetsmag.com/2021-07-08/the-widow-meets-her-maker/
parasite_2019,2625197,2019-09-12,Emmanuel Báez,False,5/5,fresh,Cinéfiloz,"One of those cases where it's easy to use the qualifier ""masterpiece"". [Full review in Spanish]",POSITIVE,https://www.cinefiloz.com/critica-parasite-joon-ho-bong/
avatar_the_way_of_water,102760717,2022-12-13,Brian Lowry,True,,fresh,CNN.com,"James Cameron has done it again with Avatar: The Way of Water, a state-of-the-art exercise that rekindles that sense of wonder and demands to be seen by anyone with lingering interest in watching movies in theaters.",POSITIVE,https://www.cnn.com/2022/12/13/entertainment/avatar-the-way-of-water-review/index.html
black_panther_2018,2456761,2018-02-09,Anne Cohen,True,,fresh,Refinery29,"The film constantly manages to subvert expectations, while remaining firmly within the action-packed superhero genre.",POSITIVE,http://www.refinery29.com/2018/02/190307/black-panther-review-marvel-movie-themes
spider_man_no_way_home,2849717,2021-12-29,Allegra Frank,True,,fresh,Slate,The movie allows for a surprisingly impactful reappraisal of a long-held Spidey franchise consensus.,POSITIVE,https://slate.com/culture/2021/12/spider-man-no-way-home-spoilers-cast-andrew-garfield-tobey-maguire.html
avengers_endgame,2581069,2019-04-26,Chris Stuckmann,True,A-,fresh,ChrisStuckmann.com,A rousing finale. Epic in scale and in heart.,POSITIVE,https://www.youtube.com/watch?v=VlYvrkuMGPE
solo_a_star_wars_story,2480490,2018-05-24,Max Weiss,True,3/4,fresh,Baltimore Magazine,"Considering all the turmoil behind it, Solo: A Star Wars Story has no business being as good as it is.",POSITIVE,https://www.baltimoremagazine.com/2018/5/23/review-solo-a-star-wars-story
star_wars_episode_vii_the_force_awakens,2299724,2015-12-16,Jordan Hoffman,True,5/5,fresh,Guardian,"Its script is ludicrous, riddled with coincidences and a fealty to existing text that a less forgiving person might call lazy. Yet I can't wait to see it again.",POSITIVE,http://www.theguardian.com/film/2015/dec/16/star-wars-the-force-awakens-in-depth-review-hardcore-fans-jj-abrams
thor_love_and_thunder,102706202,2022-07-05,Jenna Anderson,False,3.5/5,fresh,ComicBook.com,The film&apos;s heartfelt and reverential core feels perfect for its crop of characters and for the current cultural moment&#44; but that perfection is hindered by bizarre structural choices and inconsistent CGI&#46;,POSITIVE,https://comicbook.com/marvel/news/thor-love-and-thunder-review-marvel-mcu/
incredibles_2,2484406,2018-06-13,Joe Gross,False,B+,fresh,Austin American-Statesman,"It is the rare animated feature, and the rarer superhero movie, that will leave the audience thinking, ""That was a lot of fun, but I wish there was more of the raccoon.""",POSITIVE,https://www.mystatesman.com/entertainment/movies/incredibles-incredible-looking-thematically-confusing/A1oQGIQzWrUIGAPyattEAJ/
ant_man_and_the_wasp,2552604,2019-01-29,Amanda Greever,False,,fresh,The Daily Times (Tennessee),Bottom line: The film was funny.,POSITIVE,https://www.thedailytimes.com/columns/amanda_greever/review-ant-man-and-the-wasp-manage-to-hit-all/article_b3d722be-f71b-5722-8c6d-b97ed8fca130.html
incredibles_2,2484774,2018-06-14,Michael Arbeiter,False,3/5,fresh,Nerdist,"Incredibles 2 reminds its viewers Helen Parr is cool, brilliant, unflappable-not just super, but exceptional. As such, it's a shame the story surrounding her is anything but.",POSITIVE,https://nerdist.com/incredibles-2-review/
the_irishman,102784280,2023-03-02,Brian Susbielles,False,,fresh,InSession Film,It is a personal view for an aging man who feels guilty for his betrayal and pays a hefty price...,POSITIVE,https://insessionfilm.com/criterion-releases-november-2020/
ant_man_and_the_wasp_quantumania,102780917,2023-02-17,Caryn James,True,2/5,rotten,BBC.com,The worst Marvel movie yet...,NEGATIVE,https://www.bbc.com/culture/article/20230214-ant-man-and-the-wasp-quantumania-the-worst-marvel-film-yet
taken_3,2245876,2015-02-06,Jesse Hassenger,False,,rotten,The L Magazine,"Taken 3 feels like a perfunctory coda. This time, it's vaguely impersonal.",NEGATIVE,http://www.thelmagazine.com/2015/01/taken-3-alleged-guilty-pleasure-europacorp/
avengers_endgame,2580069,2019-04-24,Leigh Paatsch,False,4.5/5,fresh,Herald Sun (Australia),"For a movie with a daunting three-hour running time, Endgame impresses with how it continually maintains a breathtaking storytelling pace that guarantees boredom is never an option.",POSITIVE,https://www.heraldsun.com.au/entertainment/movies/leigh-paatsch/first-australian-review-avengers-endgame-completes-its-enthralling-marvel-mission/news-story/08b43f64201e556b4e1d437fccccc645
ready_player_one,2466122,2018-03-21,Harry Guerin,False,5/5,fresh,RTÉ (Ireland),"A magic carpet ride whose trailer (deliberately?) doesn't do it justice, Ready Player One is Steven Spielberg having the most fun in decades as the curator-in-chief of all our yesterdays. And it's contagious.",POSITIVE,https://www.rte.ie/entertainment/reviews/2018/0319/948412-steven-spielberg-brings-his-a-game-to-ready-player-one/
catch_me_if_you_can,2303299,2016-01-10,Kevin Carr,False,5/5,fresh,Fat Guys at the Movies,"simply one of the best, most fun movies of the year",POSITIVE,http://www.fatguysatthemovies.com/catch-me-if-you-can-movie-review/
jojo_rabbit,2628380,2019-09-20,Eric Webb,False,B+,fresh,Austin American-Statesman,"""Jojo Rabbit"" is uncomfortable in ways that work and ways that don't, but its heart is assured.",POSITIVE,https://www.austin360.com/entertainmentlife/20190920/fantastic-fest-jojo-rabbit-tries-its-best-in-world-gone-mad-with-hate
avengers_infinity_war,2806489,2021-07-16,Fletcher Powell,False,,fresh,KMUW - Wichita Public Radio,It succeeded in doing exactly what it was likely designed to do: it made me want to watch more Marvel movies.,POSITIVE,http://kmuw.org/post/movie-review-avengers-infinity-war
taken_3,2241345,2015-01-08,Tim Evans,False,,rotten,Sky Cinema,"Undemanding, formulaic fare...",NEGATIVE,http://www.sky.com/tv/movie/taken-3-2015?genre=all&window=cinema&certificate=all
arrival_2016,2347988,2016-09-01,Fionnuala Halligan,True,,fresh,Screen International,"In a crowded genre, Villeneuve's picture is distinguished chiefly for being so richly realised and executed, gifted with an almost symbiotic score by his regular collaborator Johann Johannsson.",POSITIVE,http://www.screendaily.com/reviews/arrival-venice-review/5108972.article
snow_white_and_the_huntsman,2148680,2013-06-20,Scott Foundas,True,,rotten,Film Comment Magazine,"Stewart's Snow White, meanwhile, pouts her lips, bats her bedroom eyes, and scarcely seems to have more on her mind than who might take her to the senior prom",NEGATIVE,http://filmcomment.com/entry/foundas-on-film-snow-white-and-the-huntsman-hemingway-gellhorn
spider_man_no_way_home,2847726,2021-12-18,Chris Sawin,False,4/5,fresh,Bounding Into Comics,Spider-Man: No Way Home is a nostalgic extravaganza that exceeds expectations and is a perfect and satisfying bookend for the first three Tom Holland Spider-Man movies.,POSITIVE,https://boundingintocomics.com/2021/12/18/spider-man-no-way-home-riding-the-nostalgia-train/
taken_3,2241399,2015-01-08,Brian Henry Martin,False,3/10,rotten,UTV,The tagline for Taken 3 is 'It Ends Here' and we must all pray that it does.,NEGATIVE,http://www.u.tv/blogs/B-H-Martin/Neeson-gets-Taken-again/2600e66d-2eb7-40dc-8342-cafe228e8609
black_panther_wakanda_forever,102750279,2022-11-08,Roger Moore,False,2/4,rotten,Movie Nation,This installment was always going to be more somber thanks to the loss of its star&#46; What the film lacks is the will to make make that loss heartbreaking&#46;&#10;&#10;,NEGATIVE,https://rogersmovienation.com/2022/11/08/movie-review-a-bloody-funereal-sequel-black-panther-wakanda-forever/
star_wars_the_rise_of_skywalker,2654928,2019-12-19,Mark Goodyear,False,,rotten,Battle Royale With Cheese,"The Rise of Skywalker has only managed to forget to make itself feel important, and as a result, ends the Skywalker Saga with a film of wondrous moments that becomes hollow when viewed as part of something larger.",NEGATIVE,https://battleroyalewithcheese.com/2019/12/star-wars-the-rise-of-skywalker-the-brwc-review/
star_wars_the_rise_of_skywalker,2655840,2019-12-23,Brad Keefe,False,,fresh,Columbus Alive,"[T]he last chapter of ""Star Wars"" will be both deeply, immensely satisfying, and also not everything it could have been.",POSITIVE,https://www.columbusalive.com/entertainment/20191219/movie-review-the-rise-of-skywalker-satisfying-end-to-saga
the_batman,102662462,2022-02-28,Larry Carroll,False,,fresh,Looper.com,"A movie that wants to be shrouded in mystery, but its principle one is how a film can create such a compelling Batman while seeming so disinterested in the character.",POSITIVE,https://www.looper.com/782370/the-batman-review-mask-of-the-fan-chasm/?utm_campaign=clip
once_upon_a_time_in_hollywood,2609973,2019-07-30,Candice Frederick,True,,fresh,Shondaland,"Once Upon a Time...in Hollywood is at once a wickedly entertaining, nostalgic, tragic, yet timely look at a town consumed with narcissism and, ironically, its own mortality.",POSITIVE,https://www.shondaland.com/live/a28541463/once-upon-a-time-in-hollywood-sharon-tate/
taken_3,2241639,2015-01-09,Bill Gibron,False,1.5/5,rotten,Film Racket,"This time, it's the audience that gets... TAKEN.",NEGATIVE,http://filmracket.com/taken-3/
avengers_infinity_war,2693080,2020-05-29,Dan Tabor,False,,fresh,Phawker,"Infinity War makes good on a decade of character development and plot to deliver a crushing gut punch that will have fans reeling until the second, currently unnamed entry hits theaters in a year.",POSITIVE,http://www.phawker.com/2018/04/27/cinema-the-end-of-the-world-as-we-know-it-2/
rogue_one_a_star_wars_story,2367879,2016-12-16,Edward Johnson-Ott,False,3/5,fresh,NUVO Newsweekly,I believe devoted Star Wars fans will be thrilled with the intense Rogue One. I liked it okay.,POSITIVE,
knives_out,2813366,2021-08-12,Kip Mooney,False,A-,fresh,College Movie Review,An ingenious new thriller that takes the bones of Agatha Christie and brilliantly updates it for the most purely entertaining movie of the year.,POSITIVE,https://collegemoviereview.com/reviews/knives-out/
everything_everywhere_all_at_once,102765576,2023-01-02,Sarah Boslaugh,False,8/10,fresh,TheArtsStl,&#46;&#46;&#46;mixes science fiction&#44; martial arts&#44; comedy&#44; fantasy&#44; parody&#44; animation&#44; social realism&#44; and probably a few more styles I&#8217;ve left out&#46;,POSITIVE,http://theartsstl.com/10-film-awards-that-arent-given-but-should-be-2022-edition/
black_panther_2018,2699630,2020-06-27,Yasser Medina,False,7/10,fresh,Cinemaficionados,"It is not the best superhero movie that boast around so much, but it is one where you can have a good time. [Full review in Spanish]",POSITIVE,https://www.cinemaficionados.com/2018/02/critica-pelicula-black-panther.html
star_wars_the_last_jedi,2442734,2017-12-13,Robert Denerstein,False,,fresh,Denerstein Unleashed,[Daisy] Ridley already proved herself a worthy addition to the Star Wars fold and does nothing here to convince us that we weren't right to welcome her for what evidently will be a long run.,POSITIVE,http://denersteinunleashed.blogspot.com/2017/12/a-welcome-star-wars-addition.html
doctor_strange_2016,2359879,2016-11-02,Michael Sangiacomo,False,A,fresh,Cleveland Plain Dealer,"This film set the bar very high for superhero movies, something Marvel does with seeming ease.",POSITIVE,http://www.cleveland.com/movies/index.ssf/2016/11/dr_strange_an_a_plus_movie_for.html
mad_max_fury_road,2262256,2015-05-14,Rubin Safaya,False,A+,fresh,Cinemalogue,"George Miller has taken trash, literally and figuratively, and transformed it into a kinetic art sculpture traveling through the Namib at 200 kilometers per hour, complete with its own roving orchestra...",POSITIVE,http://www.cinemalogue.com/2015/05/15/mad-max-fury-road/
star_wars_the_last_jedi,2442239,2017-12-12,Joshua Rothkopf,True,5/5,fresh,Time Out,"Rolling up with the kind of intergalactic swagger that gives us a cosmically infuriating phone prank within the first five minutes, Star Wars: The Last Jedi is a work of supreme confidence: witty, wild and free to roam unexplored territory.",POSITIVE,https://www.timeout.com/us/film/star-wars-the-last-jedi
joker_2019,2621046,2019-08-31,Dorian Parks,False,9/10,fresh,Geeks of Color,"Todd Phillips delivered a game changing comic book film, and I cannot wait to see it again.",POSITIVE,https://geeksofcolor.co/2019/08/31/joker-review/
doctor_strange_2016,2360777,2016-11-07,Dominic Barlow,False,Recommended,fresh,4:3,It's a traditional fantasy journey powered in its own right by a sense of the unknowable and a star turn from Benedict Cumberbatch.,POSITIVE,http://fourthreefilm.com/2016/11/doctor-strange/
28_days_later,1169168,2003-06-26,Eugene Novikov,False,B-,fresh,Film Blather,"I wanted to sit back and watch a good doomsday movie, but got a little less than I bargained for: a good doomsday movie that looks like crap.",POSITIVE,http://www.filmblather.com/review.php?n=28dayslater
knives_out,2704185,2020-07-12,Jordy Sirkin,False,,fresh,Jordy Reviews It,"Knives Out is a brilliant whodunnit film that is so much fun to unwrap and piece together. With a stellar cast, some killer humor, and a mild political undertone - it's surely set to entertain everyone.",POSITIVE,https://jordyreviewsit.com/2019/11/21/knives-out-is-a-fun-classic-whodunnit/
top_gun_maverick,102789231,2023-03-16,A.S. Hamrah,False,,rotten,The Baffler,"The film is pure ideology, pure militarism, generic, and like the first Top Gun in 1986, undemanding.",NEGATIVE,https://thebaffler.com/latest/riding-the-goddamn-elephant-hamrah
nope,102711913,2022-07-23,David Gonzalez,False,3.5/4,fresh,The Cinematic Reel,Nope is Jordan Peele&#8217;s most giant and ferocious swing yet&#46; With John Carpenter&#8217;s craftsmanship and a Hitchcockian mastery of building tension&#44; Peele creates an otherworldly summer spectacle&#46;,POSITIVE,https://thecinematicreel.com/nope/
wonder_woman_2017,2397575,2017-06-02,Jeffrey M. Anderson,False,3.5/4,fresh,San Francisco Examiner,"""Wonder Woman"" is a thing of hope and beauty; it'll give you a lump in your throat and make you want to cheer.",POSITIVE,http://www.sfexaminer.com/amazon-prime-wonder-woman-inspiring-girl-superhero-triumph/
star_wars_the_rise_of_skywalker,2654379,2019-12-18,Richard Lawson,True,,rotten,Vanity Fair,There doesn't seem to be any real organic idea animating Rise of Skywalker; instead it feels cobbled together from notes stuffed in the suggestion boxes of Reddit and Twitter.,NEGATIVE,https://www.vanityfair.com/hollywood/2019/12/star-wars-the-rise-of-skywalker-review
bohemian_rhapsody,2522243,2018-10-25,Michael A. Smith,False,5/5,fresh,MediaMikes,"Full of the music you will fondly remember and featuring one of the most immersive performances by an actor EVER, ""Bohemian Rhapsody"" is a musical masterpiece.",POSITIVE,https://mediamikes.com/2018/10/film-review-bohemian-rhapsody/
jurassic_world_dominion,102701782,2022-06-19,Víctor López G.,False,,fresh,Espinof,Two and a half hours of the purest adventure with no filters&#44; no breaks&#44; and with a heart as big as the head of a T-Rex&#46;,POSITIVE,https://www.espinof.com/criticas/jurassic-world-dominion-mejor-secuela-saga-aventura-filtros-limites-corazon-grande-como-cabeza-t-rex-1
the_post,2451970,2018-01-23,Sarah Ward,False,,fresh,Concrete Playground,"Solid, smart and polished... this tale might be history, but these days it feels like anything but.",POSITIVE,https://concreteplayground.com/brisbane/event/the-post-3/
avengers_endgame,2582238,2019-05-01,Allen Adams,False,5/5,fresh,The Maine Edge,Avengers: Endgame is a beautifully-constructed piece of popcorn cinema ... anyone who has given their time to this world will find it to be a rewarding and effective payoff.,POSITIVE,https://www.themaineedge.com/buzz/movies/the-end-of-an-era-%E2%80%93-avengers-endgame
taken_3,2241582,2015-01-09,Sam Woolf,False,3/10,rotten,We Got This Covered,"Taken 3 makes clear that the only place left for this franchise to be taken is out back, and put out of its misery.",NEGATIVE,http://wegotthiscovered.com/movies/taken-3-review-liam-neeson/
la_la_land,2358600,2016-10-24,Scott Mendelson,False,,fresh,Forbes,"La La Land works as a musical, as a romance, as a love letter to old-school Hollywood, and as a thoughtful meditation on the sacrifices that creative people must make in order to share that creativity with us.",POSITIVE,http://www.forbes.com/sites/scottmendelson/2016/09/29/la-la-land-review-emma-stone-ryan-gosling-make-wonderful-music/#3c10658f2239
the_front_runner_2018,2506742,2018-09-07,Chris Nashawaty,True,C+,rotten,Entertainment Weekly,"The strong and sprawling supporting cast gives the movie its snap, crackle, and pop, and its sharpest observations. But too often even that snap, crackle, and pop feels like it's been sitting in a bowl of milk too long.",NEGATIVE,https://ew.com/movies/2018/09/02/front-runner-telluride-review-hugh-jackman/
guardians_of_the_galaxy_vol_2,2392449,2017-05-05,Alan Zilberman,False,,fresh,Washington City Paper,"If the first Guardians of the Galaxy is about bizarre heroes developing chemistry, then the sequel is a showcase for them as individuals.",POSITIVE,http://www.washingtoncitypaper.com/arts/film-tv/blog/20860276/guardians-of-the-galaxy-vol-2-reviewed
roma_2018,2539159,2018-12-10,Betty Jo Tucker,False,,fresh,ReelTalk Movie Reviews,"Filmed in glorious black and white, 'Roma' is another Alfonso Cuarón cinematic masterpiece.",POSITIVE,http://www.reeltalkreviews.com/browse/viewitem.asp?type=review&id=7184
avatar_the_way_of_water,102763189,2022-12-21,Sandie Angulo Chen,False,4/5,fresh,Common Sense Media,Yes&#44; the three-hour-plus runtime is long&#44; but it&apos;s easy to get lost in the movie&apos;s memorable world-building&#46; The motion-capture performances are fascinating to behold&#44; and Winslet and Curtis are welcome additions to the cast&#46;,POSITIVE,https://www.commonsensemedia.org/movie-reviews/avatar-the-way-of-water
once_upon_a_time_in_hollywood,2618924,2019-08-26,John McDonald,False,,fresh,Australian Financial Review,Tarantino's approach to filmmaking is that of an intellectual who wants us to think of him as a real badass dude.,POSITIVE,https://www.johnmcdonald.net.au/2019/once-upon-a-time-in-america/
doctor_strange_2016,2360340,2016-11-03,Joshua Starnes,False,7/10,fresh,ComingSoon.net,It's a slog of exposition but offers glimpses of better sequels.,POSITIVE,http://www.comingsoon.net/movies/reviews/783065-doctor-strange-review
star_wars_the_last_jedi,2442325,2017-12-12,Stefan Kyriazis,False,4/5,fresh,Daily Express (UK),The movie suffers a little from uneven pacing and occasionally lost my focus here and there but it is a worthy addition to the canon.,POSITIVE,https://www.express.co.uk/entertainment/films/891398/Star-Wars-8-FIRST-REVIEW-Last-Jedi-critics-rating-Rey-parents-Snoke-Luke-Kylo-Ren
star_wars_the_rise_of_skywalker,2656783,2019-12-27,Angie Han,True,,fresh,Mashable,"The real Leia, the one we fell in love with, lives on inside us as she always has. She still inspires us, amuses us, moves us. And we can visit her anytime we want, at the touch of a play button.",POSITIVE,https://mashable.com/article/star-wars-the-rise-of-skywalker-leia-ending/
captain_marvel,2598180,2019-06-18,Ryan Syrek,False,B+,fresh,"The Reader (Omaha, NE)","There is a fresh, creative heartbeat pumping at the center of Captain Marvel that wills it into being something special, even if it could have been somewhat more so.",POSITIVE,https://thereader.com/film/captainmarvelreview
la_la_land,2371994,2017-01-09,Armond White,False,,rotten,National Review,Chazelle's depiction of career conflict and erotic attraction in Mia and Sebastian's romance ... prevents La La Land from being a satisfying movie musical. He imitates the generic form but never imbues it with feeling.,NEGATIVE,http://www.nationalreview.com/article/442911/la-la-land-gimmicky-huppert-deserves-2016-triple-crown
suicide_squad_2016,2342790,2016-08-02,Michael Phillips,True,1.5/4,rotten,Chicago Tribune,"It's not satisfying storytelling; the flashbacks roll in and out, explaining either too much or too little, and the action may be violent but it's not interesting.",NEGATIVE,http://www.chicagotribune.com/entertainment/movies/sc-suicide-squad-mov-rev-0802-20160802-column.html
dune_2021,2836939,2021-11-04,Chris Stuckmann,True,,fresh,ChrisStuckmann.com,"I really loved Dune. The action set pieces were phenomenal, but the focus was almost always on the characters.",POSITIVE,https://www.youtube.com/watch?v=3OKpECsviu0
snow_white_and_the_huntsman,2087310,2012-05-31,Mary F. Pols,True,,fresh,TIME Magazine,Rare among the recent fairy tale adaptions (from Mirror Mirror to the dreadful Red Riding Hood) the invigorating Snow White and the Huntsman actually breathes new life into an old story.,POSITIVE,http://entertainment.time.com/2012/05/31/step-monster-snow-white-and-the-huntsman/
first_man,2552454,2019-01-29,Ani Bundel,False,,fresh,NBC News THINK,It is an effective - and affecting - immersive experience for those who wish to understand exactly what drives people like Elon Musk.,POSITIVE,https://www.nbcnews.com/think/opinion/first-man-starring-ryan-gosling-reminder-american-hubris-propelled-us-ncna919786
first_man,2518362,2018-10-12,Paul Byrnes,True,4/5,fresh,Sydney Morning Herald,"It's a movie where the technique matches the ambition, one that moves from tragedy to grandeur to personal drama without becoming bombastic or even worse, falsely patriotic.",POSITIVE,https://www.smh.com.au/entertainment/movies/with-ryan-gosling-in-the-hot-seat-first-mans-lunar-journey-rivals-kubrick-20181009-h16e2f.html
spider_man_far_from_home,2600758,2019-06-27,Clint O'Connor,False,,fresh,Akron Beacon Journal,This is Marvel movie light. It's meant as teen-friendly summer popcorn entertainment. And at that it succeeds.,POSITIVE,https://www.ohio.com/entertainmentlife/20190627/review-tom-holland-swings-high-in-spider-man-far-from-home
ready_player_one,2468089,2018-03-29,Rob Thomas,False,2.5/4,rotten,"Capital Times (Madison, WI)","There's still something a little icky about a movie that data-mines the pop culture past of middle-aged men so shamelessly. Instead of us having to put away childish things, they're starring in a movie.",NEGATIVE,http://host.madison.com/ct/entertainment/movies/movie-review-ready-player-one-is-so-obsessed-with-s/article_a8f7f39b-ff30-5c94-80ae-92a51eedbc33.html
joker_2019,2624609,2019-09-11,Nick Johnston,False,,fresh,Vanyaland,There's plenty about Joker that makes it always compelling and watchable.,POSITIVE,https://vanyaland.com/2019/09/10/tiff-review-joaquin-phoenix-brings-the-interesting-joker-to-life/
knives_out,2623233,2019-09-08,Danielle Solzman,False,5/5,fresh,Solzy at the Movies,Knives Out gives us a hysterical whodunnit for a new generation of movie lovers.,POSITIVE,http://www.solzyatthemovies.com/2019/09/08/toronto-2019-knives-out/
once_upon_a_time_in_hollywood,2648014,2019-11-22,Chris McCoy,False,,fresh,Memphis Flyer,"Once Upon a Time in Hollywood is something Tarantino hasn't been in a long time-fun. If that seems like a strange thing to say about a film centered on the gruesome cult murder of seven people, that's because it's not really what the film is about.",POSITIVE,https://www.memphisflyer.com/FilmTVEtcBlog/archives/2019/07/26/once-upon-a-time-in-hollywood
the_front_runner_2018,2541234,2018-12-16,Joseph Braverman,False,2.5/4,fresh,AwardsCircuit.com,"At its best, ""The Front Runner"" is snappy and quick-witted, with dialogue that keeps the pace moving as best as it can. The problem, however, is less with the screenplay, and more with the tedious direction that has often plagued a Jason Reitman film.",POSITIVE,http://www.awardscircuit.com/2018/09/01/telluride-review-the-front-runner-doesnt-live-up-to-its-name/
marriage_story_2019,2660589,2020-01-15,Nick Boyd,False,,fresh,Battle Royale With Cheese,"While uncomfortable to watch at times, the acting and writing in ""Marriage Story"" make the narrative soar.",POSITIVE,https://battleroyalewithcheese.com/2020/01/marriage-story-another-take/
aladdin,2589472,2019-05-23,Brad Keefe,False,3/5,fresh,Columbus Alive,"This ""Aladdin"" knows when to stray and when to give the audience those fond old moments.",POSITIVE,https://www.columbusalive.com/entertainment/20190522/movie-review-aladdin
wonder_woman_1984,2753578,2020-12-24,Jenn Adams,False,B-,fresh,Consequence,"Wonder Woman 1984 stresses that our power lies in our own personal choices, and that's a message worth saying out loud in 2020.",POSITIVE,https://consequenceofsound.net/2020/12/film-review-wonder-woman-1984/
rocketman_2019,2591469,2019-05-29,Andrew Parker,False,10/10,fresh,The Gate,The best full-on musical phantasmagoria about a famous person destroying and reclaiming their life since Bob Fosse's All That Jazz.,POSITIVE,https://www.thegate.ca/film/039353/review-rocketman/
ready_player_one,2467064,2018-03-23,Victoria Luxford,False,3/5,fresh,Radio Times,"There's a lot to like about Ready Player One and, at times, it shows glimmers of the kind of fantasy adventure that made the words ""A Steven Spielberg Film"" so sacred to movie fans in the 80s.",POSITIVE,http://www.radiotimes.com/news/film/2018-03-23/ready-player-one-review-evokes-a-sense-of-wonder-but-its-no-classic/
taken_3,2241263,2015-01-07,Blake Howard,False,1.5/5,rotten,2UE That Movie Show,In the wake of Taken 2 and 3 we're completely sober to the fact that this veteran vengeance porn has become its own parody.,NEGATIVE,http://www.graffitiwithpunctuation.net/2015/01/08/taken-3-olivier-megaton-2015-movie-review/
2012,1853770,2009-11-06,Emanuel Levy,False,C,rotten,EmanuelLevy.Com,"Size matters: a winter popcorn movie and guilty pleasure, this mass entertainment of mass destruction is not one coherent story but a calculated, cliche-ridden, often humorous pastiche of all the disaster movies made in Hollywood.",NEGATIVE,http://emanuellevy.com/reviews/details.cfm?id=14746
parasite_2019,2709412,2020-07-29,Scott Phillips,False,,fresh,The Screen Scene,Parasite was the single best film I saw in 2019.,POSITIVE,https://www.wrbl.com/the-screen-scene/the-screen-scene-home-video-edition-parasite/
spider_man_far_from_home,2603104,2019-07-08,Emmanuel Báez,False,4/5,fresh,Cinéfiloz,"[Jake Gyllenhaal's] character, Mysterio, is one of the most interesting villains from the Marvel factory. [Full review in Spanish]",POSITIVE,https://www.cinefiloz.com/critica-spiderman-lejos-de-casa/
jojo_rabbit,2636898,2019-10-18,Joe Morgenstern,True,,rotten,Wall Street Journal,"The film doesn't lack for audacity, or ultimate purpose -- it's against hate and in favor of love. But the adaptation isn't funny enough to sustain the style, which owes an overt debt to Mel Brooks and amounts to Springtime for Hitler Youth.",NEGATIVE,https://www.wsj.com/articles/jojo-rabbit-review-friends-imaginary-and-hidden-11571346553
taken_3,2241700,2015-01-09,Betsy Sharkey,True,,rotten,Los Angeles Times,"""Taken 3"" is so unintentionally hilarious I couldn't help but wonder - do movie contracts carry a humiliation bonus clause these days?",NEGATIVE,http://www.latimes.com/entertainment/movies/la-et-mn-taken3-liam-nesson-review-20150110-column.html
get_out,2380615,2017-02-24,Robert Levin,False,3.5/4,fresh,amNewYork,"While it doesn't offer any answers, it both thrills and makes you think.",POSITIVE,http://www.amny.com/entertainment/get-out-review-jordan-peele-created-a-smart-and-funny-horror-1.13171468
black_panther_2018,2460614,2018-02-26,Carlos Díaz Reyes,False,9/10,fresh,Vanguardia (Mexico),One of the best comic adaptations we have ever seen. [Full Review in Spanish],POSITIVE,https://www.vanguardia.com.mx/articulo/pantera-negra-cultura-y-protesta
stillwater_2020,2813286,2021-08-12,Trevor Johnston,False,3/5,fresh,Radio Times,"Held together by Damon's astutely observed performance, the film is undeniably absorbing, though at 140 minutes it's perhaps too baggy and discursive to grip as strongly as one would like.",POSITIVE,https://www.radiotimes.com/film/kf4b88/stillwater-/
star_wars_episode_vii_the_force_awakens,2299625,2015-12-16,Bob Strauss,False,3/4,fresh,Los Angeles Daily News,"While The Force Awakens belongs to the younger generation, Ford dominates its throwback element like a true, ahem, force of nature.",POSITIVE,http://www.dailynews.com/arts-and-entertainment/20151216/star-wars-the-force-awakens-is-everything-youve-been-waiting-for
the_invisible_man_2020,2699519,2020-06-27,Damond Fudge,False,,fresh,"KCCI (Des Moines, IA)","With this reimagining, Universal Pictures has done several things right.",POSITIVE,https://www.kcci.com/article/movie-review-the-invisible-man/31152580
arrival_2016,2356181,2016-10-12,Josef Braun,False,,fresh,"Vue Weekly (Edmonton, Alberta)",Some grossly overstated dialogue keeps an immensely fascinating story and inventive visualization of a human-alien struggle to communicate from touching our tenderest sci-fi cinema soft-spots.,POSITIVE,http://www.vueweekly.com/the-41st-tiff-part-one/
godzilla_vs_kong,2780780,2021-03-30,Fred Topel,False,,fresh,Showbiz Cheat Sheet,This one has more coherent monster action. The visual effects keep the animation in frame and director Adam Wingard edits more judiciously with the human story.,POSITIVE,https://www.cheatsheet.com/entertainment/godzilla-vs-kong-movie-review-monster-match.html/
solo_a_star_wars_story,2481111,2018-05-29,Paul Whitington,False,3/5,fresh,Irish Independent,"Ron Howard has ensured that Solo is no embarrassment to the franchise, but the chases and hair's breadth escapes become a little tiresome in a less coherent second half.",POSITIVE,https://www.independent.ie/entertainment/movies/movie-reviews/solo-a-star-wars-story-movie-review-these-new-star-wars-films-feel-like-carefully-and-rather-cynically-constructed-confections-36942953.html
solo_a_star_wars_story,2524015,2018-10-30,Kirsten Acuna,False,C,rotten,Insider,"Solo may have the look and feel of a Star Wars movie along with some iconic characters, but it's missing the heart of one.",NEGATIVE,https://www.thisisinsider.com/solo-review-is-it-good-2018-5
dune_2021,2834257,2021-10-24,Mark Kermode,True,4/5,fresh,Observer (UK),"Villeneuve's Dune sensibly tackles only one manageable section of the story, avoiding the baffling narrative compressions and ellipses that blighted Lynch's version, while reining in the extravagant excesses that thwarted Jodorowsky...",POSITIVE,https://www.theguardian.com/film/2021/oct/24/dune-review-denis-villeneuve-timothee-chalamet-zendaya-oscar-isaac
avengers_endgame,2581639,2019-04-29,Hugo Hernández Valdivia,False,7/10,fresh,Cinexcepción,"Thus comes to an end, 21 films and 11 years later, the most lucrative franchise in the history of cinema... There are notable ups and downs in [this] long journey, and the conclusion is no exception. [Full review in Spanish]",POSITIVE,http://cinexcepcion.mx/avengers-endgame-mucha-sensibleria-algunos-chistes-y-poca-sustancia/
avengers_endgame,2581488,2019-04-29,Kent Garrison,False,A,fresh,Mad About Movies Podcast,Endgame's true feat is how it flawlessly subverts our expectations without feeling like betrayal.,POSITIVE,http://madaboutmoviespodcast.com/episodes/2019/4/29/avengers-endgame
the_front_runner_2018,2548583,2019-01-16,Mark Kermode,True,,rotten,Kermode & Mayo's Film Review,It's a bit of a shoulder shrug in the end... it lacked a dramatic blow.,NEGATIVE,https://youtu.be/KCHmNPmPW68
black_widow_2021,2806917,2021-07-19,Bill Arceneaux,False,3.5/5,fresh,Louisiana Film Channel,"An absolute surprise and an excellent day out at the cinema, beating out any low expectations some may have for such a solo project.",POSITIVE,https://www.youtube.com/watch?v=F9uf-Hvlq_s
black_widow_2021,2805882,2021-07-15,Matthew Passantino,False,3/4,fresh,Big Picture Big Sound,"Shortland isn't afraid to set the camera in the middle of a fight and make the audience feel the punches being thrown, rather than keeping them as spectators on the sidelines.",POSITIVE,https://www.bigpicturebigsound.com/Black-Widow.shtml
the_irishman,2653205,2019-12-12,Loren King,False,,fresh,Newport This Week (RI),"Martin Scorsese's ""The Irishman"" is a rich meditation on the legendary director's longtime obsessions: gangsters, violence, Catholicism, moral conflict and male friendship.",POSITIVE,https://www.newportthisweek.com/articles/the-irishman-ranks-among-scorseses-best/
ready_player_one,2467895,2018-03-29,Greg Maki,False,B,fresh,"Star-Democrat (Easton, MD)","Rylance infuses ""Ready Player One"" with the warmth and spark of humanity it needs to transcend its VR roots and become something meaningful.",POSITIVE,http://www.stardem.com/blogs/moviereview/review-ready-player-one/article_9ebefd5e-956d-527e-aa43-3c1e96de11c8.html
taken_3,2300782,2015-12-22,Alex Zane,False,2/5,rotten,The Sun (UK),"If the tagline It Ends Here is true then it's a poor finale, but perhaps it's the right time it is taken off our screens.",NEGATIVE,http://www.thesun.co.uk/sol/homepage/showbiz/6247832/Alex-Zane-film-reviews-Into-The-Woods-is-a-hilarious-mash-up-of-fairytales-and-songs.html
thor_love_and_thunder,102708833,2022-07-14,Richard Brody,True,,rotten,New Yorker,The film passes through the nervous system without delivering any sustenance or even leaving a residue.,NEGATIVE,https://www.newyorker.com/culture/the-front-row/thor-love-and-thunder-reviewed-marvel-as-a-faith-based-organization
knives_out,2649266,2019-11-26,Manohla Dargis,True,,fresh,New York Times,"A genre savant, Johnson understands that one of the pleasures of mystery stories is how they turn viewers into detectives, eager amateur sleuths who also sift through the clues, false and not.",POSITIVE,https://www.nytimes.com/2019/11/26/movies/knives-out-review.html
captain_marvel,2564821,2019-03-07,Walter Chaw,False,1.5/4,rotten,Film Freak Central,"The characters are undeveloped, the outlines of this universe are vague and uninteresting, and the less said about the multiple attempts at humour, the better.",NEGATIVE,https://www.filmfreakcentral.net/ffc/2019/03/captain-marvel.html
solo_a_star_wars_story,2480673,2018-05-25,Roxana Hadadi,True,3/5,fresh,Chesapeake Family Magazine,"Solo can't decide how many elements of the primary Star Wars narrative it wants to include, which translates into an uneasy mix of fan service and original thought.",POSITIVE,https://www.chesapeakefamily.com/fun/movies/8908-family-movie-review-solo-a-star-wars-story-pg-13
wonder_woman_1984,2754532,2020-12-29,Sarah Gopaul,False,,fresh,Digital Journal,"Consequently, one of the themes in this franchise appears to be the many sacrifices she makes to keep the world safe - something many of her male DC counterparts have not had to do over the years.",POSITIVE,http://www.digitaljournal.com/entertainment/entertainment/review-wonder-woman-1984-embraces-the-difficulties-of-being-a-hero/article/583180
jurassic_world_fallen_kingdom,2486528,2018-06-22,Juanma Fernández París,False,6/10,rotten,El Nuevo Día (Puerto Rico),"If Jurassic World: Fallen Kingdom is indicative of anything, it's that Spanish director, Jose Antonio Bayona is able to take the most absurd premise and give it some artistic gravitas. [Full Review in Spanish]",NEGATIVE,https://www.elnuevodia.com/entretenimiento/cine/nota/elreinocaidodesafialalogica-2430144/
little_women_2019,2655926,2019-12-23,Nigel Andrews,True,,fresh,Financial Times,"The sly smuggling of feminist subtexts - already a small part of Alcott's contraband design - gives the film a sardonic, vibrant modernism.",POSITIVE,https://www.ft.com/content/87095606-2598-11ea-9305-4234e74b0ef3
snow_white_and_the_huntsman,2087351,2012-05-31,Linda Holmes,True,,rotten,NPR,"What dooms Snow White and the Huntsman is ultimately not how over the top it is, but how dull it is.",NEGATIVE,http://www.npr.org/2012/05/31/153990787/huntsman-into-the-woods-with-nary-a-hi-ho?ft=1&f=1045
the_front_runner_2018,2536977,2018-12-03,M. Faust,False,,fresh,The Public (Buffalo),[Jackman] captures the self-confidence bordering on arrogance that blinded Hart to the precariousness of his position...,POSITIVE,http://www.dailypublic.com/articles/11272018/front-runner
dune_2021,2849087,2021-12-24,Jared Mobarak,False,8/10,fresh,Jaredmobarak.com,These are complex dynamics. It's a reason why Dune has been so tough to crack in this medium. I think Villeneuve has done it.,POSITIVE,https://jaredmobarak.com/2021/12/23/dune-2021/
star_wars_the_last_jedi,2524587,2018-10-31,Zaki Hasan,False,B+,fresh,Zaki's Corner,"More than merely a continuation, The Last Jedi is in many ways an ending to the Star Wars we've known. And like many endings, it's anarchic and frustrating and poignant.",POSITIVE,http://www.zakiscorner.com/2017/12/zakis-review-star-wars-last-jedi.html
black_panther_wakanda_forever,102750290,2022-11-08,Matt Oakes,False,B+,fresh,Silver Screen Riot,Black Panther&#58; Wakanda Forever is actually a real movie&#46;&#46;&#46;a story about legacy and loss&#44; complicated by real life grief and the guilt of carrying on&#46;,POSITIVE,https://silverscreenriot.com/black-panther-wakanda-forever-celebrates-a-life-through-the-largess-of-the-blockbuster/
28_days_later,1177017,2003-07-20,James Kendrick,False,3.5/4,fresh,Q Network Film Desk,"For all its effective visual horror, 28 Days Later sticks in your gut because of what it ultimately says about humanity.",POSITIVE,http://www.qnetwork.com/?page=review&id=1161
the_batman,102662388,2022-02-28,Perri Nemiroff,True,4.5/5,fresh,Perri Nemiroff (YouTube),"Matt Reeves delivers a standout Batman movie. It's a dark, alluring mystery that digs deep into Bruce Wayne's trauma, how it's shaped him and how he's choosing to move forward.",POSITIVE,https://youtu.be/x8ZFn1nS-bg
captain_marvel,2566839,2019-03-13,Monique Jones,True,,fresh,Shadow and Act,Captain Marvel is a film you should be proud to let your children watch. It will inspire them to understand there should be no limits on what women can achieve,POSITIVE,https://shadowandact.com/captain-marvel-empowers-and-inspires-as-the-mcu-expands-into-girl-power-review-minor-spoilers
i_tonya,2441369,2017-12-07,Leah Greenblatt,True,A-,fresh,Entertainment Weekly,You won't just find yourself rooting for this crazy kid; you might even fall a little bit in love.,POSITIVE,http://ew.com/movies/2017/12/07/i-tonya-review/
batman_v_superman_dawn_of_justice,2316059,2016-03-22,Donald Clarke,True,2/5,rotten,Irish Times,Just put a bucket of generic Batman in here and stir in a few pints of own-label Superman. That will do to be going on with.,NEGATIVE,http://www.irishtimes.com/culture/film/batman-v-superman-dawn-of-justice-review-lost-in-the-murk-of-expectation-1.2583689
doctor_strange_in_the_multiverse_of_madness,102686753,2022-05-04,Nick Johnston,False,,fresh,Vanyaland,"It’s a wonder that Multiverse of Madness works as well as it does, given all of the things behind-the-scenes that are working against it.",POSITIVE,https://vanyaland.com/2022/05/03/doctor-strange-in-the-multiverse-of-madness-review-sam-raimi-returns/
wonder_woman_2017,102761329,2022-12-14,Brian T. Carney,False,,fresh,Washington Blade,Gal Gadot proved to be a worthy successor to LGBT ally extraordinaire Lynda Carter.,POSITIVE,https://www.washingtonblade.com/2017/12/29/2017-lgbt-movies/
once_upon_a_time_in_hollywood,2615452,2019-08-14,Linda Marric,True,5/5,fresh,The Jewish Chronicle,Spellbinding.,POSITIVE,https://www.thejc.com/culture/film/film-review-once-upon-a-time-in-hollywood-1.487412
spider_man_far_from_home,2601034,2019-06-28,Douglas Davidson,False,4/5,fresh,CLTure,"Some are already hailing Spider-Man: Far From Home as the best live-action Spider-Man film yet, which is a strong statement. At the very least, it's the best representation of Spider-Man in the MCU ...",POSITIVE,https://clture.org/spider-man-far-from-home/
taken_3,2241934,2015-01-12,Rich Cline,False,2/5,rotten,Contactmusic.com,"As with the first two films in this dumb but bombastically watchable franchise, writers Luc Besson and Robert Mark Kamen seemingly put no effort into writing a script that can even remotely hold water.",NEGATIVE,http://www.contactmusic.com/movie-review/taken-3
eternals,2839516,2021-11-13,Mike McGranaghan,False,2/4,rotten,Aisle Seat,Eternals is somehow Marvel's most ambitious movie and also its worst.,NEGATIVE,https://aisleseat.com/eternals.html
taken_3,2829828,2021-10-07,Anne Brodie,False,,fresh,AWFJ.org,Liam Neeson nails action like few others.,POSITIVE,https://awfj.org/blog/2015/01/05/awfj-movie-of-the-week-jan-5-9-taken-3/
la_la_land,2374041,2017-01-20,Paul Whitington,False,5/5,fresh,Irish Independent,"Chazelle pulls it off magnificently, helped by the fearless commitment of his two leads.",POSITIVE,http://www.independent.ie/entertainment/movies/movie-reviews/film-review-allsinging-alldancing-hymn-to-la-35363424.html
avengers_endgame,2580351,2019-04-25,Peter Travers,True,4/5,fresh,Rolling Stone,The MCU's long goodbye to the Avengers (is it really?) comes off as truly epic and thunderously exciting. But here's the big surprise-it's also an emotional wipeout .,POSITIVE,https://www.rollingstone.com/movies/movie-reviews/avengers-endgame-movie-review-marvel-825435/
rocketman_2019,2591531,2019-05-29,Kevin Fallon,False,,fresh,The Daily Beast,"The Elton John biopic is as fabulous, flamboyant, and fun as its legendary subject deserves.",POSITIVE,https://www.thedailybeast.com/rocketman-is-so-much-better-and-gayer-than-bohemian-rhapsody?ref=wrap
justice_league_2017,2524372,2018-10-30,Johnny Gayzmonic,False,5/10,rotten,Fanboys of the Universe,"While it makes a clear effort to please the fans and the studio at the same time, it ultimately defaults to siding with the latter, and the film is worse off for it.",NEGATIVE,http://www.fanboysoftheuniverse.com/index.php/site/comments/justice_league_united_we_stand_or_something
star_wars_episode_vii_the_force_awakens,2654212,2019-12-17,Danielle Solzman,False,4.5/5,fresh,Solzy at the Movies,Star Wars: The Force Awakens more than makes up for the sour taste of the prequel trilogy.,POSITIVE,http://www.solzyatthemovies.com/2019/12/17/star-wars-the-force-awakens-road-to-ix/
batman_v_superman_dawn_of_justice,2316281,2016-03-23,Christopher Gray,True,2/4,rotten,Slant Magazine,"A sequel that functions as origin story, apologia, and harbinger of a second expanded universe of overpopulated action bonanzas.",NEGATIVE,http://www.slantmagazine.com/film/review/batman-v-superman-dawn-of-justice
a_star_is_born_2018,2553547,2019-02-01,Ani Bundel,False,,fresh,NBC News THINK,"This is the rare, timeless reboot that people will want to watch again and again. That is, until it's remade.",POSITIVE,https://www.nbcnews.com/think/opinion/star-born-powerful-self-aware-remake-both-bradley-cooper-lady-ncna917251
prairie_home_companion,1513037,2006-06-09,Don R. Lewis,False,4.5/5,fresh,Film Threat,A Prairie Home Companion is nothing short of a real treat and an experience lovers of the radio show and future lovers of it shouldn't miss.,POSITIVE,
get_out,2679763,2020-03-27,Dan Scully,False,,fresh,Cinema76,"It's tense, angry, hilarious, and here in Trump's America, it might as well be a protest film.",POSITIVE,https://www.cinema76.com/home/get-out-review
cruella,2794301,2021-06-01,Rafaela Sales Ross,False,3/5,fresh,One Room With A View,"Running at over two hours long, the prequel is a potpourri of classic rock songs and needle drops, with costume and set design by far the most interesting of its traits.",POSITIVE,https://oneroomwithaview.com/2021/05/31/cruella-review/
taken_3,2241351,2015-01-08,Ali Plumb,True,2/5,rotten,Empire Magazine,"Megaton's choppy editing barely disguises his star's hatred of running, while a brutal 12A neutering lessens what limited fun remains in seeing Oskar Schindler creakily throw a Russian bad 'un into some supermarket shelves.",NEGATIVE,http://www.empireonline.com/reviews/reviewcomplete.asp?FID=138920
once_upon_a_time_in_hollywood,2588903,2019-05-22,A.A. Dowd,True,B+,fresh,AV Club,"Even its missteps are kind of fascinating, as an expression of Tarantino's generational unease.",POSITIVE,https://www.rottentomatoes.com/m/aladdin
the_irishman,2650471,2019-12-02,Erick Estrada,False,,fresh,Cinegarage,"The beginning of the end and the beginning of his life in the mafia are united with a very elegant but tragic thread. Eisenstein at his finest, the Scorsese's expression. [Full Review in Spanish]",POSITIVE,http://www.cinegarage.com/56048-el-irlandes-critica-pelicula-de-la-semana/
top_gun_maverick,102698557,2022-06-10,Danny Leigh,True,4/5,fresh,Financial Times,"If this sounds like hokum, it is. But the storytelling too reminds you of the best version of old Hollywood, broad strokes rendered with watchmaker care.",POSITIVE,https://www.ft.com/content/d4838608-4e7a-4aee-97a9-5eac95611886
the_lion_king_2019,2605522,2019-07-16,Lisa Johnson Mandell,False,,fresh,AtHomeInHollywood.com,"I would have loved to see director John Favreau infuse more fantasy and wonder, as he did with the live action version of The Jungle Book.",POSITIVE,https://athomeinhollywood.com/2019/07/16/the-lion-king-review/
28_days_later,1172466,2003-07-08,MaryAnn Johanson,False,,fresh,Flick Filosopher,"[H]umanistic and unsentimental, like some lost science fiction flick from the 70s that's just been rediscovered.",POSITIVE,
the_irishman,2656213,2019-12-24,Dennis Schwartz,False,A,fresh,Dennis Schwartz Movie Reviews,All's well in The Irishman.,POSITIVE,https://dennisschwartzreviews.com/irishman-the/
top_gun_maverick,102688701,2022-05-12,Ian Freer,True,5/5,fresh,Empire Magazine,"Kosinski and co deliver all the Top Gun feels and then some: slick visuals, crew camaraderie, thrilling aerial action, a surprising emotional wallop and, in Tom Cruise, a magnetic movie-star performance as comforting as an old leather jacket.",POSITIVE,https://www.empireonline.com/movies/reviews/top-gun-maverick/
little_women_2019,2656112,2019-12-24,Kent Turner,False,2.5/4,fresh,Film-Forward.com,"Of all the movie versions, this is more of an ensemble piece and less driven by Jo ... If Amy is your favorite March sister, then you'll feel she has finally gotten her due.",POSITIVE,http://film-forward.com/book-adaptation/little-women
rogue_one_a_star_wars_story,2367765,2016-12-15,Dustin Putman,False,3/4,fresh,TheFilmFile.com,"By the note-perfect closing moments, ""Rogue One"" has transformed into a richly rewarding experience.",POSITIVE,http://www.thefilmfile.com/reviews/r/16_rogueone.htm
i_tonya,2463847,2018-03-12,Carlos Díaz Reyes,False,9/10,fresh,Vanguardia (Mexico),This will go down as one of the best modern sports movies. [Full Review in Spanish],POSITIVE,https://www.vanguardia.com.mx/articulo/el-guion-es-emocionante-la-historia-entranable-y-llega-mover-piezas-importantes-sobre-la
once_upon_a_time_in_hollywood,2608719,2019-07-25,Victor Stiff,False,4.5/5,fresh,In The Seats,A wistful tale of a golden era's final days. The filmmaker reminisces over classic Hollywood while detailing the tides of change that swept it away.,POSITIVE,http://intheseats.ca/hes-still-got-it-our-review-of-once-upon-a-time-in-hollywood/
once_upon_a_time_in_hollywood,2623734,2019-09-09,Vicky Roach,False,3.5/5,fresh,Daily Telegraph (Australia),Fabulously flawed.,POSITIVE,https://www.dailytelegraph.com.au/entertainment/movies/tarantinos-fabulously-flawed-love-letter-to-golden-age-of-hollywood/news-story/afc5daf7b10a58275631ed998e77b41a
ant_man_and_the_wasp_quantumania,102780041,2023-02-15,Chris Knight,False,3/5,fresh,National Post,"Come for the scenery, and settle in for the next two hours trying to make sense of it. There’s no guarantee that you’ll love it, but what’s the quantum realm without a little uncertainty?",POSITIVE,https://nationalpost.com/entertainment/movies/film-review-ant-man-and-the-wasp-quantumania 
solo_a_star_wars_story,2478054,2018-05-15,Scott Chitwood,False,7.5/10,fresh,ComingSoon.net,"As soon as I walked out of the theater after seeing Solo: A Star Wars Story, I wanted to see more.",POSITIVE,http://www.comingsoon.net/movies/reviews/945879-solo-a-star-wars-story-review
snow_white_and_the_huntsman,2086990,2012-05-29,Nick Pinkerton,True,,rotten,Village Voice,"A film that's considerably longer than it needs be, in which the evocative eloquence of storybook pictures is consistently garbled by the need to overexplain and psychoanalyze.",NEGATIVE,
parasite_2019,2623787,2019-09-09,Clayton Davis,False,4/4,fresh,AwardsCircuit.com,"Joon-ho's assured direction, partnered with his passionate and mesmerizing ensemble, ""Parasite"" emerges as one of the year's most vital and entertaining pieces of filmmaking, perhaps one of the most lively to bookend the decade.",POSITIVE,https://www.awardscircuit.com/2019/09/09/telluride-film-review-parasite-works-in-perfect-synchrony-with-story-and-bliss/
snow_white_and_the_huntsman,2087266,2012-05-31,Brian Lowry,True,,rotten,Variety,Handsome but hollow.,NEGATIVE,
logan_2017,2382871,2017-03-09,Marija Djurovic,False,3.5/5,fresh,Cairo360,"Unlike any of its predecessors, Logan feels organic and, despite being loaded with plenty of references and Easter eggs, manages to work well as a standalone film.",POSITIVE,https://www.cairo360.com/article/film/logan-a-fitting-last-chapter-for-hugh-jackmans-wolverine/
black_panther_wakanda_forever,102751778,2022-11-11,Isaac Feldberg,True,D+,rotten,Above the Line,The underwater sequences intended to visualize Talokan are drab and washed-out to the point of distraction&#44; and even a street-level car chase shot at night is near-impossible to track&#44; all the darkness seemingly intended to cover for lackluster CGI&#46;,NEGATIVE,https://abovetheline.com/2022/11/10/black-panther-wakanda-forever-review-ryan-coogler-chadwick-boseman-angela-bassett-namor/
taken_3,2241653,2015-01-09,Sheila O'Malley,True,1.5/4,rotten,RogerEbert.com,"Starting with the unimaginative (and, as it happens, incorrect) title, ""Taken 3,"" directed by Oliver Megaton, is both lazy and tremendously overwrought.",NEGATIVE,http://www.rogerebert.com/reviews/taken-3-2015
star_wars_the_rise_of_skywalker,2654387,2019-12-18,Mike Ryan,False,5/10,rotten,Uproxx,A convoluted and clumsy end to the Skywalker Saga,NEGATIVE,https://uproxx.com/movies/star-wars-rise-of-the-skywalker-review/
arrival_2016,2361957,2016-11-14,Kirk Honeycutt,False,9/10,fresh,honeycuttshollywood.com,"""Arrival"" embarrasses the current mode of contemporary cinema to explore ideas, moods and a vision that belongs uniquely to this film.",POSITIVE,http://honeycuttshollywood.com/arrival-film-review/
solo_a_star_wars_story,2478117,2018-05-15,Christopher Orr,True,,fresh,The Atlantic,"Best of all, the movie is different.",POSITIVE,https://www.theatlantic.com/entertainment/archive/2018/05/solo-a-star-wars-story-review/560447/
avengers_infinity_war,2689016,2020-05-09,PJ Nabarro,False,2/5,rotten,Patrick Nabarro,The film seems to worship at the altar of tech and a form of awe at the literal manifestations of power.,NEGATIVE,https://pnabarro.wordpress.com/2020/05/09/avengers-infinity-war/
joker_2019,2633198,2019-10-07,Chase Whale,False,,rotten,ChaseWhale.com,A derivative movie that exploits mental illness and violence,NEGATIVE,https://www.chasewhale.com/film/joker
once_upon_a_time_in_hollywood,2615923,2019-08-15,Clarisse Loughrey,True,3/5,fresh,Independent (UK),It's an unharmonious clash between two separate ideas: the director's personal anxieties and the real story of the end of the 1960s.,POSITIVE,https://www.independent.co.uk/arts-entertainment/films/reviews/once-upon-time-hollywood-quentin-tarantino-review-cast-brad-pitt-leonardo-dicaprio-a9056556.html
ant_man_and_the_wasp,2487088,2018-06-27,Peter Travers,True,3/4,fresh,Rolling Stone,The thrill of the film is watching Ant-Man and the Wasp team up and raise hell together.,POSITIVE,https://www.rollingstone.com/movies/reviews/ant-man-and-the-wasp-movies-review-marvel-w521926
taken_3,2241651,2015-01-09,Claudia Puig,True,1.5/4,rotten,USA Today,"If you've seen Taken or Taken 2, you've already been taken, and there's not much different here.",NEGATIVE,http://www.usatoday.com/story/life/movies/2015/01/09/taken-3-review/21486979/
solo_a_star_wars_story,102723923,2022-08-25,Keith Garlington,False,4/5,fresh,Keith & the Movies,Howard&#44; Ehrenreich&#44; and company craft a fun and compelling romp that carefully walks the line between Star Wars fan service and old-school action&#47;adventure&#46;,POSITIVE,https://keithandthemovies.com/2018/05/29/review-solo-a-star-wars-story/
booksmart,2591957,2019-05-30,Tim Stevens,False,,fresh,Comicsverse,BOOKSMART is a strong directorial debut for Olivia Wilde and another entry in the ever-expanding canon of smart films about teens on the edge of evolving and growing up.,POSITIVE,https://comicsverse.com/booksmart-gender-swapped-superbad/
nope,102711533,2022-07-22,Anthony Lane,True,,fresh,New Yorker,"Like “Get Out” and “Us,” it is another resourceful meditation on fear and wonder—errant at times, yet strewn with frights and ever alert to the threat of racial hostility.",POSITIVE,https://www.newyorker.com/magazine/2022/08/01/nope-is-a-wild-but-self-aware-mashup-of-sci-fi-and-westerns
the_irishman,2647328,2019-11-20,Alonso Díaz de la Vega,False,,fresh,El Universal,Scorsese uses references to integrate with his protagonist and offer us an expressive image of himself in old age. [Full Review in Spanish],POSITIVE,https://www.eluniversal.com.mx/opinion/alonso-diaz-de-la-vega/el-irlandes-o-la-proximidad-del-silencio
black_panther_2018,2479739,2018-05-21,Annalee Newitz,False,,fresh,Ars Technica,"Thanks to this smart, deftly told yarn, we get satisfying and complex answers. And we're left wanting more.",POSITIVE,https://arstechnica.com/gaming/2018/02/black-panther-reinvents-the-superhero-origin-story-in-a-profound-way/
guardians_of_the_galaxy_vol_2,2393066,2017-05-10,Marija Djurovic,False,3.5/5,fresh,Cairo360,"The story, although slightly disjointed this time around, manages to offer up plenty of cosmic whimsy, zany humour and an excellent lead cast that keeps this action-packed sci-fi space-opera very much alive.",POSITIVE,https://www.cairo360.com/article/film/guardians-of-the-galaxy-vol-2-a-far-from-perfect-sequel-but-still-one-of-marvels-best/
no_time_to_die_2021,2836364,2021-11-01,Alex Hudson,False,7/10,fresh,Exclaim!,"While it's not perfect, it's a thoroughly enjoyable send-off for Craig's final turn as 007.",POSITIVE,https://exclaim.ca/film/article/no_time_to_die_james_bond_daniel_craig_film_review
the_lion_king_2019,2604483,2019-07-12,Jamie East,False,5/5,fresh,The Sun (UK),The quintessential Disney movie presented to you in industry defining clarity. A game-changer.,POSITIVE,https://www.thesun.co.uk/tvandshowbiz/9487629/the-lion-king-review-jamie-east/
thor_love_and_thunder,102707942,2022-07-11,Victoria Alexander,False,,rotten,FilmsInReview.com,Thor has been emasculated and is a co-star in his movie&#46; It&#8217;s rote work for Hemsworth&#46;,NEGATIVE,https://www.filmsinreview.com/post/thor-love-and-thunder
mission_impossible_fallout,2499778,2018-08-22,Lisa Johnson Mandell,False,,rotten,AtHomeInHollywood.com,Even the plot is lackluster. Couldn't writer/director Christopher McQuarrie have come up with something a little more original than the tired old stolen plutonium schtick?,NEGATIVE,https://athomeinhollywood.com/2018/07/26/mission-impossible-fallout-review/
blackkklansman,2525372,2018-10-31,Cameron Frew,False,4/5,fresh,FrewFilm,"Say what you want about the film, but the crux of it is this - Lee is furious, and you should be too.",POSITIVE,https://frewfilm.com/2018/08/21/blackkklansman-2018-review/
jojo_rabbit,2699701,2020-06-27,Yasser Medina,False,7/10,fresh,Cinemaficionados,"It's a fabulous satire on World War II that moves me when it condemns hatred and dehumanization in times of belligerence to celebrate love, friendship, and rediscovery. [Full review in Spanish]",POSITIVE,https://www.cinemaficionados.com/2020/01/critica-pelicula-jojo-rabbit-2019.html
taken_3,2241147,2015-01-06,Robbie Collin,True,1/5,rotten,Daily Telegraph (UK),No obvious connection to Takens passim other than its focus on a middle-aged man who'll punch or shoot anyone with a Slavic accent.,NEGATIVE,http://www.telegraph.co.uk/culture/film/filmreviews/11326925/Taken-3-review-a-tragedy.html
joker_2019,2632686,2019-10-04,Tatat Bunnag,False,,fresh,Bangkok Post,"By the time the movie is over, you will find yourself fully invested and ready to watch his journey continue. Well, if there's ever another one.",POSITIVE,https://www.bangkokpost.com/life/arts-and-entertainment/1764649/this-joker-is-no-laughing-matter
the_batman,102665616,2022-03-08,Noëlle D. Lilley,True,,fresh,Chicago Reader,Robert Pattinson shuts all his haters up with a vulnerable and terrifying performance in Matt Reeves’s The Batman.,POSITIVE,https://chicagoreader.com/film/the-batman/
la_la_land,2371891,2017-01-09,Ian Freer,True,5/5,fresh,Empire Magazine,"Audacious, retro, funny and heartfelt, La La Land is the latest great musical for people who don't like musicals - and will slap a mile-wide smile across the most miserable of faces.",POSITIVE,http://www.empireonline.com/movies/la-la-land/review/
28_days_later,1168937,2003-06-26,Erich Scholz,False,9/10,fresh,Citysearch,"Filmgoers may debate its allegory and sexual politics, but 28 Days Later is the real deal: a scary flick for uncertain times.",POSITIVE,http://newyork.citysearch.com/review/35162101/editorial?cslink=cs_movies_2_1
jurassic_world_fallen_kingdom,2482427,2018-06-05,Rafer Guzman,True,3/4,fresh,Newsday,Fallen Kingdom sticks to the series' dependable template.,POSITIVE,https://www.newsday.com/entertainment/movies/jurassic-world-fallen-kingdom-review-1.18986121
spider_man_far_from_home,2602762,2019-07-06,Rachel Wagner,False,4/10,rotten,rachelsreviews.net,"I enjoyed Tom Holland as Spider-Man...and Zendaya as MJ but unfortunately I did not like the villain plot...I found it convoluted, predictable and dull",NEGATIVE,https://rachelsreviews.net/2019/07/06/current-mini-reviews-22/
black_panther_2018,2459004,2018-02-20,Felix Vasquez Jr.,False,,fresh,Cinema Crazed,"Centers its narrative not on superheroes, but on family, the sins of our fathers, and the flawed heroes they can be.",POSITIVE,http://cinema-crazed.com/blog/2018/02/19/black-panther-2018/
spider_man_homecoming,2596132,2019-06-11,Tony Asankomah,False,8/10,fresh,GhMovieFreak,If you loved seeing Tom Holland as Spider-Man in Civil War then you would love him even more in this film. The film puts an entirely new twist to the Spiderman franchise we know.,POSITIVE,http://www.ghmoviefreak.com/movie-review-spider-man-homecoming-marvels-cinematic-universe-new-suits-abraham-attah/
skyfall,2321587,2016-04-17,J. Olson,False,3/5,fresh,Cinemixtape,"James Bond has been relegated to cinematic stupidity before, but demoting the character to this degree of slightness is even more deflating.",POSITIVE,http://www.cinemixtape.com/movie-reviews/skyfall/
joker_2019,2630234,2019-09-27,Mick LaSalle,True,3/4,fresh,San Francisco Chronicle,"It's a very good movie, and it features a blood-curdling performance from Joaquin Phoenix, in the most frightening portrayal of a violent maniac in decades.",POSITIVE,https://datebook.sfchronicle.com/movies-tv/review-in-joker-joaquin-phoenix-gives-the-most-frightening-portrayal-of-a-maniac-in-decades
alien_covenant,2394142,2017-05-17,Dann Gire,False,3.5/4,fresh,Chicago Daily Herald,"Nobody comes to see Alien: Covenant for surprises of the pleasant sort. The unpleasant ones come at us with such intensity that in this space, everyone really can hear you scream.",POSITIVE,http://www.dailyherald.com/entlife/20170517/covenant-returns-alien-franchise-to-pure-sci-fi-horror-origins
thor_ragnarok_2017,2446576,2017-12-29,Chris Evangelista,False,,fresh,Slashfilm,"Where does Thor: Ragnarok fit into the ever-growing ranking of the MCU? Somewhere in the middle. It's funny enough, colorful enough, and entertaining enough to strike a chord, but it's ultimately hollow.",POSITIVE,http://www.slashfilm.com/thor-ragnarok-spoiler-review/
a_star_is_born_2018,2506076,2018-08-31,Mara Reinstein,True,3/4,fresh,Us Weekly,"A Star Is Born tries very, very hard to be the most emotional movie of 2018. I'm not convinced it wins on that front, but I can say it gets the prize for most hysterical melodrama. Take it as a compliment.",POSITIVE,https://www.usmagazine.com/entertainment/news/lady-gaga-dazzles-in-a-star-is-born-early-review/
black_panther_2018,2460409,2018-02-24,Lee Jutton,False,,fresh,Film Inquiry,"The majority of moviegoers want to see films led by strong, intelligent characters that are more diverse than just heterosexual white men, especially when they are as thoughtfully and beautifully made as this one.",POSITIVE,https://www.filminquiry.com/black-panther-2018-review/
2012,1854848,2009-11-12,Jeffrey Westhoff,False,1/4,rotten,"Northwest Herald (Crystal Lake, IL)","Emmerich, Bay and their brethren need to learn how boring these CGI onslaughts have become. When we see 18 skyscrapers collapse and several dozen vehicles wreck at the same moment, what do we focus on?",NEGATIVE,
the_front_runner_2018,2509376,2018-09-11,Adam Nayman,True,,rotten,Cinema Scope,"Reitman mistakes glibly cornering all sides of the argument for complexity, on top of which some unfortunate writing and directing decisions make it seem like Hart was more of a victim.",NEGATIVE,http://cinema-scope.com/cinema-scope-online/nayman-reitman-redux/
wonder_woman_2017,2397436,2017-06-01,Charles Koplinski,False,3.5/4.0,fresh,Illinois Times,"Gadot's contribution to the film cannot be understated. She brings a sense of innocence and conviction to the role that's reminiscent of Christopher Reeve's approach to the Man of Steel in ""Superman: The Movie.""",POSITIVE,http://www.news-gazette.com/arts-entertainment/local/2017-06-01/chuck-koplinski-latest-dc-film-wonder-behold.html
the_batman,102662387,2022-02-28,Jake Cole,True,3.5/4,fresh,Slant Magazine,"The film stands apart for thoughtfully suggesting that Batman might actually one day make Gotham a better place, and not merely a safer one.",POSITIVE,https://www.slantmagazine.com/film/the-batman-review-robert-pattinson-matt-reeves/
captain_marvel,2564776,2019-03-07,Hope Madden,False,3.5,fresh,Columbus Underground,"Captain Marvel is anchored by even more unabashed girl power, managing to stand strong alone while whetting your appetite for what comes next.",POSITIVE,http://maddwolf.com/new-in-theaters/just-a-girl/#sthash.kf0BuOQA.dpbs
batman_v_superman_dawn_of_justice,2316339,2016-03-23,Chris Hewitt,False,2/4,rotten,St. Paul Pioneer Press,I'm inclined to think that large and loud Batman v Superman is what happens when no limits are placed on a project.,NEGATIVE,http://www.twincities.com/2016/03/23/batman-v-superman-review/
parasite_2019,2638808,2019-10-24,Richard Whittaker,True,4/5,fresh,Austin Chronicle,"The entire cast is prepared to make the family unlikable at some level, but this should be a starmaking turn for Park So-dam. Her performance as Ki-jeong and her alter ego, Jessica the art student from Chicago, is raw, caustic genius.",POSITIVE,https://www.austinchronicle.com/events/film/2019-10-25/parasite/
black_widow_2021,2801933,2021-06-29,Lupe Rodriguez Haas,False,B,fresh,CineMovie.tv,"Florence Pugh and Scarlet Johansson's relationship is the heart of the story. David Harbour is thoroughly enjoyable. While not a perfect film, it's a bittersweet feeling watching Scarlett's run as Natasha Romanoff coming to a final end in the MCU.",POSITIVE,https://cinemovie.tv/New-Reviews/Black-Widow-Movie-Review-A-Bittersweet-Ending-To-Natasha-Romanoff
taken_3,2241537,2015-01-09,Alonso Duralde,True,,rotten,TheWrap,"Mgaton and editors Audrey Simonaud and Nicolas Trembasiewicz take every fist-fight, shoot-out and highway chase and shred them into milliseconds of mismatched visual information like something out of a latter-day Godard movie.",NEGATIVE,http://www.thewrap.com/taken-3-review-liam-neeson-forest-whitaker-famke-janssen/
mad_max_fury_road,2261510,2015-05-12,Geoffrey Macnab,True,4/5,fresh,Independent (UK),"This is the post-apocalyptic movie to end all post-apocalyptic movies. There is even more dust, rust and decay here than in the original films. The credits themselves are in molten red lettering.",POSITIVE,http://www.independent.co.uk/arts-entertainment/films/reviews/mad-max-fury-road-cannes-film-festival-2015-movie-review-charlize-therons-furiosa-is-every-bit-as-mad-and-bad-as-max-10242492.html
parasite_2019,2634751,2019-10-11,Joe Morgenstern,True,,fresh,Wall Street Journal,"Imagine a high-wire act where the acrobat suddenly leaps to a higher wire, then to another that's higher still. It's the best way I can think of to describe the giddy thrill of watching Parasite, a masterpiece of serial surprises.",POSITIVE,https://www.wsj.com/articles/parasite-review-the-pleasures-and-perils-of-a-multilevel-home-11570740709
thor_ragnarok_2017,2432993,2017-11-03,Tony Norman,False,3/4,fresh,Pittsburgh Post-Gazette,Director Taika Waititi has a predilection for comedy that comes through in practically every scene.,POSITIVE,http://www.post-gazette.com/ae/movies/2017/11/03/Thor-Ragnarok-review-Chris-Hemsworth-Cate-Blanchett/stories/201711030054
spider_man_far_from_home,2601463,2019-07-01,Shana O'Neil,False,4/5,fresh,Hypable,"Spider-Man: Far From Home wants to dazzle you with action and effects, but the first post-Endgame Marvel movie is at its best when it shows its heart.",POSITIVE,https://www.hypable.com/spider-man-far-from-home-review/
a_star_is_born_2018,2691294,2020-05-20,Andrew Galdi,False,,fresh,Movie Bitches,It's a really good movie. I was impressed.,POSITIVE,https://www.youtube.com/watch?v=jl77s0Mi6b8&list=PLfilE8-llLwwbmf5ou2TqNk1azRZLyBWQ&index=60
solo_a_star_wars_story,2478053,2018-05-15,Angie Han,True,,fresh,Mashable,"Rather than try to mimic Ford's work beat-for-beat, Ehrenreich has found a way to make the role his own, and in doing so to show us this familiar character from a fresh perspective.",POSITIVE,https://mashable.com/2018/05/15/solo-a-star-wars-story-review-spoiler-free/#NC6jcEPuGiq6
star_wars_the_rise_of_skywalker,2654366,2019-12-18,Michael Roffman,False,B+,fresh,Consequence,"The Rise of Skywalker is a monumental feat for J.J. Abrams, whose impossible trench run should be seen as a remarkable save by Disney.",POSITIVE,https://consequenceofsound.net/2019/12/film-review-star-wars-the-rise-of-skywalker/
wonder_woman_2017,2814116,2021-08-16,Matt Brunson,False,3.5/4,fresh,Film Frenzy,Wonder Woman is the right movie at the right time -- and for all the right reasons.,POSITIVE,https://thefilmfrenzy.com/2017/06/02/wonder-woman-a-marvel-of-a-movie/
dune_2021,2837358,2021-11-04,Marie Asner,False,4/5,fresh,Phantom Tollbooth,Dune is an exotic thriller taking new and older fans into a world of imagination.,POSITIVE,http://www.tollbooth.org/index.php/current-issue/movie-reviews/2715-dune
taken_3,2242710,2015-01-16,Philippa Hawker,True,2/5,rotten,The Age (Australia),"There's something sluggishly formulaic about the rollout of smackdowns, chase scenes and general mayhem involving wrecked cars. And a plot point involving warm bagels is downright ludicrous.",NEGATIVE,http://www.smh.com.au/entertainment/movies/taken-3-review-liam-neeson-debonair-but-lukewarm-action-and-warm-bagels-leave-you-cold-20150107-12jael.html
avengers_endgame,2597003,2019-06-14,Michael Wood,False,,fresh,London Review of Books,"The late unsuperness of our heroes may be a real guide, a source of hope rather than disappointment.",POSITIVE,https://www.lrb.co.uk/v41/n11/michael-wood/at-the-movies
top_gun_maverick,102699205,2022-06-11,Ross Anthony,False,3/4,fresh,Hollywood Report Card,Cheesy at times and faulted&#44; but absolutely exhilarating and emotionally moving&#46; A marvelous &quot;in theatre&quot; movie experience&#46;,POSITIVE,http://www.rossanthony.com/T/topgunmaverick.shtml
black_panther_2018,2458742,2018-02-17,Roe McDermott,False,,fresh,Hot Press,"A masterful, entertaining and brilliantly smart Marvel instalment, Black Panther is the superhero film we need right now. We may not deserve it.",POSITIVE,http://www.hotpress.com/features/filmreviews/Film-Review-iBlack-Pantheri/21795663.html
mad_max_fury_road,2261315,2015-05-11,Mike Ryan,False,8/10,fresh,Uproxx,"Mad Max: Fury Road is like watching a non-stop, two-hour-long action-packed trailer ... Watching Mad Max: Fury Road is like watching the circus.",POSITIVE,http://uproxx.com/movies/2015/05/mad-max-fury-road-review/
dunkirk_2017,2452632,2018-01-25,Jeremy Jahns,False,,rotten,JeremyJahns.com,"Dunkirk looked great, had some scenes of intensity that I enjoyed...but, in the end, the movie was slow, very ambitious but very unfocused.",NEGATIVE,https://www.youtube.com/watch?v=OS0K_dwdZU0
taken_3,2242314,2015-01-15,Tomris Laffly,True,1/4,rotten,Movie Mezzanine,"The utterly asinine, clich-ridden, and aimless Taken 3 is so inept on every level...",NEGATIVE,http://moviemezzanine.com/taken-3-review/
a_star_is_born_2018,2522529,2018-10-25,Amelia Navascues,False,3/5,fresh,Triple J,Bradley Cooper's modern reworking is passable enough to keep you entertained.,POSITIVE,https://www.abc.net.au/triplej/screen-queen/movie-review-a-star-is-born/10419688
ant_man_and_the_wasp_quantumania,102782018,2023-02-23,Alejandra Martinez,False,2.5/5,rotten,We Got This Covered,&apos;Ant-Man and the Wasp&#58; Quantumania&apos; is the weirdest&#44; most fun movie of the three&#46; Yet&#44; it&apos;s bogged down by serving as another stepping stone on the road to Marvel&apos;s Multiverse Saga&#46;,NEGATIVE,https://wegotthiscovered.com/reviews/quantumania-has-fun-until-it-doesnt/
toy_story_4,2599143,2019-06-21,Gary Wolcott,False,2.5/5,rotten,"KXL-FM (Portland, OR)",People that fell in love with the franchise as kids are now in their 30s and 40s. The series has grown up with them. That's what's mostly wrong here. Toys ought not grow up.,NEGATIVE,https://www.kxl.com/toy-story-4/
taken_3,2241493,2015-01-08,Geoffrey Macnab,True,2/5,rotten,Independent (UK),What is laughable here is the extraordinarily clunky way in which the screenplay (co-written by the film's producer Luc Besson) combines family melodrama with random chases and fights.,NEGATIVE,http://www.independent.co.uk/arts-entertainment/films/reviews/taken-3--movie-review-this-laughable-action-film-starring-liam-neeson-suffers-from-a-preposterous-plotline-9961976.html
joker_2019,2631514,2019-10-02,Sheraz Farooqi,False,5/5,fresh,CinemaDebate,"Headlined by Joaquin Phoenix's spellbinding performance, Joker is uncomfortable, visceral and raw; setting a new standard of quality for all comic book-based films.",POSITIVE,https://comicbookdebate.com/2019/10/02/a-masterpiece-joker-elevates-comic-book-films-to-new-heights/
the_batman,102663060,2022-03-01,Randy Myers,True,3.5/4,fresh,San Jose Mercury News,"Even the doubters wondering if there’s anything more to say about Batman will find this reboot in a league of its own, even if Christopher Nolan’s trilogy remains hard to beat.",POSITIVE,https://www.mercurynews.com/2022/03/01/what-to-watch-this-batman-is-among-the-best-ever/
the_front_runner_2018,2530364,2018-11-08,Joe Morgenstern,True,,rotten,Wall Street Journal,"Given the profound currents and countercurrents that have transformed-and menaced-the news media in the last few years, this story plays like quaintly ancient history.",NEGATIVE,https://www.wsj.com/articles/the-front-runner-review-all-the-news-thats-unfit-1541714932
28_days_later,1168247,2003-06-23,Jim Lane,False,4/5,fresh,Sacramento News & Review,"Garland's script is taut and gritty, but it's not airtight; if Boyle gave us time to think, he'd lose us. Instead, he scares us (metaphorically) out of our wits.",POSITIVE,http://www.newsreview.com/sacramento/Content?oid=15309
star_wars_episode_vii_the_force_awakens,2585568,2019-05-10,Beth McDonough,False,A,fresh,The Babbling Blonde,[It's] an end product that caters to the generation who grew up with the original films and inspires them to fall in love with a series all over again while their kids discover it for the first time. The Force is strong with this one.,POSITIVE,https://www.babblingblonde.com/the-force-awakens-puts-the-property-in-safe-hands/
28_days_later,1162480,2003-06-13,Andrea Chase,False,4/5,fresh,Killer Movie Reviews,"Boyle, Garland, and a crack band of actors . . . effectively plunge us into a world where reason is gone, replaced by fear in all its ugly manifestations",POSITIVE,http://www.killermoviereviews.com/main.php?nextlink=display&dId=278
the_lion_king_2019,2609560,2019-07-29,Rene Sanchez,False,2/4,rotten,Cine Sin Fronteras,"Despite its impressive technical feats, The Lion King is a disappointing and hollow adaptation of Disney's animated classic. [Full Review in Spanish]",NEGATIVE,https://cinesinfronteras.com/2019/07/24/resena-the-lion-king-el-rey-leon-2019/
once_upon_a_time_in_hollywood,2625256,2019-09-12,William Venegas,False,4/5,fresh,La Nación (Costa Rica),"The good performances respond to the good character design, which is important in the mix of fantasy and reality. [Full Review in Spanish]",POSITIVE,https://www.nacion.com/viva/cine/critica-de-cine-erase-una-vez-en-hollywood/LD5FP6GLIRE4VCSJR6WCXXHUIY/story/
shazam,2570245,2019-03-24,Jared Mobarak,False,B,fresh,The Film Stage,Horror director David F. Sandberg is the perfect choice to bring this character to fruition because of these nightmarish themes.,POSITIVE,https://thefilmstage.com/reviews/review-shazam-is-a-gleeful-superhero-adventure/
snow_white_and_the_huntsman,2087251,2012-05-31,Michael Phillips,True,3/4,fresh,Chicago Tribune,"At its best, ""Snow White and the Huntsman"" feels less like a desperate blockbuster and more like a handmade object.",POSITIVE,"http://www.chicagotribune.com/entertainment/movies/sc-mov-0530-snow-white-huntsman-20120531,0,4589735.column"
deadpool_2,2479730,2018-05-21,Fred Topel,False,,rotten,We Live Entertainment,"The overall tone of sad mopey Deadpool makes the movie a bummer. Of all the Marvel characters, Deadpool is not the guy who can pull off gravitas. He should be the guy making fun of Peter Parker and Tony Stark for being so emo.",NEGATIVE,https://weliveentertainment.com/welivefilm/deadpool-2-spoiler-review-franchise-fred-disapproves-specifically/
2012,1854950,2009-11-12,Duane Dudek,False,1.5/4,rotten,Milwaukee Journal Sentinel,"There are fates worse than death, and 2012 is one of them.",NEGATIVE,http://www.jsonline.com/entertainment/movies/69866177.html
toy_story_4,2598960,2019-06-20,Kristen Lopez,True,,fresh,Culturess,Toy Story 4 lacks the heart and originality of the original trilogy but it remains a fun distraction with Woody and the gang.,POSITIVE,https://culturess.com/2019/06/20/toy-story-4-review-a-fun-adventure-with-the-gang/
avatar_the_way_of_water,102760579,2022-12-13,Owen Gleiberman,True,,rotten,Variety,The only part of me that was moved was my eyeballs.     ,NEGATIVE,https://variety.com/2022/film/reviews/avatar-the-way-of-water-review-james-cameron-zoe-saldana-sam-worthington-1235451995/?utm_source=dlvr.it&utm_medium=twitter
once_upon_a_time_in_hollywood,102659032,2022-02-18,David Gonzalez,False,4/4,fresh,The Cinematic Reel,In a world where franchises and reboots rule Hollywood&#44; Once Upon A Time in Hollywood is a breath of fresh air as it cements itself as one of the best films of 2019&#46;,POSITIVE,https://thecinematicreel.com/once-upon-a-time-in-hollywood-3/
taken_3,2241658,2015-01-09,Edward Douglas,False,3/10,rotten,ComingSoon.net,"This time around, the only thing getting taken is your money.",NEGATIVE,http://www.comingsoon.net/movies/reviews/397667-taken-3-review
star_wars_episode_vii_the_force_awakens,2299617,2015-12-16,Terri Schwartz,False,8.8/10,fresh,IGN Movies,"Star Wars: The Force Awakens is the movie it was promised to be, with great new characters, a respect for the original trilogy and a strong understanding of what makes this franchise click with fans.",POSITIVE,http://www.ign.com/articles/2015/12/16/star-wars-the-force-awakens-review
godzilla_vs_kong,2780486,2021-03-29,Fico Cangiano,False,3/5,fresh,CineXpress,Pure blockbuster fun! Watching these iconic titans duke it out on screen is a dream come true for fans. [Full review in Spanish],POSITIVE,https://cinexpresspr.com/site/2021/03/29/resena-godzilla-vs-kong/
knives_out,2625327,2019-09-12,Tasha Robinson,True,,fresh,The Verge,"It lacks Hitchcockian tension or Christie-level dignity, but it's funny, surprising, and intriguing in the way it flips the usual murder-mystery script.",POSITIVE,https://www.theverge.com/2019/9/12/20862276/knives-out-review-rian-johnson-last-jedi-brick-chris-evans-daniel-craig-jamie-lee-curtis
a_quiet_place_2018,2471637,2018-04-16,William Venegas,False,4/5,fresh,La Nación (Costa Rica),It works as a timely lesson for future filmmakers on the handling of silence in a film. [Full Review in Spanish],POSITIVE,https://www.nacion.com/viva/cine/critica-de-cine-un-lugar-en-silencio-en-el/3DNL7TBIORE4FCVA3I4DAMKNTM/story/
ready_player_one,2467926,2018-03-29,Jeanne Kaplan,False,,fresh,Kaplan vs. Kaplan,Popular songs from days gone by interspersed into the soundtrack will bring back a lot of memories for most. It's a tremendous feat by Spielberg.,POSITIVE,https://www.kaplanvskaplan.com/new-releases/ready-player-one/
captain_marvel,2566531,2019-03-12,Jane Hu,False,,rotten,The Ringer,"Marvel films should be allowed to be mediocre and confusing, but if you are invested in how Hollywood-and superhero franchises in particular-represents female characters, then the stakes of these films shift a little.",NEGATIVE,https://www.theringer.com/movies/2019/3/12/18262125/captain-marvel-movie-feminist-superhero-wonder-woman-black-panther
first_man,2504617,2018-08-29,Fionnuala Halligan,True,,fresh,Screen International,"It's a beautifully made film, with an impeccable lead performance from Ryan Gosling as the sober, sensitive astronaut. Yet it's also a film which takes elegant flight but stalls across its extended closing sequences.",POSITIVE,https://www.screendaily.com/reviews/first-man-venice-review/5132087.article
spider_man_far_from_home,2600570,2019-06-27,Jordan Farley,False,4/5,fresh,Total Film,Another home run for the MCU that puts Pete's responsibilities in a post-Iron Man world front and centre during a rib-tickling summer romance.,POSITIVE,https://www.gamesradar.com/spider-man-far-from-home-review/
knives_out,2656609,2019-12-27,James Kendrick,False,4/4,fresh,Q Network Film Desk,"a deliriously engrossing murder-mystery that wears its old-fashioned bona fides on its stylish, highly self-aware sleeve",POSITIVE,http://www.qnetwork.com/review/4204
wonder_woman_1984,2756080,2021-01-08,Leigh Paatsch,False,2.5/5,rotten,Herald Sun (Australia),"On and on this wonky, barely coherent tale goes, weakened further still by the wonky, barely expressive acting skills of Gadot.",NEGATIVE,https://www.heraldsun.com.au/lifestyle/smart/wonder-woman-1984s-a-far-from-super-sequel-superintelligence-a-smart-choice-croods-come-back/news-story/3f7789e0f333683ab7df91127cbb4c7b
taken_3,2606639,2019-07-18,Nicholas Bell,False,1/5,rotten,IONCINEMA.com,"Taken 3 ends as it began -- another segment in a bloated, lazily drawn cash cow that offers a few laughs and high octane chases.",NEGATIVE,https://www.ioncinema.com/reviews/taken-3-review
joker_2019,2632446,2019-10-04,Aaron Peterson,False,7/10,fresh,The Hollywood Outsider,Joker is a testament to the power of the right actor to elevate occasionally shaky material to a gold standard. Joaquin Phoenix's humanity-laden performance is the perfect mix of futility and fury.,POSITIVE,https://www.thehollywoodoutsider.com/joker-film-review/
moonlight_2016,2362747,2016-11-17,Richard von Busack,False,5/5,fresh,MetroActive,It's somehow hard to define great direction-it's easier to define its absence-but Jenkins is surely a great director. He's got it all and more.,POSITIVE,https://movietimes.com/movie-reviews/moonlight-2016
spider_man_far_from_home,2606349,2019-07-18,James Kendrick,False,3.5/4,fresh,Q Network Film Desk,"has an almost effortless buoyancy that is fueled by humor, action, and romanticism, often all at the same time",POSITIVE,http://www.qnetwork.com/review/4148
taken_3,2427175,2017-10-14,Sarah Marrs,False,,rotten,Lainey Gossip,Please don't bother with Taken 3. There's nothing redeemable about it.,NEGATIVE,http://www.laineygossip.com/Taken-3-Film-Review/34384
joker_2019,2637645,2019-10-21,Federico Furzan,False,4/4,fresh,Cinelipsis,A study of descent into primal levels of reaction. Forget about superheroes. There are none to be seen in this version of Gotham. [Full review in Spanish].,POSITIVE,https://cinelipsis.com/2019/10/21/critica-cine-joker-2019/
a_star_is_born_2018,2506077,2018-08-31,Jessica Kiang,True,B+,fresh,The Playlist,"A Star is Born features great performances all around, but the star that is truly born here is Bradley Cooper as a director.",POSITIVE,https://theplaylist.net/star-is-born-venice-review-20180831/
taken_3,2241669,2015-01-09,Kyle Anderson,True,B-,fresh,Entertainment Weekly,"It's the weakest of the trilogy, but Taken 3 kicks just hard enough to survive another day.",POSITIVE,"http://www.ew.com/ew/article/0,,20890354,00.html"
avengers_endgame,2579800,2019-04-23,Clint Worthington,False,,fresh,The Spool,"Endgame is the best possible love letter to the MCU one could muster, a big, sloppy kiss to its fans and the characters that made these movies so appealing in the first place.",POSITIVE,https://thespool.net/movies/2019/04/avengers-endgame-review/
2012,1855553,2009-11-14,Daniel M. Kimmel,False,3/5,fresh,North Shore Movies,"2012 is a fun ride, so long as you don't think about how silly it all is.",POSITIVE,http://northshoremovies.wordpress.com/2009/11/13/review-2012/
nope,102711470,2022-07-22,Russ Simmons,False,3/5,fresh,KKFI-FM (Kansas City),Jordan Peele&#8217;s ambitious and inventive sci-fi horror entry &#8220;Nope&#8221; is one part brilliant and three parts frustrating&#46;,POSITIVE,https://kkfi.org/program-episodes/freeze-frame-nope-r-the-gray-man-pg-13-alone-together-r/
captain_marvel,2563995,2019-03-05,Doug Jamieson,False,4/5,fresh,The Jam Report,"With an endearing heart that's impossible to resist and a glorious leading lady steering the ship, 'Captain Marvel' is an imperfect but supremely entertaining blast.",POSITIVE,https://thejamreport.com/2019/03/06/review-captain-marvel-is-an-imperfect-but-supremely-entertaining-blast/
dune_2021,2819809,2021-09-03,Brian Truitt,True,2.5/4,fresh,USA Today,"Even with its imperfections, ""Dune"" as an experience is awesome, with astounding special effects, great production design and a propulsive Hans Zimmer score.",POSITIVE,https://www.usatoday.com/story/entertainment/movies/2021/09/03/dune-review-denis-villeneuve-oscar-isaac-timothee-chalamet/5692511001/
dunkirk_2017,2517443,2018-10-11,Nguyên Lê,False,A+,fresh,InSession Film,A historical miracle [that is] now also a marvel of both the genre and contemporary cinema.,POSITIVE,http://insessionfilm.com/movie-review-dunkirk-christopher-nolan/
2012,1854919,2009-11-12,Stephen Whitty,True,2/4,rotten,Newark Star-Ledger,Actors say silly lines with deadly seriousness. Exposition is wielded like a sledgehammer. All you can do is grit your teeth and wait for the next wave of destruction.,NEGATIVE,http://www.nj.com/entertainment/tv/index.ssf/2009/11/2012_movie_review.html
blackkklansman,2552046,2019-01-28,Ernesto Diezmartinez,False,2.5/4,fresh,Cine Vértigo,"The militancy of Lee is more than obvious, but BlackKklansman is not a political-racial pamphlet. [Full review in Spanish]",POSITIVE,https://www.contrareplica.mx/nota-el-negro-del-clan201918145
glass_2019,2626020,2019-09-14,Lael Loewenstein,False,,rotten,FilmWeek (KPCC - NPR Los Angeles),Like a mosaic put together by a not-gifted preschooler. It just doesn't come together.,NEGATIVE,https://www.scpr.org/programs/filmweek/2019/01/18/64097/filmweek-glass-the-standoff-at-sparrow-creek-la-re/
solo_a_star_wars_story,2478047,2018-05-15,Peter Canavese,False,2.5/4,rotten,Groucho Reviews,"Like estimations of how many parsecs it takes to make the Kessel Run, your mileage may vary when it comes to Solo: A Star Wars Story.",NEGATIVE,http://www.grouchoreviews.com/reviews/5111
knives_out,2800992,2021-06-25,Yasmin Omar,False,4/5,fresh,Town & Country (UK),"Knives Out is a thoroughly satisfying murder mystery populated with well-drawn, idiosyncratic characters who collectively present a tapestry of modern America.",POSITIVE,https://www.townandcountrymag.com/uk/culture/entertainment/a29461265/knives-out-review/
taken_3,2242836,2015-01-16,Jim Schembri,False,0/5,rotten,3AW,"If, in the first 20 minutes of this dreck, you can't spot at least three plot holes big enough to drive a monster truck through, then you're probably on the phone.",NEGATIVE,http://tinyurl.com/mzjvkox
2012,1855484,2009-11-13,Christian Toto,False,2/4,rotten,What Would Toto Watch?,"2012 director Roland Emmerich never met a landmark he didn't want to crush with a digitized fireball, boulder or avalanche.",NEGATIVE,http://whatwouldtotowatch.com/2009/11/13/2012-earths-expiration-date-arrives/
joker_2019,2632273,2019-10-03,Luis Fernando Galván,False,4.5/5,fresh,En Filme,"Joker manages to modernize a character that is carved in the collective imagination by mixing the styles of New Hollywood with a current social criticism, dragging the viewer towards a vortex of emotional setbacks. [Full Review in Spanish]",POSITIVE,https://enfilme.com/resenas/en-pantalla/guason
toy_story_4,2598751,2019-06-20,Laura Clifford,False,A-,fresh,Reeling Reviews,"This fourth entry in a series...long recognized as dealing with love and mortality, is a spiritual allegory that finds Woody submitting to an 'organ transplant' to give new life to another before ascending to his own version of heaven.",POSITIVE,https://www.reelingreviews.com/toystory4.htm
dunkirk_2017,2405281,2017-07-18,Jeremy Aspinall,False,5/5,fresh,Radio Times,"Dunkirk the event may have been ""a colossal military disaster"" according to Churchill, but Dunkirk the movie is a glorious, breathtakingly vivid triumph from a director at the top of his game.",POSITIVE,http://www.radiotimes.com/news/2017-07-18/dunkirk-a-glorious-breathtaking-triumph-from-director-christopher-nolan
parasite_2019,2600326,2019-06-26,Tom Augustine,False,5/5,fresh,New Zealand Herald,"Parasite benefits from crisp, rich cinematography, a deep back-bench of brilliant performers, and a script of clockwork-like precision.",POSITIVE,https://www.nzherald.co.nz/entertainment/news/article.cfm?c_id=1501119&objectid=12241823
the_batman,102662392,2022-02-28,Josh Wilding,False,5/5,fresh,ComicBookMovie.com,"Delivering the definitive take on the Worlds Greatest Detective, The Batman is a sweeping, cinematic masterpiece thats both DCs best film and one of the most captivating, relentless, and unforgettable comic book movies ever made.",POSITIVE,https://comicbookmovie.com/batman/the_batman/the-batman-review-one-of-the-most-captivating-relentless-and-unforgettable-comic-book-movies-ever-made-a192404
la_la_land,2347785,2016-08-31,Todd McCarthy,True,,fresh,Hollywood Reporter,For Chazelle to be able to pull this off the way he has is something close to remarkable.,POSITIVE,http://www.hollywoodreporter.com/review/la-la-land-review-emma-924458
i_tonya,2456447,2018-02-08,Loren King,False,,fresh,Newport This Week (RI),"Surprisingly, ""I, Tonya"" works so well because writer Steve Rogers and director Craig Gillespie establish a winking, ironic, darkly devilish tone from the opening scene and never let go.",POSITIVE,http://www.newportthisweek.com/news/2018-02-08/Around_Town/I_Tonya_Seduces_with_Devilish_Glee.html
dune_2021,2833546,2021-10-21,Sean Burns,False,,fresh,WBUR’s Arts & Culture,"A gargantuan spectacle, pummeling viewers with visual splendor and a sound mix that feels like an assault. You don't watch 'Dune' so much as you surrender to it.",POSITIVE,https://www.wbur.org/news/2021/10/21/dune-film-review
taken_3,102708494,2022-07-13,Brian Eggert,False,1/4,rotten,Deep Focus Review,The movie spends more time on silly and predictable plot twists than relishing the minor joy of watching this actor kick butt&#46;,NEGATIVE,https://deepfocusreview.com/reviews/taken-3/
avatar_the_way_of_water,102761052,2022-12-14,Rachel Wagner,False,9/10,fresh,rachelsreviews.net,It truly was an astonishing cinematic experience I won&apos;t soon forget&#46;,POSITIVE,https://wp.me/p4VRGy-5xg
black_panther_2018,2455605,2018-02-06,Clay Cane,False,A,fresh,News One,"Innovative, intelligent and empowering. When I was younger, all we had was Billy Dee Williams in Star Wars. Black and brown children need a movie like Black Panther to boost their imagination and help them to dream the impossible.",POSITIVE,https://newsone.com/3772915/black-panther-review-the-women-of-wakanda-stole-the-movie/
dune_2021,2834158,2021-10-23,Ruth Maramis,False,4/5,fresh,FlixChatter Film Blog,"Villeneuve's vision of DUNE is filled with epic world building. But it's more than just feast for the eyes, it offers something thrilling & thought-provoking. Despite a few quibbles, the ending certainly make me wish we could see part II right away.",POSITIVE,https://flixchatter.net/2021/10/22/flixchatter-review-dune-2021/
logan_2017,2379494,2017-02-17,Matt Singer,True,7/10,fresh,ScreenCrush,Easily the best Wolverine movie.,POSITIVE,http://screencrush.com/logan-2017-movie-review/
ant_man_and_the_wasp,2487095,2018-06-27,Darren Franich,True,C+,rotten,Entertainment Weekly,This is one of those Marvel products peddling self-aware detachment as a defining narrative strategy...It feels less like a feature film than a meme somebody made about an Ant-Man trailer.,NEGATIVE,http://ew.com/movies/2018/06/27/ant-man-and-the-wasp-review/
a_quiet_place_2018,2469490,2018-04-05,Robert Denerstein,False,,fresh,Denerstein Unleashed,"A Quiet Place is the kind of movie that can cause a stir in audiences as everyone jumps, winces and exhales in unison. Enjoy.",POSITIVE,http://denersteinunleashed.blogspot.com/2018/04/yikes-truly-effective-chiller.html
spider_man_far_from_home,2603167,2019-07-08,Courtney Small,False,B,fresh,Cinema Axis,Watts does a wonderful job of visualizing the chaos and nightmarish paranoia that Mysterio's antics cause Spider-Man.,POSITIVE,https://cinemaaxis.com/2019/07/08/spider-man-far-from-home/
three_billboards_outside_ebbing_missouri,2433692,2017-11-07,Mara Reinstein,False,,fresh,MaraMovies.com,The narrative builds in admirably inventive and surprising ways. You'll have to see it twice just to appreciate it.,POSITIVE,http://maramovies.com/three-billboards-review/
mad_max_fury_road,2262007,2015-05-14,Jonathan Hatfull,False,5/5,fresh,SciFiNow,"Tom Hardy is perfectly cast as the leather-sporting, crazy-eyed Road Warrior, but the reason why Mad Max: Fury Road feels so right is simple: It's Miller's world, and he's taking us back.",POSITIVE,http://www.scifinow.co.uk/reviews/mad-max-fury-road-review-glorious-madness/
dunkirk_2017,2499302,2018-08-21,Glenn Heath Jr.,False,,fresh,San Diego CityBeat,"Much of Dunkirk is unforgettable, a relentless ode to minor human victories in the face of colossal national disaster.",POSITIVE,http://sdcitybeat.com/culture/film/the-resilient-sitting-ducks-of-%E2%80%98dunkirk%E2%80%99/
star_wars_episode_vii_the_force_awakens,2302525,2016-01-03,Jules Brenner,False,4/5,fresh,Cinema Signals,The creative team is to be commended for a franchise resurrection that catches the spirit of what knocked the socks off a prior generation of galactic film fans. Epic entertainment. Epic movie event.,POSITIVE,http://variagate.com/starwar7.htm?RT
cruella,2794132,2021-05-31,Andrew Kendall,False,,rotten,Stabroek News,"Despite gorgeous costuming, obligatory CGI displays, and relentless needle-drops in an overstuffed soundtrack, little in Cruella is earnest or inspired. It's eye-catching, but it's also incredibly empty.",NEGATIVE,https://www.stabroeknews.com/2021/05/30/sunday/reel-encounters/disneys-cruella-is-a-surface-level-thrill/
black_panther_2018,2800441,2021-06-24,Nicolás Delgadillo,False,,fresh,Discussing Film,It's a cultural phenomenon.,POSITIVE,https://discussingfilm.net/2018/04/24/to-infinity-black-panther/
aquaman_2018,2539629,2018-12-11,Linda Marric,True,4/5,fresh,HeyUGuys,"A star turn for Momoa, who leads the ridiculousness of this anarchic, campy superhero outing with serious energy and charm. Another promising move for the DCEU.",POSITIVE,https://www.heyuguys.com/aquaman-review/?fbclid=IwAR2tlACCGddVxVLl9ikAsltUVZ-59hdFyxnoUnqOlHE_4a0YuYTSNEzauMY
star_wars_the_last_jedi,2442371,2017-12-12,Ross Raihala,False,4/4,fresh,St. Paul Pioneer Press,"Disney found a true ""Star Wars"" champion in Johnson and I'm eager to see what he does when he's able to craft the next trilogy from scratch.",POSITIVE,http://www.twincities.com/2017/12/12/star-wars-the-last-jedi-review-rey-kylo-ren-snoke-luke-skywalker-theaters-spaceballs-force-awakens-porg/
avengers_infinity_war,2552891,2019-01-30,Emmanuel Noisette,False,9/10,fresh,The Movie Blog,"Personally, I think that most people will either like this movie or love it.",POSITIVE,http://www.themovieblog.com/2018/04/review-avengers-infinity-war/
ant_man_and_the_wasp_quantumania,102782769,2023-02-24,Emmanuel Báez,False,2.5/5,rotten,Cinéfiloz,A prologue that desperately seeks to make the irrelevant relevant. [Full review in Spanish],NEGATIVE,https://cinefiloz.com/critica-ant-man-and-the-wasp-quantumania/
captain_america_civil_war,2324005,2016-04-28,Tom Glasson,False,5/5,fresh,Concrete Playground,"Not only does Civil War eschew the dull trend of city-wide destruction, it bases its entire plot on the consequences of having caused all that ruin.",POSITIVE,http://concreteplayground.com/sydney/event/captain-america-civil-war/
doctor_strange_in_the_multiverse_of_madness,102700319,2022-06-15,Amanda the Jedi,False,3.5/5,fresh,Amanda the Jedi (Youtube),So nice of Wanda to make room for Doctor Strange in this Scarlet Witch movie ,POSITIVE,https://youtu.be/MuntbYttPcI
taken_3,2427877,2017-10-17,M. Faust,False,,rotten,The Public (Buffalo),"It's sad that audiences are lining up to throw money at this just a few months after largely ignoring Neeson in a pretty good crime thriller, A Walk Among the Tombstones.",NEGATIVE,http://www.dailypublic.com/articles/01112015/review-taken-3
dune_2021,2833691,2021-10-22,Avi Offer,False,4.84458/10,rotten,NYC Movie Guru,"A visually stunning, well-produced Spectacle, but it's overlong, anticlimactic and often dull.",NEGATIVE,http://nycmovieguru.com/oct22nd21.html#dune
black_widow_2021,2815870,2021-08-20,Hilary A White,False,,fresh,Sunday Independent (Ireland),A good day at the office for Marvel Studios.,POSITIVE,https://www.independent.ie/entertainment/movies/movie-reviews/black-widow-is-a-marvel-ofsisters-doing-it-for-themselves-40606108.html
taken_3,2241305,2015-01-07,Erin Free,False,,rotten,FILMINK (Australia),"In this third installment, it's the audience that gets taken...for its time, money, and intelligence.",NEGATIVE,
star_wars_the_rise_of_skywalker,102656103,2022-02-12,Carson Timar,False,,fresh,Filmotomy,"The Rise of Skywalker might play it safer than its predecessor, The Last Jedi, but it so effective in its messages that it connects and provides a more a very satisfying conclusion.",POSITIVE,https://filmotomy.com/film-review-star-wars-the-rise-of-skywalker/
captain_marvel,2566194,2019-03-11,Lauren Humphries-Brooks,False,,fresh,Citizen Dame,"Above all, Captain Marvel moves with a confidence that proclaims it has nothing to prove. The future of Marvel is female, and you can either accept that or get out of the way.",POSITIVE,https://citizendamepod.com/2019/03/11/review-captain-marvel-has-nothing-to-prove/
solo_a_star_wars_story,2525484,2018-10-31,PJ Nabarro,False,3/5,fresh,Patrick Nabarro,"It makes a welcome change from the overthought, gurning pretensions of the Abrams-Edwards-Johnson fanboy exercises, and catches something of the spirit of the original trilogy",POSITIVE,https://pnabarro.wordpress.com/2018/05/26/solo-a-star-wars-story/
avengers_infinity_war,2473253,2018-04-25,Angie Han,True,,fresh,Mashable,"Here, the special-ness comes from the pleasure of seeing all these larger-than-life personalities smashed together into one supersized adventure.",POSITIVE,https://mashable.com/2018/04/24/avengers-infinity-war-movie-review/#UCy6fbFL0kqG
dunkirk_2017,2786183,2021-04-27,Dan Brightmore,False,5/5,fresh,NME,"Packing heart, visual flair and the acting debut of a certain Harry Styles, war movies don't get more gripping than this Christopher Nolan epic.",POSITIVE,https://www.nme.com/reviews/dunkirk-film-review-christopher-nolan-harry-styles-2112631
taken_3,2241619,2015-01-09,Bilge Ebiri,True,,rotten,New York Magazine/Vulture,"The concept is lame, and the execution is lame, too. The more the film advances, the less we care about the plot - or anything that happens to anybody, really.",NEGATIVE,http://www.vulture.com/2015/01/movie-review-taken-3.html
la_la_land,2502946,2018-08-27,Erik Anderson,False,4/4,fresh,AwardsWatch,"Chazelle has crafted a true modern day classic that reminds us of the power of possibility and of dreams, the belief in love and being in love. It's one of the very best films of the year.",POSITIVE,https://awardswatch.com/2016/10/06/review-la-la-land-ryan-gosling-emma-stone-damien-chazelle/
avengers_infinity_war,2473249,2018-04-25,Janire Zurbano,False,4.5/5,fresh,Cinemanía (Spain),The Russo brothers are the true superpower of the Marvel universe. [Full review in Spanish],POSITIVE,http://cinemania.elmundo.es/peliculas/vengadores-infinity-war/critica/
2012,1855500,2009-11-13,Gina Carbone,False,2.75/4,fresh,Seacoast Newspapers (NH/Maine),The Ron Jeremy of disaster porn.,POSITIVE,http://www.seacoastonline.com/articles/20091113-ENTERTAIN-911139965?nocache=1
marriage_story_2019,2707939,2020-07-24,Jason Fraley,False,3.5/4,fresh,"WTOP (Washington, D.C.)","Don't be fooled by the title. ""Marriage Story"" should be called ""Divorce Story."" That would better prepare you for the highly realistic, yet emotionally draining experience of Noah Baumbach's latest film.",POSITIVE,https://wtop.com/entertainment/2019/12/movie-review-marriage-story-is-a-profoundly-realistic-divorce-drama/
avengers_infinity_war,2484540,2018-06-14,Maria Sherman,False,,rotten,The Muse/Jezebel,There are too many characters in this movie for anyone to really summarize it in a cohesive manner.,NEGATIVE,https://themuse.jezebel.com/a-review-of-avengers-infinity-war-and-its-million-sup-1825670505
solo_a_star_wars_story,2478458,2018-05-16,Àngel Quintana,False,,rotten,Caimán Cuadernos de Cine,The rest is nothing more than a compendium of action scenes filmed in a pedestrian way and without inspiration. [Full review in Spanish],NEGATIVE,https://www.caimanediciones.es/cannes-2018-en-tiempo-real-la-opinion-de-la-critica/
black_panther_2018,2457781,2018-02-14,Michael Phillips,True,3.5/4,fresh,Chicago Tribune,"May Marvel learn its lesson from ""Black Panther"": When a movie like this ends up feeling both personal and vital, you've done something right.",POSITIVE,http://www.chicagotribune.com/entertainment/movies/ct-mov-black-panther-review-0216-story.html#nt=oft03a-1la1
ant_man_and_the_wasp_quantumania,102779968,2023-02-15,Neil Pond,False,2/5,rotten,Neil's Entertainment Picks,This supersized&#44; noisy and sometimes chaotic superhero adventure won&#8217;t be for everyone&#8212;particularly those who like their movies smaller&#44; quieter&#44; a bit more subtle and with less blowout spectacle&#44; and fewer ants&#46;,NEGATIVE,http://neilsentertainmentpicks.com/2023/02/15/ant-y-warfare/
promising_young_woman,2798961,2021-06-17,Beth Webb,False,4/5,fresh,NME,Fennell has delivered an aesthetically astute directorial debut that's packed with verve - and hides an important message just beneath its pastel-coloured shell.,POSITIVE,https://www.nme.com/reviews/film-reviews/promising-young-woman-review-carey-mulligan-2918862
rogue_one_a_star_wars_story,2367110,2016-12-13,Ann Hornaday,True,2.5/4,fresh,Washington Post,"""Rogue One"" represents an unobjectionable exercise in franchise extension. It's fine. It'll do. For now.",POSITIVE,https://www.washingtonpost.com/goingoutguide/movies/rogue-one-doesnt-offer-much-joy-but-star-wars-fans-will-enjoy-it-anyway/2016/12/13/6994a9c0-c143-11e6-9a51-cd56ea1c2bb7_story.html?utm_term=.668d1148a447
knives_out,2655611,2019-12-21,Víctor López G.,False,4.5/5,fresh,Espinof,An immense Daniel Craig puts the icing on top of the delicious cake that is the casting in the film. [Full review in Spanish],POSITIVE,https://www.espinof.com/criticas/punales-espalda-rian-johnson-deconstruye-murder-mystery-clasico-grandes-peliculas-2019
wonder_woman_2017,2688460,2020-05-07,Steven Prokopy,False,,fresh,Third Coast Review,"Judged on equal footing as all other superhero films, as it and all movies should be, this is a terrific action film, a sly take on gender politics of the early 1900s, and a wonderfully crafted antiwar picture.",POSITIVE,https://thirdcoastreview.com/2017/05/31/film-review-wonder-woman-a-long-overdue-icon-victoriously-takes-center-stage/
avengers_infinity_war,2473238,2018-04-25,Josh Spiegel,False,6/10,fresh,Slashfilm,"Infinity War, by design, feels like one half of a completed puzzle, with the other pieces strewn about waiting to be put together.",POSITIVE,http://www.slashfilm.com/avengers-infinity-war-review/
a_star_is_born_2018,2509104,2018-09-10,Bryan Bishop,False,,fresh,The Verge,"It's valid to ask whether a movie needs to be made a fourth time, but Cooper's fantastic, emotional film demonstrates how execution, style, and a modern point of view can make even the most familiar story fresh again.",POSITIVE,https://www.theverge.com/2018/9/10/17840204/a-star-is-born-movie-review-lady-gaga-bradley-cooper-tiff-2018
once_upon_a_time_in_hollywood,2629486,2019-09-25,Chris Agar,False,4/5,fresh,Screen Rant,"Bolstered by strong performances and immersive production design, Once Upon a Time in Hollywood is an introspective and rewarding film from Tarantino.",POSITIVE,https://screenrant.com/once-upon-time-hollywood-movie-reviews/
doctor_strange_in_the_multiverse_of_madness,102687402,2022-05-06,Kurt Loder,False,,rotten,Creators Syndicate,a bit of a fizzle,NEGATIVE,https://www.creators.com/read/screener/05/22/doctor-strange-in-the-multiverse-of-madness-everything-all-at-once
1193230-state_of_play,1813083,2009-04-16,Jolene Mendez,False,3/5,fresh,Entertainment Spectrum,"""State of Play"" turns in stellar performances, a winding plot and intriguing characters that make it an exhilarating thriller.",POSITIVE,http://www.joreviews.com/movies/state-of-play-sneak-peek
captain_marvel,102719989,2022-08-17,M.N. Miller,False,3.5/5,fresh,Ready Steady Cut,The MCU&#8217;s Captain Marvel is well-paced&#44; with a handful of moments of strategically placed humor&#44; is solidly acted from start to finish&#46;,POSITIVE,https://readysteadycut.com/2019/03/08/captain-marvel-film-review/
the_invisible_man_2020,2672866,2020-02-27,Bob Bloom,False,3/4,fresh,"Journal and Courier (Lafayette, IN)","Whannell makes a wise choice emphasizing the plight of Cecilia, rather than the tired old clichés of an invisible man running amok. It makes it easier for the audience to accept the premise and identify with Cecilia's situation.",POSITIVE,http://reelbob.com/2020/02/27/reelbob-the-invisible-man-&#9733;&#9733;&#9733;/
avengers_infinity_war,2528427,2018-11-05,Brian Gill,False,A,fresh,Mad About Movies Podcast,"It's still incomplete and next year's follow-up may change everything, but at the moment, it appears Marvel's ambitious opus, ten years in the making, has been worth the build-up.",POSITIVE,http://madaboutmoviespodcast.com/episodes/2018/4/30/avengers-infinity-war
parasite_2019,2669624,2020-02-14,Sheraz Farooqi,False,4/5,fresh,CinemaDebate,Parasite provides a potential turning point for international films in America. Bong Joon-Ho's mystery drama will capture the hearts and minds of audiences worldwide,POSITIVE,https://comicbookdebate.com/2020/02/10/parasite-a-game-changer-for-international-films/
wonder_woman_2017,2503925,2018-08-28,Akhil Arora,False,,fresh,Gadgets360,"Wonder Woman is far from a perfect film, but it's brave and smart enough to be granted a well-deserved sequel.",POSITIVE,https://gadgets.ndtv.com/entertainment/reviews/wonder-woman-review-1706963
thor_ragnarok_2017,2527139,2018-11-02,Ed Travis,False,,fresh,Cinapse,"Taiki Waititi inserted his skill set and unique perspective as a Maori, created a commercially viable and wildly consumable product, and made it all look easy.",POSITIVE,https://cinapse.co/thor-ragnarok-taika-waititi-makes-this-look-easy-b7094f09d99d
parasite_2019,2654524,2019-12-18,Frantz Jerome,False,,fresh,Black Nerd Problems,Parasite is a well-designed kick down the stairs that you cannot see coming. Rarely does a movie take you on the kind of trip this one does.,POSITIVE,https://blacknerdproblems.com/parasite-review/
blue_is_the_warmest_color,2186256,2014-02-04,Jonathan Kiefer,False,,fresh,SF Weekly,So here's another male hetero critic chiming in on the greatness of Blue Is the Warmest Color. I will at least keep it brief.,POSITIVE,http://blogs.sfweekly.com/exhibitionist/2013/11/the_language_of_desire_blue_is.php
joker_2019,2638459,2019-10-23,Shaun McMichael,False,8/10,fresh,PopMatters,"In its depiction of Fleck's quixotic descent, Joker is as much about the spectators as it is about its tragic spectacle.",POSITIVE,https://www.popmatters.com/todd-phillips-joker-2641075824.html?rebelltitem=1#rebelltitem1
the_revenant_2015,2505596,2018-08-30,Anne Brodie,False,5/5,fresh,What She Said,Iñárritu's powerfully visceral masterpiece seems impossibly real. Take a wrap; it feels like drowning in heavy ice and breathing glass shards.,POSITIVE,http://www.whatshesaidradio.com/what-she-said/the-revenant-movie-review-by-anne-brodie/
a_star_is_born_2018,2522962,2018-10-26,Chris Barsanti,False,,fresh,Medium,Every man here with a story is cloaked in some kind of misery.,POSITIVE,https://medium.com/eyes-wide-open/a-star-is-born-no-country-for-men-9b49bf821726
blackkklansman,2496422,2018-08-10,David Kaplan,False,,fresh,Kaplan vs. Kaplan,This stunningly powerful indictment of racism in America should be remembered as one of the best films of this --- or any other year.,POSITIVE,https://www.kaplanvskaplan.com/new-releases/blackkklansman/
midsommar,2601809,2019-07-02,Edward Douglas,False,7/10,fresh,The Weekend Warrior,"If your favorite part of Hereditary was its crazy ending and you didn't think it was crazy enough, then Midsommar is the movie for you!",POSITIVE,https://weekendwarriorblog.tumblr.com/post/186002817208/what-to-watch-this-weekend-july-4-2019?fbclid=IwAR1s6Rh69kyDZHiXaRHrWziCjdYF7u6KfvQf5isjzx6R1B7xMkGfI3ZJYzU
toy_story_4,2599671,2019-06-24,Luis Fernando Galván,False,4/5,fresh,En Filme,"The new film is a revelation because it does not pretend to imitate its predecessor, but manages to recover the spirit of the first film of 1995 to offer a new round of light comedy and vivid adventures. [Full review in Spanish]",POSITIVE,https://enfilme.com/en-cartelera/toy-story-4
joker_2019,2630992,2019-09-30,Donald Clarke,True,4/5,fresh,Irish Times,"We are here for a grim fairground ride and Joaquin Phoenix, whose title character kicks everything else into distant wings, spares no effort in keeping us diverted throughout.",POSITIVE,https://www.irishtimes.com/culture/film/joker-film-review-terrific-tear-out-the-follicles-acting-from-joaquin-phoenix-1.4035021
avengers_endgame,2579884,2019-04-23,Sharronda Williams,False,,fresh,Pay or Wait,Avengers Endgame is a beautiful and satisfying culmination of 22 films in the MCU. This film is not only monumental but a love letter to earth's mightiest heroes and its fans.,POSITIVE,https://www.youtube.com/watch?v=IDn0N98Zq8k&feature=youtu.be
ant_man_and_the_wasp_quantumania,102780792,2023-02-17,Christopher Lloyd,False,4/5,fresh,The Film Yap,The storytelling&apos;s a bit unmoored&#44; but Paul Rudd shines in a colorful cantina of weird alien creatures and Jonathan Majors gives a charismatic pathos to Kang the Conqueror&#46; Isn&apos;t it nice to have MCU movies that are just plain fun again&#63;,POSITIVE,https://filmyap.substack.com/p/the-av-room-indy-now-february-17
parasite_2019,2640858,2019-10-30,Hope Madden,False,5/5,fresh,Columbus Underground,"Every time you think you've pinned this film down-who's doing what to whom, who is or is not a parasite-you learn it was an impeccably executed sleight of hand.",POSITIVE,https://maddwolf.com/new-in-theaters/many-mansions-2/#sthash.GnpJ69yR.dpbs
avengers_endgame,2581062,2019-04-26,Kristian Harloff,False,4.4/5,fresh,Schmoes Know,"If you're a fan of these movies, I think you're going to be satisfied. It's a satisfying ending to this phase.",POSITIVE,https://www.youtube.com/watch?v=_QX7vU8PnAQ
ant_man_and_the_wasp,2488909,2018-07-05,Chris Newbould,False,3/5,fresh,The National (UAE),"It's as throwaway and silly as it sounds, and a welcome relief from the sombre air of other recent Marvel Cinematic Universe movies.",POSITIVE,https://www.thenational.ae/arts-culture/film/film-review-ant-man-and-the-wasp-is-fun-but-we-still-have-marvel-fatigue-1.747248
no_time_to_die_2021,2830246,2021-10-08,Ryan Syrek,False,D,rotten,"The Reader (Omaha, NE)",The only reason this isn't the most embarrassing thing Rami Malek has ever done is because he won an Oscar for a Bryan Singer movie.,NEGATIVE,https://thereader.com/film/no-time-to-die-review
first_man,2555747,2019-02-06,Carla Renata,False,6/10,rotten,The Curvy Film Critic,Damien Chazelle is master manipulator of cinema. He knows exactly what to do with a camera to make you feel like you are physically experiencing this film from the astronaut perspective directly from your set. It's cinematically beautiful,NEGATIVE,https://wp.me/p2v8yf-3oz
jurassic_world_fallen_kingdom,2482452,2018-06-05,Matt Singer,True,3/10,rotten,ScreenCrush,The only characters who behave rationally are the dinosaurs.,NEGATIVE,http://screencrush.com/jurassic-world-fallen-kingdom-review/
snow_white_and_the_huntsman,2087684,2012-06-01,Lisa Kennedy,True,2/4,rotten,Denver Post,"Only Bob Hoskins as the blind seer Muir comes close to making us care. We can almost glean Snow White's heroic possibilities through his clouded eyes. As much as we'd like to, we certainly can't from Stewart's efforts.",NEGATIVE,
dune_2021,2833535,2021-10-21,Mark Dujsik,False,2/4,rotten,Mark Reviews Movies,"Because of its thin characters and sparsely incomplete plot, the movie ... leaves little to care about and consider.",NEGATIVE,http://www.markreviewsmovies.com/reviews/D/dune-2021.htm
the_post,2502811,2018-08-27,Rendy Jones,False,4.5/5,fresh,Rendy Reviews,"Hanks is fantastic, Streep is stupendous, and Spielberg's direction is masterful.",POSITIVE,https://www.rendyreviews.com/movies//the-post-review
2012,2855184,2022-01-26,Danielle Solzman,False,,fresh,Solzy at the Movies,A good disaster thriller must contain both thrills and massive destruction--2012 has both in great quantity.,POSITIVE,http://www.solzyatthemovies.com/2022/01/26/2012-disaster-thriller-is-our-worst-nightmare/
spider_man_far_from_home,2605712,2019-07-16,Erick Estrada,False,,fresh,Cinegarage,One of the best coming-of-age comedies of the last few summers. [Full review in Spanish],POSITIVE,http://www.cinegarage.com/55474-spider-man-lejos-de-casa-critica/
a_star_is_born_2018,2552342,2019-01-29,Matthew Pejkovic,False,3.5/5,fresh,Matt's Movie Reviews,"Strong performances cannot overcome questionable storytelling in A Star is Born, a movie about love and fame in the music industry that just cannot sustain the power and melody of its wonderful opening bars.",POSITIVE,http://www.mattsmoviereviews.net/movie-critic-reviews/star-is-born-2018.html
ant_man_and_the_wasp_quantumania,102782396,2023-02-23,John Urbancich,False,2/5,rotten,JMuvies,Crawls instead of buzzes&#46;,NEGATIVE,https://jmuvies.blogspot.com/
birds_of_prey_2020,2667759,2020-02-07,Peter Sobczynski,False,4/5,fresh,eFilmCritic.com,"A film that is not nearly and transgressive or anarchistic as it clearly thinks it is, but which still packs enough charm and gleefully brutal go-girl insouciance to make for a reasonably winning entertainment.",POSITIVE,https://www.efilmcritic.com/review.php?movie=32996&reviewer=389
doctor_strange_in_the_multiverse_of_madness,102689407,2022-05-13,Robert Denerstein,False,,rotten,Denerstein Unleashed,"Out of such detritus, more Marvel movies likely will emerge. That's not magic; it's business-as-usual.",NEGATIVE,http://denersteinunleashed.blogspot.com/2022/05/dr-strange-vanishes-in-blur-of-action_01595575079.html
avengers_infinity_war,2554899,2019-02-05,Andrea Thompson,False,B+,fresh,Rebellious Magazine,"While the movie has all of the humor and wit that have become Marvel's trademark, this is also the darkest and most devastating onscreen offering they've ever given us.",POSITIVE,https://rebelliousmagazine.com/avengers-infinity-war-packs-as-many-feels-as-explosions/
parasite_2019,2635426,2019-10-13,Avi Offer,False,9.73889/10,fresh,NYC Movie Guru,"A triumph of directing, writing, cinematography and acting. It's destined to become an all-time classic that will be discussed and analyzed for many years to come. Believe the hype.",POSITIVE,http://nycmovieguru.com/oct11th19.html#parasite
a_star_is_born_2018,2588545,2019-05-21,Andrew Kendall,False,,fresh,Stabroek News,"Despite the way the middle of the film sags as it observes but never really engages with the industry, it knows the wisdom in returning to the small-scale humanity of Ally and Jackson for the end.",POSITIVE,https://www.stabroeknews.com/2018/features/reel-encounters/09/13/2018-toronto-international-film-festival-diary-tale-as-old-as-time/
blackkklansman,2693578,2020-06-01,David-Elijah Nahmod,False,,fresh,Bay Area Reporter,John David Washington is... an up-and-coming talent worth keeping an eye on.,POSITIVE,https://www.ebar.com/arts_&_culture/movies/263613
dune_2021,2819804,2021-09-03,Pete Hammond,False,,fresh,Deadline Hollywood Daily,Sweeping and spectacular...,POSITIVE,https://deadline.com/video/dune-movie-review-timothee-chalamet-denis-villeneuve/?utm_source=dlvr.it&utm_medium=twitter
blackkklansman,2480350,2018-05-24,Lawrence Garcia,False,,fresh,MUBI,The resounding indictment -- of both the left and right alike -- is unmistakable.,POSITIVE,https://mubi.com/notebook/posts/cannes-2018-correspondences-8-transportive-doublings-and-divisive-titles
captain_marvel,2566549,2019-03-12,Louisa Moore,False,2/5,rotten,Screen Zealots,Why praise a movie that panders (with a symbolic pat on the head) to the audience it is supposed to empower?,NEGATIVE,https://screenzealots.com/2019/03/12/captain-marvel/
taken_3,2240884,2015-01-05,Tom Clift,False,1/5,rotten,Concrete Playground,"Flailing handheld camerawork, frantic over-editing and claustrophobic close-ups make it basically impossible to distinguish Mills from his enemies, or to decipher the geography of a given scene.",NEGATIVE,http://concreteplayground.com/sydney/event/taken-3/
solo_a_star_wars_story,2480756,2018-05-25,Paul Chambers,False,B,fresh,Movie Chambers,"Considering its production history and the fact that most ""origin"" films are inherently blasé, ""Solo"" acquits itself quite nicely. Maybe it doesn't add a great deal to the mythology, but for fans of the space western genre, it's solid entertainment.",POSITIVE,http://www.moviechambers.com/2018/05/25/movie-review-solo-a-star-wars-story/
rogue_one_a_star_wars_story,2367384,2016-12-14,Frank Swietek,False,C+,rotten,One Guy's Opinion,"Efficiently made...but it comes across as an assembly-line product, an elaborate but fairly conventional action-adventure movie too dependent for its effect on references to earlier entries in the series.",NEGATIVE,http://www.oneguysopinion.com/rogue-one-a-star-wars-story/
spider_man_into_the_spider_verse,2539822,2018-12-12,Andrew Wyatt,False,A-,fresh,The Lens,"The deliriously fun, dimension-tripping Spider-Verse isn't just the best Spidey feature ever. It's one of the best superhero-comic films, full stop.",POSITIVE,https://www.cinemastlouis.org/lens/review-spider-man-into-spider-verse
ant_man_and_the_wasp_quantumania,102779962,2023-02-15,Maria Lattila,False,3/5,rotten,WhyNow (UK),Visually&#44; the film is messy and flat&#59; the CGI is shockingly poor and the action looks muddled&#46; At least Quantumania has one of the best casts in a Marvel film&#46;,NEGATIVE,https://whynow.co.uk/read/ant-man-and-the-wasp-quantumania-review
ant_man_and_the_wasp_quantumania,102780948,2023-02-17,David Gonzalez,False,3/5,fresh,The Cinematic Reel,Ant-Man and the Wasp&#58; Quantumania&#44;&#160;a film that blasts into a galaxy far&#44; far away&#46; While there are plenty of bumps on the journey&#44; it&apos;s hard not to be fully invested in Jonathan Majors&apos; magnetic presence and Paul Rudd&apos;s contagious charm&#46;,POSITIVE,https://thecinematicreel.com/ant-man-and-the-wasp-quantumania/
three_billboards_outside_ebbing_missouri,2510820,2018-09-15,Kimberly Pierce,False,4/5,fresh,Geek Girl Authority,"Three Billboards Outside of Ebbing, Missouri is an incredibly solid film. The strength of the talented ensemble will take the movie far.",POSITIVE,https://www.geekgirlauthority.com/movie-review-three-billboards-outside-ebbing-missouri/
suicide_squad_2016,2576876,2019-04-12,Rachel Wagner,False,C-,rotten,rachelsreviews.net,A definite skip.,NEGATIVE,https://rachelsreviews.net/2016/08/06/suicide-squad-review/
ant_man_and_the_wasp_quantumania,102784591,2023-03-02,Sameen Amer,False,2/5,rotten,The News International (Pakistan),"The whole thing seems to be built almost entirely on cliches and tropes, with no gravity, no sense of impact or consequence.",NEGATIVE,https://www.thenews.com.pk/tns/detail/1044136-in-the-picture
wonder_woman_2017,2397587,2017-06-02,Jenni Miller,False,4/5,fresh,Bust Magazine,"It means so much, especially in today's world, to watch a woman who is allowed to be naïve, curious, sensitive, and strong save the day.",POSITIVE,http://bust.com/movies/192981-wonder-woman-patty-jenkins.html
the_irishman,2630568,2019-09-28,Mike Ryan,False,9/10,fresh,Uproxx,The gang's all back for Martin Scorsese's The Irishman and it's phenomenal,POSITIVE,https://uproxx.com/entertainment/the-irishman-review-martin-scorsese/
la_la_land,2350942,2016-09-15,Oscar Uriel,False,4/5,fresh,Cinema Movil,A film with marvelous musical numbers and a bittersweet tone that sticks in the viewer's memory after leaving the movie theater. [Full review in Spanish],POSITIVE,http://www.cinemamovil.mx/tiff-2016-tercer-reporte-desde-el-festival-de-cine-de-toronto/
the_revenant_2015,2561040,2019-02-22,Bernard Boo,False,7.5/10,fresh,Way Too Indie,"Subtlety and thematic complexity aren't Iñárritu's strengths, so when The Revenant lets go of its ""big ideas"" and focuses on Glass' manhunt, things get really good.",POSITIVE,http://waytooindie.com/review/movie/the-revenant/
black_widow_2021,2804703,2021-07-10,Kevin Carr,False,4/4,fresh,Fat Guys at the Movies,"This has everything you want from a Marvel movie. It's got the action, it's got the scope, it's got the humor, it's got the irreverence, it has a good villain.",POSITIVE,https://www.fatguysatthemovies.com/episode-742-fat-widow/
thor_ragnarok_2017,2428780,2017-10-20,Emma Simmonds,False,4/5,fresh,The List,"If the Thor films have been a bit 'meh' thus far, by allowing Waititi room to do his genuinely eccentric thing, the 17th film in the Marvel Cinematic Universe might just be its best.",POSITIVE,https://film.list.co.uk/article/96682-thor-ragnarok/
star_wars_the_rise_of_skywalker,2656242,2019-12-24,Anthony Ray Bench,False,8/10,fresh,Film Threat,"It's a very messy movie, but I enjoyed it.",POSITIVE,https://filmthreat.com/reviews/star-wars-the-rise-of-skywalker-film-threat-staff-reviews/
taken_3,2241799,2015-01-09,Nicolas Rapold,True,,rotten,New York Times,"The logy screenplay, by Luc Besson and Robert Mark Kamen, sags under head-clutchingly banal dramatic scenes. Only Mr. Neeson's appeal somehow survives unscathed, perhaps the most impressive stunt of all.",NEGATIVE,http://www.nytimes.com/2015/01/10/movies/taken-3-starring-liam-neeson.html?partner=rss&emc=rss&_r=0
28_days_later,1162480,2003-06-13,Andrea Chase,False,4/5,fresh,Killer Movie Reviews,"Boyle, Garland, and a crack band of actors . . . effectively plunge us into a world where reason is gone, replaced by fear in all its ugly manifestations",POSITIVE,http://www.killermoviereviews.com/main.php?nextlink=display&dId=278
little_women_2019,2655593,2019-12-20,Amy Nicholson,True,,fresh,FilmWeek (KPCC - NPR Los Angeles),"I think Greta Gerwig has tapped into what she loved about Little Women as a kid, but made it feel really relevant. This movie tries really hard to say ""Little Women matters today,"" and I think it succeeds.",POSITIVE,https://www.scpr.org/programs/airtalk/2019/12/20/65182/filmweek-star-wars-the-rise-of-skywalker-little-wo/
moonlight_2016,2387487,2017-04-05,Giovanni Fazio,False,3/5,fresh,Japan Times,Moonlight is a pretty good film that has been embarrassingly over-hyped.,POSITIVE,http://www.japantimes.co.jp/culture/2017/04/05/films/film-reviews/moonlight-provides-two-parts-intrigue-one-part-tedium/#.WOUu9fkrIY0
jurassic_world_fallen_kingdom,2486089,2018-06-21,Calvin Wilson,True,3.5/4,fresh,St. Louis Post-Dispatch,"Another ""Jurassic"" flick wasn't necessary, but it's a fantastic ride all the same.",POSITIVE,https://www.stltoday.com/entertainment/movies/reviews/jurassic-sequel-is-a-fantastic-ride/article_b97bfca5-cf5c-533d-81a4-11aae0bd681c.html
black_widow_2021,2804879,2021-07-12,Travis Johnson,False,,fresh,Blunt Magazine,"A much more grounded, street-level kind of affair than the high-flying, universe-shaking antics we've grown accustomed to, and Shortland's character-first approach is a good fit for the material.",POSITIVE,https://www.bluntmag.com.au/film/black-widow-is-marvels-answer-to-jason-bourne/
the_batman,102663994,2022-03-03,Nick Johnston,False,,fresh,Vanyaland,"It’s the kind of superhero movie that, along with something like Spider-Verse, should be the standard-bearer for the genre going forward.",POSITIVE,https://vanyaland.com/2022/03/01/the-batman-spoiler-free-review/
avengers_infinity_war,2473218,2018-04-25,Bryan Bishop,False,,fresh,The Verge,"It pays off the emotional investment movie audiences have been making in these characters for years, sometimes in genuinely heart-wrenching ways.",POSITIVE,https://www.theverge.com/2018/4/24/17276030/avengers-infinity-war-review-marvel-iron-man
taken_3,2241268,2015-01-07,Damien Straker,False,1/5,rotten,Impulse Gamer,The Taken series is a right-wing male revenge fantasy and while we write these films off as silly and puerile they're influencing how Americans are seeing the world.,NEGATIVE,http://www.impulsegamer.com/taken-3-film-review/
stillwater_2020,2809918,2021-07-30,Peter Travers,True,,fresh,ABC News,"As a blunt-force Oklahoma oil rigger trying to save his daughter jailed in France for murder, Matt Damon gives an indelible, implosive performance in a deeply personal human drama disguised as a crime thriller.",POSITIVE,https://abcnews.go.com/GMA/Culture/review-stillwater-deeply-personal-human-drama-disguised-crime/story?id=79067692
avengers_endgame,2598048,2019-06-17,Wesley Lovell,False,3.5/4,fresh,Cinema Sight,"Better than it has any right to be, this post-apocalyptic superhero film has significantly more merits than demerits.",POSITIVE,http://www.cinemasight.com/review-avengers-endgame-2019/
solo_a_star_wars_story,2478087,2018-05-15,John Hazelton,False,,fresh,Screen International,"A fun, if lightweight space Western, made slightly serious by an equal rights - for humans, Wookiees, even droids - subtext.",POSITIVE,https://www.screendaily.com/reviews/solo-a-star-wars-story-review/5129270.article
2012,1854535,2009-11-09,Harvey S. Karten,False,C,rotten,Compuserve,Apocalypse new? No such luck: more like apocalypse same ol'.,NEGATIVE,http://community.compuserve.com/n/pfx/forum.aspx?tsn=1&nav=messages&webtag=ws-showbiz&tid=24006
the_lighthouse_2019,2637111,2019-10-18,Leigh Monson,False,,fresh,Birth.Movies.Death.,"The Lighthouse is persistently intense, emotionally nerve-wracking, unnervingly horny, and surprisingly funny at times.",POSITIVE,https://birthmoviesdeath.com/2019/10/18/the-lighthouse-review-reaching-to-the-heavens
wonder_woman_1984,2752201,2020-12-18,Emmanuel Báez,False,4.5/5,fresh,Cinéfiloz,A fantastic superhero movie in its own right. [Full review in Spanish],POSITIVE,https://www.cinefiloz.com/critica-mujer-maravilla-1984/
little_women_2019,2663989,2020-01-27,Luis Fernando Galván,False,4/5,fresh,En Filme,"Weaving reality, memory, and literary narrative is one of the most notable and captivating aspects of Little Women. [Full Review in Spanish]",POSITIVE,https://enfilme.com/en-cartelera/mujercitas
toy_story_4,2596738,2019-06-13,Alonso Duralde,True,,fresh,TheWrap,"Pixar could easily retire this series with a clean sweep of films that have been lovely to look at and moving and funny to watch. But if they can maintain this level of wonderful, keep 'em coming.",POSITIVE,https://www.thewrap.com/toy-story-4-film-review-2019-pixar-keanu-reeves/
glass_onion_a_knives_out_mystery,102767143,2023-01-06,Kip Mooney,False,A-,fresh,College Movie Review,&quot;One of the most purely pleasurable movies of the year&#46;&quot; ,POSITIVE,https://collegemoviereview.com/reviews/glass-onion-a-knives-out-mystery/
joker_2019,2622295,2019-09-05,Jack King,False,,fresh,GQ Magazine [UK],Much of what shouldn't work are sold in entirety by Phoenix's performance; if Joker ultimately proves anything it's that he's the best actor of his generation.,POSITIVE,https://www.gq-magazine.co.uk/culture/article/joker-review
taken_3,2241513,2015-01-08,Matt Prigge,False,2/5,rotten,Metro,"The kind of thing you give to Gary Busey, not the Oscar-nominated star of 'The Grey' (a masterpiece).",NEGATIVE,http://www.metro.us/entertainment/taken-3-is-short-on-liam-neeson-beatings-taking/zsJoai---6UttbF5YNW06/
black_widow_2021,2802316,2021-06-30,Leah Greenblatt,True,B+,fresh,Entertainment Weekly,"The fight choreography is impressively acrobatic, if mildly numbing, and the brisk globe-trotting (Norway, Morocco, a snowy Russian penal colony) can't be faulted.",POSITIVE,https://ew.com/movies/movie-reviews/black-widow-review/
taken_3,2241860,2015-01-11,Scott Nash,False,2.5/4,fresh,Three Movie Buffs,"Not as much fun as it should have been, but still enjoyable in its own cheesy way.",POSITIVE,http://www.threemoviebuffs.com/review/taken-3
the_irishman,2655948,2019-12-23,Steve Murray,False,,fresh,ArtsATL,Nothing [Scorcese's] done in a long time has been as good as The Irishman.,POSITIVE,https://www.artsatl.org/december-streaming-review-gift-yourself-with-marvelous-irishman-and-mrs-maisel/
deadpool_2,2481049,2018-05-29,Matthew Pejkovic,False,4/5,fresh,Matt's Movie Reviews,Successfully builds upon the formula of the first movie to make for a highly entertaining slab of bloodletting violence and gut-busting laughs.,POSITIVE,http://www.mattsmoviereviews.net/movie-critic-reviews/deadpool-2.html
ready_player_one,2526490,2018-11-01,Armond White,False,,rotten,National Review,A once-great filmmaker has taken on a new avatar less heroic than Parzival. It is the avatar of a pandering crowd-pleaser.,NEGATIVE,https://www.nationalreview.com/2018/03/movie-review-ready-player-one-spielberg-pleasing-escapism/
dune_2021,102666539,2022-03-10,Christina Newland,True,3/5,fresh,iNews.co.uk,Denis Villeneuve’s windswept epic is engrossing enough to maintain an audience with an intermission and a running time twice its length.,POSITIVE,https://inews.co.uk/culture/film/dune-review-timothee-chalamet-uk-release-date-cinemas-sequel-film-movie-1257620
top_gun_maverick,102688684,2022-05-12,David Ehrlich,True,A-,fresh,indieWire,"Kosinski may not be able to match Tony Scott’s formalist bravado, but he makes up for it with speed, clarity, and a moral imperative to push the limits of what seems possible.",POSITIVE,https://www.indiewire.com/2022/05/top-gun-maverick-review-1234723766
wonder_woman_2017,2397159,2017-05-31,Louise Keller,False,,fresh,Urban Cinefile,"It's a winner! Every bit the Amazonian warrior princess, Gal Gadot leaps onto the screen in a smartly written girls' own superhero adventure with an appealing mix of action, romance, humour and spectacular effects.",POSITIVE,http://www.urbancinefile.com.au/home/view.asp?a=22051&s=Reviews
get_out,2531705,2018-11-12,Sharronda Williams,False,,fresh,Pay or Wait,This film took me through every emotion and left me wanting more.,POSITIVE,http://payorwait.com/get-out-movie-review/
it_2017,2582978,2019-05-03,C.H. Newell,False,5/5,fresh,Father Son Holy Gore,"Watch this one in the dark. And you, too, will float.",POSITIVE,https://fathersonholygore.com/2017/09/09/let-it-frighten-you-until-you-float/
eternals,2844644,2021-12-07,Matthew Pejkovic,False,2/5,rotten,Matt's Movie Reviews,"The only thing ""super"" about Eternals is its ability to cure insomnia.",NEGATIVE,https://mattsmoviereviews.net/movie-critic-reviews/eternals.html
star_wars_the_last_jedi,2634598,2019-10-10,Linda and Al Lerner,False,,fresh,Movies and Shakers,"Get ready to buckle up for plenty of action, tension, twists and surprises in this second installment in the trilogy that picks up from The Force Awakens without missing a beat.",POSITIVE,https://moviesandshakers.com/star-wars-the-last-jedi/
elvis,102702358,2022-06-22,Don Shanahan,False,3/5,fresh,Every Movie Has a Lesson,Processing such delirium&#44; &quot;Elvis&quot; is an opus of exhaustion&#46; Luhrmann&#8217;s fever dream veers from campfire fable to therapy session and is as gaudy as its subject&#46;,POSITIVE,http://www.everymoviehasalesson.com/blog/2022/6/movie-review-elvis
top_gun_maverick,102688670,2022-05-12,Ross Bonaime,False,A,fresh,Collider,Top Gun&#58; Maverick improves upon the original in every conceivable way&#44; and does so in a way that might make this one of the greatest sequels ever made&#46; ,POSITIVE,https://collider.com/top-gun-maverick-review-tom-cruise-joseph-kosinski/
taken_3,2644654,2019-11-12,Brandon Davis,False,5.9/10,rotten,ComicBook.com,"Taken 3 delivers a stimulating and different story to the franchise, but combines it with unbelievable and poorly presented action sequences (however entertaining they may be).",NEGATIVE,https://comicbook.com/2015/01/09/taken-3-review-a-poorly-presented-plot-twisting-ride/
rogue_one_a_star_wars_story,2655780,2019-12-22,Alan French,False,4/4,fresh,Sunshine State Cineplex,"The visual splendor of Rogue One often gets ignored, but few images can haunt an audience like The Death Star coming up over the horizon.",POSITIVE,https://weboughtablog.com/2019/12/21/ranking-star-wars-4-rogue-one-brings-a-darker-edge-to-the-franchise/
taken_3,2321621,2016-04-17,J. Olson,False,3/5,fresh,Cinemixtape,"Its hilarious, mind-bendingly stupid climax is nearly worth the price of admission alone.",POSITIVE,http://www.cinemixtape.com/movie-reviews/taken-3/
logan_2017,2382574,2017-03-08,Rex Reed,True,1/4,rotten,Observer,Another expensive throwaway aimed at milking money out of people who still read comic books. Color it stupid.,NEGATIVE,http://observer.com/2017/03/logan-movie-review-hugh-jackman-patrick-stewart/
black_widow_2021,2803486,2021-07-05,Avi Offer,False,3.619125458/10,rotten,NYC Movie Guru,"A lethargic, clunky and overlong bore that's low on thrills, suspense and excitement.",NEGATIVE,http://nycmovieguru.com/july9th21.html#blackwidow
widows_2018,2522795,2018-10-31,Stephen Silver,False,4/5,fresh,Splice Today,"Successfully fusing two unlikely genres, it's both a traditional heist picture and a trenchant political and social commentary.&#8203; (Broad Street Review)",POSITIVE,https://www.broadstreetreview.com/film-tv/philadelphia-film-festival-2018-steve-mcqueen-widows
ant_man_and_the_wasp_quantumania,102780989,2023-02-17,Joe Lipsett,False,3/5,fresh,Queer.Horror.Movies.,Ant-Man and the Wasp&#58; Quantumania is a solid mid-tier MCU entry&#46; One simply wishes that the film didn&#8217;t exist principally to set-up the villain&#47;conflict for the rest of the Phase 5&#46; Did we really need a two hour film just to introduce Kang&#63;,POSITIVE,https://www.queerhorrormovies.com/ant-man-and-the-wasp-quantumania-exists-to-introduce-a-familiar-villain-review/
elvis,102764258,2022-12-26,Samuel Leggett Jr.,False,9.5/10,fresh,JVS Media & Productions/Team JVS,Elvis has one of the best lead performances this year from Austin Butler&#46; The singing&#44; the set design&#44; the recreation of iconic moments&#44; and the engaging performances are insane&#33; Hanks plays one of the most despising characters he&apos;s ever attempted also&#33;,POSITIVE,https://youtu.be/6pHp-N1vWes
a_star_is_born_2018,2514816,2018-10-03,Robert Daniels,True,3/4,fresh,812filmreviews,Cooper and Gaga both infuse an energy and authenticity within [their characters] that gives their blossoming relationship organic growth.,POSITIVE,https://812filmreviews.com/2018/10/03/a-star-is-born-nearly-hits-the-mark/
knives_out,2655740,2019-12-22,Linda Cook,False,3.5/4,fresh,"Quad City Times (Davenport, IA)","'Knives Out' is a sharp, funny whodunit.",POSITIVE,https://qctimes.com/entertainment/arts-and-theatre/review-knives-out-is-sharp-comedy-mystery-with-great-ensemble/article_e5759bd4-f351-5d0d-b206-842a6aecb21a.html
taken_3,2261673,2015-05-12,Sean Burns,False,,rotten,North Shore Movies,"Everyone involved with this picture should be embarrassed, and boy do they look it.",NEGATIVE,https://northshoremovies.wordpress.com/2015/01/09/review-taken-3/
nope,102714247,2022-08-01,Eileen Jones,False,,fresh,The Jacobin,"Writer-director Jordan Peele’s mysterious third film, Nope, draws on genre tropes from both alien invasion films and Westerns, but it ends up with something altogether original: a Hollywood spectacle about spectacle.",POSITIVE,https://jacobin.com/2022/07/jordan-peele-nope-daniel-kaluuya-sci-fi-wester
arrival_2016,2500039,2018-08-22,Pamela Powell,False,4/4,fresh,"Daily Journal (Kankakee, IL)","What I loved most about this film is the take-home message: Communication is vital and when we stop communicating, everything can be lost.",POSITIVE,https://www.daily-journal.com/life/entertainment/adams-is-out-of-this-world-in-arrival/article_5c5dcf37-2f21-53f9-b425-06cef6ff9e48.html
star_wars_the_last_jedi,2442285,2017-12-12,Joshua Yehl,False,9.7/10,fresh,IGN Movies,Star Wars: The Last Jedi is the quintessential Star Wars movie. It embraces everything in the franchise that came before while taking big risks to push the story into new and unexpected places.,POSITIVE,http://www.ign.com/articles/2017/12/12/star-wars-the-last-jedi-review
black_panther_2018,2455633,2018-02-06,Joelle Monique,False,,fresh,Polygon,"Played by Letitia Wright, Shuri is a revelation. Wright steals every scene with her bright smile and perfect comedic timing.",POSITIVE,https://www.polygon.com/2018/2/6/16974898/black-panther-review-marvel-movie
taken_3,2748201,2020-12-04,Mike Massie,False,6/10,fresh,Gone With The Twins,"Rather than jumping into unexplored territory, the film retreads several other prominent action movie staples.",POSITIVE,http://gonewiththetwins.com/new/taken-3-2015/
avengers_infinity_war,2473764,2018-04-26,Andrew Wright,False,,fresh,"The Stranger (Seattle, WA)","By the time Infinity War draws to its enigmatic whopper of a close, even viewers feeling burned out by the guys-in-long-underwear genre will find themselves eager for the sequel. Is it next summer yet?",POSITIVE,https://www.thestranger.com/film/2018/04/26/26100622/avengers-infinity-war-is-finally-here-and-its-goddamned-enormous
avengers_infinity_war,2474090,2018-04-27,Matthew Rozsa,True,2/4,rotten,Salon.com,"""Avengers: Infinity War"" isn't just a gussied-up mediocrity being widely mistaken for a good movie. It's also, at least arguably, a dangerous movie for anyone who cares about the future of American cinema.",NEGATIVE,https://www.salon.com/2018/04/27/the-avengers-infinity-war-not-just-a-mediocre-muddled-mess-but-possibly-a-dangerous-precedent/
three_billboards_outside_ebbing_missouri,2415892,2017-09-05,Guy Lodge,True,,fresh,Vanity Fair,No film since Fargo has made so much use of [Frances McDormand's] potent talents.,POSITIVE,https://www.vanityfair.com/hollywood/2017/09/three-billboards-outside-ebbing-missouri-review
star_wars_the_last_jedi,2442293,2017-12-12,Anton Bitel,False,,fresh,Projected Figures,"No matter how many exotic creatures & internecine struggles that galaxy far away may accommodate, it is a remarkably closed system, reechoing the same themes across the ages, & preferring regression & eternal return to anything like real progress.",POSITIVE,http://projectedfigures.com/2017/12/12/star-wars-last-jedi-2017/
glass_2019,2549224,2019-01-18,Emmanuel Báez,False,3.5/5,fresh,Cinéfiloz,As it is formed - and in spite of its weaknesses - it's a great trilogy that satisfies simply by being different and original. [Full review in Spanish],POSITIVE,http://cinefiloz.com/critica-glass/
avengers_endgame,2809349,2021-07-28,Nathan Mattise,False,,fresh,Ars Technica,The true superteam event releases marked something slightly different and spectacular...End Game over the original Guardians by a hair...,POSITIVE,https://arstechnica.com/gaming/2019/12/superhero-films-soared-this-decade-but-the-2010s-offered-much-more/
taken_3,2241542,2015-01-09,Mark Dujsik,False,1/4,rotten,Mark Reviews Movies,Taken 3 isn't just superficially lazy. That quality is the core of the movie's being.,NEGATIVE,http://www.markreviewsmovies.com/reviews/T/taken3.htm
mission_impossible_fallout,2526563,2018-11-01,Matt Oakes,False,A,fresh,Silver Screen Riot,"The final guard of a dying age of superstar, Tom Cruise is the last action hero and never has his skill been in sharper focus.",POSITIVE,https://silverscreenriot.com/out-in-theaters-mission-impossible-fallout/
blue_is_the_warmest_color,2429128,2017-10-20,Sarah Marrs,False,,fresh,Cinesnark,It's a very human film and is all the more painful for it.,POSITIVE,https://cinesnark.com/2013/10/17/ciff-review-blue-is-the-warmest-color-and-august-osage-county/
dunkirk_2017,2406200,2017-07-22,Andrea Chase,False,5/5,fresh,Killer Movie Reviews,"Spinoza once opined that you couldn't use words to describe God, because by choosing any one or several, you would be eliminating the infinite nature of the deity. That essential inadequacy of words drives much of Nolan's stunning film.",POSITIVE,http://www.killermoviereviews.com/movie/dunkirk/
avengers_endgame,2580217,2019-04-24,Diego Batlle,False,,fresh,La Nación (Argentina),Avengers: Endgame gifts many of the most intense and moving sequences of the franchise. [Full Review in Spanish],POSITIVE,https://www.lanacion.com.ar/espectaculos/cine/heroismo-melancolia-humor-inmejorable-despedida-avengers-endgame-nid2241218
widows_2018,2534997,2018-11-25,Wenlei Ma,True,5/5,fresh,News.com.au,It's rare to come across a film that is both brilliant and brilliantly entertaining.,POSITIVE,http://bit.ly/2P1PeXF
once_upon_a_time_in_hollywood,2608547,2019-07-25,Lisa Nesselson,False,,fresh,France24,"It's really, really an event.",POSITIVE,https://www.france24.com/en/20190724-encore-culture-cinema-tarantino-once-upon-time-hollywood-apocalypse-now-final-cut
star_wars_the_rise_of_skywalker,2654413,2019-12-18,Kaila Hale-Stern,False,,fresh,The Mary Sue,It has a lot of fun while also pulling relentlessly at heartstrings and turning on the waterworks.,POSITIVE,https://www.themarysue.com/star-wars-the-rise-of-skywalker-review/
the_batman,102664500,2022-03-04,Piers Marchant,False,83/100,rotten,Arkansas Democrat-Gazette,"The shame of it is Reeves' hewing to all those established norms negates the elements of the film that do feel more revelatory, creating a kind of mish-mash of ideas rather than an engaging whole.",NEGATIVE,https://www.arkansasonline.com/news/2022/mar/04/blandbats
the_favourite_2018,2545734,2019-01-04,Jamie East,False,5/5,fresh,The Sun (UK),"I couldn't fault a single thing, it's seriously good fun.",POSITIVE,https://www.thesun.co.uk/tvandshowbiz/8114359/the-favourite-seriously-good-fun/
wonder_woman_2017,2396734,2017-05-29,Andrew Barker,True,,fresh,Variety,"Patty Jenkins' Wonder Woman provides a welcome respite from DC's house style of grim darkness with star Gal Gadot proving an inspired choice for this avatar of truth, justice and the Amazonian way.",POSITIVE,http://variety.com/2017/film/reviews/film-review-wonder-woman-1202446320/
parasite_2019,2637708,2019-10-21,Wade Major,False,,fresh,FilmWeek (KPCC - NPR Los Angeles),"An absolutely extraordinary achievement on every conceivable level, even though I think it's a bit of a cheat.",POSITIVE,https://www.scpr.org/programs/filmweek/2019/10/18/65003/filmweek-maleficent-mistress-of-evil-zombieland-do/
taken_3,2411103,2017-08-17,Brooke Corso,False,D,rotten,"The Monitor (McAllen, TX)",Limping toward the film's climax with a bizarre underwear fight might have sealed it.,NEGATIVE,http://www.themonitor.com/entertainment/article_48eae648-9cf7-11e4-8661-535e0b53ed19.html
shazam,2570470,2019-03-25,Rendy Jones,False,3.5/5,fresh,Rendy Reviews,"I'll be darned that DC made a Big-esque origin film out of him and, honestly, it works!",POSITIVE,https://www.rendyreviews.com/movies//shazam-review
taken_3,2256746,2015-04-16,Nathanael Hood,False,5/10,rotten,The Young Folks,"Fool me once, shame on you. Fool me twice, shame on me. Fool me thrice, and now you're just sequel-baiting.",NEGATIVE,http://theyoungfolks.com/review/taken-3-review/46368
rogue_one_a_star_wars_story,2520796,2018-10-19,Abbie Bernstein,False,B+,fresh,Assignment X,"For those who grew up loving Star Wars, but have wanted the film series to grow up and become more nuanced and dangerous along with them, Rogue One does this, while still squarely existing within the design and narrative parameters of the universe.",POSITIVE,https://www.assignmentx.com/2016/movie-review-rogue-one-a-star-wars-story/
stillwater_2020,2810419,2021-07-31,Leah Greenblatt,True,B,fresh,Entertainment Weekly,"Though the intrinsic likability that makes [Damon] a movie star may be doing half the heavy lifting, you want to invest in this blunt, difficult man.",POSITIVE,https://ew.com/movies/movie-reviews/stillwater-review/
ant_man_and_the_wasp_quantumania,102781469,2023-02-21,Joseph Garcia,False,3.5/5,fresh,Dynamic Duel Podcast,One of Marvel&apos;s most visually inventive films with fantastical world-building&#44; and the franchise&apos;s most imposing villain yet in Kang the Conqueror&#46;,POSITIVE,https://www.dynamicduel.com/ant-man-and-the-wasp-quantumania-review/
get_out,2380610,2017-02-24,Amy Nicholson,True,A-,fresh,MTV,"In most slasher flicks, a guy like Chris would die first. Peele's joke is that the cliché has it backwards. Young black men know their lives are in peril from the first frame.",POSITIVE,http://www.mtv.com/news/2986295/get-out-the-call-is-coming-from-inside-the-rich-white-suburban-house/
black_panther_2018,2546829,2019-01-09,Lawrence Ware,True,,fresh,New York Times,"""Black Panther"" lived up to the hype.",POSITIVE,https://www.nytimes.com/2018/02/16/opinion/sunday/black-panther-nerds-cool.html
wonder_woman_2017,2399199,2017-06-12,Daniel Krauze,False,,fresh,El Financiero,"Here, DC gets its first good movie. Jenkins has come up with a star that can hold the attention of the audience better than any superman stuffed with steroids. [Full review in Spanish]",POSITIVE,http://www.elfinanciero.com.mx/opinion/wonder-woman-habemus-superheroina.html
joker_2019,2664988,2020-01-29,Charlotte Harrison,False,2/5,rotten,cultbox,"For just over two hours we are forced into alignment with a monster. And, not only that, it wants us to unrepentantly side with him. It feels hyperbolic to say that this results in a terrible sense of inescapable unease when watching, but it's the truth.",NEGATIVE,https://cultbox.co.uk/film/all-i-have-are-negative-thoughts-joker-film-review
avengers_endgame,2580443,2019-04-25,Megan Basham,False,,fresh,WORLD,"The biggest box Endgame needed to check was to do justice to the array of personalities that audiences have come to love. Even given the three-hour runtime, its success in giving all of them their due is no mean feat.",POSITIVE,https://world.wng.org/2019/04/superheroes_assembled
solo_a_star_wars_story,2478089,2018-05-15,Peter Bradshaw,True,4/5,fresh,Guardian,"With [Ron] Howard at the controls, the movie is a fun-fuelled entertainment.",POSITIVE,https://www.theguardian.com/film/2018/may/15/solo-a-star-wars-story-review-han-solo-origins-film-is-boistrous-bromance
wonder_woman_2017,2459285,2018-02-21,Megan Basham,False,,fresh,WORLD,It represents a clear-eyed view of the world.,POSITIVE,https://world.wng.org/2017/06/amazon_vs_evil
once_upon_a_time_in_hollywood,2620173,2019-08-29,Kathryn Reklis,False,,fresh,The Christian Century,"Tarantino clearly believes in the catharsis of fictional violence-as its title suggests, Once Upon a Time is a kind of fairy tale, and it is deeply compelling.",POSITIVE,https://www.christiancentury.org/article/media/quentin-tarantino-s-violent-movie-about-violent-movies
captain_marvel,2610231,2019-07-30,Karl Delossantos,False,3/5,fresh,Smash Cut Reviews,"Captain Marvel is a fun, corny, and empowering origin story that feels like a bridge between the past and the future of the Marvel Cinematic Universe.",POSITIVE,https://smashcutreviews.com/2019/03/captain-marvel-review/
the_favourite_2018,2545601,2019-01-03,Matt Hudson,False,5/10,rotten,What I Watched Tonight,Those excellent performances salvaged The Favourite from being a trainwreck.,NEGATIVE,https://www.whatiwatchedtonight.co.uk/the-favourite
the_irishman,2631030,2019-09-30,Jeva Lange,False,,fresh,The Week,"The Irishman is every bit as clever, startling, violent, and obsessively purposeful as the colorful metaphor that serves as its alternate title.",POSITIVE,https://theweek.com/articles/868304/irishman-literally-massive-accomplishment-by-martin-scorsese
the_invisible_man_2020,2674322,2020-03-03,Cameron Meier,False,3.25/5,fresh,MeierMovies.com,"[Moss] is the heart of this story, which combines ... paranoia, mental illness, female empowerment and domestic abuse into a tale that - unlike Cecilia's abusive boyfriend - never overstays its welcome.",POSITIVE,http://www.meiermovies.com/the-invisible-man/
avengers_infinity_war,2474517,2018-04-30,Chris Evangelista,False,7/10,fresh,Slashfilm,A bloated-yet-breezy blockbuster.,POSITIVE,http://www.slashfilm.com/infinity-war-spoiler-review/
first_man,2516220,2018-10-08,Barbara VanDenburgh,True,4.5/5,fresh,Arizona Republic,"A sweeping biographical drama of Armstrong's decade-long march to the moon, test by grueling test, told without romance from the pilot's-eye view.",POSITIVE,https://www.azcentral.com/story/entertainment/movies/2018/10/08/first-man-review-glimpse-space-and-ourselves-ryan-gosling-jason-clarke/1507256002/
the_front_runner_2018,2557553,2019-02-11,Irene Crespo,False,3/5,fresh,Cinemanía (Spain),[An] interesting antecedent to better understand the US today. [Full review in Spanish],POSITIVE,http://cinemania.elmundo.es/peliculas/el-candidato/critica/
joker_2019,2635008,2019-10-11,Tony Baker,False,,fresh,Tony Baker Comedy,"I feel like Joaquin [Phoenix] should get an Oscar nomination out of this, if not the win. Like for me, this is the best male performance of the year.",POSITIVE,https://www.youtube.com/watch?v=9J7gsAqQhC4
taken_3,2587665,2019-05-17,Cameron Ward,False,2/5,rotten,One Room With A View,Taken 3's inability to commit to and fully explore the significance of its leading issues leaves much of the emotional payoff uncharted and muddled in the wake of unwarranted complications.,NEGATIVE,https://oneroomwithaview.com/2015/01/08/taken-3-review/
ant_man_and_the_wasp_quantumania,102779743,2023-02-14,Dave Lee,False,2.5/5,rotten,Dave Lee Down Under,A big&#44; dumb blockbuster that can&apos;t decide whether it&apos;s a crazy comedy or a gritty drama&#46; A huge contrast between tone and narrative leaves this one feeling far too uneven&#46;&#46;&#46; Tired of being continuously introduced to the Multiverse&#46; Time to get on with it&#46;,NEGATIVE,https://www.youtube.com/watch?v=9Js9VuwVNtk&feature=youtu.be
nope,102716276,2022-08-07,Brandon Collins,False,4/5,fresh,Medium Popcorn,I thought the two leads brought their A-game and Jordan Peele has cemented himself as one of the most interesting talents creating original stories&#46; ,POSITIVE,https://www.mediumpopcorn.com/episodes/bonus-nope
avengers_endgame,2581591,2019-04-29,Damian Levy,False,,fresh,Jamaica Gleaner,"Looking better than ever with characters you've spent over a decade with, Avengers: Endgame manages to find an incredible balance between gut-wrenching character moments and truly fantastic action sequences.",POSITIVE,http://jamaica-gleaner.com/article/entertainment/20190429/avengers-endgame-epic-cinematic-experience
avengers_endgame,2582343,2019-05-01,Paul Farren,False,,fresh,Film Ireland Magazine,All the necessary heroes get the right amount of screen time and for every laugh there are other things happening to balance it all out.,POSITIVE,http://filmireland.net/2019/05/01/review-avengers-endgame/
star_wars_the_last_jedi,2443485,2017-12-15,Kurt Loder,False,,fresh,Reason Online,"There are also quite a few new creatures, among them various icicle dogs, turtle-face monks, and some impossibly cute thingies called Porgs, which look as if they nest in gift shops at night.",POSITIVE,http://reason.com/archives/2017/12/15/movie-review-star-wars-the-last-jedi
top_gun_maverick,102766551,2023-01-05,Kevin Sampson,False,A,fresh,Picture Lock,We want the thrill of suspense&#44; to root for characters&#44; to be in awe of cinematography&#44; and to share the collective experience of unity in watching a film with strangers&#46;This movie gives you that and more&#33;,POSITIVE,https://picturelockshow.com/new-releases/2022/5/26/top-gun-maverick-review-definition-of-a-must-see
ready_player_one,2524348,2018-10-30,Johnny Gayzmonic,False,6/10,fresh,Fanboys of the Universe,"As a focus for our own nostalgia-based serotonin triggers, it's a complete success. As a stand-alone story, not so much. But hey! Pretty shiny things!",POSITIVE,http://www.fanboysoftheuniverse.com/index.php/site/comments/ready_player_one_is_a_pop_culture_panorama
rocketman_2019,2706381,2020-07-20,Saibal Chatterjee,False,3/5,fresh,NDTV,"Even as the film is every bit as flashy and ebullient as the man it celebrates, it falls disappointingly short - certainly to a far greater extent than last year's Bohemian Rhapsody did - of being a rounded portrait of a life and a career.",POSITIVE,https://www.ndtv.com/entertainment/rocketman-movie-review-elton-john-biopic-is-a-hell-and-back-story-3-stars-out-of-5-2039499
avengers_infinity_war,2473492,2018-04-25,Clint O'Connor,False,3/4,fresh,Akron Beacon Journal,"[Chris] Pratt jumps from blustery to goofy to vulnerable to insecure to funny with ease, as he trades barbs with Thor and his own sidekicks. Dude has charisma to spare.",POSITIVE,https://www.ohio.com/akron/entertainment/review-mammoth-marvel-mash-up-avengers-infinity-war-has-its-charms
blackkklansman,2523239,2018-10-26,Clint Worthington,False,,fresh,The Spool,Perhaps BlacKkKlansman's greatest asset is Lee's ability to embrace the complications of race and identity along with the broad strokes.,POSITIVE,http://www.alcohollywood.com/2018/08/09/blackkklansman-review/
jojo_rabbit,2647530,2019-11-20,Tim Brayton,False,2.5/5,rotten,Alternate Ending,"A terrifically sloppy film, packed with redundancies, plotlines that never really resolve, and a baffling inability to control tone.",NEGATIVE,https://www.alternateending.com/2019/11/jojo-rabbit-2019.html
halloween_2018,2598225,2019-06-18,Ryan Syrek,False,A,fresh,"The Reader (Omaha, NE)","Forgoing the stale ""final girl"" trope in favor of a conclusion that values women sharing lessons and strength with other women, Halloween is pulp terror goodness and one helluva treat.",POSITIVE,https://thereader.com/film/halloween2018review
a_star_is_born_2018,2519593,2018-10-17,Leigh Paatsch,False,4.5/5,fresh,Herald Sun (Australia),"The chemistry shared by Gaga and Cooper - whether on stage during the movie's dynamic live music sequences, or casually swapping lines walking along a street - is at once appealing, involving and concerning.",POSITIVE,https://www.heraldsun.com.au/entertainment/movies/a-star-is-born-is-one-of-the-truly-great-movie-experiences-of-2018/news-story/7e19febc40a268d5f1b48554ae403fbc
28_days_later,1169980,2003-06-27,Luke Y. Thompson,False,,fresh,New Times,"The deep thematic concerns are never fully developed, but the characters are, and the story compels. Also, the movie's pretty scary.",POSITIVE,http://www.clevescene.com/cleveland/dead-to-rights/Content?oid=1482948
taken_3,2241667,2015-01-09,Matt Patches,False,6.9/10,fresh,IGN Movies,"Neeson's charisma, Whitaker's gravitas, and a few smart action choices supplying action junkies with enough vitamins to live another day.",POSITIVE,http://www.ign.com/articles/2015/01/09/taken-3-review
black_panther_2018,2455632,2018-02-06,Peter Debruge,True,,fresh,Variety,Black Panther celebrates its hero's heritage while delivering one of Marvel's most all-around appealing standalone installments to date.,POSITIVE,http://variety.com/2018/film/reviews/black-panther-review-1202682942/
thor_ragnarok_2017,2428675,2017-10-19,Michael Coldwell,False,9/10,fresh,Starburst,"Thor: Ragnarok is an awesomely entertaining premier league win for Thor that fizzes with inventive energy. Nine years and 17 movies into the MCU, that's got to be worth some serious flagons of ale.",POSITIVE,http://www.starburstmagazine.com/reviews/latest-reviews-of-movies/19527-thor-ragnarok-review
parasite_2019,2668901,2020-02-12,Paul Whitington,False,5/5,fresh,Irish Independent,"It's a splendid film, beautifully acted and realised, which manages to be both entertaining and profound.",POSITIVE,https://www.independent.ie/entertainment/movies/movie-reviews/film-of-the-week-oscar-winner-parasite-is-a-class-apart-38934100.html
captain_marvel,2565271,2019-03-08,Matthew Rozsa,True,3/4,fresh,Salon.com,"The breakout character of ""Captain Marvel"" may wind up being an adorable cat named Goose, whose cuteness seems destined to launch thousands of social media posts.",POSITIVE,https://www.salon.com/2019/03/08/captain-marvel-soars-brie-larson-and-samuel-l-jackson-and-the-adorable-cat-are-unbeatable/
prairie_home_companion,1512478,2006-06-07,Rex Reed,True,,rotten,Observer,A Prairie Home Companion is about as charming as waking up with a dead animal in your bed.,NEGATIVE,
captain_marvel,2565521,2019-03-08,Alan Ng,False,7/10,fresh,Film Threat,"Ultimately, I liked Captain Marvel, but I can see how it will piss off the hardcore Marvel fan.",POSITIVE,http://filmthreat.com/reviews/captain-marvel/
dunkirk_2017,2627490,2019-09-18,Linda and Al Lerner,False,,fresh,Movies and Shakers,[Dunkirk] is massive and impressive.,POSITIVE,https://moviesandshakers.com/dunkirk/
snow_white_and_the_huntsman,2087707,2012-06-01,Rebecca Murray,False,C+,rotten,About.com,Can we please stick a fork in the Snow White-inspired movies - at least for another dozen years or so?,NEGATIVE,
top_gun_maverick,102694138,2022-05-27,Ronak Kotecha,False,4.5/5,fresh,ronakkotecha.wordpress.com,&apos;Top Gun Maverick&apos; is a one hell of a ride that shouldn&apos;t be missed&#46; So hop on and buckle up fast&#33;,POSITIVE,https://ronakkotecha.wordpress.com/2022/05/27/top-gun-maverick-is-top-notch-no-spoiler-review/
spider_man_far_from_home,2600913,2019-06-28,Ruth Maramis,False,4.5/5,fresh,FlixChatter Film Blog,"Lighthearted, humorous & fun but not without its poignant emotional moments. Tom Holland rocks as the nimble web slinger who wears his heart on his sleeve & Jake Gyllenhaal in his MCU debut couldn't be more perfectly-cast.",POSITIVE,https://flixchatter.net/2019/06/27/flixchatter-review-spider-man-far-from-home-2019/
toy_story_4,2610734,2019-08-01,Mike Sorrentino,False,,fresh,CNET,Fantastic writing and technical flourishes spruce up a Pixar sequel that doesn't have the emotional pull fans might expect.,POSITIVE,https://www.cnet.com/news/toy-story-4-pixar-review-great-writing-hilarious-jokes-barely-save-story-lacking-stakes/
avengers_endgame,2620263,2019-08-29,Josh Wilding,False,5/5,fresh,ComicBookMovie.com,"Avengers: Endgame is a masterpiece which not only delivers on every expectation you had but exceeds ones you didn't even think about. This isn't just a movie, it's an experience.",POSITIVE,https://www.comicbookmovie.com/avengers/avengers_endgame/avengers-endgame-spoiler-free-review-this-isnt-just-a-movie-its-an-experience-a167987
dune_2021,2832948,2021-10-19,Pamela Powell,False,1.5/4,rotten,Reel Honest Reviews,Dune is a long-winded and bloated film typifying what men do to overpower others...they fight. Perhaps Part II wouldn't have been necessary if the writers would have focused on doing one thing...telling the story.,NEGATIVE,http://reelhonestreviews.com/dune/
wonder_woman_1984,2755742,2021-01-06,Brandon Collins,False,2/5,rotten,Medium Popcorn,This has a few saving graces with Chris Pine and Kristen Wiig. I still love what this character represents but want them to have top quality and writing for the next one.,NEGATIVE,https://www.podomatic.com/podcasts/mediumpopocorn/episodes/2021-01-05T21_00_00-08_00
nomadland,2747280,2020-12-02,Susan Granger,False,10/10,fresh,SSG Syndicate,Chloe Zhao's timely migrant drama paints a subtle portrait of a resilient woman determined to survive - despite devastating loss. Frances McDormand is magnificent!,POSITIVE,https://www.susangranger.com/?p=13079
jurassic_world_fallen_kingdom,2487280,2018-06-28,Sarah Knight Adamson,False,3/4,fresh,Sarah's Backstage Pass,"I totally believe that Michael Crichton would be on board with the fresh ideas--and especially, the terrifying child & ginormous-sized new hybrid ""Indoraptor"" dinosaur scene.",POSITIVE,https://www.sarahsbackstagepass.com/jurassic-world-fallen-kingdom-pg-13-&#9733;&#9733;&#9733;/
blue_is_the_warmest_color,2442481,2017-12-12,Hugo Hernández Valdivia,False,,fresh,Cinexcepción,"... the film explores what they call love: how it grows, with the dependence of the other, when one does not expand oneself. [Full review in Spanish]",POSITIVE,http://cinexcepcion.mx/intensidad-memorable/
cruella,2795088,2021-06-04,Rene Sanchez,False,3.5/4,fresh,Cine Sin Fronteras,"With a very unique style that sets it apart from previous Disney live action adaptations, Cruella is a fun ride full of surprises. The war between the two Emmas is the cherry on top. [Full Review in Spanish]",POSITIVE,https://cinesinfronteras.com/2021/05/26/resena-cruella-2021-emma-stone-disney-plus/
mad_max_fury_road,2262626,2015-05-17,Matthew Toomey,False,A,fresh,ABC Radio (Australia),"Miller begins with a well-choreographed chase sequence that never really stops. Except for a handful of very short detours, this is two hours of unrelenting warfare.",POSITIVE,http://www.thefilmpie.com/index.php/review/3504-review-mad-max-fury-road
the_irishman,2656462,2019-12-26,Sarah Boslaugh,False,7/10,fresh,TheArtsStl,"There's no question that Martin Scorsese's epic drama drags in places, but what is good in it is so good that it far outweighs the bad.",POSITIVE,http://theartsstl.com/notable-feature-films-of-2019/
taken_3,2241599,2015-01-09,Scott Mendelson,False,2.0/10,rotten,Forbes,Taken 3 makes Taken 2 look like Taken.,NEGATIVE,http://www.forbes.com/sites/scottmendelson/2015/01/09/review-taken-3-turns-liam-neeson-into-nicolas-cage/
avatar_the_way_of_water,102763289,2022-12-21,George Elkind,False,,fresh,"Metro Times (Detroit, MI)","he case for film as an experience (Cameron’s first priority) depends almost always on its form. On that front, he delivers -- and while it may not always feel revelatory, it’s fine to do an old thing one’s own way, and better still to do it well.",POSITIVE,https://www.metrotimes.com/arts/the-way-of-water-re-stages-avatar-with-greater-nuance-both-narrative-and-graphic-31893555
marriage_story_2019,2687002,2020-05-01,Damon Wise,False,4/5,fresh,Uncut Magazine [UK],"Baumbach's film is sincere, even affectionate, as it follows this disintegrating family unit.",POSITIVE,https://www.uncut.co.uk/reviews/marriage-story-122340/
snow_white_and_the_huntsman,2340427,2016-07-19,Francesca Rudkin,False,3/5,fresh,New Zealand Herald,"Overly long and slow-moving, it's serious and ponderous from the get go, and doesn't really change gear until its underwhelming climax.",POSITIVE,http://www.nzherald.co.nz/francesca-rudkin/news/article.cfm?a_id=276&objectid=10813366
snow_white_and_the_huntsman,2092291,2012-06-22,Nathaniel Rogers,False,C,rotten,The Film Experience,"If you can suspend your disbelief that Kristen Stewart is ""the fairest of all them all"" in a beauty contest with Charlize Theron...",NEGATIVE,http://thefilmexperience.net/blog/2012/6/4/review-snow-white-and-the-huntsman.html
toy_story_4,2599228,2019-06-21,Peter Rainer,True,A-,fresh,Christian Science Monitor,"It doesn't put you through the emotional wringer the way its predecessor did, but it's consistently inventive, funny, witty, and heartfelt. In other words, it's a lot better than it has any right to be. It's more than good enough to justify its existence.",POSITIVE,https://www.csmonitor.com/The-Culture/Movies/2019/0620/Toy-Story-4-A-satisfying-return-for-Woody-and-Buzz
black_widow_2021,2809922,2021-07-30,Matt Neal,False,3.5/5,fresh,ABC Radio (Australia),"An origin story without totally playing out like one, but also a hard-punching spy thriller with a strong central theme.",POSITIVE,https://movies8mylife.blogspot.com/2021/07/black-widow-no-spoilers-review.html
widows_2018,2533989,2018-11-20,Katie Parker,False,5/5,fresh,"Flicks (AU, NZ, UK)","Widows is not just the best female-led movie we've seen in years; it's the best heist movie we've seen in years, that just happens to star women.",POSITIVE,https://www.flicks.co.nz/reviews/widows-is-a-nail-biting-thriller-that-never-veers-into-yass-queen-territory/
a_star_is_born_2018,2556983,2019-02-09,Paula Fleri-Soler,False,5/5,fresh,Times of Malta,"Ambitious in scope and intimate in execution, it's a film from which two stars are in fact born - Gaga the dramatic actor and Cooper the director.",POSITIVE,https://www.timesofmalta.com/articles/view/20181014/arts-entertainment/ambitious-in-scope-intimate-in-execution.691574
taken_3,2241665,2015-01-09,Ignatiy Vishnevetsky,True,C-,rotten,AV Club,"Because Mills' hyper-competence never seems exciting, it instead becomes giggle-inducing.",NEGATIVE,http://www.avclub.com/review/trilogy-capping-taken-3-action-movie-slop-213637
ant_man_and_the_wasp_quantumania,102780259,2023-02-16,Jorge Rivera Rubio,False,2/5,rotten,QiiBO,Trying to be many things&#59; a movie about family&#44; an explosive start to Phase 5 and the arrival of its great villain&#44; it achieves little of all that&#44; because its tone varies too widely between dense&#44; weird and messy&#46; &#91;Full review in Spanish&#93;,NEGATIVE,https://qiibo.com/entretenimiento/critica-de-ant-man-and-the-wasp-quantumania/180885/
doctor_strange_in_the_multiverse_of_madness,102686298,2022-05-03,Peter Martin,False,,rotten,DallasFilmNow.com,"Its potentially dazzling, though the reality of watching the movie becomes wearisome.",NEGATIVE,https://dallasfilmnow.com/2022/05/03/review-doctor-strange-in-a-multiverse-of-madness-plumbs-the-depths-of-fandom/
once_upon_a_time_in_hollywood,2827306,2021-09-29,Lonita Cook,False,,fresh,KCTV5 News at 9,Very well executed... it truly is a love letter to an era of [Tarantino's] own making.,POSITIVE,https://www.kctv5.com/better/new-in-theaters-once-upon-a-time-in-hollywood/video_8001d8b0-940f-5fef-a681-e7c0790cbb84.html
roma_2018,2662866,2020-01-24,Susan Wloszczyna,False,,fresh,AWFJ.org,"Roma is intimate, epic and female-focused, not unlike filmmaker Alfonso Cuaron's 2013 intergalactic 3-D odyssey Gravity... But Roma is also an immersive nostalgic valentine to his '70s childhood in Mexico City.",POSITIVE,https://awfj.org/blog/2019/01/16/roma-review-by-susan-wloszczyna/
a_star_is_born_2018,2506067,2018-08-31,Leonardo Goi,False,B+,fresh,The Film Stage,"The real surprise here is not Cooper, but Gaga. More than a newly born star, hers never stops growing.",POSITIVE,https://thefilmstage.com/reviews/venice-review-a-star-is-born-is-a-charming-directorial-debut-for-bradley-cooper/
taken_3,2690384,2020-05-15,Leigh Paatsch,False,2/5,rotten,Herald Sun (Australia),"Unfortunately, Taken 3 will be remembered as the one where Neeson just couldn't save the day.",NEGATIVE,https://www.heraldsun.com.au/entertainment/movies/leigh-paatsch/your-night-in-every-movie-on-tv-tonight-rated-or-slated/news-story/12d070fa128b6fe0b11b3ef86440f1e9
star_wars_the_rise_of_skywalker,102660193,2022-02-22,Brian Eggert,False,2.5/4,rotten,Deep Focus Review,"Capably made but misguided in its attempts to satiate its fanbase, The Rise of Skywalker marks some kind of end to the franchise.",NEGATIVE,https://deepfocusreview.com/reviews/star-wars-episode-ix-the-rise-of-skywalker/
captain_marvel,2565545,2019-03-09,Sergio López Aguirre,False,3/5,rotten,Cine Premiere,The Brie Larson film has more similarities with Phase 1 MCU and it's not necessarily a bad thing. but it does feel like a step backwards. [Full Review in Spanish],NEGATIVE,https://www.cinepremiere.com.mx/capitana-marvel-critica.html
dune_2021,2833798,2021-10-22,Patrick McDonald,False,5/5,fresh,"WBGR-FM (93.7 FM - Monroe, WI)",Fans of the novel will weep with joy as the film gets it absolutely correct .. It is the best that science fiction movies can offer in the modern age. HAIL Frank Herbert & DV!,POSITIVE,https://youtu.be/kWDcm1U_rOM
snow_white_and_the_huntsman,2087308,2012-05-31,Mark Sells,False,3/5,fresh,The Reel Deal,Could have benefitted from complexity over fairy tale simplicity.,POSITIVE,http://www.thereeldeal.co/reviews/snowwhite.html
taken_3,2241626,2015-01-09,Clay Cane,False,D,rotten,BET.com,Taken with no one taken? That would be like The Exorcist with no exorcist. Cabin in the Woods with no cabin in the woods. Nightmare on Elm Street with no nightmares.,NEGATIVE,http://blogs.bet.com/celebrities/what-the-flick/movie-review-taken-3/
shazam,2574754,2019-04-05,Theresa Smith,False,4/5,fresh,Weekend Special (South Africa),"There are plenty of sight jokes, but these never descend into farce and the dialogue is quick and witty.",POSITIVE,https://weekendspecial.co.za/shazam-review-film-dc-films/
taken_3,2241762,2015-01-09,Elise Nakhnikian,True,.5/4,rotten,Slant Magazine,Empowerment porn for those who long for the Cold War's clarity of purpose and American dominance in this murky age of terror.,NEGATIVE,http://www.slantmagazine.com/film/review/taken-3
knives_out,2625165,2019-09-12,Christopher Machell,False,4/5,fresh,CineVue,"An impeccably-staged, gripping murder mystery in the vein of Agatha Christie.",POSITIVE,https://cine-vue.com/2019/09/toronto-2019-knives-out-review.html
promising_young_woman,2752423,2020-12-18,Jessica Baxter,False,,fresh,Hammer to Nail,"Honestly, this whole movie is one delicious smack in the face after another.",POSITIVE,https://www.hammertonail.com/reviews/promising-young-woman/
top_gun_maverick,102698917,2022-06-10,Robin Holabird,False,,fresh,Robin Holabird,Top Gun plays the phoenix game by rising from the ashes in glittery form. ,POSITIVE,https://www.robinholabird.com/post/top-gun-cruises-along
the_batman,102665141,2022-03-06,MaryAnn Johanson,False,3.5/5,fresh,Flick Filosopher,"No snark, no spandex pantomime spectacle. Just noir mystery, Pattinsons sad recluse a detective in a cesspit of corruption. Relentlessly grim, all darkness and despair, not escapist but of our time.",POSITIVE,https://www.flickfilosopher.com/2022/03/the-batman-movie-review-to-bat-or-not-to-bat.html
little_women_2019,2656170,2019-12-24,Gary Wolcott,False,4.5/5,fresh,"KXL-FM (Portland, OR)","The original chick flick makes another big screen appearance. Saoirse Ronan anchors a strong cast. The real star, however, is writer/director Greta Gerwig.",POSITIVE,https://www.kxl.com/little-women/
mad_max_fury_road,2262552,2015-05-16,Sean P. Means,False,4/4,fresh,Salt Lake Tribune,An astonishing full-throttle action movie that proves Miller may have taught those other directors everything they know - but he didn't teach them everything he knows.,POSITIVE,http://www.sltrib.com/entertainment/2505449-155/movie-review-mad-max-fury-road
black_panther_wakanda_forever,102751724,2022-11-11,Ian Thomas Malone,False,,fresh,ianthomasmalone.com,Coogler puts all the pieces together in a way that makes Wakanda Forever feel like more of an epic than its predecessor&#44; even if the special effects don&#8217;t necessarily support that thesis&#46;,POSITIVE,https://ianthomasmalone.com/2022/11/black-panther-wakanda-forever-pays-tribute-to-chadwick-boseman-while-setting-its-own-course-for-the-future/
once_upon_a_time_in_hollywood,2596528,2019-06-12,Leonardo Garcia Tsao,False,,rotten,La Jornada,"What the film demonstrates is that QT, as it is said in Hollywood, is a ""spent cartridge"", a mess reduced to superficial tics, without any rigor or discipline as a filmmaker. [Full Review in Spanish]",NEGATIVE,https://www.jornada.com.mx/2019/05/22/opinion/a08a1esp
a_star_is_born_2018,2515672,2018-10-05,Christian Toto,False,3/4,fresh,HollywoodInToto.com,"Believe some, not all, of the hype.",POSITIVE,https://www.hollywoodintoto.com/star-is-born-review-2018/
thor_ragnarok_2017,2451883,2018-01-23,Rick Marshall,False,,fresh,Digital Trends,Thor: Ragnarok finally gives Marvel's god of thunder the movie he deserves.,POSITIVE,https://www.digitaltrends.com/movies/thor-ragnarok-review/
avengers_endgame,2580142,2019-04-24,Christian Toto,False,3.5/4,fresh,HollywoodInToto.com,"Earth's Mightiest Heroes get the send off they richly deserve, but with one considerable caveat.",POSITIVE,https://www.hollywoodintoto.com/avengers-endgame-review/
stillwater_2020,2834639,2021-10-26,Douglas Davidson,False,3/5,fresh,Elements of Madness,"If we can't take responsibility for our own choices, then there can be no moving forward and your life will become a prison of your own making.",POSITIVE,https://elementsofmadness.com/2021/10/26/stillwater/
captain_marvel,2573036,2019-04-02,Jason Escamilla,False,B-,fresh,EskimoTV,"The setup is slow, but comic book movie fans may not mind...the best aspect is how it subtlety connects to Avengers: Endgame.",POSITIVE,https://youtu.be/vBIJSXipe5w
spider_man_far_from_home,2602562,2019-07-05,Kiko Martinez,False,3/5,fresh,San Antonio Current,"The twist in the story turns out to be more convoluted than it needs to be, but when returning director Jon Watts keeps the focus on Peter and his classmates, Spider-Man Far from Home proves to be a good time in the MCU.",POSITIVE,https://www.sacurrent.com/sanantonio/cinematic-spillover-short-reviews-of-spider-man-far-from-home-yesterday-and-ophelia/Content?oid=21521417
knives_out,2654012,2019-12-16,Stephen Silver,False,5/5,fresh,Splice Today,"Features a tight plot, a superlative ensemble cast and hilarious dialogue that practically sings. One of the best of 2019.",POSITIVE,https://www.splicetoday.com/moving-pictures/stab-you-in-the-mouth
toy_story_4,2605465,2019-07-16,Oggs Cruz,False,,fresh,Rappler,"In a world where bonds, roles and stereotypes are being broken, the film's fervent preoccupation with characters realizing that there is more beyond what they originally perceived as their purpose of being feels timely and relevant.",POSITIVE,https://www.rappler.com/entertainment/movies/233760-toy-story-4-movie-review
rogue_one_a_star_wars_story,2446170,2017-12-28,Carl Kozlowski,False,B+,fresh,Pasadena Weekly,"The action in ""Rogue One"" is extremely well-staged and exciting, and it's fun to see its small connections to the larger ""Star Wars"" universe...",POSITIVE,https://www.pasadenaweekly.com/2016/12/15/going-rogue/
a_star_is_born_2018,2508205,2018-09-07,Ashley Menzel,False,,fresh,We Live Entertainment,Lady Gaga comes in hard with her big-screen debut and knocks it out of the park.,POSITIVE,https://weliveentertainment.com/welivefilm/tiff-2018-review-star-born-lady-gaga-shines-spotlight/
taken_3,2242276,2015-01-15,William Goss,True,,rotten,Austin Chronicle,...wheezes by with an inescapable sense of fatigue.,NEGATIVE,http://www.austinchronicle.com/calendar/film/2015-01-09/taken-3/
top_gun_maverick,102722936,2022-08-23,John Serba,False,,fresh,Decider,"The screenplay impeccably balances the new with the nostalgic, drafting on the previous movie’s conflicts and amplifying its emotions.",POSITIVE,https://decider.com/2023/03/24/top-gun-maverick-stream-it-or-skip-it/
taken_3,2301741,2015-12-30,Cris Kennedy,False,3/5,fresh,The Canberra Times (Australia),Thriller fans looking for a bit of brainless biff will lap it up.,POSITIVE,http://www.canberratimes.com.au/entertainment/movies/taken-3-review-dont-expect-to-be-taken-aback-20150107-12ijeb.html
top_gun_maverick,102696725,2022-06-05,Michael Ward,False,4/5,fresh,Should I See It,Mission Accomplished,POSITIVE,https://shouldisee.it/reviews/2022/top-gun-maverick-2022
dunkirk_2017,2531310,2018-11-11,Jennifer Heaton,False,8.5/10,fresh,Alternative Lens,Dunkirk depicts World War II with barely an ounce of jingoism for maximum emotional effect.,POSITIVE,https://altfilmlens.wordpress.com/2017/08/30/summer-movie-season-2017-wrap-up/
avengers_infinity_war,2473437,2018-04-25,Jo Berry,False,5/5,fresh,Movies4Kids,"A glorious, shocking, edge-of-the-seat adventure that boasts one of Marvel's best-ever villains ... perfectly played by Brolin and mesmerising from the first frame until the last.",POSITIVE,https://www.movies4kids.co.uk/reviews/avengers-infinity-war-review/
birds_of_prey_2020,2672622,2020-02-26,James Kendrick,False,2.5/4,fresh,Q Network Film Desk,"starts off with great gusto and energy, literally willing us to get onboard with its maniacal take comic book antiheroism before becoming something decidedly more conventional-and even a bit sentimental",POSITIVE,http://www.qnetwork.com/review/4231
avengers_endgame,2581195,2019-04-27,Carmelita Fredericks,False,5/5,fresh,Independent Online (South Africa),"The Russo brothers, writers and cast really outdid themselves with this one, and this is evident in the witty script, multiple plot twists and scenes that will have you erupting in laughter or holding your breath.",POSITIVE,https://www.iol.co.za/entertainment/movies-theatre/reviews/avengers-endgame-is-one-helluva-emotional-roller-coaster-ride-21925012
spider_man_no_way_home,102666050,2022-03-09,Jared Mobarak,False,7/10,fresh,Jaredmobarak.com,"The heart and drama that made Homecoming and Far From Home so good is replaced by a script hitting carefully crafted ""a-ha"" moments that feel more ""Martha"" than ""I love you 3,000."" And that's fine. This film is fine. But I worry about what's next.",POSITIVE,https://jaredmobarak.com/2022/03/08/spider-man-no-way-home/
arrival_2016,2363554,2016-11-22,John Urbancich,False,4.5/5,fresh,Your Movies (cleveland.com),"Under the guidance of equally exceptional director/co-writer Denis Villeneuve (""Sicario,"" ""Incendies"") this scientific thriller becomes smart, touching and, obviously, one of the year's best films.",POSITIVE,http://blog.cleveland.com/your-movie-reviews/2016/11/as_always_november_brims_with.html
star_wars_the_last_jedi,2502813,2018-08-27,Rendy Jones,False,3.5/5,fresh,Rendy Reviews,"Whereas the first half is a sort of a convoluted mess. ""The Last Jedi"" becomes a dark and exciting sequel that becomes the film you've been looking for by the 75-minute mark.",POSITIVE,https://www.rendyreviews.com/movies//star-wars-the-last-jedi-review
the_batman,102664509,2022-03-04,Kimber Myers,True,B+,fresh,Crooked Marquee,... Just because it's grim doesn't mean it's a drag: this is exhilarating filmmaking on every level. ,POSITIVE,https://crookedmarquee.com/review-the-batman/
aladdin,2588931,2019-05-22,Germain Lussier,False,,fresh,io9.com,"While it'll never replace the near perfection of the original film, Aladdin has the kind of grand spectacle a younger generation expects from a trip to the movies and simultaneously takes their parents on a magic carpet ride back to their youths.",POSITIVE,https://io9.gizmodo.com/aladdin-made-me-feel-like-a-kid-again-1834903211
mission_impossible_fallout,2592967,2019-06-03,Mattie Lucas,False,3/4,fresh,"The Dispatch (Lexington, NC)","This is top-tier action filmmaking, the kind of no-holds-barred, balls-to-the-wall extravaganza that manages to root its spectacle in actual human emotion.",POSITIVE,https://www.the-dispatch.com/entertainmentlife/20180801/mission-impossible---fallout-is-jaw-dropping-action-spectacle
avengers_endgame,2579852,2019-04-23,Nick Johnston,False,,fresh,Vanyaland,It's everything a fan could want.,POSITIVE,https://vanyaland.com/2019/04/23/avengers-endgame-spoiler-free-review/
nomadland,2723696,2020-09-12,Andrew Parker,False,10/10,fresh,The Gate,Nomadland boasts one of the best leading performances of recent memory in a movie that will be hard to top for the title of best film of the year.,POSITIVE,https://www.thegate.ca/film/044330/nomadland-tiff-2020-review/
2012,1855511,2009-11-14,Keith Cohen,False,3/4,fresh,Entertainment Spectrum,"The movie never takes its foot off the accelerator, leaving the viewer with little time to breathe. You will be sorry if you have to take a bathroom break.",POSITIVE,http://entertainmentspectrum.com/index/movies/1008/2012themovie.html
ant_man_and_the_wasp_quantumania,102781057,2023-02-18,Christopher Machell,False,3/5,fresh,CineVue,Ant-Man and The Wasp: Quantumania may be lacking in any discernible drama or emotional stakes but it is easily one of the most solidly entertaining and spectacular of Marvel’s ‘Phase 4’ run of of film and TV.,POSITIVE,https://cine-vue.com/2023/02/film-review-ant-man-and-the-wasp-quantumania.html
joker_2019,2714052,2020-08-16,Tom Beasley,False,3/5,rotten,VultureHound,"Phillips constructs a palpable sense of down-and-dirty dread, helped by Phoenix's commitment ... but the movie stops short of ever expressing an opinion.",NEGATIVE,https://vulturehound.co.uk/2019/12/is-it-just-me-or-is-it-getting-crazier-out-there-joker-film-review/
birds_of_prey_2020,2666836,2020-02-05,Danny Leigh,True,3/5,fresh,Financial Times,"The tone established by director Cathy Yan is popping candy loud and slapstick silly. After the grim drag of Todd Phillips, it may come as a relief.",POSITIVE,https://www.ft.com/content/8869089e-4824-11ea-aeb3-955839e06441
avengers_infinity_war,2474814,2018-05-01,Benjamín Harguindey,False,7/10,fresh,EscribiendoCine,"The action is clear, entertaining and sufficiently varied. It holds on the tension constantly and the sense of urgency is never gone. [Full Review in Spanish]",POSITIVE,http://www.escribiendocine.com/critica/0004279-thanos-contraataca/
28_days_later,1193285,2003-08-30,Jon Lap,False,75/100,fresh,Apollo Guide,An agoraphobic New Age.,POSITIVE,http://apolloguide.com/mov_revtemp.asp?CID=4870
a_quiet_place_2018,2519210,2018-10-16,Derek Deskins,False,7.5/10,fresh,Next Projection,The mediocre nature of the film's actual scares betray what is mostly a thrilling film.,POSITIVE,https://nextprojection.com/2018/03/10/sxsw-a-quiet-place/
star_wars_the_rise_of_skywalker,2654399,2019-12-18,Chris Taylor,False,,fresh,Mashable,Don't overthink it.,POSITIVE,https://mashable.com/article/star-wars-rise-skywalker-review/
rogue_one_a_star_wars_story,2503035,2018-08-27,Jaby Koay,False,,fresh,CinePals,"I wanted to feel more in the trenches with these guys...but the action that was there was really good...I liked it more than the Force Awakens, and if you are a Star Wars fan, I'd say go see this right away.",POSITIVE,https://www.youtube.com/watch?v=m_mq3JxRwcQ&t=0s&list=PLpu7-TGm7LHplY3WeOWndYR6zsIpI7KDa&index=54
joker_2019,2631797,2019-10-02,James Berardinelli,True,3.5/4,fresh,ReelViews,"Although it may be difficult to ""like"" this film in a conventional sense, it offers a powerful and unforgettable experience that few will find easy to shake.",POSITIVE,http://www.reelviews.net/reelviews/joker
ant_man_and_the_wasp_quantumania,102780374,2023-02-16,Danny Leigh,True,3/5,fresh,Financial Times,"The fun comes with Pfeiffer and the nonsense physics, the bubblegum vibe and Rudd’s fail-safe deadpan. The blockbuster fight scenes that were once every Marvel film’s centerpiece are throwaway. That much makes this an odd entry to the studio’s world...",POSITIVE,https://www.ft.com/content/fe3a31ce-8448-442c-bab1-de8151b5dc3d
aquaman_2018,2539623,2018-12-11,Chris Hunneysett,False,3/5,fresh,Daily Mirror (UK),Swims into cinemas on a high tide of stunning CGI and waves of superhero comic book action.,POSITIVE,https://www.mirror.co.uk/film/aquaman-review-jason-momoa-amber-13720556
the_front_runner_2018,2509376,2018-09-11,Adam Nayman,True,,rotten,Cinema Scope,"Reitman mistakes glibly cornering all sides of the argument for complexity, on top of which some unfortunate writing and directing decisions make it seem like Hart was more of a victim.",NEGATIVE,http://cinema-scope.com/cinema-scope-online/nayman-reitman-redux/
solo_a_star_wars_story,2480410,2018-05-24,Bobby Roberts,False,,fresh,"The Stranger (Seattle, WA)","While everyone who isn't named ""Han"" is short shrifted, Ehrenreich gets a really good grip on the character from the get-go, and watching him fumble and flail through his adventures is immensely enjoyable.",POSITIVE,https://www.thestranger.com/film/2018/05/23/26478286/solo-a-star-wars-story-shouldnt-work-but-it-does
the_favourite_2018,2562931,2019-03-01,Sr. Rose Pacatte,False,,rotten,St. Anthony Messenger,"The Favourite was not my favorite film of the year, though the costumes are magnificent. Rather than a humorous film, I thought it a sad, tragic story of royalty and aristocrats fighting over status and playing at governing.",NEGATIVE,https://blog.franciscanmedia.org/sam/reel-time-0319
black_panther_wakanda_forever,102753568,2022-11-17,Theolin Tembo,False,7.5/10,fresh,Independent Online (South Africa),Ryan Coogler handles the vast story and scope of Black Panther: Wakanda Forever with impressive skill and pulls off a feat that a less skilled director would have left muddled.,POSITIVE,https://www.iol.co.za/entertainment/movies/reviews/black-panther-wakanda-forever-is-a-good-but-heavy-movie-that-covers-a-lot-of-ground-3502c1be-e482-48c3-a4db-5dbd14ae9a0f
avatar_the_way_of_water,102760606,2022-12-13,Leah Greenblatt,True,A-,fresh,Entertainment Weekly,"A meticulous world-building as astonishing and enveloping as anything we've ever seen on screen — until that crown is passed, inevitably, in December 2024, the projected release date for Avatar 3.",POSITIVE,https://ew.com/movies/movie-reviews/avatar-the-way-of-water-review-james-cameron/
the_batman,102662449,2022-02-28,Robert Daniels,True,A-,fresh,The Playlist,"Matt Reeves The Batman should tell audiences that other superhero movies are possible, and yet more, they can be exist outside the formulaic tentpoles filling theaters today.",POSITIVE,https://theplaylist.net/the-batman-review-matt-reeeves-robert-pattinson-20220228/
wonder_woman_2017,2396747,2017-05-29,Emma Simmonds,False,4/5,fresh,Radio Times,"As witty and heartfelt as it is thrilling - a film that fangirls, fanboys and even those suffering from superhero fatigue can enjoy.",POSITIVE,http://www.radiotimes.com/news/2017-05-30/wonder-woman-review-a-film-that-even-those-suffering-from-superhero-fatigue-can-enjoy
parasite_2019,2671012,2020-02-20,Roe McDermott,False,5/5,fresh,Hot Press,"From his opening shots, Bong Joon-Ho establishes the upstairs/downstairs dynamic of his razorsharp, bleakly funny, unmistakably furious skewering of capitalism and class divides.",POSITIVE,https://www.hotpress.com/film-tv/film-review-oscar-best-picture-winner-parasite-excoriating-tragicomedy-22805277
thor_ragnarok_2017,2444490,2017-12-20,Gregory Weinkauf,False,,fresh,Huffington Post,Pleasingly ostentatious.,POSITIVE,https://www.huffingtonpost.com/entry/double-feature-film-review-dc-v-marvel-considering_us_5a1f7250e4b02edd56c6d6a4
taken_3,2241749,2015-01-09,Tony Medley,False,5/10,rotten,Tolucan Times,"...formulaic, often preposterous...Director Luc Besson has clearly lost his way in this film. Oh, well, all good things must come to an end, and that's what's happened to this franchise. Too bad. With new blood it could continue for a long time.",NEGATIVE,http://www.tonymedley.com/2015/Taken_3.htm
dunkirk_2017,2515613,2018-10-05,Tomas Trussow,False,5/5,fresh,The Lonely Film Critic,"Nolan throws you face-first into the action in a way that war films of its ilk have never done before, and it's probably the first time my stomach repeatedly clenched without any blood or gore in sight.",POSITIVE,https://thelonelyfilmcritic.com/2017/11/13/dunkirk/
ant_man_and_the_wasp_quantumania,102779528,2023-02-14,Travis Hopson,False,3/5,fresh,Punch Drunk Critics,In terms of scale and importance&#44; Ant-Man and the Wasp&#58; Quantumania is an enormous step forward&#44; but there are some growing pains that come along with it&#46;,POSITIVE,https://punchdrunkcritics.com/2023/02/review-ant-man-and-the-wasp-quantumania/
thor_love_and_thunder,102706179,2022-07-05,Justin Chang,True,,rotten,Los Angeles Times,"To the 60-plus-hours of theatrical content that have so far rolled off the Disney/Marvel assembly line, this fourth Thor-centric caper adds a mostly painless if largely pointless 120 minutes.",NEGATIVE,https://www.latimes.com/entertainment-arts/movies/story/2022-07-05/thor-love-and-thunder-review-mcu
black_panther_2018,102654836,2022-02-11,Cory Woodroof,False,4/4,fresh,615 Film,"It's also a breath of fresh air for the cinematic universe its set in, one that has developed a few bad habits over the years, one that also needed a fresh perspective, and a divergence from the grander threads a play in the narrative.",POSITIVE,https://615film.wordpress.com/2018/02/14/black-panther/
ready_player_one,2469121,2018-04-04,Abby Olcese,False,,rotten,Sojourners,"But more often than not, it falls into the same trap, preferring to throw reference after reference at the screen without exploring why the sources of those references resonate with the characters, or the audience.",NEGATIVE,https://sojo.net/articles/ready-player-one-confuses-meaningful-nostalgia-legalistic-knowledge
i_tonya,2443089,2017-12-14,MaryAnn Johanson,False,4.5/5,fresh,Flick Filosopher,"A black comedy about domestic violence, parental abuse, and low self-esteem (and it works!), one that challenges our appreciation of how true based-on-fact might be.",POSITIVE,https://www.flickfilosopher.com/2017/12/tonya-movie-review-woman-war.html
wonder_woman_1984,2756436,2021-01-11,Rene Sanchez,False,2.5/4,fresh,Cine Sin Fronteras,"While it lacks some of the thrills from its predecessor, its hopeful message of fighting for truth is just what we need right now. [Full Review in Spanish]",POSITIVE,https://cinesinfronteras.com/2020/12/26/resena-wonder-woman-1984-mujer-maravilla-1984-gal-gadot-hbo-max/
nomadland,2769114,2021-02-18,Ann Hornaday,True,4/4,fresh,Washington Post,"""Nomadland"" is the kind of big and big-hearted movie - featuring a central performance at once epic and fine-tuned - that reminds you of how much life one film can hold, when circumstances allow.",POSITIVE,https://www.washingtonpost.com/goingoutguide/movies/nomadland-movie-review/2021/02/16/cb7c7d5e-6d68-11eb-9f80-3d7646ce1bc0_story.html
joker_2019,2632030,2019-10-03,David Kaplan,False,,rotten,Kaplan vs. Kaplan,"Despite Phoenix's riveting performance, I cannot recommend this movie.",NEGATIVE,https://www.kaplanvskaplan.com/new-releases/joker/
star_wars_the_rise_of_skywalker,2654467,2019-12-18,Katherine McLaughlin,False,3/5,rotten,The List,"In the end, it feels like a film that has completely lost its nerve.",NEGATIVE,https://film.list.co.uk/article/113365-star-wars-the-rise-of-skywalker/
justice_league_2017,2438130,2017-11-22,Rafael Rosales Santos,False,6.5/10,rotten,Konexión,Justice League does not achieve the impact that other films of its style have reached. [Full Review in Spanish],NEGATIVE,http://konexion.com.mx/review-de-justice-league/
birds_of_prey_2020,2669220,2020-02-13,Matthew Monagle,True,4/5,fresh,Austin Chronicle,"Even if Birds of Prey doesn't reinvent the wheel, it sure as hell gets it spinning.",POSITIVE,https://www.austinchronicle.com/events/film/2020-02-07/birds-of-prey-and-the-fantabulous-emancipation-of-one-harley-quinn/
nope,102710729,2022-07-20,Matt Lynch,False,,rotten,In Review Online,&#91;Its&#93; undoing is its insistence on remaining oblique&#46; Not only is Nope a crushingly long 135 minutes&#44; but those minutes lack even the pretense of narrative momentum&#46;&#46;&#46;At this length and because Peele insists on holding back&#44; the movie simply feels padded&#46;,NEGATIVE,https://inreviewonline.com/nope/
la_la_land,102722630,2022-08-22,Keith Garlington,False,4.5/5,fresh,Keith & the Movies,I was swept away by the the dazzling&#44; joyous&#44; smile-inducing production&#46;,POSITIVE,https://keithandthemovies.com/2017/01/01/review-la-la-land/
la_la_land,2499731,2018-08-22,Glenn Heath Jr.,False,,rotten,San Diego CityBeat,"Borrowing (or repackaging) liberally from 20th century musical titans, La La Land often appears drunk on nostalgia... It's a traditionalist that so longs to be a revolutionary, but not really.",NEGATIVE,http://sdcitybeat.com/culture/film/la-la-land-belts-out-a-familiar-tune-and-calls-it-fresh/
the_front_runner_2018,2511458,2018-09-18,Dwight Brown,True,2.5/4,rotten,National Newspaper Publishers Association,"Hubris is not enough of a reason for audiences to flock to this film, though Jackman's performance may be.",NEGATIVE,http://dwightbrownink.com/1439-2/
first_man,2538204,2018-12-07,Andrew Wyatt,False,B+,fresh,The Lens,"First Man's privileging of the forbidding reality of the space program points to a kind of anti-triumphant masochism, a belief that the destination is less important than the grueling misery of the journey.",POSITIVE,http://www.cinemastlouis.org/lens/review-first-man
black_panther_2018,2455657,2018-02-06,Jamie Broadnax,False,5/5,fresh,Black Girl Nerds,I left the theater wanting to see this movie at least 10 more times.,POSITIVE,https://blackgirlnerds.com/black-panther-greatest-film-marvel-studios-ever-made/
kong_skull_island,2381701,2017-03-02,Edward Douglas,False,B-,fresh,LRM,"A popcorn movie that's only good as long as you still have popcorn left in your tub, and is quickly forgotten after you've run out.",POSITIVE,http://lrmonline.com/news/kong-skull-island-review-not-bad-but-not-nearly-as-awesome-as-we-hoped
snow_white_and_the_huntsman,2108949,2012-10-08,Steve Wright,False,3/5,fresh,SciFiNow,"Avoids becoming yet another Twilight clone. If a sequel happens, it will be interesting to see what direction it takes.",POSITIVE,http://www.scifinow.co.uk/reviews/snow-white-and-the-huntsman-blu-ray-review/
the_batman,102662503,2022-02-28,Brian Truitt,True,3.5/4,fresh,USA Today,Director Matt Reeves’ ambitious and excellently crafted The Batman more than justifies its existence as a world-building wonder that slathers a realistic grime across its Gotham City.,POSITIVE,https://www.usatoday.com/story/entertainment/movies/2022/02/28/the-batman-movie-review-robert-pattinson-excels-new-dark-knight/6931207001/
skyfall,2113692,2012-11-07,Chris Vognar,True,A-,fresh,Dallas Morning News,The movie makes a claim that can't be matched by many Bond films: It's actually about something.,POSITIVE,http://www.dallasnews.com/entertainment/movies/reviews/20121107-skyfall-leaps-to-a-place-that-transcends-the-james-bond-franchise-a-.ece
first_man,2551817,2019-01-28,Sarah Ward,False,4/5,fresh,ArtsHub,"Painted in shades of melancholy and shouted through silence, it's as much a space movie as it is a psychological drama about grief, and it's an extraordinary effort thanks to its chosen approach.",POSITIVE,https://www.artshub.com.au/news-article/reviews/film/sarah-ward/review-first-man-256650
mad_max_fury_road,2262144,2015-05-14,Randall King,False,4/5,fresh,Winnipeg Free Press,"It goes to show that, even in a lovingly detailed post-apocalyptic milieu of de-evolution, a filmmaker can still evolve.",POSITIVE,http://www.winnipegfreepress.com/arts-and-life/entertainment/movies/Fury-Road-takes-it-to-the-Max-303773361.html
ant_man_and_the_wasp,2495253,2018-08-06,Hannah Strong,True,3/5,fresh,Little White Lies,"This a film that's difficult to actively dislike - Rudd and his equally charming co-stars take care of that - and fun in the moment, but there's precious little that lingers after the credits roll.",POSITIVE,http://lwlies.com/reviews/ant-man-and-the-wasp/
parasite_2019,2655972,2019-12-23,Rich Juzwiak,False,,fresh,The Muse/Jezebel,"Parasite was too on the nose too often for me to give it my full heart. However, I loved an ambiguity at its core...",POSITIVE,https://themuse.jezebel.com/dispatches-from-the-2019-new-york-film-festival-its-gr-1838532009
guardians_of_the_galaxy_vol_2,2390375,2017-04-24,Robbie Collin,True,4/5,fresh,Daily Telegraph (UK),"That sense of gooey euphoria runs through everything that's good in Guardians of the Galaxy Vol 2, which inches even further to the end of the limb the original Guardians film went out on in 2014.",POSITIVE,http://www.telegraph.co.uk/films/2017/04/24/guardians-galaxy-vol-2-review/
toy_story_4,2596734,2019-06-13,Laura Prudom,False,9.5/10,fresh,IGN Movies,"While Toy Story 3 felt like the perfect ending for these characters, Toy Story 4 offers an unexpected epilogue that's just as meaningful as the films that came before it. It may not have been necessary, but somehow, it still feels right.",POSITIVE,https://www.ign.com/articles/2019/06/13/toy-story-4-review?sf103958058=1
black_widow_2021,2803175,2021-07-02,Megan Basham,False,,fresh,The Daily Wire,"Black Widow's name may be on the title, but the true heroes of the 24th entry in the MCU mega-franchise are her supporting characters -- a pack of gonzo Russkie faux relatives.",POSITIVE,https://www.dailywire.com/news/review-supporting-cast-makes-black-widow-mostly-serviceable-summer-fun
black_panther_2018,2458089,2018-02-15,Radheyan Simonpillai,True,,fresh,NOW Toronto,"A beautiful, hallucinatory sequence, as Killmonger reaches peak villain and assumes his powers, is the most dramatically fraught and heart-wrenching moment in any Marvel movie.",POSITIVE,https://nowtoronto.com/movies/features/black-panther-marvel-black-history/
toy_story_4,2596718,2019-06-13,Tania Lamb,False,5/5,fresh,Lola Lambchops,"Toy Story 4 is not meant to be part of the trilogy of Toy Story 1, 2, and 3. This is the Toy Story you didn't know you needed. Get ready for a fantastic plush rush!",POSITIVE,https://lolalambchops.com/is-toy-story-4-kid-friendly/
dune_2021,2819811,2021-09-03,Justin Chang,True,,fresh,Los Angeles Times,"Villeneuve draws you into an astonishingly vivid, sometimes plausibly unnerving vision of the future.",POSITIVE,https://www.latimes.com/entertainment-arts/movies/story/2021-09-03/dune-review-denis-villeneuve-frank-herbert
avengers_infinity_war,2474980,2018-05-02,Amelia Navascues,False,3.5/5,fresh,Triple J,"Avengers: Infinity Wars is clearly a superhero flick for everybody. At times this works, and at times its excessiveness works a little bit against itself.",POSITIVE,http://www.abc.net.au/triplej/screen-queen/infinity-war/9718212
black_widow_2021,2802139,2021-06-30,Joe Passmore,False,4/5,fresh,Attitude,"The action sequences are dynamic, exciting, and brilliantly choreographed, making for one of the best and most satisfying female-lead superhero movies ever.",POSITIVE,https://attitude.co.uk/article/black-widow-review-one-of-the-most-satisfying-female-lead-superhero-movies-ever/25279/
ant_man_and_the_wasp_quantumania,102779738,2023-02-14,Robert Kojder,False,2.5/5,rotten,Flickering Myth,Jonathan Majors should be referred to as &#8220;the defibrillator&#8221; because his intense performance gives the film desperately needed life&#46; But the film is still unsatisfying&#44; emotionally thin&#44; and inconsequential,NEGATIVE,https://www.flickeringmyth.com/2023/02/movie-review-ant-man-and-the-wasp-quantumania-2023/
la_la_land,2763977,2021-02-03,Richard Crouse,False,4.5/5,fresh,Richard Crouse,"Doesn't just breathe new life into an old genre it performs CPR on it, bringing its beating heart back to vibrant life.",POSITIVE,http://www.richardcrouse.ca/la-la-land-4-%c2%bd-stars-the-musical-feels-like-something-gene-kelly-would-approve-of/
taken_3,2241563,2015-01-09,Roger Moore,False,1/4,rotten,Tribune News Service,"Generic, in all the worst ways",NEGATIVE,http://rogersmovienation.com/2015/01/09/movie-review-taken-3-should-have-never-left-the-drawing-board/
blackkklansman,2583835,2019-05-06,Deirdre Molumby,False,5/5,fresh,entertainment.ie,"Spike Lee infuses BlacKkKlansman with modernism and a pointed contemporary commentary that holds you long after its final documentary moments, and that epic panning shot.",POSITIVE,https://entertainment.ie/cinema/movie-reviews/blackkklansman-849/
the_irishman,2719758,2020-09-03,Kelechi Ehenulo,False,4.5/5,fresh,Confessions From A Geek Mind,"Reiterating my love of Scorsese, it's his ability to experiment that makes him a compelling director. Every film he directs is worth the time, and The Irishman lives up to that billing.",POSITIVE,https://confessionsfromageekmind.com/2019/11/29/london-film-festival-2019-the-irishman-review/
alien_covenant,2501204,2018-08-23,Alison Rowat,False,3/5,fresh,The Herald (Scotland),"With a franchise hit such as Alien, the audience expects a certain amount of formula, and Scott certainly supplies it in the structure of the story and several of the characters.",POSITIVE,http://www.heraldscotland.com/news/15281346.Alison_Rowat_film_review__Alien__Covenant/
thor_ragnarok_2017,2526662,2018-11-02,Matt Oakes,False,B,fresh,Silver Screen Riot,"Candy-colored Thor: Ragnarok is a retro, dimension-hopping hoot.",POSITIVE,https://silverscreenriot.com/theaters-thor-ragnarok/
thor_love_and_thunder,102706329,2022-07-05,Janire Zurbano,False,4/5,fresh,Cinemanía (Spain),"Thor: Love and Thunder is, at its core, a love letter to love. [Full review in Spanish]",POSITIVE,https://www.20minutos.es/cinemania/criticas/critica-sin-spoilers-de-thor-love-and-thunder-5025280/
rogue_one_a_star_wars_story,2367063,2016-12-13,Tim Grierson,True,,fresh,Screen International,"Star wars, indeed: The thrilling ""Rogue One"" brings a gritty combat-movie aesthetic to George Lucas's beloved space opera, but not at the expense of a thoughtful, emotional story about the foot soldiers who make sacrifices in the name of a movement.",POSITIVE,http://www.screendaily.com/reviews/rogue-one-a-star-wars-story-review/5112099.article?blocktitle=REVIEWS&contentID=40296
joker_2019,2647135,2019-11-19,Violet Lucca,True,,rotten,Film Comment Magazine,"Joker doesn't understand its representation of violence because it doesn't know what to do with its politics, opting instead for a confused aestheticization of anarchy, all incendiary chants and masked malcontents thronging the streets.",NEGATIVE,https://www.filmcomment.com/blog/review-joker/
black_panther_2018,2553720,2019-02-01,Filipe Freitas,False,4/5,fresh,Always Good Movies,The film completely integrates ancient rituals and traditions with sober sci-fi and modern technology.,POSITIVE,https://alwaysgoodmovies.com/reviews/2018/2/26/black-panther-2018
star_wars_the_last_jedi,2442242,2017-12-12,Hugh Armitage,False,5/5,fresh,Digital Spy,Rian Johnson has created a movie that is both quintessentially Star Wars and richer than anything that has come before.,POSITIVE,http://www.digitalspy.com/movies/star-wars/review/a844982/star-wars-the-last-jedi-review-spoiler-free/
parasite_2019,2593585,2019-06-04,Stephen Garrett,False,,fresh,Book & Film Globe,The hilariously inventive story has so many unexpected moments of out-there mayhem that it's hard to keep count. And the ways in which Bong turns the screws on the clan of grifters is absolutely riveting.,POSITIVE,https://bookandfilmglobe.com/film/cannes-takes-a-bong-rip/
star_wars_the_last_jedi,2442297,2017-12-12,Matt Goldberg,False,B+,fresh,Collider,"I lost count of the jaw-dropping moments The Last Jedi presents, and it's a movie I can't wait to revisit.",POSITIVE,http://collider.com/star-wars-the-last-jedi-review/
solo_a_star_wars_story,2727871,2020-09-23,Richard Propes,False,2.5/4.0,fresh,TheIndependentCritic.com,"It's neither good nor bad, meaningful or meaningless.",POSITIVE,https://theindependentcritic.com/solo_a_star_wars_story
no_time_to_die_2021,2850046,2021-12-31,Dolores Quintana,False,,fresh,Dolores Quintana,"NO TIME TO DIE is a film that is worthy of Daniel Craig's excellent performance as James Bond. The series has moved on to a form that is more realistic, but still has exciting action sequences that are key to spy films.",POSITIVE,https://www.nightmarishconjurings.com/2021/09/28/nightmarish-detour-review-no-time-to-die/
the_front_runner_2018,2529465,2018-11-07,Alci Rengifo,False,,fresh,Entertainment Voice,"Groundbreaking it is not, but it is always a fascinating train wreck to behold.",POSITIVE,http://entertainmentvoice.com/2018/11/06/the-front-runner-energetically-revisits-gary-harts-rise-and-scandalous-fall/
joker_2019,2620989,2019-08-31,Owen Gleiberman,True,,fresh,Variety,"A dazzlingly disturbed psycho morality play, one that speaks to the age of incels and mass shooters and no-hope politics, of the kind of hate that emerges from crushed dreams.",POSITIVE,https://variety.com/2019/film/reviews/joker-review-joaquin-phoenix-todd-phillips-1203317033/
rogue_one_a_star_wars_story,2367140,2016-12-13,Sara Stewart,True,3/4,fresh,New York Post,"""Rogue One"" is definitive proof: ""Star Wars"" is back, baby.",POSITIVE,http://nypost.com/2016/12/13/rogue-one-continues-star-wars-winning-streak/
deadpool_2,2482051,2018-06-02,Dan Webster,False,,fresh,Spokesman-Review (Washington),"You can't make fun of superhero action films and, at the same time, be a good example of one...[but] the exception in the case of superhero action films is the ""Deadpool"" series.",POSITIVE,http://www.spokane7.com/blog/2018/may/25/deadpool-2-perfect-blend-humor-and-action/
dunkirk_2017,2542234,2018-12-19,Matt Ward,False,,fresh,Cinematic Considerations,"Christopher Nolan cements his directorial seal on the historical drama genre with ""Dunkirk,"" a sweeping World War II film unlike anything you've ever seen before.",POSITIVE,https://cinematicconsiderations.com/2017/07/23/dunkirk-the-art-of-war-2/
2012,1853737,2009-11-05,Caffeinated Clint,False,4/5,fresh,Moviehole,"""Sit Down and Buckle Up!""",POSITIVE,http://www.moviehole.net/200921389-2012
once_upon_a_time_in_hollywood,2608748,2019-07-25,Ian Freer,True,4/5,fresh,Empire Magazine,"If it's not top-drawer QT, Once Upon A Time In Hollywood is at once an engaging buddy comedy, an intoxicating fact and fiction mash-up, gorgeous filmmaking and a valentine to the movies that delivers geek nirvana.",POSITIVE,https://www.empireonline.com/movies/reviews/once-upon-a-time-in-hollywood-2/
star_wars_the_rise_of_skywalker,2655027,2019-12-19,Kimberly Pierce,False,,rotten,Geek Girl Authority,"Star Wars has been onscreen in some form for more than 40 years, and it's sad that this hastily written film is where the saga ""ends"". This movie could have been a heck of a lot better.",NEGATIVE,https://www.geekgirlauthority.com/movie-review-star-wars-the-rise-of-skywalker/
eternals,2850113,2022-01-01,Harris Dang,False,2.5/5,rotten,Impulse Gamer,Eternals is stuck between a rock and a hard place. It is too blatantly commercial to take advantage of the studio's new prestigious filmmaking talent and too outside the box to satisfy Marvel's audience.,NEGATIVE,https://www.impulsegamer.com/eternals-film-review-2/
avengers_infinity_war,2473365,2018-04-25,Matthew Razak,False,8/10,fresh,Flixist.com,This movie isn't actually about the Avengers. It's about Thanos.,POSITIVE,https://www.flixist.com/review-avengers-infinity-war-222585.phtml
star_wars_the_rise_of_skywalker,2656040,2019-12-23,Miles Surrey,False,,rotten,The Ringer,J.J. Abrams's 'Episode IX' is so desperate to please fans that it ends up throwing any semblance of intrafilm cohesion out the window.,NEGATIVE,https://www.theringer.com/star-wars/2019/12/20/21030614/the-rise-of-skywalker-star-wars-jj-abrams-fans
avengers_endgame,2602037,2019-07-03,Allison Rose,False,5/5,fresh,FlickDirect,Avengers: Endgame doesn't disappoint. There is so much to absorb that one sitting isn't enough.,POSITIVE,https://flickdirect.com/movie-review/2244/avengers-endgame/movie.ashx
28_days_later,1169094,2003-06-26,Manohla Dargis,True,,fresh,Los Angeles Times,28 Days Later induces the sort of physical reactions that these days are more often incited by the nightly news than the latest monster flick.,POSITIVE,http://articles.latimes.com/2003/jun/27/entertainment/et-dargis27
black_panther_2018,2459794,2018-02-22,Stuart Klawans,False,,fresh,The Nation,The feelings of loss and envy running through the film...add a level of emotional complexity to Black Panther beyond anything you might reasonably have expected.,POSITIVE,https://www.thenation.com/article/black-panther-beyond-expectations/
star_wars_episode_vii_the_force_awakens,2299766,2015-12-16,José Arce,False,,fresh,LaButaca.net,An incredible science-fiction and adventure film. [Full review in Spanish],POSITIVE,http://www.labutaca.net/criticas/star-wars-el-despertar-de-la-fuerza-una-nueva-esperanza-industrial/
nope,102710862,2022-07-20,Ed Potton,True,4/5,fresh,Times (UK),"... A bracingly ambitious blend of UFO flick, horror, western and black comedy that’s full of marquee moments and bound together by a thrilling strangeness. ",POSITIVE,https://www.thetimes.co.uk/article/nope-film-review-jordan-peele-sbvp6sq59
the_irishman,2646681,2019-11-18,Ignacio Navarro,False,5/5,fresh,El antepenúltimo mohicano,"The way the plots are spun, taking into account the bulky footage, is very admirable [in the hands of Thelma Schoonmaker]. [Full review in Spanish]",POSITIVE,https://www.elantepenultimomohicano.com/2019/11/critica-el-irlandes.html
snow_white_and_the_huntsman,2087062,2012-05-30,Emanuel Levy,False,C+,rotten,EmanuelLevy.Com,"This visullay striking, darkly-toned, revisionist version suffers from the same problems that inflict all spectacles helmed by debutant directors who come from ads and commercials.",NEGATIVE,http://www.emanuellevy.com/review/snow-white-and-the-huntsman/
taken_3,2434911,2017-11-11,Reagan Gavin Rasquinha,False,4/5,fresh,The Times of India,What works greatly to the movie's credit is the pacing (never a dull moment here!) and that sense of 'What's going to happen next?',POSITIVE,http://timesofindia.indiatimes.com/entertainment/movie-reviews
a_star_is_born_2018,2549268,2019-01-18,Leslie Combemale,False,4.5/5,fresh,Cinema Siren,"A Star is Born proves Bradley Cooper has a future as a director, Lady Gaga can act, and that for a film that has been made over and over, the 4th time's a charm.",POSITIVE,https://cinemasiren.com/cinema-siren/a-star-is-born-review-4th-times-a-charm-but-just-as-tragic/
birds_of_prey_2020,2667923,2020-02-08,Wendy Ide,True,4/5,fresh,Observer (UK),"Following Martin Scorsese's criticism of comic book films as theme parks rather than cinema, it's tempting to read Birds of Prey as a satisfyingly minxy comeback: it's the movie equivalent of a fairground ride with all the bolts loosened...",POSITIVE,https://www.theguardian.com/film/2020/feb/08/birds-of-prey-and-the-fantabulous-emancipation-of-harley-quinn-review-margot-robbie
taken_3,2301964,2015-12-31,Alejandro Alemán,False,,rotten,El Universal,What a spectacular way to ruin a great character. [Full review in Spanish],NEGATIVE,http://www.eluniversal.com.mx/blogs/alejandro-aleman/2015/12/25/las-peores-peliculas-que-vi-en-2015
2012,1868747,2010-01-31,Mark Pfeiffer,False,D+,rotten,Reel Times: Reflections on Cinema,Emmerich would be better off losing the pretense of respectability and embracing the B-movie showmanship that is clearly his strength.,NEGATIVE,http://reeltimes.blogspot.com/2009/11/2012.html
the_batman,102662469,2022-02-28,Fred Topel,False,,fresh,United Press International,The Matt Reeves directed The Batman is almost oppressive. The Batman creates an unsettling world that keeps the audience on edge as Batman navigates an overwhelming Gotham City one clue at a time.,POSITIVE,https://www.upi.com/Entertainment_News/Movies/2022/02/28/movie-review-The-Batman/1451645838783/
star_wars_the_rise_of_skywalker,2656166,2019-12-24,John Urbancich,False,3/5,fresh,Your Movies (cleveland.com),"What goes around, comes around in the alleged final chapter of the 'Star Wars' saga, a so-so, J.J. Abrams helmer that shoots more toward emotion than amazement.",POSITIVE,
snow_white_and_the_huntsman,2087740,2012-06-01,Perri Nemiroff,True,2/5,rotten,Shockya.com,"When a movie's biggest thrill is watching Charlize Theron go from young to old, turn into birds then mud and back again, there are serious problems.",NEGATIVE,http://www.shockya.com/news/2012/06/01/snow-white-and-the-huntsman-movie-review-2/
2012,2594727,2019-06-06,Mattie Lucas,False,1/4,rotten,"The Dispatch (Lexington, NC)","Wears out its welcome at a ridiculous two hours and 40 minutes, throwing out every cliché in the disaster movie handbook.",NEGATIVE,https://www.the-dispatch.com/news/20091118/emmerichs-2012-is-an-epic-disaster---literally
birds_of_prey_2020,2709592,2020-07-30,Dave Lee,False,4/5,fresh,Dave Lee Down Under,"Whacky, zany, irreverant, bombastic and totally over-the-top.... An absolute visual feast... A tonne of balls-to-the-wall, goofy fun... unashamedly a really good time... It is a joy, a delight, and a blast from beginning to end.",POSITIVE,https://www.youtube.com/watch?v=kZB1k8CtHLM&list=PLwAiYRLf0OAXKUvobTiHAJxUr9lxqr76-&index=25
ant_man_and_the_wasp,2488471,2018-07-03,Dana Barbuto,False,B,fresh,The Patriot Ledger,"As the saying goes, good things come in small packages.",POSITIVE,http://www.patriotledger.com/entertainmentlife/20180703/movie-review-ant-man-and-wasp-is-something-to-buzz-about
birds_of_prey_2020,2669385,2020-02-13,Leonard Maltin,True,,rotten,leonardmaltin.com,"Does the positive energy of a female-centric comic book movie-made by women-compensate for the nihilistic, super-violent nature of its content? Is this really a step forward for women, behind the camera and in the audience? That's the conundrum presented",NEGATIVE,https://leonardmaltin.com/birds-preys-on-civilized-moviemaking/
ant_man_and_the_wasp,2488679,2018-07-05,Sean Burns,False,,fresh,North Shore Movies,A high-spirited lark of blessedly little consequence.,POSITIVE,https://northshoremovies.wordpress.com/2018/07/05/review-ant-man-and-the-wasp-seans-take/
jurassic_world_fallen_kingdom,2487198,2018-06-27,Alison Willmore,True,,fresh,BuzzFeed News,Fallen Kingdom is the silliest and most purely enjoyable variation on a story that a few big studio productions have been offering recently.,POSITIVE,https://www.buzzfeed.com/alisonwillmore/jurassic-world-fallen-kingdom-westworld-war-for-the-planet?utm_term=.hwOdDRn0a#.pjEdrGZ2O
rogue_one_a_star_wars_story,2367082,2016-12-13,Bob Strauss,False,3/4,fresh,Los Angeles Daily News,"Aside from [K-2SO's] killer lines, wonderfully voiced by the indispensable Alan Tudyk, most big satisfactions in this big, big movie come from references to Star Wars adventures you've loved before.",POSITIVE,http://www.dailynews.com/arts-and-entertainment/20161213/review-rogue-one-a-star-wars-story-looks-death-star-in-the-face
captain_america_civil_war,2647154,2019-11-19,Brandon Davis,False,9.8/10,fresh,ComicBook.com,Captain America: Civil War is a truly epic and gigantic super hero film with on point emotional moments and the best action sequences to date.,POSITIVE,https://comicbook.com/2016/04/13/captain-america-civil-war-review-fighting-to-be-the-best/
1193230-state_of_play,1812606,2009-04-13,David Edelstein,True,,rotten,New York Magazine/Vulture,"It's like a time bomb that's never dismantled but never explodes. The movie is good enough that the ending leaves you ... not angry, exactly. Unfulfilled.",NEGATIVE,
the_front_runner_2018,2532257,2018-11-14,Moira MacDonald,True,2.5/4,rotten,Seattle Times,"The movie ultimately feels exhausting, raising issues it doesn't have the energy to address (about morality, the role of journalists, the public's right to know) and presenting a wide-eyed Rice as a lamb led to slaughter.",NEGATIVE,https://www.seattletimes.com/entertainment/movies/the-front-runner-never-really-gets-behind-the-enigma-that-is-gary-hart/?utm_source=RSS&utm_medium=Referral&utm_campaign=RSS_movies
star_wars_the_last_jedi,2524026,2018-10-30,Kirsten Acuna,False,A-,fresh,Insider,"It's safe to say ""The Last Jedi"" is one of the best ""Star Wars"" movies ever made. It's right up there with ""Empire Strikes Back.""",POSITIVE,https://www.thisisinsider.com/star-wars-the-last-jedi-review-is-it-good-2017-12
ant_man_and_the_wasp_quantumania,102780165,2023-02-15,Ezequiel Boetti,False,1.5/5,rotten,Otroscines.com,... lacks any hint of humor and no one seems interested in naturally performing the overwritten dialogues. [Full review in Spanish],NEGATIVE,https://www.otroscines.com/nota-18835-critica-de-ant-man-and-the-wasp-quantumania-de-peyton-r
dunkirk_2017,2524574,2018-10-31,Micheal Compton,False,A,fresh,Bowling Green Daily News,"With a minimal but very memorable score from Hans Zimmer pulsating throughout, Nolan has crafted a film that captures the brutality of battle and the fears of these people who were fighting for their survival -- as well as their respective countries.",POSITIVE,https://www.bgdailynews.com/community/dunkirk-an-epic-war-opus-from-director-nolan/article_82386674-5840-5550-bcf0-9cfbdb77ece0.html
dune_2021,2830983,2021-10-12,EJ Moreno,False,,rotten,Flickering Myth,"For a film set in the desert, it's one of the coldest and lifeless things I've seen in a while.",NEGATIVE,https://youtu.be/yR1yKtp77fc
first_man,2517882,2018-10-11,Peter Howell,True,3.5/4,fresh,Toronto Star,"When the Eagle finally lands on the moon in First Man, the picture truly soars.",POSITIVE,https://www.thestar.com/entertainment/movies/review/2018/10/11/ryan-goslings-first-man-is-a-space-hero-with-soul.html
a_star_is_born_2018,2559403,2019-02-16,Jennifer Heaton,False,8.5/10,fresh,Alternative Lens,A Star is Born will tug at the heartstrings of even those who have seen this story play out time and time again.,POSITIVE,https://altfilmlens.wordpress.com/2019/02/16/my-top-25-favourite-films-of-2018/
mission_impossible_fallout,2490547,2018-07-13,Helen O'Hara,True,5/5,fresh,Empire Magazine,"A combination of thrilling stunts, insane daring and clever writing make this a stunning piece of action cinema.",POSITIVE,https://www.empireonline.com/movies/mission-impossible-fallout/review/
the_irishman,2666398,2020-02-04,Matthew Pejkovic,False,4.5/5,fresh,Matt's Movie Reviews,"Epic crime movie filmmaking filled with a surprising reservoir of emotion, and a masterclass of practical and visual craftsmanship.",POSITIVE,http://mattsmoviereviews.net/movie-critic-reviews/irishman.html
solo_a_star_wars_story,2516990,2018-10-10,Kyle Wilson,False,3/5,rotten,The Lamplight Review,"Solo isn't a disaster, it's just an uninspired showing that is passably entertaining.",NEGATIVE,http://nerdrepository.com/movie-review-solo-star-wars-story/
logan_2017,2380359,2017-02-23,Jonathan Hatfull,False,4/5,fresh,SciFiNow,"Jackman taps into the darkest elements of the character but never loses the humanity, and if this is his last outing, he's gone out with a perfect, heart-breaking portrayal full of rage and grief.",POSITIVE,https://www.scifinow.co.uk/reviews/logan-film-review-down-to-the-bone/
dune_2021,2845586,2021-12-10,Kate Rodger,False,5/5,fresh,Newshub (NZ),I have a well-documented weakness for sci-fi and expected Dune to feed my soul. I didn't expect it to entirely blow my mind.,POSITIVE,https://www.newshub.co.nz/home/entertainment/2021/12/review-dune-blew-my-mind-with-its-epic-visual-feast-flawless-cast.html
28_days_later,102713603,2022-07-29,Jesús Palacios,False,3/5,fresh,Fotogramas,"... Optimistic. Violent, yes; Bloody, that too... but at its core, it's as beautiful as an English rose garden. [Full review in Spanish]",POSITIVE,https://www.fotogramas.es/peliculas-criticas/a12883/28-dias-despues/
once_upon_a_time_in_hollywood,102720059,2022-08-17,Keith Garlington,False,4.5/5,fresh,Keith & the Movies,It&#8217;s a movie full of surprises&#44; none bigger than this &#8211; I kinda love it&#46; And let me get this out of the way &#8211; I think it&apos;s Tarantino&apos;s best film&#46;,POSITIVE,https://keithandthemovies.com/2019/07/28/review-once-upon-a-time-in-hollywood/
bohemian_rhapsody,2527481,2018-11-02,Stephen Romei,True,4/5,fresh,The Australian,"I can't remember the last time I have been so gripped by an actor's performance, from the first frame to the last.",POSITIVE,https://www.theaustralian.com.au/arts/review/he-will-rock-you/news-story/87a7a41075069de5d6aa10df93cff8dc
taken_3,2242951,2015-01-19,Michael Dequina,False,2/4,rotten,TheMovieReport.com,"It is time for Mills to finally settle into a quiet retirement while Neeson moves on to better, heretofore untaken (in every sense) action showcases.",NEGATIVE,http://themoviereport.com/movierpt2015-01.html#taken
parasite_2019,2642086,2019-11-04,Nate Adams,False,A,fresh,The Only Critic,Bong Joon-ho's wild 'Parasite' is 2019's first real masterpiece,POSITIVE,https://www.theonlycritic.com/single-post/2019/11/03/Review-Bong-Joonhos-wild-Parasite-is-2019s-first-real-masterpiece
snow_white_and_the_huntsman,2120496,2012-12-28,Jason Gorber,False,C,rotten,ScreenAnarchy,"More puzzling than it is unwatchable, squandering some really quite exceptional moments under the weight of a dreary and dull tale.",NEGATIVE,
star_wars_the_last_jedi,2655327,2019-12-20,Ben Rolph,False,5/5,fresh,Discussing Film,"The Last Jedi is not only a fantastic film, but one of the best Star Wars films.",POSITIVE,https://discussingfilm.net/2019/12/20/star-wars-trilogy-review-what-reigns-the-rise-of-skywalker-the-last-jedi-or-the-force-awakens/
dune_2021,2844252,2021-12-04,Andiee Paviour,False,3/5,fresh,Nobody's Reading This But Me,Killer looks only take the show so far in director Denis Villeneuve's high-flown trip into not-so-deep space.,POSITIVE,https://www.nobodysreadingthisbutme.com/2021/12/04/dune-part-one/
ad_astra,2620107,2019-08-29,Rory O'Connor,False,B-,fresh,The Film Stage,It's a deeply personal film about human nature from a beloved filmmaker who has been given the largest canvas imaginable-with all the trimmings-that ultimately proves a bit of a slog.,POSITIVE,http://thefilmstage.com/reviews/venice-review-james-grays-ad-astra-is-both-a-stunning-and-somniferous-trip-to-the-stars/
joker_2019,2633200,2019-10-07,Rob Dean,False,2.5/5,rotten,Bullz-Eye.com,Joker is a soulless retread that hopes to masquerade in the flesh of a Martin Scorsese/Paul Schrader film in an attempt to seem edgy or dark but is ultimately defiantly mediocre at best and an utter sham at worst.,NEGATIVE,http://www.bullz-eye.com/2019/10/07/movie-review-joker/
wonder_woman_1984,2754191,2020-12-28,Lauren Coates,False,,rotten,Culturess,"Though Pedro Pascal and Kristen Wiig do their best to inject life into their respective villains, Wonder Woman 1984 is a two and a half hour empty shell of pseudo-inspiration and laughably bad action.",NEGATIVE,https://culturess.com/2020/12/26/review-wonder-woman-1984/
ready_player_one,2468427,2018-03-31,Diva Velez,False,4/5,fresh,TheDivaReview.com,"Escapist fun made for mandatory repeat viewings to try to catch all the characters and icons hidden throughout. With READY PLAYER ONE, Spielberg has crafted an electronic Wonderland that is a love song to fandom and pop culture itself.",POSITIVE,http://thedivareview.com/Ready_Player_One_Movie_Review.htm
mad_max_fury_road,2382436,2017-03-07,Dwight Brown,True,,fresh,National Newspaper Publishers Association,The memories of the original Mad Max series are intact. This is not more of the same. Fury Road takes you down a different trail.,POSITIVE,http://dwightbrownink.com/category/film-reviews/
a_star_is_born_2018,2508433,2018-09-08,Michael Phillips,True,,fresh,Chicago Tribune,"Gaga's easy, offhanded command of the screen matches up well with Cooper's sincere, straight-ahead portrayal of a good man undermining his own talent.",POSITIVE,http://www.chicagotribune.com/entertainment/movies/ct-mov-star-is-born-0831-story.html
the_irishman,2646609,2019-11-18,Frank Swietek,False,A,fresh,One Guy's Opinion,"A long but richly textured, melancholy elegy about a way of life ostensibly based on comradeship but really founded on selfishness and violence.",POSITIVE,http://www.oneguysopinion.com/the-irishman/
black_panther_2018,2455622,2018-02-06,Bryan Bishop,False,,fresh,The Verge,"It's gripping, funny, and full of spectacle, but it also feels like a turning point, one where the studio has finally recognized that its movies can be about more than just selling the next installment.",POSITIVE,https://www.theverge.com/2018/2/6/16977756/black-panther-movie-review-ryan-coogler-marvel-cinematic-universe-chadwick-boseman-michael-b-jordan
incredibles_2,2749071,2020-12-07,Mike Massie,False,6/10,fresh,Gone With The Twins,"Even in its messy storytelling, it's undeniably fun to revisit this comical take on the Fantastic Four, which gains lagging newness yet welcome nostalgia.",POSITIVE,http://gonewiththetwins.com/new/incredibles-2-2018/
28_days_later,813873,2002-11-19,Peter Bradshaw,True,3/5,fresh,Guardian,"It flags during the encampment scenes, with some redundant gore, but this is a muscular, virile piece of film-making from Boyle.",POSITIVE,"http://film.guardian.co.uk/Film_Page/0,4061,813866,00.html"
avengers_infinity_war,102780251,2023-02-16,Joseph Garcia,False,5/5,fresh,Dynamic Duel Podcast,People will have different opinions on the film depending on how invested they are in the characters in the movie&#46; If you are knowledgeable of the characters and their stories thus far&#44; this movie is flat-out incredible&#46;,POSITIVE,https://www.dynamicduel.com/avengers-infinity-war-review/
black_widow_2021,2804395,2021-07-09,Alan Zilberman,False,2/5,rotten,Spectrum Culture,Black Widow wants to give MCU fans the reward of understanding a reference without asking them to do the work. This is diluted fandom.,NEGATIVE,https://spectrumculture.com/2021/07/08/black-widow-review/
baby_driver,2403166,2017-07-01,Gary Wolcott,False,4/5,fresh,Tri-City Herald,"Baby Driver is a nice twist on an old car chase, car crash, bullets flying everywhere and hitting everyone but the main characters genre. Fun flick.",POSITIVE,http://www.tri-cityherald.com/entertainment/movies-news-reviews/mr-movie/article158940094.html
la_la_land,2364373,2016-11-29,Susan Granger,False,10/10,fresh,SSG Syndicate,"Unabashedly twinkly and entrancing, affectionately recalling the Golden Era of Hollywood musicals.",POSITIVE,http://www.susangranger.com/?p=9310
the_irishman,2645107,2019-11-13,John Petkovic,False,A,fresh,Cleveland Plain Dealer,"As the credits scrolled across the screen, I couldn't help but think that The Irishman is it. The crew is old in the tooth. The world is a different place. And you might as well end it with The Irishman -- a triumph filled will splendor and sorrow.",POSITIVE,https://www.cleveland.com/life-and-culture/g66l-2019/11/fc0a0a06546726/the-irishman-martin-scorsese-reunites-the-mob-for-an-elegiac-movie-marvel-review.html
promising_young_woman,2782646,2021-04-08,Luis Fernando Galván,False,3/5,fresh,En Filme,"Although the story deftly and cleverly swings between dark comedy and thriller with moral overtones, Fennell doesn't maintain the rhythms of her film. [Full review in Spanish]",POSITIVE,https://enfilme.com/en-cartelera/hermosa-venganza
godzilla_vs_kong,2781498,2021-04-01,Stuart McGurk,False,,fresh,GQ Magazine [UK],It's gloriously shameless in its silliness. It doesn't care one bit about your cynicism.,POSITIVE,https://www.gq-magazine.co.uk/culture/article/godzilla-vs-kong-review
once_upon_a_time_in_hollywood,2608612,2019-07-25,Louise Keller,False,,fresh,Urban Cinefile,"In the company of fading, heavy-drinking TV star Rick Dalton (DiCaprio) and his wild-card stunt-double buddy Cliff Booth (Pitt), the film is blackly funny and ignites a splashy, violent ending, soaked in Tarantino-esque bravura.",POSITIVE,http://www.urbancinefile.com.au/home/view.asp?a=33301&s=Reviews
taken_3,2241158,2015-01-06,James Mottram,False,2/5,rotten,The List,"Seven years on, and with three episodes of The Expendables leaving the geri-action flick well and truly spent, Taken 3 feels as dozy as a pensioner in the midday sun.",NEGATIVE,http://film.list.co.uk/article/67448-taken-3/
dunkirk_2017,102721866,2022-08-20,Keith Garlington,False,5/5,fresh,Keith & the Movies,Dunkirk was a pivotal early moment in World War 2 and the Dunkirk spirit is something that has lived on through those most closely affected by it&#46; Christopher Nolan brings it to the screen through an incredibly immersive and propulsive experience&#46; ,POSITIVE,https://keithandthemovies.com/2017/07/21/review-dunkirk/
28_days_later,1304140,2004-08-07,Peter Rainer,True,,fresh,New York Magazine/Vulture,"It makes for a more intimate brand of horror, one we can't explain away by pretending we're watching the same old well-oiled Hollywood malarkey.",POSITIVE,
star_wars_episode_vii_the_force_awakens,2300016,2015-12-17,Charles Koplinski,False,3.5/4.0,fresh,Illinois Times,"""Force"" brings fun back to ""Star Wars.""",POSITIVE,http://illinoistimes.com/article-16541-force-brings-fun-back-to-star-wars.html
the_post,2450458,2018-01-17,Kristian Harloff,False,3.5/5,fresh,Schmoes Know,There were times when I could see the brilliance of Spielberg and there were other times where I felt like I was maybe expecting just a little bit more.,POSITIVE,https://www.youtube.com/watch?v=AX2JpGW1mMc&list=PLkT0iquDy7qIjtq1wkRfr73QtjqUMwhmV&index=12
solo_a_star_wars_story,2478069,2018-05-15,A.O. Scott,True,,fresh,New York Times,"It doesn't take itself too seriously, but it also holds whatever irreverent, anarchic impulses it might possess in careful check.",POSITIVE,https://www.nytimes.com/2018/05/15/movies/solo-a-star-wars-story-review.html
blackkklansman,2477785,2018-05-15,Todd McCarthy,True,,fresh,Hollywood Reporter,"Lee's most flat-out entertaining film in quite a long time, as well as his most commercial.",POSITIVE,https://www.hollywoodreporter.com/review/blackkklansman-review-1111869
28_days_later,1654997,2007-07-23,Rob Gonsalves,False,D,rotten,Rob's Movie Vault,Every bit as much a reactionary&#44; establishmentarian work as the horror movies of fifty years ago&#46;,NEGATIVE,https://robsmovievault.wordpress.com/2003/06/27/28-days-later/
rogue_one_a_star_wars_story,2367849,2016-12-16,Sandie Angulo Chen,False,4/5,fresh,Common Sense Media,"Epic but violent adventure offers diversity, role models.",POSITIVE,https://www.commonsensemedia.org/movie-reviews/rogue-one-a-star-wars-story
avatar_the_way_of_water,102761393,2022-12-15,Nell Minow,True,B+,fresh,Movie Mom,The story is just a scaffolding for the world-building&#46; That may make it more of an experience than a movie&#44; but the experience is a fun place to visit&#46;,POSITIVE,https://moviemom.com/avatar-the-way-of-water/
star_wars_the_last_jedi,102767556,2023-01-09,William Jones,False,,fresh,CBR,Rian Johnson's Star Wars: The Last Jedi is an emotionally-driven culmination of all that came before it and an adoring love letter to George Lucas.,POSITIVE,https://www.cbr.com/rian-johnson-the-last-jedi-star-wars-masterpiece/
once_upon_a_time_in_hollywood,2610152,2019-07-30,Lindsay Zoladz,False,,rotten,The Ringer,"You can't tell the story of the Manson murders without at least gesturing toward Polanski, but he's presented with an unexamined lightness that feels indicative of the movie's general tendency to skirt tougher questions about violence against women.",NEGATIVE,https://www.theringer.com/movies/2019/7/29/8934778/once-upon-a-time-in-hollywood-review-quentin-tarantino
2012,1854815,2009-11-12,James Berardinelli,True,1.5/4,rotten,ReelViews,"If, as is believed in certain fringe circles, the world will come to an end in 2012, at least there will be no more movies like this one made.",NEGATIVE,http://www.reelviews.net/php_review_template.php?identifier=1885
la_la_land,2375090,2017-01-25,Michael Lee,False,,fresh,Film Ireland Magazine,"La La Land offers a warming, renewing sense of magic and hope in the world, the perfect antidote to all the chaos of the present. In the end it's an unapologetically bona fide love affair with love and dreams.",POSITIVE,http://filmireland.net/2017/01/25/review-la-la-land/
snow_white_and_the_huntsman,2088341,2012-06-07,Jackie K. Cooper,False,5/10,rotten,jackiekcooper.com,"Charlize Theron is fairest of them all (sorry Kristen), but this movie isn't.",NEGATIVE,http://www.jackiekcooper.com
captain_marvel,2564040,2019-03-05,David Sims,True,,fresh,The Atlantic,More of a solid building block for future endeavors than a must-see solo adventure.,POSITIVE,https://www.theatlantic.com/entertainment/archive/2019/03/captain-marvel-review-brie-larson-anna-boden-ryan-fleck/584125/
star_wars_the_rise_of_skywalker,2709173,2020-07-28,Matt Cipolla,False,2/5,rotten,Film Monthly,"The Rise of Skywalker is so scared of doing something wrong that, by the end, it doesn't do much at all.",NEGATIVE,http://www.filmmonthly.com/film/star-wars-the-rise-of-skywalker
a_star_is_born_2018,2513354,2018-09-27,Stephen Silver,False,4.5/5,fresh,Splice Today,"It's full of old-fashioned movie magic, with Bradley Cooper knocking it out of the park in his directorial debut, and Lady Gaga bringing it, and not just with her singing.",POSITIVE,https://www.splicetoday.com/moving-pictures/film-review-a-star-is-born-is-exhilarating
star_wars_the_rise_of_skywalker,102723995,2022-08-25,Keith Garlington,False,4/5,fresh,Keith & the Movies,The story is messy&#44; there&#8217;s enough plot to fill two movies&#44; and some of its characters need more attention&#46; But this is still very much a Star Wars film and will evoke many of those same old feelings of kid-like joy and excitement for those who allow it&#46;,POSITIVE,https://keithandthemovies.com/2019/12/20/review-star-wars-the-rise-of-skywalker/
aladdin,2592102,2019-05-31,Joanne Soh,False,2.5/5,rotten,The New Paper (Singapore),"Forget about characterisation - everything must be loud, brash and over-the-top.",NEGATIVE,https://www.tnp.sg/entertainment/movies/movie-review-aladdin-saved-song-and-spectacle
the_lion_king_2019,2604091,2019-07-11,Peter Bradshaw,True,3/5,fresh,Guardian,"Basically, this new Lion King sticks very closely to the original version, and in that sense it's of course watchable and enjoyable. But I missed the simplicity and vividness of the original hand-drawn images.",POSITIVE,https://www.theguardian.com/film/2019/jul/11/the-lion-king-review-anthro-leonine-clones-original?CMP=twt_a-culture_b-gdnculture
the_irishman,2630564,2019-09-28,Brett Arnold,False,A,fresh,Consequence,The Irishman is a remarkable achievement that proves the best may yet to come from one of the most essential American filmmakers to ever live.,POSITIVE,https://consequenceofsound.net/2019/09/film-review-the-irishman/
wonder_woman_1984,2759009,2021-01-23,Dan Buffa,False,C-,rotten,KSDK News (St. Louis),"There's no real purpose for this film. With a weak story and even weaker villains, it all comes off as overpriced filler. A need to churn a profit and maybe extend a story.",NEGATIVE,https://www.ksdk.com/article/entertainment/movies/movie-reviews/wonder-woman-1984-movie-review/63-9ada5188-f7c7-4575-8a0a-ce07c875385d
doctor_strange_in_the_multiverse_of_madness,102688038,2022-05-10,Claudia Puig,True,,rotten,FilmWeek (KPCC - NPR Los Angeles),It's one of the lesser Marvel movies... Both overly-complicated and dull.,NEGATIVE,https://www.kpcc.org/show/filmweek/2022-05-06/filmweek-doctor-strange-in-the-multiverse-of-madness-hit-the-road-our-father-and-more
the_lion_king_2019,2604508,2019-07-12,Matthew Razak,False,7/10,fresh,Flixist.com,"This movie is a non-stop visual orgasm (put that one on the poster, Disney).",POSITIVE,https://flixist.com/review-the-lion-king-224807.phtml
solo_a_star_wars_story,2480641,2018-05-25,Robert Horton,False,3/4,fresh,"HeraldNet (Everett, WA)","If the resulting film isn't as zesty as The Last Jedi, it at least provides a solid night of thrills and chills - which was what George Lucas's original Star Wars was supposed to be about, anyway.",POSITIVE,https://www.heraldnet.com/life/origin-story-solo-delivers-the-star-wars-thrills/
28_days_later,1343459,2004-12-06,Jeffrey Overstreet,False,B+,fresh,Looking Closer,"It's scary because, while we may never be stalked by slimy zombies, we're coming to know what it is like to live in the midst of an angry, violent, explosive populace.",POSITIVE,http://lookingcloser.org/2004/12/28-days-later-2003/
knives_out,2623871,2019-09-10,Angie Han,True,,fresh,Mashable,"Knives Out is a classic whodunit, and doesn't mind who knows it.",POSITIVE,https://mashable.com/article/knives-out-movie-review/
arrival_2016,2502394,2018-08-25,Alexandra Heller-Nicholas,True,,fresh,The Blue Lenses,"Arrival transcends the limitations that so often govern the less creative examples of the subgenre, instead using it as a loose conceptual foundation upon which to build a theoretically-informed examination of what precisely ... makes us human.",POSITIVE,http://www.thebluelenses.com/post/154534849932/arrival-denis-villeneuve-2016-if-2009s
avengers_endgame,2708681,2020-07-27,James Hanton,False,5 / 5,fresh,Outtake Mag,"If Infinity War wanted to blow you away, Endgame wants to punch you in the gut and leave you a speechless, quivering wreck.",POSITIVE,http://outtakemag.co.uk/reviews/2019/04/25/marvel-avengers-endgame/
the_irishman,2642456,2019-11-05,Leonard Maltin,True,,fresh,leonardmaltin.com,"""The Irishman"" is a quiet epic that revisits a milieu Martin Scorsese has famously explored before--but never feels redundant or overly familiar. I couldn't take my eyes off the screen.",POSITIVE,https://leonardmaltin.com/the-irishman-masterful-moviemaking/
dunkirk_2017,2406414,2017-07-25,Alistair Ryder,False,,fresh,Film Inquiry,"Nolan has revitalised his approach to filmmaking, and the results are nothing less than awe inspiring.",POSITIVE,https://www.filminquiry.com/dunkirk-2017-review/
star_wars_the_last_jedi,2442353,2017-12-12,Sara Stewart,True,4/4,fresh,New York Post,"While there are elements nodding to The Empire Strikes Back, The Last Jedi is no copycat. In its most daring moments, it even tweaks a few series tropes, updating them with a decidedly populist kick.",POSITIVE,https://nypost.com/2017/12/12/the-last-jedi-is-a-daring-high-octane-masterpiece/
solo_a_star_wars_story,2523910,2018-10-30,Sean Mulvihill,False,3.5/5,fresh,FanboyNation.com,"Solo is an uneven at times and pretty minor journey into that galaxy far, far away, but it has enough moments of simple fun that it steers clear of being an all-out disaster that many feared.",POSITIVE,http://fanboynation.com/solo-a-star-wars-story-2018/
snow_white_and_the_huntsman,2191992,2014-03-11,Brian D. Johnson,False,,fresh,Maclean's Magazine,"Like its vain Queen, it's so enamored of its own mirror image that it's hard to see past the style and get lost in the story. But as sheer spectacle, it delivers the goods.",POSITIVE,http://www.macleans.ca/authors/brian-d-johnson/twisted-fairy-tales-snow-white-and-moonrise-kingdom/
black_widow_2021,2804838,2021-07-11,Nicola Austin,False,3.5/5,fresh,We Have a Hulk,"Although it's been far too long in the making, Scarlett Johansson finally has her time to shine in the solo action-packed spy thriller Black Widow",POSITIVE,https://wehaveahulk.co.uk/black-widow-review/
promising_young_woman,2665856,2020-02-01,Joi Childs,False,8.5/10,fresh,Teen Vogue,A stellar performance from Mulligan paired with an ambitious vision from Fennell comes together to create a story that's a bold takedown of rape culture and those that defend it.,POSITIVE,https://www.teenvogue.com/story/promising-young-woman-review
ready_player_one,2659371,2020-01-10,Julian Lytle,False,5/10,rotten,idobi.com,"Steven Spielberg used his talents to make a movie with a cotton candy heart, and without the emotion his films usually have any good feelings won't last.",NEGATIVE,https://idobi.com/review/film-review-ready-player-one/
star_wars_the_last_jedi,2551428,2019-01-26,Kyle Pinion,False,,fresh,The Beat,"When it works, it really works, but the fat overwhelms it all too often.",POSITIVE,http://www.comicsbeat.com/review-star-wars-the-last-jedi-ambitious-but-unwieldy/
black_panther_wakanda_forever,102762086,2022-12-17,Sameen Amer,False,3/5,fresh,The News International (Pakistan),"It may not be the most exciting superhero flick, but Wakanda Forever makes up for its shortcomings with touching drama and terrific acting.",POSITIVE,https://www.thenews.com.pk/tns/detail/1018400-in-the-picture
avengers_infinity_war,2515938,2018-10-05,Reza Noorani,False,4/5,fresh,The Times of India,"While Hindi viewers will be able to follow the vastness of the Marvel universe and enjoy the movie for the big ticket spectacle that it is, we wish the voice cast was kept constant in all the Avenger Hindi dubs.",POSITIVE,https://timesofindia.indiatimes.com/entertainment/hindi/movie-reviews/avengers-infinity-war/movie-review/66073924.cms
star_wars_the_rise_of_skywalker,2654562,2019-12-18,Esther Zuckerman,True,,rotten,Thrillist,"The bones of what made the new era of the saga exciting -- the talented, appealing actors, the charming practical effects and creatures -- are still there, but it's all mired in a plot that's as sludgy as planet Dagobah.",NEGATIVE,https://www.thrillist.com/entertainment/nation/star-wars-the-rise-of-skywalker-movie-review
star_wars_the_rise_of_skywalker,2654460,2019-12-18,Kara Warner,False,,fresh,People Magazine,"While it lacks the more cohesive, streamlined storylines of its predecessors The Force Awakens and The Last Jedi, Skywalker is buoyed by always-dazzling visuals, satisfying emotional beats and solid performances.",POSITIVE,https://people.com/movies/star-wars-the-rise-of-skywalker-review-epic-conclusion-thats-strongest-in-the-smaller-moments/
joker_2019,2630876,2019-09-30,tt stern-enzi,False,B,fresh,Cincinnati CityBeat,"Phoenix's Joker fashions everything, all the pain and frustration, into a weapon, the tip of a spear that can rally others who are feeling the same.",POSITIVE,https://www.citybeat.com/movies-tv/film/article/21089552/joker-is-a-punchdrunk-clown-in-a-punchdrunk-world
taken_3,2242544,2015-01-15,Tim Brayton,False,2/10,rotten,Antagony & Ecstasy,"Noisy, indecipherable nonsense and floppy, dismally uninteresting character drama.",NEGATIVE,http://antagonie.blogspot.com/2015/01/a-man-with-very-worn-out-set-of-skills.html
jojo_rabbit,2623872,2019-09-10,Doug Jamieson,False,4.5/5,fresh,The Jam Report,"While the film is an unashamedly irreverent satire of a painfully relevant moment in modern history, the humour perfectly supplements the true potency of its deeply important message.",POSITIVE,https://thejamreport.com/2019/09/10/tiff-review-jojo-rabbit-is-an-unashamedly-irreverent-satire-of-a-painfully-relevant-moment-in-modern-history/
joker_2019,2632418,2019-10-04,Bill Arceneaux,False,3.5/5,fresh,Moviegoing with Bill,"A disturbing but somewhat courageous portrait of someone who loses everything but somehow wins most victoriously - at least, in his mind. Uncomfortable and righteous.",POSITIVE,https://moviegoing.rocks/p/review-joker-arthurs-terrible-no
parasite_2019,2602324,2019-07-04,John McDonald,False,,fresh,Australian Financial Review,"While Ki-taek's family toast their good fortune, catastrophe lies just around the corner. For the Parks, the fairy-tale of their lives proves too good to be true.",POSITIVE,https://www.johnmcdonald.net.au/2019/parasite/
snow_white_and_the_huntsman,102744046,2022-10-19,Brian Eggert,False,2.5/4,rotten,Deep Focus Review,This is a gorgeous production&#44; but it&#8217;s also a romantically dormant one whose characters and their fixed motivations never make a connection&#46;,NEGATIVE,https://deepfocusreview.com/reviews/snow-white-and-the-huntsman/
widows_2018,2535088,2018-11-25,Jim Schembri,False,3.5/5,fresh,3AW,"Thanks to some extremely well-staged action sequences and tight, serious direction by Steve McQueen, Widows delivers a top-shelf, twist-filled femme-noir crime thriller spiced by the ignition of toxic masculinity and toxic femininity colliding.",POSITIVE,https://tinyurl.com/ycg97zfe
star_wars_episode_vii_the_force_awakens,2449152,2018-01-11,Uri Klein,False,,fresh,Haaretz,"Star Wars: The Force Awakens may not have provided me with an artistic experience, but it did maintain my interest in the rest of the trilogy, and there is something to be said for that.",POSITIVE,https://www.haaretz.com/israel-news/culture/.premium-1.692402
nope,102710663,2022-07-20,Joey Morona,False,,fresh,Cleveland Plain Dealer,In &apos;Nope&#44;&apos; Peele wants the clouds to make you feel the same way the shark in &apos;Jaws&apos; made you feel about the ocean and&#44; darn it&#44; he pulls it off&#46;&#10;,POSITIVE,https://www.cleveland.com/entertainment/2022/07/nope-review-jordan-peeles-latest-is-a-thrilling-old-school-sci-fi-invasion-movie.html
captain_marvel,2592409,2019-05-31,Gary Dowell,False,,fresh,Dark Horizons,"Breezy and light on gravitas, Captain Marvel doesn't shake up the Marvel Cinematic Universe, but it does find a few new ways to perk up the umpteenth superhero origin story.",POSITIVE,http://www.darkhorizons.com/review-captain-marvel/
toy_story_4,2698645,2020-06-24,Alex Hudson,False,9/10,fresh,Exclaim!,Pixar is still operating at God-level here.,POSITIVE,https://exclaim.ca/film/article/toy_story_4_is_a_sporking_good_and_worthy_finale-directed_by_josh_cooley
avengers_infinity_war,2473715,2018-04-26,Daniel M. Kimmel,False,4/5,fresh,North Shore Movies,"...as much a fantastic amusement park ride as a cinematic experience, with an engaging cast doing an incredible job of not getting lost in the proceedings.",POSITIVE,https://northshoremovies.wordpress.com/2018/04/26/review-avengers-infinity-war/
ant_man_and_the_wasp,2487879,2018-06-29,Beth Accomando,False,,fresh,KPBS.org,This focus on family and extended family gives Ant-Man and The Wasp a little more heart than most superhero films.,POSITIVE,http://www.kpbs.org/news/2018/jun/29/two-films-paul-rudd-open-today/
catch_me_if_you_can,841706,2003-02-11,James Rocchi,False,5/5,fresh,Netflix,Spielberg's candy-colored tale of cons in the swingin' past is a blast of fun with a surprising amount of heart.,POSITIVE,http://www.netflix.com/MovieDisplay?movieid=60024942&trkid=23938&dmode=NETFLIXREVIEW
taken_3,2245512,2015-02-05,Scott Weinberg,False,,rotten,Nerdist,So blatantly lazy and outrageously stupid it somehow makes me like the first Taken a little bit less. End this merciless tedium.,NEGATIVE,http://www.nerdist.com/2015/01/review-not-even-liam-neeson-can-salvage-taken-3/
a_quiet_place_2018,2469869,2018-04-07,Linda Cook,False,4/4,fresh,"Quad City Times (Davenport, IA)",'A Quiet Place' will make a big splash at the box office.,POSITIVE,http://qctimes.com/entertainment/columnists/linda-cook/a-quiet-noise-will-make-a-big-splash-at-the/article_055be61a-aca8-5bb3-8d76-db501083701b.html
a_star_is_born_2018,2517558,2018-10-11,Nate Adams,False,B,fresh,The Only Critic,"The obvious question to ask is 'Why go and see A Star Is Born for the fourth time?' Because, essentially, this film steers the same narrative path from previous installments (almost too closely). The answer is easy: her name is Lady Gaga.",POSITIVE,https://www.theonlycritic.com/single-post/2018/10/08/Review-Bradley-Cooper-and-Lady-Gaga-sing-a-heartfelt-tune-in-familiar-A-Star-is-Born
it_2017,2418697,2017-09-13,Danny Minton,False,B+,fresh,Houston Community Newspapers,"It works phenomenally well, leaving you thoroughly engaged rather than shaking in your boots.",POSITIVE,http://crunchonthis.com/2017/09/popcorn-perspectives/
ready_player_one,2467609,2018-03-28,Rob Vaux,False,8/10,fresh,Action Figure Junkies,"It may be just a roller coaster, but it respects itself enough to be the best rollercoaster it possibly can.",POSITIVE,http://actionfigurejunkies.com/ready-player-one-afj-movie-review/
2012,1854572,2009-11-10,Stephen Farber,True,,rotten,Hollywood Reporter,"Eye-popping special effects ensure that this movie will be a smash hit, and while it's entertaining for most of its excessive running time, the cheesy script fails to live up to the grandeur of the physical production.",NEGATIVE,
mad_max_fury_road,2365681,2016-12-05,Travis Johnson,False,,fresh,FILMINK (Australia),looks like oil on a hot engine,POSITIVE,https://filmink.com.au/reviews/mad-max-fury-road-black-and-chrome-edition/
star_wars_the_rise_of_skywalker,2655005,2019-12-19,Josh Terry,False,3.5/4,fresh,Deseret News (Salt Lake City),"""Star Wars: The Rise of Skywalker"" is a lot of fun, a genuine achievement and a great way to spend a couple of hours at the theater... But once the stardust settles, we'll probably still admit that the original trilogy is just never going to be matched.",POSITIVE,https://www.deseret.com/entertainment/2019/12/18/21028274/star-wars-rise-of-skywalker-jj-abrams-last-jedi-daisy-ridley-kylo-ren-adam-driver-emperor-palpatine
solo_a_star_wars_story,2482044,2018-06-01,Diane Carson,False,,rotten,KDHX (St. Louis),The problems extend from characterization to plot.,NEGATIVE,http://kdhx.org/articles/film-reviews/1148-solo-a-star-wars-story-fails-the-force
joker_2019,2655288,2019-12-20,Blake Howard,False,2/4,rotten,Graffiti With Punctuation,"This film is a Joker cosplay more than Joker. A cipher elevated to saviour by the disenfranchised and angry. It's not only a bad joke, but it's also a sad joke.",NEGATIVE,https://graffitiwithpunctuation.com/reviews/jokerreviewspoilers
black_panther_2018,2457496,2018-02-14,Ann Hornaday,True,4/4,fresh,Washington Post,"... a film that fulfills the most rote demands of superhero spectacle, yet does so with style and subtexts that feel bracingly, joyfully groundbreaking.",POSITIVE,https://www.washingtonpost.com/goingoutguide/movies/black-panther-is-exhilarating-groundbreaking-and-more-than-worth-the-wait/2018/02/09/5bff1d4c-0916-11e8-94e8-e8b8600ade23_story.html?utm_term=.54c90f04a96b
the_batman,102662397,2022-02-28,Evan Dossey,False,,rotten,Midwest Film Journal,A dull and dreary rehash of better bat-films,NEGATIVE,https://midwestfilmjournal.com/2022/02/28/the-batman/
blue_is_the_warmest_color,2171155,2013-10-24,Joe Morgenstern,True,,fresh,Wall Street Journal,The performances are nothing less than astonishing.,POSITIVE,
thor_love_and_thunder,102706318,2022-07-05,Rodrigo Perez,False,C+,fresh,The Playlist,In our accelerated age of pop culture ADHD&#44; it is remarkable how quickly something that feels fresh&#44; can feel awfully familiar just one solo film later&#46;,POSITIVE,https://theplaylist.net/thor-love-thunder-review-taika-waititi-brings-mild-amusement-to-an-otherwise-inconsequential-sequel-20220705/
star_wars_the_rise_of_skywalker,2657869,2020-01-06,Sameen Amer,False,2.5/5,rotten,The News International (Pakistan),"The Rise of Skywalker banks on franchise nostalgia for a finale designed to please fans while playing it safe and suffering, perhaps, as a consequence.",NEGATIVE,https://www.thenews.com.pk/tns/detail/593492-in-the-picture
parasite_2019,2636731,2019-10-17,Mark Dujsik,False,4/4,fresh,Mark Reviews Movies,"The hilarious, thrilling, and thought-provoking Parasite is a master class of tone control.",POSITIVE,http://www.markreviewsmovies.com/reviews/P/parasite-2019.htm
la_la_land,2445091,2017-12-21,Uri Klein,False,,fresh,Haaretz,"... an original, distinctive, smart, witty work, whose use of its materials and allusions is utterly contemporary.",POSITIVE,https://www.haaretz.com/life/film/.premium-1.760793
dune_2021,2832657,2021-10-18,Emma Simmonds,False,5/5,fresh,The List,"We need sensational cinema right now, that we can all enjoy, and Dune emphatically delivers.",POSITIVE,https://film.list.co.uk/article/130424-dune/
jurassic_world_fallen_kingdom,2483019,2018-06-07,Devesh Sharma,False,2.5/5,rotten,Filmfare,"Devoid of its milieu, the film kind of loses its punch.",NEGATIVE,https://www.filmfare.com/reviews/hollywood-movies/jurassic-world-fallen-kingdom-movie-review-a-kind-of-in-between-film-sets-up-premise-for-sequels-28694.html
captain_marvel,2564466,2019-03-06,Alberto Corona,False,4/5,fresh,Sensacine,Captain Marvel is an important film because it presents a show sophisticated enough to frame this transcendence and make it enter through the big door in the pop culture. [Full Review in Spanish],POSITIVE,http://www.sensacine.com/peliculas/pelicula-141110/sensacine/
parasite_2019,2634591,2019-10-10,Mark Kennedy,True,4/4,fresh,Associated Press,Bong's trademark slapstick is still here but the rough edges of his often too-loud lessons are shaved down nicely and his actors step forward,POSITIVE,https://apnews.com/d59ed8ef433e4018a727e61c5139d7bc
jurassic_world_dominion,102695980,2022-06-02,Pablo O. Scholz,False,,fresh,Clarín,"It never takes off. Or at least, it takes its time. [Full review in Spanish]",POSITIVE,https://www.clarin.com/espectaculos/cine/jurassic-world-dominio-deseo-decepcion_0_tAMC3jmFq7.html
2012,1855430,2009-11-13,Sarah Boslaugh,False,4/10,rotten,Playback:stl,...goes on so long it starts to feel like the fifth piece of chocolate cake when two or three would have been more enjoyable.,NEGATIVE,http://www.playbackstl.com/content/view/9198/160/
captain_marvel,2603823,2019-07-10,Rucha Sharma,False,3.5/5,fresh,DNA India,"Brie Larson as Captain Marvel is amazing from the get-go. She embodies the character in the way she carries herself, the confidence, the poise is infectious.",POSITIVE,https://www.dnaindia.com/movie-reviews/report-captain-marvel-review-brie-larson-shoulders-origin-movie-like-a-champ-2726856
kong_skull_island,2383001,2017-03-09,Matt Neal,False,3/5,fresh,ABC Radio (Australia),"Skull Island is a mix of different shades of dumb - there's plenty of dumb fun, but also some groan-inducing, forehead-slapping moments of dumb.",POSITIVE,http://movies8mylife.blogspot.com.au/2017/03/kong-skull-island.html
avengers_infinity_war,2474431,2018-04-29,Christopher Orr,True,,fresh,The Atlantic,"Never has the ""Marvel Cinematic Universe"" seemed like more of a universe, in ways both good and bad. Infinity War-the title is almost too apt-is far from a perfect movie, but it is probably close to the best movie it could have been.",POSITIVE,https://www.theatlantic.com/entertainment/archive/2018/04/avengers-infinity-war-marvel-review/558983/
birds_of_prey_2020,2666814,2020-02-05,Nicholas Barber,True,2/5,rotten,BBC.com,"However popular the film becomes, though, I doubt that anyone will adore it as much as it evidently adores itself.",NEGATIVE,http://www.bbc.com/culture/story/20200205-film-review-two-stars-for-superhero-movie-birds-of-prey
kong_skull_island,2382850,2017-03-09,Frank Swietek,False,C,rotten,One Guy's Opinion,Dutifully assembled but ultimately fails to capture the spark needed to turn it into something special.,NEGATIVE,http://www.oneguysopinion.com/kong-skull-island/
star_wars_the_rise_of_skywalker,2658890,2020-01-09,MaryAnn Johanson,False,2/5,rotten,Flick Filosopher,"Kudos to J.J. Abrams for doing something extraordinary: he has made me not care about Star Wars for the first time ever. I'm kind of relieved that it's over, because it has stopped being fun.",NEGATIVE,https://www.flickfilosopher.com/2020/01/star-wars-the-rise-of-skywalker-movie-review-the-galaxy-isnt-far-far-away-its-just-very-small.html
once_upon_a_time_in_hollywood,2612506,2019-08-06,Marianna Neal,False,3.5/5,fresh,Impression Blend,"The best way to go into ""Once Upon a Time in Hollywood"" is to leave your expectations at the door, and just enjoy your time in 1969 Los Angeles.",POSITIVE,https://youtu.be/kuZOaPMWdjo
first_man,2518538,2018-10-12,Mike McGranaghan,False,4/4,fresh,Aisle Seat,An inspiring work. It celebrates the heroism and triumph of our country's astronauts in a way we haven't quite seen before.,POSITIVE,https://aisleseat.com/first-man.htm
spider_man_far_from_home,2604333,2019-07-11,Tatat Bunnag,False,,fresh,Bangkok Post,"Holland continues to impress, perfectly portraying an awkward boy with incredible superpowers. The comedy in Far From Home is also spot-on.",POSITIVE,https://www.bangkokpost.com/life/arts-and-entertainment/1707266/spider-man-reaches-incredible-heights
parasite_2019,2589048,2019-05-22,Nicholas Bell,False,3.5/5,fresh,IONCINEMA.com,"Despite wearing its central conspicuous messages blatantly on its sleeve, this is another piquant pleasure from Joon-ho -- a hostile dramedy with something new to say about families who stay together.",POSITIVE,https://www.ioncinema.com/reviews/bong-joon-ho-parasite-review
taken_3,2241655,2015-01-09,Keith Phipps,True,1.5/5,rotten,The Dissolve,"Megaton brings a cheese-grater approach to the editing of the action scenes, flitting from one angle to the next with no apparent concern for the effectiveness of any of them.",NEGATIVE,http://thedissolve.com/reviews/1305-taken-3/
knives_out,2656119,2019-12-24,Pablo Villaça,False,4/5,fresh,Cinema em Cena,A plot that keeps twisting over itself without ever losing control of its goals. [Full review in Portuguese],POSITIVE,https://cinemaemcena.com.br/critica/filme/8510/entre-facas-e-segredos
dunkirk_2017,2405319,2017-07-18,Peter Travers,True,4/4,fresh,Rolling Stone,"The Oscar race for Best Picture is officially on. From first frame to last, Christopher Nolan's Dunkirk is a monumental achievement, a World War II epic of staggering visual spectacle (see it in IMAX if you can) that hits you like a shot in the heart.",POSITIVE,http://www.rollingstone.com/movies/reviews/peter-travers-dunkirk-may-be-greatest-war-film-ever-w492668
spider_man_no_way_home,2847729,2021-12-18,Felix Vasquez Jr.,False,,fresh,Cinema Crazed,A glimpse in to what makes Spider-Man such a timeless hero...,POSITIVE,https://cinema-crazed.com/blog/2021/12/18/spider-man-no-way-home-2021/
black_panther_2018,2458008,2018-02-15,André Hereford,False,4/5,fresh,"Metro Weekly (Washington, DC)","Black Panther is, without a doubt, the coolest superhero movie to come prowling out of Marvel Studios.",POSITIVE,http://www.metroweekly.com/2018/02/review-black-panther-offers-glossy-comic-book-fantasy-healthy-side-truth/
1193230-state_of_play,1813533,2009-04-17,Kimberly Gadette,False,5/10,rotten,Indie Movies Online,"The attempt to examine a decaying print world overrun by the sensationalist-driven blogosphere sadly gets lost in ham-fisted scenes, with Affleck decrying 'I thought you were my friend!'",NEGATIVE,http://www.indiemoviesonline.com/State-of-Play-review
midsommar,2614639,2019-08-10,Peter Gray,False,4.5/5,fresh,Brisbanista,"Appreciators of complex horror will be rewarded with another genre stand-out that addresses the fearfulness within relationships, the sound mind-frame of ritualistic practices, and the terror behind a masked religion.",POSITIVE,https://brisbanista.com.au/midsommar-film-review/
black_panther_2018,102753318,2022-11-17,Ronak Kotecha,False,4/5,fresh,ronakkotecha.wordpress.com,Wakanda Forever is the big screen outing that has all the elements to give you a larger than life cinematic experience&#46; ,POSITIVE,https://youtu.be/SCQ5HLCpZb4
avengers_infinity_war,2473255,2018-04-25,Donald Clarke,True,3/5,fresh,Irish Times,"It's overlong, overcrowded and over here. But it gives everyone a go on the tricycle and propels each to dramatic (if not exactly fresh) catastrophes.",POSITIVE,https://www.irishtimes.com/culture/film/avengers-infinity-war-overlong-overcrowded-and-over-here-1.3472983
star_wars_the_last_jedi,2445178,2017-12-21,Peter Sobczynski,False,5/5,fresh,eFilmCritic.com,It is the best and most innovative Star Wars film to come along in a long time and you would think that this would inspire celebration in the streets among longtime fans of the franchise.,POSITIVE,http://www.efilmcritic.com/review.php?movie=28770&reviewer=389
mad_max_fury_road,2262145,2015-05-14,Mick LaSalle,True,2/4,rotten,San Francisco Chronicle,"Two hours of action scenes that are well crafted and entirely lacking in suspense, and with some clever but fake-looking special effects.",NEGATIVE,http://www.sfgate.com/movies/article/Clever-touches-enliven-two-hour-Mad-Max-6263383.php
taken_3,2241881,2015-01-11,Nick Rogers,False,2.5/5,rotten,Midwest Film Journal,&quot;Taken 2&quot; refashioned Bryan Mills in the image of Brosnan instead of Bronson&#46; &quot;Taken 3&quot; works in a similarly bland&#44; proficient groove&#46; &quot;It ends here&#44;&quot; says the poster&#46; Let&apos;s hope so&#46; We&#44; and Neeson&#44; have better things to do&#46;,NEGATIVE,https://midwestfilmjournal.com/2015/01/09/tak3n/
taken_3,2241890,2015-01-11,Jason Best,False,,rotten,Movie Talk,Producer Luc Besson and director Olivier Megaton appear to have forgotten what made the earlier Taken movies such guilty-pleasure hits.,NEGATIVE,http://blogs.whatsontv.co.uk/movietalk/2015/01/09/taken-3-film-review-guilty-pleasures-lacking-in-liam-neesons-third-turn-as-indestructible-ex-cia-agent-dad/
catch_me_if_you_can,2116571,2012-11-28,John J. Puccio,False,7/10,fresh,Movie Metropolis,"I don't think anyone would argue that 'Catch Me If You Can' is one of Spielberg's best films. However, it is good enough and passes a pleasant couple of hours.",POSITIVE,http://moviemet.com/review/catch-me-if-you-can-blu-ray-review
snow_white_and_the_huntsman,2570736,2019-03-26,Shubhra Gupta,True,2.5/5,fresh,The Indian Express,"What you take away from this dark film, filled with several twisted characters and twisty turns, is a great deal of nicely-crafted atmosphere, and a terrific performance from Charlize Theron as the evil stepmother.",POSITIVE,http://archive.indianexpress.com/news/snow-white-and-the-huntsman/956660/0
once_upon_a_time_in_hollywood,2589045,2019-05-22,Nicholas Bell,False,3/5,fresh,IONCINEMA.com,Despite its loving recalibration of 1969 Hollywood... Once Upon a Time in Hollywood is somehow his least indulgent offering to date if mostly because it never really builds to the same euphoric peaks.,POSITIVE,https://www.ioncinema.com/reviews/quentin-tarantino-once-upon-a-time-in-hollywood-review
black_widow_2021,2801943,2021-06-29,Jared Mobarak,False,7/10,fresh,Jaredmobarak.com,Expository bottle episodes are as crucial to comics as crossovers. Not every detour is a waste of time.,POSITIVE,https://jaredmobarak.com/2021/06/29/black-widow/
wonder_woman_2017,2396760,2017-05-29,Hannah Brown,False,,fresh,Jerusalem Post,"Wonder Woman ends with a sequel on the horizon, that will certainly get made if the movie inspires little girls to ditch their Disney Princess regalia and learn to scare off creeps with the raise of an eyebrow, the Gal Gadot way.",POSITIVE,http://www.jpost.com/Israel-News/Culture/Gal-Gadot-fights-the-good-fight-in-Wonder-Woman-494265
the_batman,102664466,2022-03-04,Katherine McLaughlin,False,3/5,fresh,The List,"The capable cast all inhabit their roles with panache, but some of the film's potency is lost with certain unconvincing narrative twists and a few characters who feel stale.",POSITIVE,https://film.list.co.uk/article/133594-the-batman/
1193230-state_of_play,1815681,2009-04-24,Christopher Tookey,False,5/5,fresh,Daily Mail (UK),"Even if you don't normally bother with movies, cheer yourself up by seeing this. There hasn't been a more engrossing or intelligent political thriller in the past three decades.",POSITIVE,The trouble is a twist ending that even a brain-dead centipede will see coming a long way off.
the_batman,102670152,2022-03-19,Liz Shannon Miller,True,,fresh,Consequence,"What this film does achieve, however, is telling a solid new Batman story, one with some pretty compelling twists and a strong point-of-view on who, exactly, the Caped Crusader is. By default, that makes it one of the better Batman movies ever made.  ",POSITIVE,https://consequence.net/2022/02/the-batman-review-robert-pattinson/
rogue_one_a_star_wars_story,2367735,2016-12-15,Allan Hunter,False,4/5,fresh,Daily Express (UK),"Rogue One is technically a spin-off but it is a rip-roaring, do-or-die adventure yarn in the best tradition of the space-age saga.",POSITIVE,http://www.express.co.uk/entertainment/films/743762/Film-reviews-Rogue-One-A-Star-Wars-Story-Ballerina
28_days_later,808625,2002-11-06,Nev Pierce,True,3/5,fresh,BBC.com,"The zippy, brutal action sequences are gripping, the violence sometimes shocking.",POSITIVE,http://www.bbc.co.uk/films/2002/10/04/28_days_later_2002_review.shtml
wonder_woman_1984,2751306,2020-12-15,Seanan McGuire,False,,rotten,Polygon,"A Wonder Woman story in 2020 could be uplifting and inspiring, and this film is neither.",NEGATIVE,https://www.polygon.com/22176146/wonder-woman-1984-review
booksmart,2609121,2019-07-26,Jaime Fa de Lucas,False,,rotten,Culturamas,"A conventional story that attempts to distinguish itself from similar products through a banal accumulation of excesses, provocations, artifice and extravagances. [Full review in Spanish]",NEGATIVE,https://www.culturamas.es/blog/2019/07/26/super-empollonas-booksmart-2019-de-olivia-wilde-critica/
once_upon_a_time_in_hollywood,2589135,2019-05-22,Juanma Ruiz,False,,fresh,Caimán Cuadernos de Cine,It's possible that Tarantino created the first great film of the post-Weinstein era. [Full review in Spanish],POSITIVE,https://www.caimanediciones.es/cannes-2019/
ant_man_and_the_wasp_quantumania,102781828,2023-02-22,Thelma Adams,True,3/5,fresh,AARP Movies for Grownups,"The visuals are so busy, the jokes so tame, the homilies so overfamiliar, the only option is surrendering to the chaos. But those pros Pfeiffer and Douglas up the game with an interstellar Romancing the Stone vibe. ",POSITIVE,https://www.aarp.org/entertainment/television/info-2023/what-to-watch-best-new-movies-shows-streaming.html
taken_3,2241841,2015-01-10,Kevin Carr,False,2/5,rotten,Fat Guys at the Movies,The character of Bryan Mills is neutered into a generic action hero that barely has the depth to be believable in a 90s-era made-for-Showtime movie.,NEGATIVE,http://www.fatguysatthemovies.com/taken-3-movie-review/
first_man,2510761,2018-09-14,Manuela Lazic,False,,rotten,The Ringer,"Gosling's natural charm, often on display in comedies, is again underutilized in favor of a macho blankness, and Chazelle's style is just as uninspired and detached, to often distasteful and manipulative effect.",NEGATIVE,https://www.theringer.com/movies/2018/9/14/17858946/first-man-high-life-toronto-film-festival-review
toy_story_4,2599116,2019-06-21,Rohan Naahar,False,4.5/5,fresh,Hindustan Times,"It is at this point that we must ask ourselves, how much of a good thing is too much?",POSITIVE,https://www.hindustantimes.com/hollywood/toy-story-4-movie-review-utterly-shattering-pixar-and-tom-hanks-legendary-series-adds-another-masterpiece/story-GualjYBFFMCRlSEUUDGYhK.html
logan_2017,2382546,2017-03-07,Sebastian Zavala Kahn,False,3.5/4,fresh,Cinencuentro,"An intimate story of few characters, without exaggerated digital effects, and focused on the mortality of its protagonists and the consequences of their violent acts. Logan definitely couldn't have had a better goodbye. [Full review in Spanish]",POSITIVE,http://www.cinencuentro.com/2017/03/06/critica-logan-la-mejor-despedida-para-wolverine-y-hugh-jackman/
taken_3,2241559,2015-01-09,Charlotte O'Sullivan,True,2/5,rotten,London Evening Standard,"The action sequences are not only visually confusing, but tension free.",NEGATIVE,http://www.standard.co.uk/goingout/film/taken-3--film-review-laconic-liam-neeson-knows-how-to-keep-a-straight-face-9967139.html
joker_2019,2630031,2019-09-26,Monica Reid,False,5/5,fresh,Far Out Magazine,"It is Joaquin Phoenix as the Joker that really makes the film. Phoenix is weirdly brilliant from beginning to end, giving a performance which is by turns heartbreaking and frightening.",POSITIVE,https://faroutmagazine.co.uk/articles/film-category-news-updates/
joker_2019,2621085,2019-09-01,Tim Grierson,True,,fresh,Screen International,"""Joker"" achieves two contradictory goals simultaneously, delivering a blockbuster that highlights what is eternally captivating about the character, while at the same time offering a sobering critique of the nihilism that has long been the Joker's M.O.",POSITIVE,https://www.screendaily.com/reviews/joker-venice-review/5142412.article
star_wars_the_last_jedi,2442307,2017-12-12,Susana Polo,False,,fresh,Polygon,"... The Last Jedi challenges itself with moments that, if mishandled, could easily have tainted beloved Star Wars moments in the same way that many people feel the prequel trilogy did. Instead, it navigates those narrative rapids with aplomb.",POSITIVE,https://www.polygon.com/2017/12/12/16749732/star-wars-review-the-last-jedi-rian-johnson-luke-rey
the_front_runner_2018,2529242,2018-11-06,Bilge Ebiri,True,,fresh,Denver Westword,The Front Runner is at its best when showing the inner workings of the Hart campaign as it attempts to handle the revelations.,POSITIVE,https://www.westword.com/film/the-front-runner-covers-all-the-candidates-men-and-women-10967298
little_women_2019,2656504,2019-12-26,Daniel Barnes,False,4/5,fresh,Sacramento News & Review,"Writer-director Greta Gerwig makes the material feel vital and modern, delivering an equally challenging and crowd-pleasing movie.",POSITIVE,https://www.newsreview.com/sacramento/best-worst-of-wide/content?oid=29488708
wonder_woman_2017,2397407,2017-06-01,Allan Hunter,False,4/5,fresh,Daily Express (UK),"There is an engaging, old&#8209;school feel to Wonder Woman, a film that has some of the sincerity and charm of the early Christopher Reeve Superman epics.",POSITIVE,http://www.express.co.uk/entertainment/films/811930/Wonder-Woman-review-2017-superhero-films
skyfall,2387041,2017-04-01,Phil Nobile Jr.,False,,fresh,Birth.Movies.Death.,"In attempting to pilot the franchise backward and forward simultaneously, the filmmakers have delivered the most unusual Bond film since the truly great (and truly bonkers) On Her Majesty's Secret Service in 1969.",POSITIVE,http://birthmoviesdeath.com/2012/11/08/movie-review-james-bond-goes-both-ways-in-skyfall
wonder_woman_2017,2549426,2019-01-19,Nathalia Aryani,False,,fresh,San Diego Entertainer,"Wonder Woman, simply put, is a wonder.",POSITIVE,https://www.sdentertainer.com/movies/movie-review-wonder-woman/
knives_out,2624498,2019-09-11,Matt Maytum,False,4/5,fresh,Total Film,Stick with Knives Out and it delivers once all of the puzzle pieces have been picked up and slotted into place.,POSITIVE,https://www.gamesradar.com/knives-out-review/
la_la_land,2350137,2016-09-12,Keith Uhlich,True,,rotten,Slant Magazine,"Not once do you feel like you're watching red-blooded characters, so much as you are the good-natured, tirelessly committed actors playing them.",NEGATIVE,http://www.slantmagazine.com/house/article/toronto-international-film-festival-2016-damien-chazelles-la-la-land
the_lighthouse_2019,2668392,2020-02-11,David Stratton,True,3/5,fresh,The Australian,"The atmosphere is ugly, claustrophobic, hermetic, the images murky and relentless. There seems no doubt Eggers is an original and talented filmmaker, but he hasn't made it easy on the audience with this grim, forbidding movie.",POSITIVE,https://www.theaustralian.com.au/arts/review/courage-and-love-defy-horror-of-war/news-story/ed8c84393dd5a090722ca5e40c7c22ca
toy_story_4,2598391,2019-06-19,MaryAnn Johanson,False,3.5/5,fresh,Flick Filosopher,"The series' saving grace is that, with humor and heart so beautifully wise and stunningly rendered (CGI pun intended), even as returns diminish, a new chapter is still warm and smartly entertaining.",POSITIVE,https://www.flickfilosopher.com/2019/06/toy-story-4-movie-review-recycled-playthings-again.html
black_panther_2018,2455670,2018-02-06,Katherine McLaughlin,False,5/5,fresh,SciFiNow,"The incredibly stellar cast is led by a majestic Chadwick Boseman, reprising the role of T'Challa and finding him at a cross-roads in his life.",POSITIVE,httphttps://www.scifinow.co.uk/reviews/black-panther-film-review-hail-to-the-king/s://www.express.co.uk/entertainment/films/915321/Avengers-Black-Panther-runtime-REVIEW-embargo-release-date-Infinity-War
alien_covenant,2394501,2017-05-18,Keith Phipps,True,,fresh,Reverse Shot,"Fassbender embraces the surface traits of both these human simulacrums then allows the emotional complications to slowly, subtly emerge as their interactions become more and more discordant.",POSITIVE,http://reverseshot.org/reviews/entry/2327/alien_covenant
wonder_woman_2017,2396732,2017-05-29,Scott Mendelson,False,7.0/10,fresh,Forbes,It's a lot closer to 'Batman Begins' than 'Green Lantern'.,POSITIVE,https://www.forbes.com/sites/scottmendelson/2017/05/30/wonder-woman-review-dc-comics-best-film-since-the-dark-knight/#34f7a1c82aff
la_la_land,2351438,2016-09-16,Tina Hassannia,False,,fresh,Movie Mezzanine,You won't be able to stop yourself from falling helplessly in love with this over-the-top rom-com.,POSITIVE,http://moviemezzanine.com/tiff-2016-dispatch-3/
the_favourite_2018,2545238,2019-01-02,Neil Smith,False,5/5,fresh,Total Film,Three formidable females form a deliciously entertaining triangle in an audacious frock opera.,POSITIVE,https://www.gamesradar.com/the-favourite-review/
west_side_story_2021,2845352,2021-12-09,Edward Douglas,False,9/10,fresh,The Weekend Warrior,[Spielberg's] desire to do a musical leads to him doing some of his best work in years.,POSITIVE,https://weekendwarriorblog.tumblr.com/post/670101344868352000/the-weekend-warrior-121021-west-side-story
the_batman,102663177,2022-03-01,Blake Howard,False,,rotten,Dark Horizons,"The Batman is a needless collage of not only better movies, but more egregiously of better Batman movies as director/co-writer Matt Reeves and co-writer Peter Craig create an utterly inferior and infuriating vision of the Dark Knight.",NEGATIVE,https://www.darkhorizons.com/blakes-review-the-batman/
captain_marvel,2563962,2019-03-05,Ben Rolph,False,4.5/5,fresh,Discussing Film,"Captain Marvel is full of hysterical funny moments, gorgeous visuals and is an action packed spectacle. It is one of Marvel's best films, Brie Larson is perfectly cast as the relentless ""Avenger"".",POSITIVE,https://discussingfilm.net/2019/03/05/captain-marvel-review/
black_panther_2018,2457552,2018-02-14,Graeme Tuckett,False,4/5,fresh,Stuff.co.nz,Black Panther comes to life with a real brio and glee...,POSITIVE,https://www.stuff.co.nz/entertainment/film/film-reviews/101421527/black-panther-a-vibrant-exciting-relevant-slice-of-marvellous-entertainment
28_days_later,1171189,2003-07-02,Marty Mapes,False,3/4,fresh,Movie Habit,"Like an independent B-movie horror flick, but with more polish and less edge",POSITIVE,http://www.moviehabit.com/reviews/28d_f703.shtml
toy_story_4,2600277,2019-06-26,Margot Harrison,False,4/5,fresh,Seven Days (VT),"Bright and shiny, with much of the third act set in and around a carnival, Toy Story 4 boasts impressive animation.",POSITIVE,https://www.sevendaysvt.com/vermont/playtime-gets-serious-in-pixars-toy-story-4/Content?oid=27827881
nomadland,2769768,2021-02-19,Brian Lowry,True,,fresh,CNN.com,"Zhao's movie is really defined by its texture and tone, and there's not a whole lot of meat or momentum to the story. Ultimately, it's a window into a way of life that will seem foreign to most in the modern age.",POSITIVE,https://www.cnn.com/2021/02/19/entertainment/nomadland-review/index.html
rogue_one_a_star_wars_story,2367388,2016-12-14,Stephen Rebello,False,4/4,fresh,Playboy Online,"The resonant and entertaining Rogue One is about the persistence of hope and faith in the darkest of hours. As we stagger to the end of this epically turbulent year, the movie is all but guaranteed to strike a chord.",POSITIVE,http://www.playboy.com/articles/movie-review-rogue-one
once_upon_a_time_in_hollywood,2609589,2019-07-29,Richard Brody,True,,rotten,New Yorker,"Tarantino has become a nudnik filmmaker, who grabs a viewer by the lapel and says-and says and says-what's on his mind.",NEGATIVE,https://www.newyorker.com/culture/the-front-row/review-quentin-tarantinos-obscenely-regressive-vision-of-the-sixties-in-once-upon-a-time-in-hollywood
avengers_endgame,2579992,2019-04-24,David Edelstein,True,,fresh,New York Magazine/Vulture,"Even at three-plus hours, the gargantuan Avengers: Endgame is light on its feet and more freely inventive than it needed to be.",POSITIVE,https://www.vulture.com/2019/04/movie-review-avengers-endgame-2019.html?utm_source=nym&utm_medium=f1&utm_campaign=feed-full
the_irishman,2659884,2020-01-13,Juan José Beteta,False,,fresh,Cinencuentro,"Joe Pesci, Robert de Niro and Al Pacino... manage to create well-differentiated, memorable characterizations. [Full review in Spanish]",POSITIVE,https://www.cinencuentro.com/2020/01/12/critica-el-irlandes-scorsese-de-niro-al-pacino/
top_gun_maverick,102691003,2022-05-19,Peter Martin,False,,fresh,DallasFilmNow.com,In many ways&#44; this is a stupidly entertaining movie&#46; Intellectually&#44; I suspect I really shouldn&#8217;t like this movie so much&#44; but we all need a little more whoosh in our lives&#46; ,POSITIVE,https://dallasfilmnow.com/2022/05/19/review-top-gun-maverick-chases-ghosts/
dune_2021,2833824,2021-10-22,Terence Johnson,False,,fresh,Le Noir Auteur,I loved how the movie gives you the tools you need to realize what's happening so that you can be immersed in the world of the characters.,POSITIVE,http://lenoirauteur.net/2021/10/22/film-review-dune/
once_upon_a_time_in_hollywood,2616531,2019-08-16,Edward Johnson-Ott,False,,fresh,NUVO Newsweekly,"If, like me, you're a Tarantino fan, Once Upon A Time isn't his best, but you'll enjoy it. If you're not a devotee, you'll probably hate it.",POSITIVE,https://www.nuvo.net/once-upon-a-time-in-hollywood-review/article_4e38d6cc-bdd7-11e9-8d67-c71b7251af6a.html
a_star_is_born_2018,102654913,2022-02-11,Cory Woodroof,False,,fresh,Williamson Home Page,"For moments there, you're reminded what the power of this medium can be; the beautiful meshing of what we see and what we hear into a cataclysm of what we feel.",POSITIVE,https://www.williamsonhomepage.com/community/willco_arts_entertainment/willco-movie-buff-a-star-is-born-etches-self-in-cinema-history/article_dd8078d7-8e47-535e-afce-8658d3355ca1.html
everything_everywhere_all_at_once,102787622,2023-03-13,Matt Brunson,False,3.5/4,fresh,Film Frenzy,Daniel Kwan and Daniel Scheinert not only think outside the box but outside the multiverse as well&#46;,POSITIVE,https://thefilmfrenzy.com/2023/01/27/film-2022-the-years-10-best/
the_invisible_man_2020,2735448,2020-10-19,Robert Slack,False,,fresh,SooToday.com,Sweet baby Jesus this movie had me on the edge of my seat.,POSITIVE,https://www.sootoday.com/local-news/movie-review-the-invisible-man-2130862
arrival_2016,2361223,2016-11-10,Bill Goodykoontz,True,4.5/5,fresh,Arizona Republic,"[A] terrific, haunting film that plays with our expectations - and rewards us with satisfying left turns.",POSITIVE,http://www.azcentral.com/story/entertainment/movies/billgoodykoontz/2016/11/10/arrival-movie-review-amy-adams-jeremy-renner/93442088/
the_irishman,2655669,2019-12-21,Sarah Marrs,False,,fresh,Lainey Gossip,A film as much about aging and end-of-life regret as it is the mob.,POSITIVE,https://www.laineygossip.com/the-irishman-starring-robert-de-niro-and-al-pacino-movie-review/59159?categoryId=1115
the_batman,102662560,2022-02-28,Bill Goodykoontz,True,3/5,fresh,Arizona Republic,"“The Batman” is impressively made. The acting is first rate, and the chemistry between Pattinson and Kravitz is magnetic. It’s meant to be an important statement. It’s just not a lot of, you know, fun.",POSITIVE,https://www.azcentral.com/story/entertainment/movies/billgoodykoontz/2022/02/28/the-batman-movie-review/6964688001/
star_wars_the_rise_of_skywalker,2654388,2019-12-18,Amanda Keats,False,4/5,fresh,HeyUGuys,"An exhilarating and emotional end to the saga, full of action, delight and visual splendour.",POSITIVE,https://www.heyuguys.com/star-wars-the-rise-of-skywalker-review/
captain_america_civil_war,2320500,2016-04-13,Scott Mendelson,False,6.0/10,fresh,Forbes,"'Captain America: Civil War' Is Great Fun, Even As It Alternates Between Shameless Fan Service Bits And Subversive Narrative Choices.",POSITIVE,http://www.forbes.com/sites/scottmendelson/2016/04/13/review-captain-america-civil-war-again-proves-more-is-less/#3423e0a3335d
la_la_land,2539289,2018-12-10,James Clay,False,A,fresh,Fresh Fiction,Damien Chazelle gives this one a visual splendor that vibrates with style and never lacks substance from its wildly charming leads Emma Stone and Ryan Gosling.,POSITIVE,http://freshfiction.tv/houston-cinema-arts-festival-la-la-land-falling-in-love-has-never-been-this-easy/
dune_2021,2842872,2021-11-30,Matthew Toomey,False,A-,fresh,ABC Radio Brisbane,"Dune is as much an experience as it is a movie - an orgy of immersive visuals, music and sound that pull you into its enthralling world.",POSITIVE,http://www.thefilmpie.com/index.php/review/5399-review-dune
a_star_is_born_2018,2518012,2018-10-12,Louise Keller,False,,fresh,Urban Cinefile,"Electric, compelling and tender, the film is a knockout creatively and emotionally, offering a raw glimpse into today's world of celebrity.",POSITIVE,http://www.urbancinefile.com.au/home/view.asp?a=26220&s=Reviews
jurassic_world_dominion,102697833,2022-06-08,Cory Woodroof,False,,fresh,Nashville Scene,Man watches dinosaur movie&#44; man notices glaring flaws in dinosaur movie&#44; man still enjoys dinosaur movie&#46;,POSITIVE,https://www.nashvillescene.com/arts_culture/film_tv/i-jurassic-world-dominion-i-is-a-sloppy-yet-satisfying-franchise-finale/article_b5828418-e74b-11ec-88a6-a7d260372c0e.html
a_star_is_born_2018,2506381,2018-08-31,Joshua Rothkopf,True,4/5,fresh,Time Out,"Calling the new A Star Is Born a ""valentine"" from its star, Lady Gaga, to her fans sounds a bit coy and delicate, so let's call it what it really is: a hot French kiss (with full-on tongue), filled with passion, tears and a staggering amount of chutzpah.",POSITIVE,https://www.timeout.com/us/film/a-star-is-born-2018
taken_3,2241761,2015-01-09,Gregory Wakeman,False,1/5,rotten,CinemaBlend,"Has the same nauseatingly bad script, predictably tedious plot, offensively clichd characterization and lifeless action that has populated hundreds of lame action films before it.",NEGATIVE,http://www.cinemablend.com/reviews/Taken-3-66437.html
taken_3,2527493,2018-11-02,Debbie Baldwin,False,,fresh,Ladue News,"No one gets taken. That's my beef. No one. Gets. Taken. I mean, come on.",POSITIVE,http://www.laduenews.com/arts-and-culture/columns/movie-review-taken/article_bff720f7-5070-52d8-9f3e-dbbd9ef54b01.html
a_star_is_born_2018,2523738,2018-10-29,Joel Mayward,False,4/5,fresh,Cinemayward,...this new iteration on a classic theme is akin to the pop music it both celebrates and critiques: it's insanely likable....,POSITIVE,http://cinemayward.com/review/a-star-is-born/
solo_a_star_wars_story,2478049,2018-05-15,Michael Rechtshaffen,True,,fresh,Hollywood Reporter,"Despite the intermittent lags, the production proves to be more than a salvage operation thanks mainly to those engagingly choreographed performances, led by an irresistibly charismatic title turn from Alden Ehrenreich.",POSITIVE,https://www.hollywoodreporter.com/review/solo-a-star-wars-story-review-1111495
dune_2021,2843794,2021-12-03,Simon Miraudo,False,4.5/5,fresh,Movie Squad (RTRFM 92.1),Dune feels so tactile and alive.,POSITIVE,https://rtrfm.com.au/story/dune-the-card-counter-movie-squad-podcast-54/
avengers_infinity_war,2474108,2018-04-27,Felix Vasquez Jr.,False,,fresh,Cinema Crazed,"Despite its weak book end, ""Infinity War"" is a great adaptation and stellar crossover...",POSITIVE,http://cinema-crazed.com/blog/2018/04/27/avengers-infinity-war-2018-spoiler-filled-review/
nope,102713847,2022-07-30,Lex Pryor,False,,fresh,The Ringer,"What we've got here is nothing more or less than a director in full bloom, eyes wandering beyond the present toward both past and future.",POSITIVE,https://www.theringer.com/movies/2022/7/28/23281374/nope-meaning-explained-get-out-us
no_time_to_die_2021,2830180,2021-10-08,Robert Denerstein,False,,fresh,Denerstein Unleashed,"No Time to Die tends to lag a bit around the three-quarter mark and it sometimes feels driven by fumes of determination, but when it's done, No Time to Die has brought Craig's tenure to a strong and worthy conclusion.",POSITIVE,http://denersteinunleashed.blogspot.com/2021/10/daniel-craigs-admirable-departure-from.html
wonder_woman_2017,2396763,2017-05-29,Garth Franklin,False,,fresh,Dark Horizons,"Despite lulls in the overall narrative energy, there are real stakes and sacrifice, along with genuine heart and humor in this welcomely uncluttered tale.",POSITIVE,http://www.darkhorizons.com/review-wonder-woman/
avengers_infinity_war,2791448,2021-05-18,Alex Flood,False,4/5,fresh,NME,Another mammoth slice of superhero mayhem...,POSITIVE,https://www.nme.com/reviews/avengers-infinity-war-film-review-2301891
the_batman,102662416,2022-02-28,Donald Clarke,True,4/5,fresh,Irish Times,The most well thought-through outing for the caped crusader since Christopher Nolans durable The Dark Knight from 2008.,POSITIVE,https://www.irishtimes.com/culture/film/the-batman-more-dark-turns-in-the-city-of-nightmares-1.4814116
28_days_later,1168913,2003-06-26,Rob Vaux,False,A-,fresh,Flipside Movie Emporium,Boyle transcends the geek show because he treats his characters with compassion and thoughtfulness.,POSITIVE,http://www.flipsidearchive.com/28dayslater.html
west_side_story_2021,2843668,2021-12-02,Esther Zuckerman,True,,fresh,Thrillist,How do you honor the past and acknowledge its errors? With thoughtfulness and skill and Rita Moreno.,POSITIVE,https://www.thrillist.com/entertainment/nation/steven-spielbergs-west-side-story-movie-review
wonder_woman_2017,2397283,2017-06-01,Dana Barbuto,False,B+,fresh,The Patriot Ledger,Fuel up the Invisible Jet. You're in for a ride.,POSITIVE,http://www.patriotledger.com/entertainment/20170601/movie-review-no-small-wonder---finally-female-superhero-for-our-time
guardians_of_the_galaxy_vol_2,2390694,2017-04-26,Sarah Ward,False,3.5/5,fresh,ArtsHub,"First, the titular figures were space pirates with laughs. Now, they're all of the above, but with an earned sense of heart.",POSITIVE,http://www.artshub.com.au/news-article/reviews/film/sarah-ward/guardians-of-the-galaxy-vol-2-253642
taken_3,2531074,2018-11-10,Frank Ochieng,False,2/4,rotten,Filmcritic.com,Let's face facts...we all were Taken in by this pseudo punchy action yarn that no longer generates the destructive heat it once punctuated with carefree confidence.,NEGATIVE,https://www.sfcrowsnest.info/taken-3-film-review-by-frank-ochieng/
batman_v_superman_dawn_of_justice,2316110,2016-03-22,Edward Douglas,False,6/10,rotten,The Weekend Warrior,A big bombastic mess that never does enough with the characters to warrant bringing them together.,NEGATIVE,http://weekendwarriorblog.tumblr.com/post/141516203973/batman-v-superman-could-and-should-have-been
alien_covenant,2564105,2019-03-05,Tom Bond,False,4/5,fresh,One Room With A View,"In the cold light of day, there's not much to Covenant. Its plot throws standard slasher mechanics against grand existential musings in a haphazard manner...But as Scott knows all too well, films aren't watched in daylight...",POSITIVE,https://oneroomwithaview.com/2017/05/09/alien-covenant-review/
joker_2019,2620999,2019-08-31,Robbie Collin,True,4/5,fresh,Daily Telegraph (UK),Superhero blockbuster this is not: a playful fireman's-pole-based homage to the old Batman television series is one of a very few lighthearted moments in an otherwise oppressively downbeat and reality-grounded urban thriller...,POSITIVE,https://www.telegraph.co.uk/films/2019/08/31/joker-venice-film-festival-review-have-got-next-fight-club/
wonder_woman_2017,2396855,2017-05-30,Tom Gliatto,False,,fresh,People Magazine,"Gal Gadot's Wonder Woman was the best thing about the swampy Batman v Superman, and now her solo outing is the far superior film: Wonder Woman, directed by Patty Jenkins, elevates her from third wheel to real deal.",POSITIVE,http://people.com/movies/wonder-woman-review-gal-gadot/
knives_out,2649879,2019-11-29,Andrea Chase,False,5/5,fresh,Killer Movie Reviews,"[C]inematic legerdemain as its cast expertly calibrate their performances so that arch never strays into the certain disaster of becoming artificial. The result is a giddily entertaining, emotionally engaging film that sets a new standard for its genre.",POSITIVE,https://www.killermoviereviews.com/movie/knives-out/
dune_2021,2824461,2021-09-17,Stephen Garrett,False,4/5,fresh,Book & Film Globe,"A magnificent adaptation of half a novel, Dune slakes sci-fi thirst as much as it parches.",POSITIVE,https://bookandfilmglobe.com/film/movie-review-dune/
aquaman_2018,2539805,2018-12-12,Andy Lea,False,2/5,rotten,Daily Star (UK),Director James Wan keeps things moving but seems a little out of his depth when fishing for laughs.,NEGATIVE,https://www.dailystar.co.uk/movies/747542/Aquaman-film-review
taken_3,2241674,2015-01-09,Kevin Jagernauth,False,D,rotten,The Playlist,"...it's the audience's time and money that gets snatched, and not even Bryan Mills, with all his special skills, can stop that from happening.",NEGATIVE,http://blogs.indiewire.com/theplaylist/review-taken-3-starring-liam-neeson-forest-whitaker-maggie-grace-famke-janssen-and-dougray-scott-20150109
nope,102711122,2022-07-21,Hannah Lodge,False,,fresh,The Beat,Nope joins a slate of films this year that make a case for the movies-as-a-thrill-ride argument&#44; one that demands as big a screen as possible&#46;,POSITIVE,https://www.comicsbeat.com/nope-review/
batman_v_superman_dawn_of_justice,2397467,2017-06-01,Julia Alexander,False,,rotten,Polygon,"Batman v Superman: Dawn of Justice is such a bleak, disorienting and incoherent mess that despite the few promising moments that sporadically appear, it's nearly impossible to enjoy.",NEGATIVE,https://www.polygon.com/2016/3/24/11297926/batman-v-superman-dawn-of-justice-review
taken_3,2242198,2015-01-14,Ed Whitfield,False,,rotten,The Ooh Tray,"A poor man's Fugitive, cut with generic action beats, washing powder, sugar, and other stuff designed to kill the buzz.",NEGATIVE,http://www.theoohtray.com/2015/01/14/film-review-taken-3/
ant_man_and_the_wasp_quantumania,102781867,2023-02-22,Nick Hasted,False,3/5,fresh,The Arts Desk,"Tentatively pushing into broader fantasy cinema, it retains frissons for those of us who did grow up having our imaginations blown open by Jack Kirby. ",POSITIVE,https://www.theartsdesk.com/film/ant-man-and-wasp-quantumania-review-marvel-head-infinity-and-beyond
the_irishman,2630697,2019-09-28,Richard Lawson,True,,fresh,Vanity Fair,"I found myself reluctantly taken by the movie, and the way Scorsese uses it to maybe, just a little bit, atone for some of his own past blitheness about violence.",POSITIVE,https://www.vanityfair.com/hollywood/2019/09/the-irishman-martin-scorsese-review
28_days_later,1169271,2003-06-27,John Venable,False,7/10,fresh,Supercala.com,"There are some scary moments, but they are few and far between.",POSITIVE,http://www.supercalafragalistic.com/28dayslater.htm
avengers_endgame,2579818,2019-04-23,Chris Hunneysett,False,5/5,fresh,Daily Mirror (UK),"It's game over for Marvel's competition as their latest superhero spectacular smashes into cinemas like the Hulk on steroids, and is the thunderous triumph we've all been hoping for.",POSITIVE,https://www.mirror.co.uk/film/avengers-endgame-movie-film-review-14485104?utm_source=twitter.com&utm_medium=social&utm_campaign=sharebar
arrival_2016,2503030,2018-08-27,Achara Kirk,False,,fresh,CinePals,"The director really allowed moments to breathe. As a viewer, you could feel the characters' emotions.",POSITIVE,https://www.youtube.com/watch?v=PvxrTFmFSgk&t=0s&list=PLpu7-TGm7LHplY3WeOWndYR6zsIpI7KDa&index=55
star_wars_the_rise_of_skywalker,2833182,2021-10-20,Lauren Bradshaw,False,B+,fresh,Fangirl Freakout,"A noteworthy farewell to the Skywalker saga, with the heart and action we have come to love from the Star Wars franchise.",POSITIVE,https://fangirlfreakout.com/2019/12/19/movie-review-star-wars-rise-of-skywalker/
dune_2021,2833249,2021-10-20,Joe Morgenstern,True,,rotten,Wall Street Journal,"The plot machinery grinds to a halt, as if clogged with sand, and the well-earned welcome wears out.",NEGATIVE,https://www.wsj.com/articles/dune-movie-review-hbo-max-zendaya-11634662206
nope,102724472,2022-08-26,Sergio López Aguirre,False,4.5/5,fresh,Cine Premiere,"Nope plays with the human need for spectacle, not only the human need to witness a tragedy without feeling threatened, but also the need to be seen.  [Full review in Spanish] ",POSITIVE,https://www.cinepremiere.com.mx/nop-pelicula-critica.html
top_gun_maverick,102688707,2022-05-12,Stephen Dalton,False,,fresh,The Film Verdict,Welcome back to the Military Industrial Oedipal Complex&#46;,POSITIVE,https://thefilmverdict.com/2022/05/12/top-gun-maverick/
the_irishman,2643236,2019-11-07,Liam Lacey,False,A,fresh,Original Cin,"This is some of De Niro's most moving work in years. His performance, full of anxious misfit energy, grimaces and haunted gaze feel entirely correct. He's a character who recognizes the depths of his sin but is unable to see redemption.",POSITIVE,https://www.original-cin.ca/posts/2019/11/7/the-irishman-deniro-pacino-and-pescis-best-work-in-years-is-best-seen-in-the-theatre
joker_2019,2632733,2019-10-04,Mike McGranaghan,False,1.5/4,rotten,Aisle Seat,What should have been the most electrifying comic book picture of the year is actually one of its most shocking duds.,NEGATIVE,https://aisleseat.com/joker.html
2012,1854414,2009-11-08,Colin Newton,False,3.5/5,fresh,Sunday Mail (Australia),"This movie is a disaster. At least it would be if it didn't fall into the ""so bad it's good"" category.",POSITIVE,http://guides.news.com.au/couriermail/movies/movie/?title_id=35592&review=82638
a_star_is_born_2018,2508362,2018-09-08,Norman Wilner,False,4/5,fresh,NOW Toronto,"Yes, you've seen this movie before. It worked then, it works now. Maybe it's never worked better.",POSITIVE,https://nowtoronto.com/movies/tiff2018/review-a-star-is-born-bradley-cooper/
parasite_2019,102745069,2022-10-21,Victor Pineyro,False,10/10,fresh,Seventh Art Studio,Delicate directing and immaculate production design make Parasite the masterpiece it is&#46; Its social-study script belongs in a lab&#44; as it comes with storytelling lessons that transcend language&#46; Reason why it became universal&#46; &#91;Full review in Spanish&#93;,POSITIVE,https://seventhartstudio.com/parasite-2019-resena/
once_upon_a_time_in_hollywood,2725469,2020-09-17,A.S. Hamrah,False,,fresh,The Baffler,"A shaggy dog story wrapped in a fairytale...Tarantino respects the Chekhovian rule that if you show a flamethrower earlier in the movie, you have to use it later.",POSITIVE,https://thebaffler.com/latest/money-is-an-iron-hamrah
taken_3,2241515,2015-01-08,Dustin Putman,False,2/4,rotten,TheFilmFile.com,"Mildly competent and mostly diverting, but the formula is getting stale, and it feels like everyone involved knows it. These characters deserve a break, and so does this increasingly preposterous, threadbare series.",NEGATIVE,http://www.thefilmfile.com/reviews/t/15_taken3.htm
black_panther_2018,2786523,2021-04-28,Olly Richards,False,4/5,fresh,NME,The best Marvel movie yet.,POSITIVE,https://www.nme.com/reviews/black-panther-film-review-2239011
star_wars_the_last_jedi,2445068,2017-12-21,Blake Howard,False,4.5/5,fresh,Graffiti With Punctuation,"""The Last Jedi"" is not a crude predictable entry to the series; Rian Johnson has delivered a luminous spark that's left the future of the franchise looking bright.",POSITIVE,https://graffitiwithpunctuation.com/reviews/star-wars-the-last-jedi-review
promising_young_woman,2784430,2021-04-16,Scott Weinberg,False,,fresh,Thrillist,this darkly amusing character study is almost addictively entertaining,POSITIVE,https://www.thrillist.com/entertainment/nation/best-horror-movies-2020
dune_2021,2842816,2021-11-29,Andrea Thompson,False,B+,fresh,A Reel of One's Own,Come to theater and you'll live quite deliciously throughout the two and a half hour runtime.,POSITIVE,http://www.areelofonesown.com/home/2021/11/20/denis-villeneuves-dune-immerses-audiences-in-a-world-of-theatrical-experiences
the_revenant_2015,2297790,2015-12-04,Matthew Pejkovic,False,4.5/5,fresh,Matt's Movie Reviews,"A haunting, immersive and grizzly cinematic experience, The Revenant features Alejandro Gonzalez Innaritu at the height of his filmmaking prowess, while an all-in Leonardo DiCaprio delivers the performance of a lifetime.",POSITIVE,http://www.mattsmoviereviews.net/movie-critic-reviews/revenant.html
parasite_2019,2655913,2019-12-23,Jennie Kermode,False,5/5,fresh,Eye for Film,"This is a mature, beautifully crafted piece of work and much cleverer than it initially appears.",POSITIVE,eyeforfilm.co.uk/review/parasite-2019-film-review-by-jennie-kermode
solo_a_star_wars_story,2478545,2018-05-17,Jeffrey Lyles,False,8/10,fresh,Lyles' Movie Files,"If anything, Solo proves the spin-off side is far more daring, creative and respectful for fans who don't want their Star Wars memories treated like Bantha poodoo.",POSITIVE,http://lylesmoviefiles.com/2018/05/17/solo-a-star-wars-story-movie-review/
avengers_endgame,2580164,2019-04-24,Stephanie Zacharek,True,,fresh,TIME Magazine,"It's an entertainment designed to please many, many people and disappoint as few as possible, extravagant without necessarily having a vision beyond its desire not to put a foot wrong.",POSITIVE,http://time.com/5576817/avengers-endgame-review/
the_batman,102664898,2022-03-05,Miles Surrey,False,,fresh,The Ringer,Gotham City’s favorite vigilante has long been known as “the World’s Greatest Detective.” Matt Reeves is the first director to truly realize that on screen.,POSITIVE,https://www.theringer.com/movies/2022/3/4/22960312/the-batman-movie-review-detective-matt-reeves-robert-pattinson
spider_man_into_the_spider_verse,2563582,2019-03-04,John Tones,False,4.5/5,fresh,Espinof,The perfect comic onscreen. [Full Review in Spanish],POSITIVE,https://www.espinof.com/criticas/como-spider-man-nuevo-universo-ha-conseguido-entender-al-fin-esencia-trepamuros
knives_out,2649056,2019-11-26,Simon Miraudo,False,4/5,fresh,Student Edge,Don't fear: No spoilers here. All you need to know is Knives Out is a devilish delight.,POSITIVE,https://studentedge.org/article/movie-review-rian-johnson-dunnit-again-with-the-wicked-knives-out
28_days_later,1170016,2003-06-27,Mick LaSalle,True,3/4,fresh,San Francisco Chronicle,"It has eerie images, a compelling situation and an unusual capacity to surprise.",POSITIVE,http://www.sfgate.com/cgi-bin/article.cgi?f=/c/a/2003/06/27/DD263934.DTL
blackkklansman,2514332,2018-10-08,Sr. Rose Pacatte,False,,fresh,National Catholic Reporter,"The first thing you will notice as you watch this film, and be distracted by, is how much Washington sounds like his father, Denzel Washington. Once you get over this, the story draws you in.",POSITIVE,https://www.ncronline.org/news/opinion/bounty-worthy-films-and-new-tv-show-try-out
top_gun_maverick,102694825,2022-05-29,Christopher Cross,False,4.5/5,fresh,Tilt Magazine,A somehow-superior sequel to a classic film without feeling indebted to calling back every moment&#44; Top Gun&#58; Maverick manages to be a profound addition to its predecessor while also being a tremendous film in its own right&#46;,POSITIVE,https://tilt.goombastomp.com/film/top-gun-maverick-review/
the_batman,102669125,2022-03-17,Pedro Luis Graterol,False,9/10,fresh,The Young Folks,The Dark Knight returns with a more hopeful take on vengeance,POSITIVE,https://www.theyoungfolks.com/review/163182/the-batman-review/
spider_man_no_way_home,2846596,2021-12-14,Julian Roman,False,4/5,fresh,MovieWeb,"Spider-Man: No Way Home is a rollercoaster of adventure and emotions. It will thrill, surprise, and break your heart.",POSITIVE,https://movieweb.com/spider-man-no-way-home-review/
once_upon_a_time_in_hollywood,2608603,2019-07-25,Dan Murrell,False,8.2/10,fresh,Screen Junkies,"If this is indeed the later part of Tarantino's career, I like that he's taking the tools that he's employed in other movies and using them in interesting ways.",POSITIVE,https://youtu.be/by1ydGt1tC4
2012,1854950,2009-11-12,Duane Dudek,False,1.5/4,rotten,Milwaukee Journal Sentinel,"There are fates worse than death, and 2012 is one of them.",NEGATIVE,http://www.jsonline.com/entertainment/movies/69866177.html
avengers_infinity_war,2473519,2018-04-25,Olly Richards,False,,fresh,GQ Magazine [UK],This is Marvel doing the absolute best version of the formula it's been criticised for overusing. They've blown it right up and now need to throw out that formula for good.,POSITIVE,http://www.gq-magazine.co.uk/article/marvel-avengers-infinity-war-review
toy_story_4,2599305,2019-06-21,Walter Chaw,False,3/4,fresh,Film Freak Central,Toy Story 4 is a work of genuine humanism not all that dissimilar from Milton's Paradise Lost.,POSITIVE,https://www.filmfreakcentral.net/ffc/2019/06/toy-story-4.html
captain_marvel,2564739,2019-03-07,Megan Basham,False,2/5,rotten,WORLD,"To be blunt, it's insulting that Marvel felt simply making its first leading woman ""one tough chick"" would be enough to placate female fans.",NEGATIVE,https://world.wng.org/2019/03/superficial_superhero
black_panther_2018,2458804,2018-02-17,Ed Whitfield,False,,fresh,The Ooh Tray,"The emphasis on identity politics and the social critique of White America, gives Coogler a little space to fashion something distinctive - a different flavour of Marvel movie if you will, with a great new taste, even if the ingredients are well known.",POSITIVE,http://www.theoohtray.com/2018/02/17/film-review-black-panther/
batman_v_superman_dawn_of_justice,2316393,2016-03-24,Josh Slater-Williams,False,3/5,rotten,The Skinny,"In the end, a daft but interesting blockbuster becomes a daft and self-defeating one.",NEGATIVE,http://www.theskinny.co.uk/film/new-releases/batman-v-superman-dawn-of-justice
avengers_endgame,2579986,2019-04-24,Sherin Nicole,False,,fresh,idobi.com,"Plainly stated: Avengers: Endgame is the payoff for all the time, and inspiration, and joy you've invested in the MCU all these years-and it pays well",POSITIVE,https://idobi.com/review/film-review-avengers-endgame/
jurassic_world_dominion,102698163,2022-06-09,Zehra Phelan,False,2/5,rotten,HeyUGuys,The first two instalments of the Jurassic World trilogy seemed to have that spark of electricity&#44; breathing life back into our fantasy dino world but Dominion has shorted that fuse and that sizzle has been reduced to world-ending unoriginal fizzle&#46;,NEGATIVE,https://www.heyuguys.com/jurassic-world-dominion-review/
black_widow_2021,2804059,2021-07-08,Charles Koplinski,False,2.0/4.0,rotten,Reel Talk with Chuck and Pam,"The highlight is Pugh who steals the film from Johansson, supplying a sense of barbed humor as well as humanity to her character that's welcomed. A star is born amidst all this chaos.",NEGATIVE,http://reeltalkwithchuckandpam.com/black-widow-chuck-pam-skip-it/
first_man,2504609,2018-08-29,Michael Nordine,True,B+,fresh,indieWire,"A powerful experience that will inspire renewed awe of what Armstrong and his ilk did. It may not be a giant leap for filmmaking, but it's another small step for this filmmaker.",POSITIVE,https://www.indiewire.com/2018/08/first-man-review-ryan-gosling-damien-chazelle-venice-1201998370/
halloween_2018,2521208,2018-10-22,Yasmin Kleinbart,False,7/10,fresh,The Young Folks,"Even though Michael is primarily known for his impressive work with a kitchen knife, Green still manages to make his kills feel fresh.",POSITIVE,https://www.theyoungfolks.com/film/126622/halloween-movie-review-shocks-and-scares-cant-fully-save-this-stale-sequel/
solo_a_star_wars_story,2480091,2018-05-23,Kate Taylor,True,3/4,fresh,Globe and Mail,The heavy Star Wars legacy sits lightly on Mr. Ehrenreich's shoulders in a Disney-Lucasfilm movie that is finally having fun.,POSITIVE,https://www.theglobeandmail.com/arts/film/reviews/article-review-we-have-a-surprisingly-good-feeling-about-solo-a-star-wars/
2012,1855542,2009-11-14,Kam Williams,False,0/4,rotten,NewsBlaze,"An eye-popping, insult to the intelligence strictly for the kiddies and crackpot doomsday enthusiasts.",NEGATIVE,http://newsblaze.com/story/20091114120631kamw.nb/topstory.html
prairie_home_companion,1522119,2006-07-01,Jean Lowerison,False,,rotten,San Diego Metropolitan,"It's all pleasant, mildly amusing, and mostly of interest to fans of the radio show. Others may find it less than riveting.",NEGATIVE,http://sandiegometro.archives.whsites.net/reel/index.php?reelID=938
top_gun_maverick,102725034,2022-08-29,Yasser Medina,False,6/10,rotten,Cinemaficionados,It flies higher than the original with a few aerial sequences that demonstrate Cruise&apos;s skill at piloting anything&#44; but I don&apos;t find the sense of adrenaline in the flight routines and the predictable missions in the danger zone&#46; &#91;Full review in Spanish&#93;,NEGATIVE,https://www.cinemaficionados.com/2022/08/top-gun-maverick-2022.html
wonder_woman_2017,2518355,2018-10-12,Jared Mobarak,False,8/10,fresh,BuffaloVibe,It merges the best parts of Thor and Captain America into an origin story possessed with increased character complexities despite its generic plot.,POSITIVE,https://www.buffalovibe.com/articles/movies/review-wonder-woman-2017
it_2017,2416265,2017-09-06,Jim Slotek,False,,fresh,Original Cin,"Nosferatu-like incisors punctuating his grimace grin, Bill Skarsgård brings a new level of unpredictable malice to the childkiller entity that haunts King's benighted Derry, Maine. And he does it within a trimmer narrative that maximizes the horror.",POSITIVE,https://www.original-cin.ca/posts/2017/9/5/it-theres-a-new-scarier-clown-in-town
jojo_rabbit,2643902,2019-11-08,Brandy McDonnell,False,4/4,fresh,The Oklahoman,"One of the best films of the year, Jojo Rabbit nimbly zips through the full gamut of emotions: It's by turns uproarious, warm, heart-rending, horrifying, silly, surreal, scary and joyous.",POSITIVE,https://oklahoman.com/article/5646475/movie-review-taika-waititis-hilarious-and-heartbreaking-wwii-satire-jojo-rabbit-is-one-of-the-best-movies-of-the-year
captain_marvel,2564510,2019-03-06,Graeme Tuckett,False,4/5,fresh,Stuff.co.nz,"Any actor who can still project warmth, humour and believability through the storm of effects and the sheer predictability of superhero plotting deserves a lot of respect.",POSITIVE,https://www.stuff.co.nz/entertainment/film/film-reviews/111038762/captain-marvel-brie-larson-perfect-in-a-movie-that-showcases-the-mcu-at-its-best
taken_3,2241618,2015-01-09,Frank Lovece,False,,rotten,Film Journal International,"The original Taken was a much better movie than anyone thought it would be. Taken 3, on the other hand, is the movie everyone did think Taken was going to be.",NEGATIVE,http://www.filmjournal.com/filmjournal/content_display/reviews/major-releases/e3i9df1b9bd898b4c5e182ae30152d06216
once_upon_a_time_in_hollywood,2608757,2019-07-25,Clint O'Connor,False,B+,fresh,Akron Beacon Journal,"Once Upon a Time... in Hollywood"" stumbles because it runs out of story before the credits role. But it succeeds, in part, because it is such a loving tribute to the TV and film industries during a beautifully recreated era.",POSITIVE,https://www.ohio.com/entertainmentlife/20190725/review-brad-pitt-leonardo-dicaprio-shine-in-once-upon-time--in-hollywood
guardians_of_the_galaxy_vol_2,2485737,2018-06-20,Glenn Dunks,False,,rotten,Junkee,"More of the same, and yet a case of diminishing returns.",NEGATIVE,http://junkee.com/every-oscar-nominee-ranked/148691
no_time_to_die_2021,2830135,2021-10-08,Mathew DeKinder,False,3.5/5,fresh,Mat's Entertainment,"""No Time to Die"" is a fitting finale for one of the best Bonds ever and while James Bond will most certainly return, Craig has forever changed what it means to be 007.",POSITIVE,https://matsentertainment.com/daniel-craig-gives-a-fitting-sendoff-to-james-bond/
baby_driver,2383423,2017-03-12,Michael Roffman,False,A,fresh,Consequence,"This is the La La Land of car chase movies, a jaw-shattering spectacle of sight and sound that sets the bar through the roof for any filmmakers currently cutting their teeth in music videos.",POSITIVE,http://consequenceofsound.net/2017/03/sxsw-film-review-baby-driver/
i_tonya,2440379,2017-12-04,David Edelstein,True,,fresh,New York Magazine/Vulture,"It's a black comedy, and parts of it are too broad, like a second-rate Coen brothers movie. Many of the meta-jokes feel cheap. The story is good enough not to need them.",POSITIVE,"But maybe that point is better served by portraying all of the awfulness in Tonya Harding?s life, everything that shaped her, as straightforward tragic happenstance?rather than a gut buster."
once_upon_a_time_in_hollywood,2609385,2019-07-27,Julian Roman,False,3.5/5,fresh,MovieWeb,"Once Upon a Time in Hollywood is Quentin Tarantino's overindulgent love letter to a bygone era. At two-hours and forty-one minutes, the film becomes too enamored with innocuous details.",POSITIVE,https://movieweb.com/once-upon-a-time-in-hollywood-review-2/
booksmart,2589647,2019-05-23,Mark Dujsik,False,3/4,fresh,Mark Reviews Movies,Booksmart is quite funny ... but the film is primarily honest in its presentation of our protagonists...,POSITIVE,http://www.markreviewsmovies.com/reviews/B/booksmart.htm
knives_out,2623400,2019-09-09,A.A. Dowd,True,A-,fresh,AV Club,"This, in other words, is one of those mysteries so clever and fiendishly well-engineered that you eventually have no choice but to stop trying to get ahead of it, to simply enjoy the way it plants and payoffs.",POSITIVE,https://film.avclub.com/knives-out-at-once-revives-and-daringly-subverts-the-ol-1840052236
joker_2019,2624212,2019-09-10,Rubin Safaya,False,,rotten,Cinemalogue,"JOKER-a middlebrow impression of highbrow-has a moral compass, and it's pointed in the wrong direction.",NEGATIVE,http://cinemalogue.com/2019/09/10/joker/
the_front_runner_2018,2548101,2019-01-14,Tom Shone,False,2/5,rotten,Sunday Times (UK),"Jason Reitman's The Front Runner is so expertly made, it may take a while to realise how misconceived it is",NEGATIVE,https://www.thetimes.co.uk/magazine/culture/film-review-john-c-reilly-and-steve-coogan-stan-ollie-laurel-and-hardy-biopic-the-front-runner-hugh-jackman-tczpjmq96
28_days_later,808625,2002-11-06,Nev Pierce,True,3/5,fresh,BBC.com,"The zippy, brutal action sequences are gripping, the violence sometimes shocking.",POSITIVE,http://www.bbc.co.uk/films/2002/10/04/28_days_later_2002_review.shtml
mission_impossible_fallout,2490530,2018-07-13,Jamie Graham,False,5/5,fresh,Total Film,"McQuarrie brings grace and grit, and Cruise brings it, period. This quick-witted, fleet-footed franchise shows no sign of flagging.",POSITIVE,https://www.gamesradar.com/mission-impossible-fallout-review/
knives_out,2649505,2019-11-27,Linda Holmes,True,,fresh,NPR,"It's one of the best movies of the year, and one of the most purely enjoyable, as well.",POSITIVE,https://www.npr.org/2019/11/27/782165138/knives-out-a-classic-comic-mystery-of-uncommon-sharpness?utm_medium=RSS&utm_campaign=movies
a_quiet_place_2018,2469137,2018-04-04,Peter Canavese,False,3/4,fresh,Groucho Reviews,There&rsquo;s plenty...that doesn&rsquo;t hold up to scrutiny and even more that feels conspicuously derivative. But tell that to your pants as you pee them.,POSITIVE,http://www.grouchoreviews.com/reviews/5105
avengers_endgame,2579893,2019-04-24,Scott Mendelson,False,6/10,fresh,Forbes,"Surprisingly smaller-scale and lighter than INFINITY WAR, with disappointing action to boot, but it ends on a high note and the key characters get pushed in interesting directions.",POSITIVE,https://www.forbes.com/sites/scottmendelson/2019/04/23/review-avengers-endgame-infinity-war-marvel-iron-man-thor-hulk-captain-america-black-widow/
mission_impossible_fallout,2502061,2018-08-24,Alci Rengifo,False,,fresh,Entertainment Voice,Now this is a summer action movie.,POSITIVE,http://entertainmentvoice.com/2018/07/26/tom-cruise-proves-he-can-still-do-it-all-explosive-mission-impossible-fallout/
a_star_is_born_2018,2515338,2018-10-04,Jason McKiernan,False,3.5/5,fresh,Film Racket,"A Star is Born at first takes on the passionate verve of a Cameron Crowe script, with idealism being challenged by the weight of reality",POSITIVE,https://filmracket.com/a-star-is-born/movie-review
the_lion_king_2019,2607847,2019-07-23,Alasdair Bayman,False,2/5,rotten,CineVue,"One cannot fault the African vistas on screen... However, judging this book by its cover, passion and flair lack from the mouths of these creatures.",NEGATIVE,https://cine-vue.com/2019/07/film-review-the-lion-king.html
snow_white_and_the_huntsman,2131078,2013-03-02,Nour Habib,False,2.5/4,fresh,Tulsa World,"If you're going to mess with a fairy tale, then you'd better mess with it well. ""Snow White and the Huntsman"" toes the line - very closely - but eventually falls on the right side of it, once you get past the first half hour or so.",POSITIVE,http://www.tulsaworld.com/scene/article.aspx?subjectid=281&articleid=20120602_44_D1_CUTLIN830051
nomadland,2727031,2020-09-21,Sarah Knight Adamson,False,3.5/4,fresh,Sarah's Backstage Pass,"The reason to watch ""Nomadland"" is to see first-hand Frances McDormand's heartfelt performance, one of the best of her career, and to bring the topic of nomad workers to the forefront. Look for Oscar buzz and many awards in the coming season.",POSITIVE,https://www.sarahsbackstagepass.com/tiff-part-2-update-nomadland-my-favorite-film-peoples-choice-award-h360-podcast/
thor_ragnarok_2017,2429785,2017-10-24,Beatriz Martínez,False,4/5,fresh,Fotogramas,Epic and fun. [Full Review in Spanish],POSITIVE,http://www.fotogramas.es/Peliculas/Thor-Ragnarok#critFG
2012,1854571,2009-11-10,Mike Goodridge,False,,fresh,Screen International,"A deliriously ludicrous, guilty pleasure of a blockbuster in which the end of the world is turned into a two-and-a-half-hour rollercoaster ride.",POSITIVE,http://www.screendaily.com/reviews/2012/5007581.article
spider_man_homecoming,2403831,2017-07-07,Kenneth R. Morefield,False,3.5/4,fresh,Christianity Today,Not retelling the origin story also gives the film room to explore and develop its characters.,POSITIVE,http://www.christianitytoday.com/lyris/entertainment/archives/07-07-2017.html
taken_3,2241163,2015-01-06,Peter Bradshaw,True,1/5,rotten,Guardian,"It's difficult to know what subtitle to give this. Taken 3: Not Again, or Taken 3: Seriously? or Taken 3: This Is Getting a Bit Much Frankly.",NEGATIVE,http://www.theguardian.com/film/2015/jan/06/taken-3-review-a-very-exhausted-set-of-skills
the_batman,102669997,2022-03-18,Marie Asner,False,3/5,fresh,Phantom Tollbooth,"As for special effects, they are very good, and Greig Fraser’s cinematography is epic.",POSITIVE,http://www.tollbooth.org/index.php/current-issue/movie-reviews/2748-batman
the_lion_king_2019,2606394,2019-07-18,Doug Jamieson,False,2.5/5,rotten,The Jam Report,"There's no denying this fancy new version of 'The Lion King' is a technical marvel, but without any semblance of heart and soul, it's the cinematic equivalent of watching a flashy screensaver for two hours.",NEGATIVE,https://thejamreport.com/2019/07/18/review-the-lion-king-is-a-strikingly-beautiful-beast-without-a-soul/
bohemian_rhapsody,2528394,2018-11-04,Sara Michelle Fetters,True,1.5/4,rotten,MovieFreak.com,"[It's] possible I hated this overblown mess of a musical biopic something fierce, and I'd rather not say another word about it.",NEGATIVE,http://moviefreak.com/bohemian-rhapsody-2018-movie-review
joker_2019,2620992,2019-08-31,Jim Vejvoda,False,10/10,fresh,IGN Movies,Joaquin Phoenix's fully committed performance and Todd Phillips' masterful albeit loose reinvention of the DC source material make Joker a film that should leave comic book fans and non-fans alike disturbed and moved in all the right ways.,POSITIVE,https://www.ign.com/articles/2019/08/31/joker-movie-review
skyfall,2114262,2012-11-10,Walter Chaw,False,2/4,rotten,Film Freak Central,It's an old-fashioned Bond movie--or at least promises the next one will be--and that's good news for many.,NEGATIVE,http://www.filmfreakcentral.net/ffc/2012/11/skyfall.html#more
star_wars_episode_vii_the_force_awakens,2300618,2015-12-21,Gary Dowell,False,,fresh,Dark Horizons,"J.J. Abrams keeps the plot moving at a brisk pace that keeps the viewer from overthinking it until after the credits roll, but not so brisk that we can't relax and enjoy the ride. And what a ride it is.",POSITIVE,http://www.darkhorizons.com/reviews/1422/star-wars-the-force-awakens
star_wars_the_rise_of_skywalker,2654660,2019-12-18,Alejandro Turdo,False,7/10,fresh,EscribiendoCine,"The film could have ended with a bigger bang, but it is still largely entertaining nonetheless. [Full Review in Spanish]",POSITIVE,http://www.escribiendocine.com/critica/0005152-fin-de-ciclo-heredaras-tu-saga/
snow_white_and_the_huntsman,2087809,2012-06-02,Andrew Simpson,False,3/5,fresh,Fan The Fire,"With an aesthetic that will draw inevitable comparisons to Mordor and the series Game of Thrones, his is a medieval world full of death and decay, whose evil queen toys with dead animals and quite literally sucks the life out of her subjects.",POSITIVE,http://fanthefiremagazine.com/blog/film/film-review-snow-white-and-the-huntsman/
star_wars_episode_vii_the_force_awakens,2303474,2016-01-12,Victoria Alexander,False,,fresh,Las Vegas Informer,Bravo! Ford ignites the movie! He's the star and jumps right back into the iconic role. Disney brought a princess but it was a bait and switch. They got General Great-Greatma instead.,POSITIVE,http://lasvegas.informermg.com/2016/01/12/star-wars-movie-review/
joker_2019,2632931,2019-10-05,John Urbancich,False,4.5/5,fresh,Your Movies (cleveland.com),"Bravo, and guess who'll have the last laugh when the Best Actor votes are counted.",POSITIVE,https://jmuvies.blogspot.com/2019/10/grandly-portayed-joker-might-stir-you.html
captain_america_civil_war,2325410,2016-05-06,Christian Toto,False,3.5/4,fresh,HollywoodInToto.com,"Civil War is a shiny, inoffensive product meant to make millions for Disney on a global scale. It also delivers more pure entertainment than any film in recent memory.",POSITIVE,http://www.hollywoodintoto.com/captain-america-civil-war-review/
halloween_2018,2589991,2019-05-24,Alex Maidy,False,5/10,rotten,JoBlo's Movie Network,"This film is technically well executed and there is nothing inherently wrong with it as a relaxed viewing experience, but HALLOWEEN deserved to be so much more.",NEGATIVE,https://www.joblo.com/movie-news/the-unpopular-opinion-halloween-2018
black_panther_2018,2564599,2019-03-06,Phumlani S Langa,False,,rotten,City Press (South Africa),The film is painfully average. It does so much in every area but actually tell a riveting story.,NEGATIVE,https://city-press.news24.com/Trending/is-black-panther-really-that-good-20180221
glass_onion_a_knives_out_mystery,102755277,2022-11-23,Josh Bell,False,3/4,fresh,"The Inlander (Spokane, WA)",Johnson and the actors make the playful&#44; barbed interactions between the characters a delight&#44; all while seeding clues for the eventual solution to the crime&#46;,POSITIVE,https://www.inlander.com/spokane/glass-onion-makes-a-case-for-the-continued-adventures-of-rian-johnsons-ingenious-detective/Content?oid=24973277
a_star_is_born_2018,2523155,2018-10-26,Roxana Hadadi,True,,fresh,Pajiba,"A Star is Born foregrounds all of the ways Jackson and Ally are enamored with each other, the intimacy that enhanced their bond and the affection that inspired their songs.",POSITIVE,http://www.pajiba.com/film_reviews/a-star-is-born-isnt-really-a-movie-about-sex-but-man-its-sexy-as-hell-.php
the_favourite_2018,2544644,2018-12-28,Donald Clarke,True,5/5,fresh,Irish Times,"The Favourite doesn't offer horrors to compare with Lanthimos's The Lobster or his The Killing of a Sacred Deer, but the creative misanthropy and orchestral cruelty are every bit as striking.",POSITIVE,https://www.irishtimes.com/culture/film/the-favourite-a-masterpiece-of-palace-intrigue-1.3736655
28_days_later,1170018,2003-06-27,Chris Hewitt,False,3/4,fresh,St. Paul Pioneer Press,Funnier and smarter than the average movie in which flesh-eating ghouls chow on each other.,POSITIVE,
the_irishman,2630774,2019-09-29,Joanna Langfield,False,,fresh,The Movie Minute,"Scorsese's mob epic demands and commands. Confident enough to play with traditional storytelling as well as cutting edge technology, this is thrilling work from artists at their prime.",POSITIVE,https://themovieminute.com/the-irishman/
blackkklansman,2556761,2019-02-08,Tom Bond,False,5/5,fresh,One Room With A View,"He's (Lee) attempted to make a blockbuster, laugh out loud comedy about the Ku Klux Klan whilst also sincerely critiquing contemporary race relations. For the most part, he succeeds.",POSITIVE,https://oneroomwithaview.com/2018/08/25/blackkklansman-cannes-2018-review-2/
mission_impossible_fallout,2490339,2018-07-12,Matt Singer,True,9/10,fresh,ScreenCrush,Clearly the best ongoing action franchise in the world.,POSITIVE,http://screencrush.com/mission-impossible-fallout-review/
jojo_rabbit,2646001,2019-11-15,Chris Stuckmann,True,A,fresh,ChrisStuckmann.com,"Risky and original, you've never seen a film like Jojo Rabbit.",POSITIVE,https://www.youtube.com/watch?v=FwZ4PmjbEdU
toy_story_4,2599217,2019-06-21,Kiko Martinez,False,3.5/5,fresh,San Antonio Current,Solidifies Toy Story's place as the best franchise in cinematic history.,POSITIVE,https://www.sacurrent.com/sanantonio/cinematic-spillover-short-reviews-of-toy-story-4-childs-play-and-perfect/Content?oid=21434793
the_post,2453469,2018-01-26,David Tejero Nogales,False,5/5,fresh,El antepenúltimo mohicano,Spielberg continues in the essential search of the deep and mysterious. [Full review in Spanish],POSITIVE,https://www.elantepenultimomohicano.com/2018/01/critica-los-archivos-del-pentagono.html
dune_2021,2843623,2021-12-02,Erin Schwartz,False,,fresh,The Nation,"For all its futuristic technology and sandworms, Dune is deeply humanistic, which does not mean it necessarily celebrates humanity, but rather in the sense that Greek tragedies of hubris and self-annihilation are humanistic.",POSITIVE,https://www.thenation.com/article/culture/dune-film-review/
thor_love_and_thunder,102706572,2022-07-06,Wenlei Ma,True,2.5/5,rotten,News.com.au,There&#8217;s a looseness to the movie that instead of making it fun and riotous&#44; makes it feel jumbled and tiresome&#46;,NEGATIVE,https://www.news.com.au/entertainment/movies/movie-reviews/thor-love-and-thunder-does-too-much-and-not-enough/news-story/4038e5b8352197199fd84f052bebd76b
2012,1855156,2009-11-13,Jamie Russell,False,3/5,fresh,Radio Times,"The script is nonsensical and while the actors do their best they are, inevitably, dwarfed by the breathtaking visual effects. Emmerich has outdone himself this time; this is a film that makes Independence Day look modest.",POSITIVE,http://www.radiotimes.com/servlet_film/com.icl.beeb.rtfilms.client.simpleSearchServlet?searchTypeSelect=5&frn=48712
dunkirk_2017,2405294,2017-07-18,Chris Stuckmann,True,A,fresh,ChrisStuckmann.com,"Nolan crafts a frighteningly realistic portrayal of the Allied soldiers' evacuation, with some of the best aerial dogfights ever put to screen.",POSITIVE,http://www.chrisstuckmann.com/dunkirk-movie-review/
dune_2021,2819796,2021-09-03,Scott Collura,False,7/10,fresh,IGN Movies,"Dune is a gorgeous but imperfect epic, a technical wonder that spends too much time setting up a third act that never comes.",POSITIVE,https://www.ign.com/articles/dune-review?utm_source=twitter
logan_2017,2519867,2018-10-18,Tomas Trussow,False,3/5,fresh,The Lonely Film Critic,"If I had a special connection to the X-Men franchise, and if Wolverine had been one of my all-time favourite characters, I would've appreciated this far more.",POSITIVE,https://thelonelyfilmcritic.com/2018/10/17/logan/
star_wars_the_last_jedi,2532398,2018-11-15,Kent Garrison,False,A-,fresh,Mad About Movies Podcast,"It might not be what I wanted it to be, but I can't deny I was entertained.",POSITIVE,http://madaboutmoviespodcast.com/episodes/2017/12/15/star-wars-the-last-jedi-postgame-show
star_wars_the_last_jedi,2759667,2021-01-27,Joey Morona,False,,fresh,Cleveland Plain Dealer,... simultaneously dark and funny with more twists and turns than a ride aboard the Millennium Falcon.,POSITIVE,https://www.cleveland.com/entertainment/2017/12/star_wars_the_last_jedi_is_a_t.html
rocketman_2019,2596712,2019-06-13,Robert Roten,False,B,fresh,Laramie Movie Scope,"Drugs, alcohol, sex, corrupt management, we've seen this all before, right? Not like this, we haven't. This musical biographical film about the early life of pop music star Elton John is presented in a highly imaginative way.",POSITIVE,http://www.lariat.org/AtTheMovies/new/roketman.html
promising_young_woman,2752271,2020-12-18,Jonathan W. Hickman,False,9/10,fresh,The Newnan Times-Herald,"""Promising Young Woman"" is a lightning rod, a film that should find many awards nominations. It's also the provocation that 2020 needs.",POSITIVE,https://times-herald.com/news/2020/12/promising-young-woman-provocative-film-continues-the-discourse
once_upon_a_time_in_hollywood,2653755,2019-12-14,Felix Vasquez Jr.,False,,fresh,Cinema Crazed,It's another of Tarantino's masterpieces...,POSITIVE,http://cinema-crazed.com/blog/2019/12/13/once-upon-a-time-in-hollywood-2019/
top_gun_maverick,102698778,2022-06-10,Simran Hans,True,,fresh,Monocle,Tom Cruise is here to save cinema. He's here to save America. And I'm here for it.,POSITIVE,https://monocle.com/radio/shows/monocle-on-culture/556/
rogue_one_a_star_wars_story,2382288,2017-03-05,John Hanlon,False,3.5/4,fresh,John Hanlon Reviews,An origin story that stays true to its predecessors while crafting its own unique identity.,POSITIVE,http://www.johnhanlonreviews.com/movie-review/rogue-one-star-wars-story/
logan_2017,2660371,2020-01-15,Chris McCoy,False,,fresh,Memphis Flyer,"Stewart and Jackman give a pair of brilliant performances, and Keen shows dazzling range for a girl younger than the franchise itself.",POSITIVE,https://www.memphisflyer.com/memphis/logan/Content?oid=5614297
ready_player_one,2530061,2018-11-12,Brian Gill,False,A-,fresh,Mad About Movies Podcast,"There's a touch of Spielbergian magic that transcends the choppy, patchwork narrative. It's very difficult not to have an immense amount of fun with Ready Player One in spite of its flaws.",POSITIVE,http://madaboutmoviespodcast.com/episodes/2018/4/1/ready-player-one
ready_player_one,2477011,2018-05-11,Stephen Silver,False,2/5,rotten,Splice Today,"A $175 million, effect-laden sci-fi epic that's pitched at the level of a Tonight Show With Jimmy Fallon sketch- it's ""hey, remember that thing: The Movie"" (Living Life Fearless)",NEGATIVE,https://livinglifefearless.co/2018/features/ready-player-one-and-the-nadir-of-hollywoods-pandering-to-nerds/
captain_marvel,2564014,2019-03-05,Will Leitch,False,B,fresh,Paste Magazine,"Captain Marvel, like many MCU movies, sometimes labors under the weight of having to tell its own story while still connecting to the larger, ongoing saga, but it has no issues with justifying its main character.",POSITIVE,https://www.pastemagazine.com/articles/2019/03/captain-marvel.html
bohemian_rhapsody,2527492,2018-11-02,Luke Goodsell,False,,rotten,The Monthly (Australia),"With such a cultural purview, who's to say that Bohemian Rhapsody - which aspires to little beyond simply entertaining its audience in the most generalist way - isn't successful?",NEGATIVE,https://www.themonthly.com.au/blog/luke-goodsell/2018/01/2018/1541041347/bohemian-rhapsody-real-life-or-just-fantasy
the_irishman,2643722,2019-11-08,Donald Clarke,True,5/5,fresh,Irish Times,"The busy wipes, lively zooms and fast cuts that characterised the earlier gangster flicks are not on display. This is as much the Scorsese of Silence as of Wolf of Wall Street.",POSITIVE,https://www.irishtimes.com/culture/film/the-irishman-review-it-s-good-but-it-s-no-goodfellas-1.4073412
parasite_2019,2633832,2019-10-09,Harvey S. Karten,False,B+,fresh,Big Apple Reviews,Class warfare among two South Korean families is treated with both comedy and horror in Bong's latest picture.,POSITIVE,https://bigapplereviews.net/?s=parasite
stillwater_2020,2812152,2021-08-09,Rene Sanchez,False,3/4,fresh,Cine Sin Fronteras,A solid and well-acted family drama about the difficult roads to find redemption and acceptance. [Full Review in Spanish],POSITIVE,https://cinesinfronteras.com/2021/07/28/resena-stillwater-2021-matt-damon/
ad_astra,2628181,2019-09-20,Israel Acosta Aroche,False,8/10,fresh,Konexión,Ad Astra is a visually astonishing movie and its director reminds us once again that the genre doesn't matter when telling a story about a man who wants to know more about himself. [Full Review in Spanish],POSITIVE,https://konexion.com.mx/review-de-ad-astra-hacia-las-estrellas/
top_gun_maverick,102688688,2022-05-12,Richard Lawson,True,,fresh,Vanity Fair,"In the vacuum of Maverick’s 130 minute run, a disarming wistfulness, and a friendliness, give interesting shape to what could have been mere pointless rehash.",POSITIVE,https://www.vanityfair.com/hollywood/2022/05/in-top-gun-maverick-tom-cruise-is-his-own-wingman
baby_driver,2444051,2017-12-18,Eli Glasner,False,4/5,fresh,CBC News,"With Elgort channeling a pouty James Dean and mean Kevin Spacey at his very best, Baby Driver delivers the creativity this summer's films have been lacking.",POSITIVE,http://www.cbc.ca/news/entertainment/baby-driver-big-sick-okja-1.4185922
wonder_woman_2017,2396726,2017-05-29,Michael Phillips,True,3.5/4,fresh,Chicago Tribune,"Gal Gadot grabs the Lasso of Truth and the bracelets of infinite resilience to take center stage in Wonder Woman, director Patty Jenkins' formidable and almost entirely successful bid to make the DC Comics movies a little less lame.",POSITIVE,http://www.chicagotribune.com/entertainment/movies/ct-wonder-woman-review-20170525-column.html
jurassic_world_dominion,102699888,2022-06-14,tt stern-enzi,True,D,rotten,"WXIX-TV (Cincinnati, OH)","A long, tiring, winding road. ",NEGATIVE,https://terrencetodd.com/2022/06/10/fox19-tts-franchise-fatigue-over-jurassic-world-dominion/
knives_out,2656664,2019-12-27,John Tones,False,,fresh,Espinof,"Without losing its sense of humor and suspense, Knives Out becomes a bilious commentary on wealth and its origins. [Full Review in Spanish]",POSITIVE,https://www.espinof.com/criticas/punales-espalda-que-actualizacion-codigos-agatha-christie-pelicula-subversiva-esta-navidad
joker_2019,2632961,2019-10-05,Edwin Arnaudin,False,4/5,fresh,Asheville Movies,"The kind of rich, complex movie DC has been trying and failing to make ever since The Dark Knight Rises.",POSITIVE,https://www.ashevillemovies.com/new/joker
spider_man_far_from_home,2670813,2020-02-20,Shawn Edwards,False,4/5,fresh,Fox 4 Kansas City,"I didn't like it as a movie overall, but as an experience...",POSITIVE,https://www.youtube.com/channel/UCBcu7y-Sqgx-X2ss3SpEu2A
star_wars_the_last_jedi,2442284,2017-12-12,James Mottram,False,4/5,fresh,South China Morning Post,"This is an emotional ride all right, an incident-packed epic that introduces new characters, reacquaints us with old friends, answers some questions and raises some more.",POSITIVE,http://www.scmp.com/culture/film-tv/article/2123984/film-review-star-wars-last-jedi-true-epic-casts-shadow-empire
widows_2018,2528682,2018-11-05,Aine O'Connor,False,4/5,fresh,Sunday Independent (Ireland),"Although it felt bitty and disjointed at times it did keep coming back, thanks to some great characters, wonderful acting and some great plot work.",POSITIVE,https://www.independent.ie/entertainment/movies/movie-reviews/film-of-the-week-widows-37486508.html
star_wars_the_last_jedi,2525202,2018-10-31,Jennifer Heaton,False,10/10,fresh,Alternative Lens,"The film breaks many franchise traditions on all levels, but it does so with a lot of respect and with the ambition to build something new and exciting from what remains.",POSITIVE,https://altfilmlens.wordpress.com/2017/12/15/star-wars-the-last-jedi-an-alternative-lens-review/.
little_women_2019,2665528,2020-01-31,Juan Pablo Russo,False,8/10,fresh,EscribiendoCine,... a good example of a literary Hollywood adaptation rejuvenated without betraying its classic essence. [Full review in Spanish],POSITIVE,https://www.escribiendocine.com/noticias/2023/02/22/5172-critica-de-mujercitas-una-reversion-en-tiempos-de-feminismos-con-saoirse-ronan-emma-watson-y-florence-pugh
baby_driver,2637258,2019-10-18,Leslie Combemale,False,4.5/5,fresh,Cinema Siren,"Stylish, beautifully executed, and slick as a '65 Mustang.",POSITIVE,https://cinemasiren.com/cinema-siren/baby-driver-film-review-music-fueled-frenetic-and-full-of-fun/
captain_marvel,2565777,2019-03-10,Ruth Maramis,False,3.5/5,fresh,FlixChatter Film Blog,"Overall I think Captain Marvel is a fun addition to the MCU canon. However, I can't help but wish I liked her character more by the end of the movie.",POSITIVE,https://flixchatter.net/2019/03/09/flixchatter-review-captain-marvel-2019/
taken_3,2241798,2015-01-09,Joe Neumaier,True,0/5,rotten,New York Daily News,Here it's the audience that gets taken.,NEGATIVE,http://www.nydailynews.com/entertainment/movies/3-movie-review-article-1.2072300
no_time_to_die_2021,2830124,2021-10-08,Vincent Mancini,False,C+,rotten,FilmDrunk,"The once-insouciant spy hero became intense and obsessive when Daniel Craig started to play him, only to become mawkish and sentimental in his final chapter.",NEGATIVE,https://uproxx.com/movies/no-time-to-die-review-daniel-craig-cary-fukunaga/
taken_3,2241666,2015-01-09,Bruce Kirkland,True,1.5/5,rotten,Toronto Sun,The premise is pretty much the same: Mess with Neeson's loved ones and you will die.,NEGATIVE,http://www.torontosun.com/2015/01/09/taken-3-review-threequel-a-complete-disaster
the_lion_king_2019,2610394,2019-07-31,Sarah Cartland,False,3/5,fresh,Caution Spoilers,"A visual feast if not an emotional one, it looks almost too realistic; were it not for singing animals wanting to preserve primogeniture, I could easily have forgotten there was any trickery involved.",POSITIVE,https://www.cautionspoilers.com/film-reviews/the-lion-king-2019/
spider_man_far_from_home,2602068,2019-07-03,Sebastian Zavala Kahn,False,4/5,fresh,Me gusta el cine,"It manages to develop a more intimate story, mixing up action and danger with more comedic and even romantic moments. [Full review in Spanish]",POSITIVE,http://megustaelcine.com/critica-spider-man-lejos-de-casa-sorprende-lo-bien-que-lidia-con-los-eventos-de-avengers-endgame/
doctor_strange_in_the_multiverse_of_madness,102689525,2022-05-14,Randall King,False,3.5/5,fresh,Winnipeg Free Press,"It’s fun and allows for nifty variations on a Marvel theme, but it’s also a bit self-defeating.",POSITIVE,https://www.winnipegfreepress.com/arts-and-life/entertainment/movies/the-doctor-is-in-and-in-and-in-576474932.html
joker_2019,2626353,2019-09-16,Diego Batlle,False,4.5/5,fresh,Otroscines.com,A fascinating and portentous story in its size and psychological scope. [Full Review in Spanish],POSITIVE,http://www.otroscines.com/nota-14992-critica-ii-de-guason-joker-de-todd-phillips-con-joaquin
a_star_is_born_2018,2529056,2018-11-06,Sebastian Zavala Kahn,False,4/5,fresh,Me gusta el cine,"It does what every good remake should do: it tells the same story as before, but narrated from a different and fresher perspective. [Full review in Spanish]",POSITIVE,http://www.viveelcine.com/critica-nace-una-estrella/
booksmart,2588848,2019-05-22,Tim Grierson,True,,fresh,Screen International,"Wilde delivers a confident feature directorial debut, mixing humour, embarrassment and poignancy to crowd-pleasing effect.",POSITIVE,https://www.screendaily.com/reviews/booksmart-review/5137695.article
spider_man_homecoming,2403486,2017-07-06,David Kaplan,False,,fresh,Kaplan vs. Kaplan,"Director Jon Watts and a mostly familiar cast have managed to put a fresh face on the franchise, one that's entertaining to boot.",POSITIVE,https://www.kaplanvskaplan.com/new-releases/spider-man-homecoming/
avengers_endgame,2603901,2019-07-10,Stuart McGurk,False,,fresh,GQ Magazine [UK],"With Avengers: Endgame, it some ways they've made the most adult superhero film yet. Because there are consequences. And things matter.",POSITIVE,https://www.gq-magazine.co.uk/article/avengers-endgame-review
promising_young_woman,2757725,2021-01-16,Nick Spacek,False,4/5,fresh,Starburst,"Promising Young Woman, for all its strong messaging and difficult-to-watch scenes, still manages to be at times funny and charming.",POSITIVE,https://www.starburstmagazine.com/reviews/promising-young-woman
solo_a_star_wars_story,2480853,2018-05-25,Adrián Ruiz,False,,fresh,Excelsior,"In short, the story of Solo... turns out to be an entertaining film, but one that does not show the stars in their entirety. [Full review in Spanish]",POSITIVE,http://www.excelsior.com.mx/opinion/la-critica/han-solo-una-historia-de-star-wars/1241048
once_upon_a_time_in_hollywood,2589636,2019-05-23,Giovanni Marchini Camia,False,,rotten,Bloomberg News,"Although there's some enjoyment to be had in watching DiCaprio dress up in silly costumes and pretend he's a second-rate actor, the meta-humor is nowhere near as funny as Tarantino thinks it is.",NEGATIVE,https://www.bloomberg.com/news/articles/2019-05-22/quentin-tarantino-once-upon-a-time-in-hollywood-review-insipid
justice_league_2017,2466723,2018-03-22,Oggs Cruz,False,,rotten,Rappler,Zack Snyder's attempt to create a cinematic universe out of DC Comics' superheroes is severely afflicted with a case of glum seriousness...only able to accomplish one thing: to lay down the basic plot points of a formulaic superhero team movie.,NEGATIVE,https://www.rappler.com/entertainment/movies/188747-justice-league-review-ben-affleck-gal-gadot
dunkirk_2017,2405905,2017-07-21,Graeme Tuckett,False,5/5,fresh,Stuff.co.nz,"Nolan again continues his proud tradition of eschewing computer-generated shots in favour of actual ships, planes and men. The result is a film that will look authentic, bloody, honest and real for as long there are people to watch it.",POSITIVE,https://www.stuff.co.nz/entertainment/film/film-reviews/94888265/dunkirk-christopher-nolan-reinvents-the-war-movie-to-create-a-fivestar-classic
no_time_to_die_2021,2827321,2021-09-29,Fred Topel,False,,fresh,Showbiz Cheat Sheet,Keep in mind the deconstructions only work because 20 previous movies proved reliable standalone entries. At least the defining trait of Craig's era will be that none of his movies are interchangeable.,POSITIVE,https://www.cheatsheet.com/entertainment/no-time-to-die-movie-review-daniel-craig-james-bond.html/
elvis,102716087,2022-08-05,Alejandro Turdo,False,9/10,fresh,Hoy Sale Cine,For both the uninitiated and the hardcore Elvis fans this is a solid biopic that evolves into an analysis about what it actually meant to be a super star in the 20th century&#44; a culture icon&#46; Before Internet&#44; Social Media and influencers&#46;,POSITIVE,https://www.youtube.com/watch?v=6e3t_VUuYec
parasite_2019,2681187,2020-04-04,Laura Bradley,False,,fresh,The Daily Beast,"With each passing day, Bong Joon-ho's class-conscious thriller about a family that lives in a sub-basement-and the blissfully naïve rich family they wind up working for-becomes even more prescient.",POSITIVE,https://www.thedailybeast.com/whats-new-on-netflix-hulu-hbo-amazon-in-april-a-streaming-guide-for-coronavirus-quarantine?ref=wrap
2012,1855821,2009-11-17,Linda Cook,False,3/4,fresh,"Quad City Times (Davenport, IA)","Here's a movie that's dopey, cheesy and sometimes downright silly. But it's a disaster movie. It's supposed to be ridiculous.",POSITIVE,
catch_me_if_you_can,829519,2002-12-30,Nicolas Lacroix,False,4/5,fresh,Showbizz.net,Une intrigue fascinante prsente avec lgret et charme.,POSITIVE,http://quebec.showbizz.net/cinema/critique.asp?Id=1081
a_star_is_born_2018,2510379,2018-09-14,Allan Hunter,False,4/5,fresh,The List,Cooper's feat of filmmaking puts him on a par with great American actors turned auteurs like Clint Eastwood and Warren Beatty.,POSITIVE,https://film.list.co.uk/article/103900-a-star-is-born/
nope,102721791,2022-08-20,Kshitij Rawat,False,,fresh,Wion,&apos;Nope&apos; is an exhilarating experience that should not be missed by sci-fi or horror fans&#46;&#10;&#10;,POSITIVE,https://www.wionews.com/entertainment/hollywood/news-nope-movie-review-jordan-peeles-latest-is-a-terrifying-spectacular-masterpiece-508626
joker_2019,2624352,2019-09-10,Keith Uhlich,True,1.5/4,rotten,Slant Magazine,The film is one that might have been dreamed up by one of the cynical bros from the Hangover during a blacked-out stupor.,NEGATIVE,https://www.slantmagazine.com/film/review-joker-is-a-punishingly-self-serious-mishmash-of-borrowed-parts/
black_widow_2021,2822500,2021-09-13,David Walsh,False,,rotten,World Socialist Web Site,Black Widow is not as tedious and self-serious an entry as some of them. But that is setting the bar low.,NEGATIVE,https://www.wsws.org/en/articles/2021/07/31/wido-j31.html
the_irishman,102722318,2022-08-22,Keith Garlington,False,4.5/5,fresh,Keith & the Movies,You could say &#8220;The Irishman&#8221; is above all things a tragedy&#46; Underneath its veneer of wise guy tradition and violence lies the story of a man facing the music for his embrace of mob life and neglect of his family&#46;,POSITIVE,https://keithandthemovies.com/2019/12/10/review-the-irishman-2019/
the_front_runner_2018,2506742,2018-09-07,Chris Nashawaty,True,C+,rotten,Entertainment Weekly,"The strong and sprawling supporting cast gives the movie its snap, crackle, and pop, and its sharpest observations. But too often even that snap, crackle, and pop feels like it's been sitting in a bowl of milk too long.",NEGATIVE,https://ew.com/movies/2018/09/02/front-runner-telluride-review-hugh-jackman/
captain_marvel,2563983,2019-03-05,Scott Mendelson,False,6/10,fresh,Forbes,"Like THOR and IRON MAN, this oddly Phase One-ish MCU movie is entirely dependant on its charismatic cast.",POSITIVE,https://www.forbes.com/sites/scottmendelson/2019/03/05/captain-marvel-review-brie-larson-saves-her-own-movie-from-mediocrity/#3a2fafb2517c
star_wars_the_rise_of_skywalker,2657908,2020-01-06,Jesse Hassenger,False,,fresh,Polygon,"It's by turns delightful, muddled, cathartic, and frustrating, sometimes within the same scene. And what could be more post-1977 Star Wars than that?",POSITIVE,https://www.polygon.com/star-wars/2020/1/6/21051843/star-wars-rise-of-skywalker-trilogy-end-return-of-the-jedi-revenge-of-the-sith
mission_impossible_fallout,2490393,2018-07-12,Courtney Howard,False,A,fresh,Fresh Fiction,"McQuarrie makes sure to dazzle us, cloaking the expected in the unexpected, thus birthing a welcomed evolution.",POSITIVE,http://freshfiction.tv/movie-review-mission-impossible-fallout-achieves-the-impossible/
2012,1854663,2009-11-11,Jake Coyle,True,,rotten,Associated Press,"For too much of the 2 1/2-hour 2012, the end is not near.",NEGATIVE,http://www.wtop.com/?nid=114&sid=1809125
the_lion_king_2019,2604140,2019-07-11,Matt Rodriguez,False,C+,fresh,Shakefire,"The Lion King is a stunning film to look at as individual scenes can be absolutely breathtaking, but it struggles to capture the emotional range of its story.",POSITIVE,http://shakefire.com/review/the-lion-king
star_wars_the_last_jedi,2443652,2017-12-16,Craig Takeuchi,False,,fresh,Georgia Straight,What serves filmmaker Johnson well is his willingness to take more risks within classic elements than Abrams may have been able to. The real measure of the success of a film in a franchise of this stature is whether or not it ignites the imagination.,POSITIVE,https://www.straight.com/movies/1008526/last-jedi-breathes-new-life-classic-star-wars-elements
taken_3,2241670,2015-01-09,Mick LaSalle,True,2/4,rotten,San Francisco Chronicle,"If you love the other ""Taken"" movies, you will like this. But if you're determined to love it, you'll have to talk yourself into it - and even then, it might not work.",NEGATIVE,http://www.sfgate.com/movies/article/Taken-3-a-likable-not-lovable-Neeson-6003765.php
taken_3,2241827,2015-01-10,David Hiltbrand,True,1/4,rotten,Philadelphia Inquirer,Nothing gets taken here except your ticket money.,NEGATIVE,
the_post,2457640,2018-02-16,Jordi Costa,False,4/5,fresh,Fotogramas,"...a film as verbose as dynamic, where the camera accompanies the frenzy of the fight against time. [Full Review in Spanish]",POSITIVE,http://www.fotogramas.es/Peliculas/Los-archivos-del-Pentagono#critFG
parasite_2019,2749176,2020-12-07,Mike Massie,False,7/10,fresh,Gone With The Twins,"Not content with a basic premise of crime and punishment, director Bong Joon Ho goes a step further, eventually corkscrewing off on a tangent that drags out the running time.",POSITIVE,http://gonewiththetwins.com/new/parasite-2019/
28_days_later,1177396,2003-07-21,Dennis Schwartz,False,C,rotten,Dennis Schwartz Movie Reviews,Its power lies in how topical is its message.,NEGATIVE,https://dennisschwartzreviews.com/28dayslater/
wonder_woman_1984,2752537,2020-12-19,Casey Chong,False,2.5/5,rotten,Casey's Movie Mania,"Although there are few worthwhile scenes, the sequel is pretty much a missed opportunity.",NEGATIVE,https://www.caseymoviemania.com/2020/12/wonder-woman-1984-2020-review/
dune_2021,2834023,2021-10-22,Damond Fudge,False,,fresh,"KCCI (Des Moines, IA)","An epic novel deserves an epic film, and Dune is that film.",POSITIVE,https://www.kcci.com/article/movie-review-dune/38040412
doctor_strange_in_the_multiverse_of_madness,102687079,2022-05-05,Adam Graham,True,C,rotten,Detroit News,"Too often, ""Doctor Strange"" is muddled, sluggish and ordinary.",NEGATIVE,https://www.detroitnews.com/story/entertainment/movies/2022/05/05/dr-strange-multiverse-madness-review-strange-currencies/9620408002/
deadpool_2,2480822,2018-05-25,Alberto Corona,False,3.5/5,fresh,Sensacine,"Because the sequel to the Merc with the Mouth is once again a great comedy, and that is the only thing that should matter to us. [Full review in Spanish]",POSITIVE,http://www.sensacine.com/peliculas/pelicula-245006/sensacine/
spider_man_into_the_spider_verse,2543145,2018-12-21,John Campea,False,9/10,fresh,The John Campea Show,"A magnificent introduction to Miles Morales who most fans don't know, all while honoring and highlighting Peter Parker who we all know.",POSITIVE,https://www.youtube.com/watch?v=ZUD6j0stPHI
no_time_to_die_2021,2830262,2021-10-08,Paul McGuire Grimes,False,3.5/5,fresh,"KSTP-TV (St. Paul, MN)",Daniel Craig's best performance to date as James Bond.,POSITIVE,https://www.twincitieslive.com/fun/35852/10-8-movie-trip/
catch_me_if_you_can,828611,2002-12-27,David Edelstein,True,,fresh,Slate,"After a series of dud roles, DiCaprio is back in star form.",POSITIVE,http://www.slate.com/id/2076014/
the_irishman,2655291,2019-12-20,Blake Howard,False,,fresh,Dark Horizons,"I feel like Scorsese's saying, ""I am never going back."" There's one appropriate response, a devastating, absolute, ""yeah"".",POSITIVE,https://www.darkhorizons.com/review-the-irishman/
nomadland,2788762,2021-05-07,Tom Shone,False,5/5,fresh,Sunday Times (UK),"Zhao digs up something fierce, a little sad, spurred on by a lovely sense of longing and belonging that could be the perfect palate-cleanser after the year we've all just had. Frankly, the open road never looked better.",POSITIVE,http://www.thesundaytimes.co.uk/sto/public/sitesearch.do?querystring=camilla+long&sectionId=2&p=sto&bl=on&pf=all
doctor_strange_in_the_multiverse_of_madness,102689827,2022-05-16,Sarah Knight Adamson,False,2.5/4,rotten,Sarah's Backstage Pass,The horror tone is too over-the-top for a Marvel film to be enjoyable and pushes the PG-13 boundaries&#46;,NEGATIVE,https://sarahsbackstagepass.com/doctor-strange-in-the-multiverse-of-madness-pg-13-%e2%98%85%e2%98%85%c2%bd/
parasite_2019,2800898,2021-06-25,Nicolás Delgadillo,False,5 /5,fresh,Discussing Film,"It is such a clash of different genres and moods that it may as well be considered genreless, and yet it all somehow comes together in such a masterful way that you cannot help but leave the theater in a state of awe.",POSITIVE,https://discussingfilm.net/2019/10/29/parasite-review-yes-its-really-that-good/
deadpool_2,2531177,2018-11-10,Sarah Cartland,False,4/5,fresh,Caution Spoilers,"As the body count rises the Fourth Wall is reduced to mere rubble, which means in future all movies will simply be our favourite stars talking directly to us through the screen, or maybe next to us on our sofas. Funny, clever and good-hearted.",POSITIVE,https://www.cautionspoilers.com/film-reviews/deadpool-2/
avengers_infinity_war,2563176,2019-03-02,Ruth Maramis,False,3.5/5,fresh,FlixChatter Film Blog,"It's a mostly-thrilling roller coaster ride for Marvel fans, though I wouldn't say it's my favorite in the MCU canon. Some parts are overlong and some went by way too fast.",POSITIVE,https://flixchatter.net/2018/04/28/flixchatter-review-avengers-infinity-war-2018/
little_women_2019,2656124,2019-12-24,Sinead Brennan,False,3.5/5,fresh,RTÉ (Ireland),A worthy adaptation and an ideal film for this time of year.,POSITIVE,https://www.rte.ie/entertainment/movie-reviews/2019/1218/1101935-little-women-a-modern-and-refreshing-adaptation/
ant_man_and_the_wasp_quantumania,102779875,2023-02-15,Doug Jamieson,False,2.5/5,rotten,The Jam Report,While there&apos;s a kooky&#44; psychedelic feel that echoes Star Wars and&#160;Guardians of the Galaxy&#44; it falls under the weight of its own ambition and loses sight of what made its two predecessors so breezily enjoyable&#46;,NEGATIVE,http://thejamreport.com/2023/02/15/review-ant-man-and-the-wasp-quantumania-loses-sight-of-what-made-its-two-predecessors-so-breezily-enjoyable/
a_star_is_born_2018,2517288,2018-10-10,Sarah Gopaul,False,,fresh,Digital Journal,[It's] a crowd-pleaser and many may not even notice the film cheats them of a more fulfilling ending since it already runs 135 minutes and the soundtrack is a rewarding distraction.,POSITIVE,http://www.digitaljournal.com/entertainment/entertainment/review-a-star-is-born-plays-an-unanticipated-melody/article/533707
black_panther_2018,2498993,2018-08-20,Jazz Tangcay,False,,fresh,Awards Daily,"Black Panther is on such a superb level of visual excellence, you may find yourself salivating.",POSITIVE,https://www.awardsdaily.com/2018/02/17/review-ryans-coogers-black-panthers-marvelous-roar/
the_lighthouse_2019,2587946,2019-05-19,David Rooney,True,,fresh,Hollywood Reporter,Eggers confirms his instant reputation as a master of the New England Gothic with this claustrophobic second feature.,POSITIVE,https://www.hollywoodreporter.com/review/lighthouse-cannes-2019-1212078
2012,1854554,2009-11-10,Simon Abrams,True,0/4,rotten,Slant Magazine,"Roland Emmerich provides the next entry in the ""Apocalyptically Disastrous"" subgenre of mega-blockbuster cinema, following up Transformers: Revenge of the Fallen with an equally soulless depiction of life at the end of the world.",NEGATIVE,http://www.slantmagazine.com/film/review/two-thousand-and-twelve
jojo_rabbit,2660147,2020-01-14,Nando Salvá,False,4/5,fresh,Cinemanía (Spain),The film achieves a difficult balance. [Full review in Spanish],POSITIVE,https://cinemania.20minutos.es/criticas/jojo-rabbit/
jurassic_world_fallen_kingdom,2524384,2018-10-30,Eliza C. Thompson,False,,rotten,Cosmopolitan,What's most disheartening about all this is the knowledge that there's going to be at least one more installment in the series...,NEGATIVE,https://www.cosmopolitan.com/entertainment/movies/a21640689/jurassic-world-fallen-kingdom-review/
spider_man_homecoming,2440745,2017-12-05,Robert Kojder,False,4/5,fresh,Flickering Myth,"This isn't just a homecoming for high school, it's a homecoming for great Spider-Man movies. Spider-Man: Homecoming is another hit for the carefully crafted MCU, which is a force of nature in itself and showing no signs of fading away",POSITIVE,https://www.flickeringmyth.com/2017/07/second-opinion-spider-man-homecoming-2017/
blackkklansman,2477665,2018-05-15,Peter Debruge,True,,fresh,Variety,As much a compelling black empowerment story as it is an electrifying commentary on the problems of African-American representation across more than a century of cinema.,POSITIVE,http://variety.com/2018/film/reviews/spike-lee-blackkklansman-review-black-klansman-1202809643/
blackkklansman,2496314,2018-08-09,Jason McKiernan,False,4/5,fresh,Film Racket,"a cathartic nod to the past, a frightening jolt to the present, and a galvanizing rallying cry for the future",POSITIVE,https://filmracket.com/blackkklansman/movie-review
mission_impossible_fallout,2502020,2018-08-24,Rendy Jones,False,4/5,fresh,Rendy Reviews,"Relentlessly actioned-packed with stylistic set pieces and a surprisingly dimensional story that adds to the intensity, this is a fun summer flick you don't wanna miss.",POSITIVE,http://www.rendyreviews.com/movies//mission-impossible-fallout-review
first_man,2513607,2018-09-27,Johnny Oleksinski,True,3/4,fresh,New York Post,An intimate portrait of a reluctant hero.,POSITIVE,https://nypost.com/2018/09/27/first-man-is-good-not-great-depiction-of-famed-mission/
justice_league_2017,2437056,2017-11-19,Simran Hans,True,1/5,rotten,Observer (UK),"Ribbing wisecracks, courtesy of co-writer Joss Whedon, jar with director Zack Snyder's oppressive, dour approach to the source material.",NEGATIVE,https://www.theguardian.com/film/2017/nov/19/justice-league-review-wacky-dour-wooden-gal-gadot-ben-affleck
joker_2019,2633665,2019-10-08,Abbie Bernstein,False,B+,fresh,Assignment X,Joker is effective art in the service of a worldview that endorses a double standard.,POSITIVE,https://www.assignmentx.com/2019/movie-review-joker/
birds_of_prey_2020,2666866,2020-02-05,JimmyO,False,7/10,fresh,JoBlo's Movie Network,"It's certainly not perfect, but with a ton of bright spots - including an ode to Marilyn Monroe - BIRDS OF PREY manages to take flight near the end of the first act making for an engagingly giddy ride.",POSITIVE,https://www.joblo.com/movie-news/review-birds-of-prey
top_gun_maverick,102694143,2022-05-27,Linda Cook,False,3/4,fresh,OurQuadCities / WHBF-TV (Illinois),It&apos;s not even the weekend yet&#44; and &quot;Top Gun&#58; Maverick&quot; is already taking off&#46;,POSITIVE,https://www.ourquadcities.com/movies-2/linda-cook-review-top-gun-maverick-soars-with-fun/
the_favourite_2018,2537902,2018-12-06,Liam Lacey,False,A,fresh,Original Cin,"Shamelessly entertaining historical comedy. Humour entwines with tragedy here, with bold touches of absurdism and iconoclastic revisionism.",POSITIVE,https://www.original-cin.ca/posts/2018/12/6/the-favourite-brilliant-and-hilarious-blend-of-restoration-comedy-and-arch-political-satire
rogue_one_a_star_wars_story,2367026,2016-12-13,Peter Canavese,False,3.5/4,fresh,Groucho Reviews,Will give die-hard Star Wars fans multiple orgasms...runneth over with Star Wars spectacle.,POSITIVE,http://grouchoreviews.com/reviews/5009
marriage_story_2019,2643633,2019-11-08,David Poland,False,,fresh,Movie City News,"After seeing Marriage Story twice & pushing away some of its problems, I still feel like there is a giant hole in the middle of this work. Why is this couple getting divorced?",POSITIVE,http://moviecitynews.com/2019/11/review-marriage-story-spoilers-only-in-the-broadest-sense/
the_lion_king_2019,2604164,2019-07-11,Terence Johnson,False,,rotten,Le Noir Auteur,"This new version of The Lion King is a nearly shot for shot remake... That sense of normalcy and nostalgia is a comforting blanket to be wrapped around, but I found myself longing to be free of it, because it so rarely hit the heights of the [original].",NEGATIVE,http://lenoirauteur.net/2019/07/11/film-review-the-lion-king/
captain_america_civil_war,2324906,2016-05-04,Cuauhtémoc Ruelas,False,,fresh,Tijuaneo,"Even if it's a great movie for the genre, the movie is far from perfect. [Full review in Spanish]",POSITIVE,http://tijuaneo.com/septimo-sueno/capitan-america-guerra-civil/
star_wars_episode_vii_the_force_awakens,2299738,2015-12-16,Rene Rodriguez,True,2.5/4,fresh,Miami Herald,"For the first hour or so of The Force Awakens, director J. J. Abrams gives you everything you hoped for, and even exceeds your expectations.",POSITIVE,
a_star_is_born_2018,2519170,2018-10-16,Soumya Srivastava,False,3.5/5,fresh,Hindustan Times,Bradley Cooper delivers a stunning and heartbreaking rendition of the Hollywood musical.,POSITIVE,https://www.hindustantimes.com/hollywood/a-star-is-born-movie-review-lady-gaga-bradley-cooper-are-caught-in-a-bad-romance-it-s-glorious/story-WxY3KPTfEgDn3FlbZcDjBM.html
roma_2018,2617266,2019-08-19,Brett McCracken,False,,fresh,The Gospel Coalition,"[Roma] pays attention to the overlooked, the lowly, the humble -- the things a utilitarian, power-obsessed world disregards or merely uses.",POSITIVE,https://www.thegospelcoalition.org/article/favourite-roma-contrasting-visions-power/
rogue_one_a_star_wars_story,2367086,2016-12-13,Victoria Alexander,False,,rotten,FilmsInReview.com,"It's constant blowing stuff up. Jyn Erso is STAR WARS ""Joan of Arc"" without a zealot's fervor or dynamic leadership presence. She is the only female fighter and all the nomad soldiers blindly follow her. What happened to Mendelsohn's face?",NEGATIVE,http://69.195.124.61/~filmsinr/2016/12/13/rogue-one-a-star-wars-story/
bohemian_rhapsody,2552276,2019-01-29,Aaron Leggo,False,2/5,rotten,Sloths and Movies,A patronizing response to every question about Queen music that can be answered by either playing a Queen song or showing a clip of a band member discussing a Queen song.,NEGATIVE,http://slothsandmovies.com/bohemian-rhapsody-movie-review.html
no_time_to_die_2021,2827144,2021-09-28,Clarisse Loughrey,True,3/5,fresh,Independent (UK),It's a good film that's been forced to rattle around in the Bond universe like a loose cog.,POSITIVE,https://www.independent.co.uk/arts-entertainment/films/reviews/no-time-to-die-review-bond-b1928442.html
taken_3,2258508,2015-04-24,Paul Chambers,False,C-,rotten,Movie Chambers,"""Taken 3&#8243; is easily the weakest of the three films. Oh, sure, Neeson kicks some backside. But, this time the plotting is feeble and the action scenes are just barely acceptable.",NEGATIVE,http://www.moviechambers.com/2015/04/24/hollywoodhome-taken-3/
a_star_is_born_2018,2514720,2018-10-03,Joanna Langfield,False,,fresh,The Movie Minute,"Bradley Cooper has a lot to say in this effective, beautifully made movie.",POSITIVE,https://themovieminute.com/a-star-is-born/
doctor_strange_in_the_multiverse_of_madness,102686340,2022-05-03,Rosie Knight,False,4/5,fresh,Nerdist,"If you’ve dreamed of diving into a live-action issue of EC Comics or Doctor Strange, then get ready for a new fave. ",POSITIVE,https://nerdist.com/article/doctor-strange-in-the-multiverse-of-madness-review-sam-raimi/
ant_man_and_the_wasp,2507819,2018-09-07,Oliver Jones,True,3/4,fresh,Observer,"If the previous film was a bubbly champagne cocktail of a superhero movie, its sequel is something flatter and more concussive-akin to a series of vodka shots. Bottom line though, as long Paul Rudd is invited, it's still a party.",POSITIVE,https://observer.com/2018/06/movie-review-paul-rudd-physical-comedy-saves-ant-man-and-the-wasp/
black_panther_2018,2458074,2018-02-15,Jim Judy,False,,fresh,Screen It!,"Will play well across the board and thankfully features more depth than your typical superhero movie fare. (Full Content Review for Parents - Violence, Profanity, etc. - also Available)",POSITIVE,http://www.screenit.com/ourtake/2018/black_panther.html
nope,102721081,2022-08-19,Filipe Freitas,False,2.5/5,rotten,Always Good Movies,Peele expects us to react to disturbing energetic fields and intermittent power outages that never cause uneasiness&#46; More audacity was expected from him&#46; Do I recommend it&#63; The answer is in the title&#46;,NEGATIVE,https://alwaysgoodmovies.com/reviews/nope-2022
first_man,2511533,2018-09-19,Tomas Trussow,False,,rotten,Film Inquiry,"Maybe twenty years ago, in the age of Titanic and Apollo 13, it would've been seen as groundbreaking. Nowadays, it's all a bit too stuffy and proper.",NEGATIVE,https://www.filminquiry.com/toronto-international-film-festival-2018-report-6/
2012,1859006,2009-12-06,Rubin Safaya,False,,fresh,Cinemalogue,"I'm curious, just a bit, about what goes on in the mind of Roland Emmerich. Does he know that he makes some of the best comedies ever written?",POSITIVE,http://www.cinemalogue.com/2009/11/13/2012/
a_star_is_born_2018,2517758,2018-10-11,Matt Pais,False,C+,rotten,MattPais.com,"You can't be a one-named artist if your name is not something like Beyonce, Rihanna, Prince or Adele. You just can't.",NEGATIVE,https://www.mattpais.com/movie-reviews/2018/10/8/a-star-is-born-review
a_star_is_born_2018,2515123,2018-10-04,Sean Burns,False,,fresh,WBUR’s Arts & Culture,This is the kind of movie everybody says they don't make anymore.,POSITIVE,http://www.wbur.org/artery/2018/10/04/a-star-is-born-movie-review-bradley-cooper-lady-gaga
toy_story_4,2598149,2019-06-18,Laura DeMarco,False,B+,fresh,Cleveland Plain Dealer,"Toy Story 4 is not as great as the original two, or as moving as the third installment, but it's a sweet summer movie that honors the innocent, creative spirit of childhood.",POSITIVE,https://www.cleveland.com/entertainment/2019/06/toy-story-4-buzz-woody-and-new-friend-forky-hit-the-road-for-a-whimsical-adventure-review.html
star_wars_episode_vii_the_force_awakens,2530654,2018-11-09,Frank Ochieng,False,3/4,fresh,SF Crowsnest,J.J. Abrams is the right choice to helm this sacred film franchise and present a whole new litany of continuing adventurous narratives for a new generation of 'Star Wars' personalities dipping their tenacious toes into the force of goodness,POSITIVE,https://www.sfcrowsnest.info/star-wars-the-force-awakens-film-review-by-frank-ochieng/
blackkklansman,2506727,2018-09-05,Lauren Warren,False,8/10,fresh,Nerds of Prey,"Washington's portrayal of Ron Stallworth is humorous and understated, but powerful.",POSITIVE,http://nerdsofpreypodcast.com/nerds-of-prey-review-blackkklansman-spoilers/
rogue_one_a_star_wars_story,2603421,2019-07-09,Kirsten Acuna,False,A,fresh,Insider,"'Rogue One' kicks it into hyperdrive a little over halfway through and it never really slows down after that. In fact, it continuously manages to get better as the movie progresses.",POSITIVE,https://www.insider.com/rogue-one-a-star-wars-story-is-it-good-2016-12
it_2017,2557616,2019-02-11,Allen Adams,False,5/5,fresh,The Maine Edge,"This IT, is an exceptional page-to-screen translation, a visceral and gut-wrenching horror story filled with unrelenting tension and delicious frights.",POSITIVE,https://www.themaineedge.com/buzz/movies/pennywise-pound-terrifying-%E2%80%93-it
rogue_one_a_star_wars_story,2367023,2016-12-13,Rafer Guzman,True,3/4,fresh,Newsday,"This ""Star Wars"" spinoff doesn't spin very far off from the franchise, but it's a serviceable stopgap between chapters.",POSITIVE,http://www.newsday.com/entertainment/movies/rogue-one-a-star-wars-story-review-it-s-a-familiar-feeling-blockbuster-1.12748982
thor_ragnarok_2017,2434445,2017-11-10,Joel Mayward,False,,fresh,Christianity Today,"Ragnarok is a colorful, campy sendup of the superhero genre, even as its storyline and thematic elements are decidedly morbid.",POSITIVE,http://www.christianitytoday.com/ct/2017/november-web-only/thor-ragnarok-invites-us-to-bright-boisterous-duel-with-dea.html
nope,102739761,2022-10-06,Gisela Savdie,False,B+,fresh,El Heraldo,Instead of trying to elucidate the plot&#44; it is better to let ourselves be abstracted by the images with their allegories and symbolism alluding Hollywood&#44; and racial and social differences&#46; &#91;Full review in Spanish&#93;,POSITIVE,https://www.elheraldo.co/columnas-de-opinion/gisela-savdie/nope-la-esperada-pelicula-de-jordan-peele-columna-de-gisela-savdie
mission_impossible_fallout,2493274,2018-07-26,Dom Sinacola,False,8.5/10,fresh,Paste Magazine,It's all so godd---ed beautiful. I love these movies.,POSITIVE,https://www.pastemagazine.com/articles/2018/07/mission-impossible---fallout.html
nomadland,2748482,2020-12-04,Thelma Adams,True,4/5,fresh,AARP Movies for Grownups,"Frances McDormand inhabits Fern... It's an earnest, grounded, immersive performance in a quiet movie that portrays ""flyover country"" as a landscape where independent spirits can still strike out on their own.",POSITIVE,https://www.aarp.org/entertainment/movies-for-grownups/info-2019/weekend-review.html
black_widow_2021,2802641,2021-07-01,Lewis Knight,False,4/5,fresh,Daily Mirror (UK),Black Widow sees Scarlett Johansson's Natasha Romanoff get her much-needed swan song in this thrilling but imperfect Marvel outing that also boasts a wonderful arrival to the MCU with Florence Pugh.,POSITIVE,https://www.mirror.co.uk/film/black-widow-review-scarlett-johansson-24441549
everything_everywhere_all_at_once,102667810,2022-03-14,Ashley Menzel,False,,fresh,We Live Entertainment,"Together, this cast was electric and gave us something that will stick with us for years to come.  ",POSITIVE,https://weliveentertainment.com/welivefilm/sxsw-2022-review-everything-everywhere/
moonlight_2016,2473918,2018-04-26,A.S. Hamrah,False,,fresh,n+1,"A film about a shy person set in a milieu usually defined by ego and confrontation, Moonlight exposes violent male competition as sublimated, psychologically wounding, and pointless but survivable.",POSITIVE,https://nplusonemag.com/issue-27/reviews/all-that-counts-is-getting-to-a-normal-world/
jurassic_world_fallen_kingdom,2486707,2018-06-25,William Venegas,False,2/5,rotten,La Nación (Costa Rica),Jurassic World: The Fallen Kingdom is a weak film despite being a strong movie in [a] silly ruckus and with a stronger jumble of incoherent images. [Full review in Spanish],NEGATIVE,https://www.nacion.com/viva/cine/critica-de-cine-de-jurassic-world-el-reino-caido/2Y2GVFJHCVCOTB5NCTMUE3CTNQ/story/
eternals,2836466,2021-11-02,Mario Alegre,False,2/5,rotten,Próxima Tanda,"Marvel's latest is a litany of cosmic, philosophical and expositional verbiage, clumsily expressed by a talented but uneven cast through their cryptic characters, that try to pass it off as thematic and emotional depth. [Full Review in Spanish]",NEGATIVE,https://proximatanda.com/cine/critica-resena-eternals-marvel-mcu/
the_batman,102662867,2022-03-01,Emmanuel Noisette,False,,fresh,The Movie Blog,"The Batman is a thrilling, cerebral drama that gives us one of the most realistic portrayals of the caped crusader to date.",POSITIVE,https://www.themovieblog.com/2022/02/the-batman-review/
a_star_is_born_2018,2516059,2018-10-06,Al Alexander,False,B-,fresh,The Patriot Ledger,"Cooper obviously overlooks a potential jackpot in a co-star eager to prove she's not just another poker face. Despite those restraints, she's ultimately his savior, displaying enough moxie and heart to engage, even when the movie fails to match the hype .",POSITIVE,http://www.patriotledger.com/entertainmentlife/20181004/movie-review-lady-gaga-lights-up-screen-in-a-star-is-born
wonder_woman_2017,2809353,2021-07-28,Nathan Mattise,False,,fresh,Ars Technica,"It showed a female-led comic book conquest was worth doing, especially when it leveraged well-executed period-piece elements with delightful sidekick chemistry...it proved everything didn't have to be dark and brooding in order to reach an audience.",POSITIVE,https://arstechnica.com/gaming/2019/12/superhero-films-soared-this-decade-but-the-2010s-offered-much-more/
glass_2019,2693101,2020-05-29,Dan Tabor,False,,fresh,Phawker,"While the realistic superhero film is beyond ubiquitous these days, Glass provokes as it proves there are still new ways to tell these stories and, more importantly, that they are still worth telling.",POSITIVE,http://www.phawker.com/2019/01/18/cinema-shattered/
avengers_endgame,2580797,2019-04-26,Matthew Rozsa,True,3/4,fresh,Salon.com,"There are horror movies and political dramas with premises less nightmarish than the one in ""Avengers: Endgame... This is an interesting approach for a superhero film to take.",POSITIVE,https://www.salon.com/2019/04/26/avengers-endgame-sloppy-plot-holes-distract-from-an-otherwise-cathartic-epic/
black_panther_2018,2457775,2018-02-14,Sara Stewart,True,3.5/4,fresh,New York Post,"Like all the best comics movies, this one's got a villain (Michael B. Jordan) so compelling he nearly steals the show from the hero (Chadwick Boseman).",POSITIVE,https://nypost.com/2018/02/13/black-panther-is-so-much-more-than-another-superhero-movie/
avengers_endgame,2579851,2019-04-23,John Tones,False,4/5,fresh,Espinof,An undeniable triumph for Marvel and an essential appointment for fans of the genre. [Full Review in Spanish],POSITIVE,https://www.espinof.com/criticas/vengadores-endgame-critica-spoilers-excelente-colofon-para-mcu-puntualmente-innovador-sobrado-epica
la_la_land,2660347,2020-01-15,Chris McCoy,False,,fresh,Memphis Flyer,"It's the careful balance between the emotional realism of the acting and the sheer technical audacity of the musical numbers that elevates the movie into the realm of greatness even before Chazelle rips out your heart with the extended, bittersweet coda.",POSITIVE,https://www.memphisflyer.com/memphis/la-la-land/Content?oid=5115391
rogue_one_a_star_wars_story,2367092,2016-12-13,Dan Schindel,False,C+,rotten,The Film Stage,"When the universe ""expands"" in this way, it actually makes it seem so much smaller.",NEGATIVE,http://thefilmstage.com/reviews/review-rogue-one-a-star-wars-story-is-burdened-by-franchise-expectations/
guardians_of_the_galaxy_vol_2,2634387,2019-10-10,Nicholas Bell,False,3/5,fresh,IONCINEMA.com,"Those seeking big budget, escapist entertainment should easily be won over by Gunn's sequel, which is insistently witty, even if its storyline doesn't hold up past the credits.",POSITIVE,https://www.ioncinema.com/reviews/guardians-of-the-galaxy-vol-2-james-gunn-review
dunkirk_2017,2406029,2017-07-21,Norman Wilner,False,5/5,fresh,NOW Toronto,"Christopher Nolan's Dunkirk is a stunning technical accomplishment -- like all of writer/producer/director Nolan's films, I suppose -- and also the leanest, sharpest thing he's made since Memento.",POSITIVE,https://nowtoronto.com/movies/reviews/dunkirk-christopher-nolan-stunning-cinematic/
once_upon_a_time_in_hollywood,2610448,2019-07-31,Chris Barsanti,False,7/10,fresh,PopMatters,Tarantino's surprisingly warm fantasy mash-up of California dreamin' and arthouse B-movie revenge fantasy is dreamy but sacrifices coherence for the indulgence of changing history.,POSITIVE,https://www.popmatters.com/tarantino-once-upon-time-hollywood-2639375995.html?rebelltitem=3#rebelltitem3
knives_out,2666408,2020-02-04,Matthew Pejkovic,False,4/5,fresh,Matt's Movie Reviews,"An entertaining whodunnit, with a sharp script, great performances, and biting political commentary.",POSITIVE,http://mattsmoviereviews.net/movie-critic-reviews/knives-out.html
avengers_endgame,2579834,2019-04-23,Barry Hertz,True,2/4,rotten,Globe and Mail,[T]he entire endeavour loses any sense of emotional stakes or general meaning beyond the deliverance of crass fan-service and incomprehensible visuals.,NEGATIVE,https://www.theglobeandmail.com/arts/film/reviews/article-the-hulking-unstoppable-avengers-endgame-is-genius-but-of-an-evil/
dunkirk_2017,2405860,2017-07-20,Jeffrey M. Anderson,False,3/5,fresh,Common Sense Media,"Christopher Nolan's first non-fantasy movie is bold, visceral, and powerful, with many moving sequences -- though some of his filmmaking choices can be challenging.",POSITIVE,https://www.commonsensemedia.org/movie-reviews/dunkirk
black_panther_wakanda_forever,102751732,2022-11-11,Anne Brodie,False,3/4,fresh,What She Said,High tension for almost three hours without subtlety or relief&#59; director Ryan Coogler laid it on thick but did give us a satisfying tribute to the late&#44; great Black Panther and hope for the future&#46;&#10;,POSITIVE,https://www.whatshesaidtalk.com/wakandan-and-british-royals-emily-blunts-trip-west-indigenous-gems-and-never-a-better-time-to-mind-your-manners/
star_wars_the_rise_of_skywalker,2654567,2019-12-18,Brandon Zachary,False,,fresh,CBR,"The film doesn't only resolve plot threads left dangling in the new trilogy, it's willing to explore some of the biggest thematic elements of the series. It's an ambitious decision that brings with it an appropriate weight.",POSITIVE,https://www.cbr.com/star-wars-the-rise-of-skywalker-review/
the_revenant_2015,2412126,2017-08-21,Christopher Benfey,False,,rotten,The New York Review of Books,"What the human characters are up to-in confusing, ever-on-the-move cohorts of French, Americans, and Indians-doesn't feel like it amounts to much.",NEGATIVE,http://www.nybooks.com/daily/2016/01/07/bearman-inarritu-the-revenant/
doctor_strange_in_the_multiverse_of_madness,102686350,2022-05-03,Kevin Maher,True,2/5,rotten,Times (UK),"In terms of Raimi’s back catalogue, it’s more Spider-Man 3 than The Evil Dead.",NEGATIVE,https://www.thetimes.co.uk/article/doctor-strange-in-the-multiverse-of-madness-review-jrzjtjsxk
once_upon_a_time_in_hollywood,2619649,2019-08-28,Lucero Calderón,False,,fresh,Excelsior,"A well executed work, with extraordinary performances, an impeccable production design and a memorable soundtrack, however, there is something that makes this one of the best feature films from Tarantino. [Full Review in Spanish]",POSITIVE,https://www.excelsior.com.mx/opinion/la-critica/habia-una-vez-en-hollywood/1332972
deadpool_2,2477707,2018-05-15,Stephen Whitty,True,,fresh,New York Daily News,The perfect Avengers antidote.,POSITIVE,http://www.nydailynews.com/entertainment/movies/deadpool-2-review-ryan-reynolds-sarcastic-superhero-back-article-1.3988796
snow_white_and_the_huntsman,2087613,2012-06-01,Ethan Alter,False,,fresh,Television Without Pity,"The movie ultimately gets more right than wrong, finding the proper balance between spectacle and storytelling.",POSITIVE,
avengers_endgame,2579836,2019-04-23,Susana Polo,False,,fresh,Polygon,"Endgame knows what its audience wants, and delivers that without feeling like quote-unquote fan service.",POSITIVE,https://www.polygon.com/2019/4/23/18512885/avengers-endgame-review?utm_campaign=polygon&utm_content=chorus&utm_medium=social&utm_source=twitter
rogue_one_a_star_wars_story,2368714,2016-12-21,James Kendrick,False,3/4,fresh,Q Network Film Desk,"Those with patience will find that its second half is fully rewarding, with its epic battles and grand conflicts between good and evil bearing most of the weight of the astronomical expectations that are now part and parcel of the franchise.",POSITIVE,http://www.qnetwork.com/review/3853
star_wars_the_rise_of_skywalker,2655229,2019-12-20,Kevin Maher,True,2/5,rotten,Times (UK),"Just a shame, then, that [Rey's] story should have so little emotional resonance, and that the Skywalker saga, with its 42 years of cinematic tradition, should end on such a charmless whimper.",NEGATIVE,https://www.thetimes.co.uk/edition/times2/review-star-wars-the-rise-of-skywalker-a-messy-mash-up-xpqdcbjgp
avengers_infinity_war,2556072,2019-02-07,Allen Adams,False,5/5,fresh,The Maine Edge,"Directors Joe and Anthony Russo have already demonstrated their ability to keep a lot of superhero plates spinning, but they take their talent to a whole new level here, somehow finding a moment for every character to shine.",POSITIVE,https://www.themaineedge.com/buzz/movies/avengers-infinity-war-fights-the-good-fight
thor_love_and_thunder,102709035,2022-07-14,Nandini Ramnath,False,,fresh,Scroll.in,It’s more Pirates of the Caribbean than a Marvel spinoff. There are visually splendorous set pieces...,POSITIVE,https://scroll.in/reel/1027463/thor-love-and-thunder-review-flippant-fun-as-marvel-superhero-takes-on-a-god-killer
the_favourite_2018,2534040,2018-11-20,Dana Stevens,True,,fresh,Slate,"Even when the movie's self-love gets to be a bit much, there are stylistic touches to enjoy.",POSITIVE,https://slate.com/culture/2018/11/the-favourite-review-emma-stone-rachel-weisz-movie.html
ant_man_and_the_wasp,2546101,2019-01-05,Jazmine Joyner,False,,fresh,Ms En Scene,"It is a wonderful film with great action and a terrific dive into the Quantum Realm. If the first movie was your cup of tea, then you will love this one.",POSITIVE,http://msenscene.com/2018/07/13/ant-man-and-the-wasp/
star_wars_the_last_jedi,2443100,2017-12-14,Pablo O. Scholz,False,,fresh,Clarín,"With the passage of time, The Last Jedi may rise again as a necessary film, essential between one and another of the saga. [Full review in Spanish]",POSITIVE,https://www.clarin.com/espectaculos/cine/critica-star-wars-ultimos-jedi-pelicula-comoel-jamon-medio_0_HJGAFWJff.html
mad_max_fury_road,2333316,2016-06-14,James Hadfield,False,3.5/5,fresh,Japan Times,"Those in search of a bludgeoning good time will find it in his new scorched-earth action extravaganza, Mad Max: Fury Road -- it's hard to remember the last time a summer tent-pole movie over-delivered in the ways this does.",POSITIVE,http://www.japantimes.co.jp/culture/2015/06/17/films/film-reviews/mad-max-fury-road-good-spectacular-violence-injures/#.V18jxLsrIY0
snow_white_and_the_huntsman,2087660,2012-06-01,Julian Roman,False,3.5/5,fresh,MovieWeb,Director Rupert Sanders is quite skilled in his feature film debut. He succeeds in creating a fantasy world with a striking dichotomy of darkness and light.,POSITIVE,http://www.movieweb.com/movie/snow-white-and-the-huntsman/RE4cxO84mCTa76
parasite_2019,2601409,2019-06-30,Steve Newall,False,5/5,fresh,"Flicks (AU, NZ, UK)","Bong has crafted a modern classic... a gripping, frequently funny and often nerve-wracking film...",POSITIVE,https://www.flicks.co.nz/reviews/palme-dor-winner-parasite-is-a-gripping-frequently-funny-modern-classic/
the_batman,102766823,2023-01-06,Jonathan Garcia,False,5/5,fresh,Dynamic Duel Podcast,Batman&apos;s superpower has always been that he&apos;s the smartest guy in the room&#46; &#46;&#46;&#46; His title as the Dark Knight Detective has never been showcased on film as well as it was in The Batman&#46;,POSITIVE,https://www.dynamicduel.com/the-batman-review/
avengers_infinity_war,2510005,2018-09-13,Funmi Sunmonu,False,,fresh,Add This To Your List,"This movie is phenomenal, and it ends in such a poetically beautiful way.",POSITIVE,https://soundcloud.com/addthistoyourlist/ep-31-who-knew-homegirl-could-be-so-funny
parasite_2019,2643923,2019-11-08,Jeff Simon,False,,fresh,Buffalo News,"Parasite is a great film all right. It is not, I think, to be missed by anyone who seriously cares about movies.",POSITIVE,https://buffalonews.com/2019/11/01/one-of-worlds-greatest-filmmakers-puts-class-conflict-front-and-center/
the_batman,102662418,2022-02-28,Oscar Goff,False,,fresh,Boston Hassle,"The material here isnt exactly Agatha Christie, but its refreshing to see a superhero film in which the characters take time to think the plot through and in which the plot is worth thinking about.",POSITIVE,https://bostonhassle.com/review-the-batman-2022-dir-matt-reeves/
glass_onion_a_knives_out_mystery,102764750,2022-12-28,John Serba,False,,fresh,Decider,"Johnson’s plotting isn’t quite as tight as in the previous outing, but the laughs are just as big and the schadenfreude is too frothy not to let it fizz delightfully on our lips.",POSITIVE,https://decider.com/2022/12/23/glass-onion-knives-out-2-netflix-review/
the_front_runner_2018,2529595,2018-11-08,Armond White,False,,rotten,National Review,"The Front Runner isn't morally penetrating, like Chappaquiddick, nor is it as offensive as Truth, the 60 Minutes scam biopic in 2014, but it still ends up as liberal Hollywood mush.",NEGATIVE,https://www.nationalreview.com/2018/11/front-runner-movie-review/
snow_white_and_the_huntsman,2088333,2012-06-07,Tony Macklin,False,2.5/5,fresh,tonymacklin.net,"At its best, Snow White and the Huntsman is a bold, vivid, imaginative retelling of a beloved fairy tale. It is both stark and gorgeous, bleak and beautiful. In this version, the powerful conflict is between age and youth.",POSITIVE,http://tonymacklin.net/content.php?cID=468
aquaman_2018,2539596,2018-12-11,Brian Truitt,True,2.5/4,fresh,USA Today,"Even with its flaws and struggles with originality, Aquaman is reminiscent of the early Marvel movies in its storytelling, best when taking wild swings instead of being an earnest superhero jam.",POSITIVE,https://www.usatoday.com/story/life/movies/2018/12/11/aquaman-review-jason-momoa-lends-depth-fitfully-goofy-adventure/2264999002/
a_star_is_born_2018,2524395,2018-10-30,PJ Nabarro,False,3/5,fresh,Patrick Nabarro,Excellent acting and direction enables A Star is Born to rise above its somewhat prosaic dramatic structure to fashion surely one of the better Hollywood films of the year.,POSITIVE,https://pnabarro.wordpress.com/2018/10/28/a-star-is-born/
ad_astra,2628246,2019-09-20,Jonathan Romney,True,,fresh,Film Comment Magazine,"...""Ad Astra"" uses science fiction for very intimate, personal purposes-and what's distinctive about this gripping, sometimes preposterous film is the way that Gray sticks his neck out to balance the demands of intimacy and wham-bam spectacle.",POSITIVE,https://www.filmcomment.com/blog/film-of-the-week-ad-astra/
captain_marvel,2565857,2019-03-10,Joel Mayward,False,3.5/5,fresh,Cinemayward,It's marvelous.,POSITIVE,http://cinemayward.com/review/captain-marvel/
shazam,2573740,2019-04-04,Neil Pond,False,3.5/5,fresh,Parade Magazine,"A playful, witty, clever, teen-centric jaunt that soars with a simple, uncluttered story, free of the past and full of both humor and heart.",POSITIVE,https://parade.com/867504/npond/zippy-teen-centric-shazam-zaps-message-that-words-and-family-matter/
2012,2150739,2013-06-29,David Keyes,False,2/4,rotten,Cinemaphile.org,"...seriously, how often do we want to escape into worlds that are hell-bent on ravaging our sense of security with invading aliens and furious natural disasters?",NEGATIVE,http://cinemaphile2010.blogspot.com/2010/03/2012-2009.html
mad_max_fury_road,2261481,2015-05-12,Dana Stevens,True,,fresh,Slate,"Essentially, the story is one extended, spectacular car chase, which changes directions mid-movie to retrace its own footsteps as the stunts grow bigger and more outrageous with each passing mile.",POSITIVE,http://www.slate.com/articles/arts/movies/2015/05/george_miller_s_mad_max_fury_road_reviewed.html
star_wars_the_rise_of_skywalker,2656056,2019-12-23,Chris Knight,False,5/5,fresh,National Post,"No, we never wanted it to end. But if it had to, this is as good a way as any.",POSITIVE,https://nationalpost.com/entertainment/movies/chris-knight-the-rise-of-skywalker-is-as-good-a-way-as-any-to-end-star-wars
black_panther_2018,2455974,2018-02-07,Nigel Andrews,True,4/5,fresh,Financial Times,"Crashingly enjoyable, frequently exciting and even, when it wants, borderline witty.",POSITIVE,https://www.ft.com/content/801a2c90-0c2b-11e8-839d-41ca06376bf2
dune_2021,2826804,2021-09-27,Alvaro Corujo,False,4/5,fresh,nostagefright.net,"Dune is visually fantastic, with an excellent direction by Denis Villeneuve and an immersive soundtrack. One of the best films of the year. A must see in theaters, a wonderful experience. We want more. [Full review in Spanish]",POSITIVE,https://www.nostagefright.net
1193230-state_of_play,1813553,2009-04-17,Pete Hammond,False,4/5,fresh,Hollywood.com,"Explosive political thriller with a top-notch cast keeps you in its grip all the way. Russell Crowe's best performance since ""A Beautiful Mind"".",POSITIVE,http://www.hollywood.com/review/State_Of_Play/5623290
thor_love_and_thunder,102706670,2022-07-06,Korey Coleman,False,,fresh,Double Toasted,If you like romantic comedies then you&apos;re going to love Thor&#58; Love and Thunder&#46; That being said&#44; Marvel&apos;s Phase Four feels aimless&#46;,POSITIVE,https://www.youtube.com/watch?v=DzVlqKma5dM
parasite_2019,2589177,2019-05-22,Richard Lawson,True,,fresh,Vanity Fair,A wonder of an allegory.,POSITIVE,https://www.vanityfair.com/hollywood/2019/05/parasite-portrait-of-a-lady-on-fire-cannes-movie-reviews
once_upon_a_time_in_hollywood,2589145,2019-05-22,Luis Martínez ,False,,fresh,El Mundo (Spain),"The result is a happy movie; a film built from cinematic emotion, from the tension of the narrative. [Full Review in Spanish]",POSITIVE,https://www.elmundo.es/cultura/cine/2019/05/21/5ce44be521efa0e22a8b4693.html
knives_out,102722610,2022-08-22,Keith Garlington,False,4/5,fresh,Keith & the Movies,Not only is Johnson enjoying himself&#44; but the entire cast is clearly having a blast&#46; And how could they not&#63; Johnson creates for them a narrative playground full of whip-smart dialogue&#44; genre nostalgia&#44; and with a biting sense of humor&#46;,POSITIVE,https://keithandthemovies.com/2019/12/02/review-knives-out/
knives_out,2623476,2019-09-09,Chris Evangelista,False,9/10,fresh,Slashfilm,Knives Out is one of the year's most entertaining films.,POSITIVE,https://www.slashfilm.com/knives-out-review/
solo_a_star_wars_story,2478099,2018-05-15,Matt Goldberg,False,C,rotten,Collider,"Solo is technically a Star Wars movie, but it's one that has set pieces in place of a personality. It's a film whose base level is ""fine"". Despite some unique cinematography, Ron Howard's direction is staid, stolid, and completely without personality.",NEGATIVE,http://collider.com/solo-movie-review/
the_batman,102663849,2022-03-03,Dana Barbuto,False,C+,rotten,The Patriot Ledger,Batman is officially a buzz kill ...,NEGATIVE,https://www.patriotledger.com/story/entertainment/2022/03/03/the-batman-robert-pattinson-hunts-serial-killer-gotham-city/6978904001/
knives_out,2624454,2019-09-11,Marshall Shaffer,False,,fresh,Vague Visages,"Once you clue into the fascinating political undercurrent running beneath Knives Out, a whole other film unlocks itself before your eyes.",POSITIVE,https://vaguevisages.com/2019/09/10/tiff-2019-review-knives-out-shows-rian-johnson-sharp-as-ever/
wonder_woman_2017,2666979,2020-02-05,Jorge Ignacio Castillo,False,3/5,fresh,Planet S Magazine,"At least, finally the DCCU seems willing to learn from its mistakes and improve over previous entries.",POSITIVE,https://planetsmag.com/review-wonder-woman-shows-dc-the-way/
birds_of_prey_2020,2667598,2020-02-07,Karl Delossantos,False,3.5/5,fresh,Smash Cut Reviews,Birds of Prey has all of the chaotic energy that a movie about Harley Quinn should have packaged in a frenetic action-filled romp that's impossible to resist. The best DCEU movie yet.,POSITIVE,https://smashcutreviews.com/2020/02/07/birds-of-prey-movie-review/
three_billboards_outside_ebbing_missouri,2432899,2017-11-03,Nick Pinkerton,True,,rotten,Film Comment Magazine,"... while McDonagh's film doesn't lack for gallows humor and pitch-dark stuff, it's in the department of truth that it comes up short.",NEGATIVE,https://www.filmcomment.com/article/three-billboards-outside-ebbing-missouri-review/
parasite_2019,2641593,2019-11-01,Don R. Lewis,False,,fresh,Hammer to Nail,"Parasite is a brilliant film and one of the best films of the year, and not just best foreign films. It's heartfelt and funny. Mean spirited and sad.",POSITIVE,https://www.hammertonail.com/reviews/on-parasite/
taken_3,2301743,2015-12-30,David Blaustein,False,1.5/5,rotten,ABC News Radio,"Taken 3 may be this movie's title, but the only thing taken here will be your money if you decide to pay to see what is the worst film in this franchise.",NEGATIVE,http://abcnews.go.com/Entertainment/movie-reviews-selma/story?id=28114906
parasite_2019,2688994,2020-05-09,Jim Ross,False,,fresh,Cinetopia,"It's very rare a film makes a step-change in what is going on and the dynamics of the characters, and makes that work as well it does here.",POSITIVE,https://www.youtube.com/watch?v=dEodvvmDyNc
captain_america_civil_war,2325462,2016-05-06,Tony Norman,False,3.5/4,fresh,Pittsburgh Post-Gazette,"Captain America: Civil War, the third and perhaps final installment of the Captain America movie franchise is the kind of smart, emotionally resonant and visually exhilarating movie fans of the genre have been waiting for.",POSITIVE,http://www.post-gazette.com/ae/movies/2016/05/05/Movie-Review-Captain-America-Civil-War-ranks-with-the-superhero-movies-of-all-time/stories/201605050007
parasite_2019,2668607,2020-02-11,Cameron Frew,False,,fresh,Unilad,Cinema of the highest form. No headline will ever convey the power of Parasite - it's a masterpiece that has to be seen to be believed.,POSITIVE,https://www.unilad.co.uk/featured/parasite-is-a-total-masterpiece-and-deserves-to-win-best-picture-more-than-any-other-film/
captain_marvel,2593602,2019-06-04,Brandon Davis,False,4/5,fresh,ComicBook.com,"In welcoming a female hero to the big screen as the centerpiece of her own film, Marvel Studios has an expansive and fun hit on its hands. Captain Marvel offers up a complex, heartfelt tale which will leave audiences feeling inspired and satisfied.",POSITIVE,https://comicbook.com/marvel/2019/03/03/captain-marvel-review-good-brie-larson-origin-story/
birds_of_prey_2020,2668855,2020-02-12,Paul Whitington,False,2/5,rotten,Irish Independent,"Though it hides its sneer behind a half-arsed feminist agenda, Birds Of Prey is messy, lazy and needlessly unpleasant.",NEGATIVE,http://www.independent.ie/entertainment/movies/movie-reviews/
the_irishman,102659031,2022-02-18,David Gonzalez,False,4/4,fresh,The Cinematic Reel,The Irishman gives its audience so many emotions and is poignant&#44; funny&#44; violent&#44; and beautiful&#46; It is a modern-day mobster masterpiece from a master of his craft&#46;,POSITIVE,https://thecinematicreel.com/the-irishman/
la_la_land,2370210,2016-12-30,Edward Johnson-Ott,False,,fresh,NUVO Newsweekly,"Despite its failings, there's a lot of magic in this movie.",POSITIVE,
thor_ragnarok_2017,2428291,2017-10-19,Matt Looker,False,5/5,fresh,TheShiznit.co.uk,"Thor has finally found his place in the MC Universe, and it's in comedy.",POSITIVE,http://www.theshiznit.co.uk/review/thor-ragnarok.php
a_star_is_born_2018,2784359,2021-04-16,Jim Rohner,False,,fresh,Battleship Pretension,"The apex of their collaboration occurs in the breathtaking first performance of ""Shallow,"" during which Cooper wisely decides to stay on the edges of the frame, giving the literal and metaphorical spotlight to Gaga...",POSITIVE,https://battleshippretension.com/jims-top-ten-of-2018/
the_irishman,2641758,2019-11-02,Stephen Garrett,False,,fresh,Book & Film Globe,"[Scorcese] He knows how to plumb the depths of human experience because he keeps mining in different places. And in doing so, he gets closer to the truth within us all.",POSITIVE,https://bookandfilmglobe.com
nope,102712634,2022-07-27,Charles Koplinski,False,2.0/4.0,rotten,Reel Talk with Chuck and Pam,Peele&#8217;s pacing is slow&#44; the story dragging towards a conclusion that doesn&#8217;t seem worth the trouble it takes to sit through&#46;,NEGATIVE,http://reeltalkwithchuckandpam.com/nope-chuck-pam-on-the-fence/
once_upon_a_time_in_hollywood,2608588,2019-07-25,J. Don Birnam,False,D+,rotten,Splash Report,"Quentin Tarantino's supposed love story to Hollywood's Golden Age feels more like a tribute to himself, becoming flatly uninteresting despite great performances by a star-studded cast",NEGATIVE,http://splashreport.com/film-review-tarantino-once-upon-a-time-in-hollywood/
marriage_story_2019,2643684,2019-11-08,Rania Richardson,False,4/4,fresh,Film-Forward.com,Noah Baumbach digs deep to explore the facets of modern uncoupling in MARRIAGE STORY.,POSITIVE,http://film-forward.com/featured/marriage-story
glass_2019,2568541,2019-03-19,Sameen Amer,False,,rotten,The Express Tribune (Pakistan),"The movie begins promisingly, but Glass ultimately suffers because of problems with its pace, coherence and storyline.",NEGATIVE,https://blogs.tribune.com.pk/story/77672/glass-a-forced-marriage-of-unbreakable-and-split-has-m-night-shyamalan-lost-his-mojo/
dunkirk_2017,2405667,2017-07-20,Laura Clifford,False,B,fresh,Reeling Reviews,"The most emotional moments in Nolan's film are the smaller ones, a soldier slipping into the sea swimming towards home, a young hero recognized in a local newspaper.",POSITIVE,https://www.reelingreviews.com/dunkirk.htm#Laura
knives_out,2648870,2019-11-25,Michael Burgin,False,8.8/10,fresh,Paste Magazine,"[Rian] Johnson has constructed a tightly plotted, superbly acted ""escape room"" for both his characters and the audience to explore and puzzle over. Most will find the two hours and 10 minutes it takes to solve well worth the price of admission.",POSITIVE,https://www.pastemagazine.com/articles/2019/11/knives-out-review.html
once_upon_a_time_in_hollywood,2589302,2019-05-23,Anna Smith,True,4/5,fresh,Metro Newspaper (UK),It's [Quentin] Tarantino at his most restrained and sophisticated.,POSITIVE,https://www.metro.news/film-review-once-upon-a-time-in-hollywood/1568949/
parasite_2019,2638080,2019-10-22,Siddhant Adlakha,False,,fresh,Slashfilm,"A deliciously twisted thriller-comedy akin to a home invasion flick, filled to the brim with meaning and dripping with directorial mastery.",POSITIVE,https://www.slashfilm.com/best-of-nyff-2019/
the_batman,102669448,2022-03-17,Rich Cline,False,3.5/5,fresh,Shadows on the Wall,"A beefy, stylised approach and committed performances make this take on the Dark Knight worth a look, even if the film fails to break out of the usual cliched lack of light and colour.",POSITIVE,http://www.shadowsonthewall.co.uk/22/batman.htm
the_batman,102662655,2022-02-28,Charles Koplinski,False,2.5/4.0,fresh,Reel Talk with Chuck and Pam,The fact the titular character can't solve a series of simple clues is one of the many problems with this flawed but intriguing take on the pop culture icon.,POSITIVE,http://reeltalkwithchuckandpam.com/the-batman-chuck-on-the-fence/
knives_out,2631170,2019-10-01,Lewis Knight,False,5/5,fresh,Daily Mirror (UK),"Knives Out is what a good trip to the cinema is all about. It is a witty, surprising, and terrifically performed film from Rian Johnson and an all-star modern classic whodunnit that subverts expectations.",POSITIVE,https://www.mirror.co.uk/film/knives-out-review-an-star-20312402
star_wars_the_last_jedi,2443316,2017-12-14,Jason Di Rosso,False,,fresh,The Final Cut,"The Star Wars franchise is in good hands with writer-director Rian Johnson, who delivers an enthralling, often funny and at times achingly beautiful galactic adventure in The Last Jedi.",POSITIVE,http://www.abc.net.au/news/2017-12-14/star-wars-the-last-jedi-review-by-jason-di-rosso/9257802
taken_3,2241760,2015-01-09,Peter Howell,True,1.5/4,rotten,Toronto Star,"Taken 3 is such a blatant paycheque gig for Liam Neeson, you almost expect him to stop midmovie to deposit his loot into an ATM.",NEGATIVE,http://www.thestar.com/entertainment/movies/2015/01/09/taken_3_should_be_called_mistaken_3_review.html
bohemian_rhapsody,2522799,2018-10-26,Kristen Lopez,True,,rotten,Culturess,"Malek is forced to carry this film, and much of his performance is flamboyance and kitsch masquerading as personality.",NEGATIVE,https://culturess.com/2018/10/25/bohemian-rhapsody-wont-rock-just-bore/
star_wars_the_rise_of_skywalker,2655590,2019-12-20,Charles Solomon,False,,rotten,FilmWeek (KPCC - NPR Los Angeles),"If K-Tel [Records] did an album of Star Wars' greatest hits, this is what it would be like... So much of it felt like going through the motions of things we had seen before.",NEGATIVE,https://www.scpr.org/programs/airtalk/2019/12/20/65182/filmweek-star-wars-the-rise-of-skywalker-little-wo/
1193230-state_of_play,1813160,2009-04-16,Duane Dudek,False,2.5/4,fresh,Milwaukee Journal Sentinel,"State of Play is a red-herring-filled political and corporate thriller that romanticizes reporters and idealizes newspapers, while being about neither of those things.",POSITIVE,http://www.jsonline.com/entertainment/movies/43108932.html
taken_3,2531075,2018-11-10,Frank Ochieng,False,2/4,rotten,SF Crowsnest,Let's face facts...we all were 'Taken' in by this pseudo punchy action yarn that no longer generates the destructive heat it once punctuated with carefree confidence.,NEGATIVE,https://www.sfcrowsnest.info/taken-3-film-review-by-frank-ochieng/
guardians_of_the_galaxy_vol_2,2393020,2017-05-10,Dan Lybarger,False,8/10,fresh,Film Threat,"Having seen more than my share of movies where the filmmakers seem to hoping that that audiences won't notice when their craftsmanship is sloppy, it's refreshing to see a movie that invites viewers to soak in the details.",POSITIVE,http://filmthreat.com/reviews/guardians-of-the-galaxy-vol-2/
wonder_woman_2017,2397868,2017-06-05,John Urbancich,False,4/5,fresh,Your Movies (cleveland.com),"Here, in her own surroundings -- and playing with contrivances that include the character's magic bracelets and Lasso of Truth -- Gadot truly appears to be a legitimate movie wonder.",POSITIVE,http://blog.cleveland.com/your-movie-reviews/2017/06/movie_reviews_heres_a_woman_th.html
first_man,2524551,2018-10-31,Robert Roten,False,A,fresh,Laramie Movie Scope,"The special effects depicting space travel in this movie are loud, violent and claustrophobic, making the dangers of space travel seem more personal.",POSITIVE,http://www.lariat.org/AtTheMovies/new/firstman.html
1193230-state_of_play,1815566,2009-04-24,Allan Hunter,False,,fresh,Daily Express (UK),"State Of Play is a good, old-fashioned thriller. It has believable characters and credible situations. It alternates dogged investigation with scenes of sweaty tension that Alfred Hitchcock would have been happy to orchestrate.",POSITIVE,http://www.express.co.uk/features/view/96778/FILM-REVIEWS
ant_man_and_the_wasp,2488040,2018-07-02,Glen Weldon,True,,rotten,NPR,"What came naturally, and perhaps accidentally, the first time out feels practiced and artificial here. The rhythm is, slightly but persistently, off.",NEGATIVE,https://www.npr.org/sections/monkeysee/2018/07/02/623157142/wee-the-people-ant-man-and-the-wasp
joker_2019,2631682,2019-10-02,Laura Clifford,False,A-,fresh,Reeling Reviews,"the film's main asset is Phoenix's insane tour de force, the actor projecting a tortured physique, his torso twisted and ribs projecting as he moves with a grace that can only be called balletic.",POSITIVE,https://www.reelingreviews.com/joker.htm
west_side_story_2021,2845204,2021-12-09,Randy Myers,True,3/4,fresh,San Jose Mercury News,"Spielberg's ""West Side Story"" will go down as one of Hollywood's best musical adaptations ever.",POSITIVE,https://www.mercurynews.com/2021/12/08/new-movies-does-spielbergs-new-west-side-story-make-all-the-right-moves/
dune_2021,2822185,2021-09-12,Johnny Oleksinski,True,,fresh,New York Post,"This movie is the first of two planned parts. Please, dear God, make the second one.",POSITIVE,https://nypost.com/2021/09/11/dune-review-sci-fi-spectacle-will-blow-your-mind/
baby_driver,2403296,2017-07-03,Robert Roten,False,B+,fresh,Laramie Movie Scope,"The man behind 'Hot Fuzz' and 'Shaun of the Dead' has come up with another dandy action film with a comic twist, but this is no parody. This is a cut above the standard crime action drama, aided by Edgar Wright's comic touch.",POSITIVE,http://www.lariat.org/AtTheMovies/new/babydriv.html
taken_3,2242764,2015-01-16,Wesley Morris,True,,rotten,Grantland,"A movie that thinks the way to earn our knuckle-biting is to be as dull as hell for 35 minutes, then send a giant shipping container hurtling along the interstate. But you yawn through that, too.",NEGATIVE,http://grantland.com/hollywood-prospectus/blackhat-taken-3-the-wedding-ringer-review/
wonder_woman_2017,2397783,2017-06-02,Mike McGranaghan,False,3.5/4,fresh,Aisle Seat,"The beautiful message of Wonder Woman is that attributes commonly associated with women - compassion, empathy, and protectiveness - are the most awesome superpowers of all.",POSITIVE,http://aisleseat.com/wonder-woman.htm
mad_max_fury_road,2261411,2015-05-11,David Edwards,False,2/5,rotten,Daily Mirror (UK),"Noisy, explosive and visually spectacular but depressingly hollow.",NEGATIVE,http://www.mirror.co.uk/lifestyle/going-out/film/mad-max-fury-road-review-5680838
star_wars_the_rise_of_skywalker,2654465,2019-12-18,Charlotte O'Sullivan,True,3/5,fresh,London Evening Standard,"Star Wars IX may be imperfect, but it offers nostalgia hounds the space odyssey of their dreams.",POSITIVE,https://www.standard.co.uk/go/london/film/star-wars-rise-of-skywalker-critic-review-a4316356.html
parasite_2019,2647429,2019-11-20,John Anderson,True,,fresh,America Magazine,"It is a sitcom with teeth and haunting moral echoes, no small amount of vulgarity and a smart streak of comedy.",POSITIVE,https://www.americamagazine.org/arts-culture/2019/11/15/parasite-unfettered-fun-and-proof-people-still-want-smart-movies
black_panther_2018,2478412,2018-05-16,Anna Deavere Smith,False,,fresh,The New York Review of Books,"Without the technological accomplishments in film that predate Black Panther, its captivating beauty, breathtaking views, and edge-of-your-seat moments would not be possible.",POSITIVE,http://www.nybooks.com/articles/2018/05/24/black-panther-wakanda-forever/
thor_ragnarok_2017,2432692,2017-11-02,Richard Roeper,True,3.5/4,fresh,Chicago Sun-Times,"The only thing I enjoyed more than the comedy in Thor: Ragnarok was a climactic battle sequence synced perfectly to Led Zeppelin's ""Immigrant Song.""",POSITIVE,https://chicago.suntimes.com/entertainment/in-fun-thor-ragnarok-action-unfolds-with-a-goofy-guardians-vibe/
glass_onion_a_knives_out_mystery,102766076,2023-01-04,Sarah Boslaugh,False,7/10,fresh,TheArtsStl,&#46;&#46;&#46;a romp reminiscent of the splashy&#44; all-star Agatha Christie adaptations of yore&#44; like Death on the Nile &#40;1978&#41;&#44; and if Johnson steals shamelessly from the Queen of Crime&#44; at least he&#8217;s stealing from the best&#46;,POSITIVE,http://theartsstl.com/10-notable-feature-films-of-2022/
aquaman_2018,2542203,2018-12-19,Michael O'Sullivan,True,1.5/4,rotten,Washington Post,"At times, the plot feels like the 12 Labors of Hercules, with a couple of extra labors thrown in just for the heck of it.",NEGATIVE,https://www.washingtonpost.com/goingoutguide/movies/aquaman-dazzles-the-eye-but-its-really-exhausting-to-watch/2018/12/19/33de3fa6-fe65-11e8-ad40-cdfd0e0dd65a_story.html?utm_term=.5d4f07e5dfc1
top_gun_maverick,102688704,2022-05-12,Patricia Puentes,False,8/10,fresh,Ask,This cinematic spectacle starts by paying homage to the original movie &#8212; with the notes of the &#8220;Top Gun Anthem&#8221; &#8212; and it never stops&#46; If you liked Top Gun&#44; you&#8217;ll enjoy Top Gun&#58; Maverick thoroughly&#46; All the ingredients of the original movie are there&#46;,POSITIVE,https://www.ask.com/entertainment/top-gun-maverick-review-tom-cruise
avengers_endgame,2616951,2019-08-18,Dana Sloane,False,C-,rotten,Mediaversity Reviews,Endgame fails its female characters by devaluing them and forgets its characters of color entirely.,NEGATIVE,https://www.mediaversityreviews.com/film-reviews/2019/5/6/avengers-endgame
blackkklansman,2518908,2018-10-15,Sean Collier,False,8/10,fresh,Pittsburgh Magazine,"I'm pretty sure there's something awfully powerful here, though. It's great filmmaking, of course - and something more.",POSITIVE,https://www.pittsburghmagazine.com/Best-of-the-Burgh-Blogs/Sean-Colliers-Popcorn-for-Dinner/August-2018/The-400-Word-Review-BlacKkKlansman/
snow_white_and_the_huntsman,2089154,2012-06-12,Drew McWeeny,False,B-,fresh,HitFix,"If you like your fantasy dark, your characters broad, and your stories familiar, this lushly imagined riff on the classic fairy tale should scratch an itch you may not have even known you had.",POSITIVE,http://www.hitfix.com//motion-captured/review-kristen-stewart-battles-charlize-theron-in-surprising-snow-white
snow_white_and_the_huntsman,2087283,2012-05-31,Jon Niccum,False,2.5/4,fresh,Kansas City Star,Theron turns a stock character into a memorably sinister mix of scorned gold digger and plastic surgery addict. It takes a lot more than a pail of water to wipe out this wicked witch.,POSITIVE,http://www.kansascity.com/2012/05/31/3634111/snow-white-and-the-huntsman-a.html
blackkklansman,2496843,2018-08-11,Rubin Safaya,False,,fresh,Cinemalogue,"BLACKkKLANSMAN lulls you with its satire of American race relations, only to slap you awake at the end of the third act with a montage of grotesqueries from the past couple of years-lest we forget Ferguson and Charlottesville.",POSITIVE,http://cinemalogue.com/2018/08/10/blackkklansman/
ad_astra,2630266,2019-09-27,Stephen Silver,False,4/5,fresh,Splice Today,"Nearly a complete triumph for its first 90 minutes. A shame about that ending, though.",POSITIVE,https://www.splicetoday.com/moving-pictures/the-whatever-device
little_women_2019,2665230,2020-01-30,Paula Vázquez Prieto,False,,fresh,La Nación (Argentina),Little Women demands viewers to be active participants in the story... And does it with the subtlety of artists who are capable of reinventing a world without betraying it. [Full Review in Spanish],POSITIVE,https://www.lanacion.com.ar/espectaculos/cine/mujercitas-la-version-definitiva-de-un-clasico-nid2328744
la_la_land,2369880,2016-12-28,Paul Byrnes,True,4.5/5,fresh,Sydney Morning Herald,I don't know if the music will still be sung in 20 or 30 years. I do know that dance schools all around the world are going to see a rush of enrolments.,POSITIVE,http://www.smh.com.au/entertainment/movies/boxing-day-releases-reviewed-oscars-pundits-take-note-20161215-gtbuj3.html
the_batman,102662493,2022-02-28,Todd Gilchrist,True,,fresh,TheWrap,A Caped Crusader adventure with a purpose thankfully more meaningful than taking funny-book characters seriously for a fast buck.,POSITIVE,https://www.thewrap.com/the-batman-review-robert-pattinson-zoe-kravitz/
once_upon_a_time_in_hollywood,2661056,2020-01-16,Mina Takla,False,,fresh,AwardsWatch,"Tarantino deliciously and elegantly comments on the town's contradictions and double standards, while also taking the time to build up his two lead characters in relatable, convincing ways.",POSITIVE,https://awardswatch.com/cannes-review-tarantinos-once-upon-a-time-in-hollywood-is-one-of-his-most-nuanced-poignant-and-entertaining-films-to-date/
ready_player_one,2561236,2019-02-24,Tomas Trussow,False,2/5,rotten,The Lonely Film Critic,"It's a repetition of the old bugaboos we know so well, packaged in a slick, CGI-heavy wrapping that is not as interesting as it wants to be.",NEGATIVE,http://thelonelyfilmcritic.com/2019/02/24/ready-player-one/
ant_man_and_the_wasp,2488084,2018-07-02,Alberto Corona,False,4/5,fresh,Sensacine,Truly Marvel. [Full Review in Spanish],POSITIVE,http://www.sensacine.com/peliculas/pelicula-226391/sensacine/
halloween_2018,2510334,2018-09-14,Rafael Motamayor,False,,fresh,GameSpot,"Halloween doesn't reinvent the wheel, but it takes the best parts of all the films in the franchise, and delivers the ultimate companion piece to Carpenter's 1978 masterpiece.",POSITIVE,https://www.gamespot.com/articles/halloween-2018-review-welcome-home-michael/1100-6461649/
star_wars_episode_vii_the_force_awakens,2299558,2015-12-15,Tom Long,True,B+,fresh,Detroit News,"Yes, it helps that the core group of original actors has returned, but it's more the energy, humor and simplicity of direction that has been recaptured. It's the overall vibe.",POSITIVE,http://www.detroitnews.com/story/entertainment/movies/2015/12/16/tom-long-star-wars-review-force-awakens/77395392/
nope,102730999,2022-09-14,Casey Chong,False,2.5/5,rotten,Casey's Movie Mania,Despite &#91;Jordan&#93; Peele&#8217;s masterful direction in the IMAX-worthy technical areas&#44; he sadly failed what equally matters as well &#8212; engaging character arcs and storytelling&#46;,NEGATIVE,https://www.caseymoviemania.com/2022/09/nope-2022-review/
star_wars_the_last_jedi,2443287,2017-12-14,Robert Horton,False,4/4,fresh,"HeraldNet (Everett, WA)","In practically every frame, writer-director Rian Johnson conveys how much fun it is to do this stuff.",POSITIVE,http://www.heraldnet.com/life/last-jedi-is-the-best-star-wars-movie-since-the-first-one/
avengers_endgame,2580441,2019-04-25,Abby Olcese,False,78/100,fresh,Rave Reviews,"Despite a few shortcomings, Avengers: Endgame is still an affectionate, enjoyable closing chapter for a long-standing series.",POSITIVE,https://www.ravereviews.org/entertainment/review-avengers-endgame/
nope,102718675,2022-08-15,Mey Rude,False,A+,fresh,Out Magazine,This is Peele&#8217;s most ambitious movie&#44; and he completely nails it&#46; It&#8217;s Jaws for the 21st Century&#46; It&#8217;s a masterpiece of horror and science fiction&#44; and it has one of the best third acts I&apos;ve ever seen&#46;,POSITIVE,https://www.out.com/film/2022/8/12/jordan-peeles-masterful-nope-gives-keke-palmer-her-best-stage-yet
the_batman,102664602,2022-03-04,Brendan Morrow,False,,fresh,The Week,"However bleak and disturbing the movie might be, The Batman's grittiness is in service of an unexpectedly optimistic message, and Reeves brings some much-needed glimmers of hope to this otherwise gloomy picture. ",POSITIVE,https://theweek.com/movies/1010901/the-surprisingly-hopeful-note-of-the-batman
taken_3,2241675,2015-01-09,William Bibbiani,False,2/10,rotten,CraveOnline,Taken 3 makes Taken 2 look like Taken.,NEGATIVE,http://www.craveonline.com/film/reviews/808563-taken-3-review-look-whos-taken-now
captain_marvel,2565406,2019-03-08,Abbie Bernstein,False,B+,fresh,Assignment X,Captain Marvel mixes fun and urgency with an engaging title character. It's absolutely worth seeing.,POSITIVE,https://www.assignmentx.com/2019/movie-review-captain-marvel/
parasite_2019,2674982,2020-03-05,Ben Rolph,False,5/5,fresh,Discussing Film,"Everything is superbly controlled and nailed to the point at which you begin to question, how is this possible?",POSITIVE,https://discussingfilm.net/2020/03/05/parasite-black-white-review-just-as-fantastic-and-stylish-with-a-elegant-flair/
toy_story_4,2599336,2019-06-21,John Urbancich,False,4/5,fresh,Your Movies (cleveland.com),"With its constantly smart humor (from eight credited screenwriters), a few more unexpected vocal cameos, and the franchise's ever-evident emotion, recycling never has felt so fresh.",POSITIVE,http://jmuvies.blogspot.com/2019/06/heres-to-telling-one-more-good-story.html
avengers_infinity_war,2547962,2019-01-13,Sherin Nicole,False,B,fresh,idobi.com,"We have such feels when we watch Infinity War because Marvel has earned our emotions. They built these characters, they developed our connection to them and we've seen them struggle with heroics to always come out on the right side.",POSITIVE,https://idobi.com/review/film-review-avengers-infinity-war/
a_star_is_born_2018,2515366,2018-10-04,Robert Horton,False,2/4,rotten,Seattle Weekly,"Cooper's leisurely approach builds no momentum, and the non-musical scenes meander as the actors (apparently) improvise in close-up. This isn't storytelling as much as it is a work-shopped series of behaviors.",NEGATIVE,http://www.seattleweekly.com/film/not-the-brightest-star-in-the-sky/
glass_onion_a_knives_out_mystery,102755760,2022-11-24,André Hereford,False,3/5,fresh,"Metro Weekly (Washington, DC)",Daniel Craig probes a new mystery in the clever but not-as-fun-as-the-first &apos;Glass Onion&#58; A Knives Out Mystery&#46;&apos;,POSITIVE,https://www.metroweekly.com/2022/11/glass-onion-review-connecting-the-dots/
thor_ragnarok_2017,2631052,2019-09-30,Rhys Tarling,False,4/5,fresh,Isolated Nation,"Ragnarok finds new avenues for Thor where it can... And his new funky, jock-y 'tude, in lieu of his usual pompous dignity, is appropriate for a thunder god adventurer who traverses the galaxy in search of epic quests.",POSITIVE,https://isolatednation.com/articles/2017/11/1/film-review-in-thor-ragnarok-happy-death-day-whats-faded-is-shiny-again
the_irishman,2644108,2019-11-09,Cameron Williams,False,,fresh,The Popcorn Junkie,A late-career masterwork.,POSITIVE,https://thepopcornjunkie.com/2019/11/09/the-irishman-review/
mission_impossible_fallout,2494765,2018-08-03,Luke Goodsell,False,,fresh,The Monthly (Australia),"Even as Fallout marches to a surprisingly generic ticking-clock-and-explosive climax, the action is energised by Cruise's wild zeal.",POSITIVE,https://www.themonthly.com.au/blog/luke-goodsell/2018/03/2018/1533258400/tom-cruise-boss-hollywood-s-alpha-men
dune_2021,2835425,2021-10-28,Christy Lemire,True,,fresh,FilmWeek (KPCC - NPR Los Angeles),It was such an incredible technical achievement that I was blown away by it over and over again.,POSITIVE,https://www.kpcc.org/show/filmweek/2021-10-22/filmweek-dune-the-french-dispatch-passing-and-more
rogue_one_a_star_wars_story,2484208,2018-06-13,Stassa Edwards,False,,fresh,The Muse/Jezebel,Rogue One is an enjoyable addition to the franchise and Jones's Jyn is a compelling lead.,POSITIVE,https://themuse.jezebel.com/rogue-one-is-a-gritty-addition-to-the-star-wars-univers-1790182865#_ga=2.233071323.452340543.1528738359-2921158.1462822802
little_women_2019,2656515,2019-12-26,Anita Katz,False,3.5/4,fresh,San Francisco Examiner,"It all adds up to a still-relevant call for women's equality and a timeless salute to sisterhood. Cinematography and costume and production design, too, are impressive.",POSITIVE,https://www.sfexaminer.com/entertainment/little-women-looks-great-on-the-big-screen-in-the-21st-century/
moonlight_2016,2527130,2018-11-02,Niall Browne,False,4/5,fresh,Movies in Focus,"Moonlight is a film rammed with fantastic performances. Filled with rich characterisation and powerful moments. it charts three different periods in the life of Chiron, a young, gay black man from inner-city Miami.",POSITIVE,http://www.moviesinfocus.com/moonlight-film-filled-great-textured-performances/
avengers_endgame,2580653,2019-04-25,Beth Accomando,False,,fresh,KPBS.org,"Overall Endgame""delivers what it needs to. Although three hours long, it never felt slow or draggy thanks to a narrative that is constantly cross-cutting between multiple storylines.",POSITIVE,https://www.kpbs.org/news/2019/apr/24/avengers-endgame-wraps-things-mix-humor-and-emotio/
it_2017,2416753,2017-09-07,Will Leitch,False,C+,rotten,Paste Magazine,"It occasionally reminds you of how awful it can be a kid, and it also occasionally makes you jump out of your chair. But it never figures out how to do both at the same time.",NEGATIVE,https://www.pastemagazine.com/articles/2017/09/it.html
black_panther_2018,2556199,2019-02-07,Allen Adams,False,5/5,fresh,The Maine Edge,"""Black Panther"" is a beautiful paean to big-budget auteurism, a film that manages to fit within the boundaries of the MCU [Marvel Cinematic Universe] while also being a very personal expression.",POSITIVE,https://www.themaineedge.com/buzz/movies/the-brave-brilliance-of-black-panther
2012,1854947,2009-11-12,Scott Weinberg,False,1.5/5,rotten,FEARnet,"Emmerich wavers between shocking, silly, and maudlin like a toddler would fingerpaint with red, yellow, and blue.",NEGATIVE,http://www.fearnet.com/news/b17307_review_2012.html
blue_is_the_warmest_color,2179382,2013-12-16,Susan G. Cole,False,4/5,fresh,NOW Toronto,"Both Seydoux and Exarchopoulos are superb, and, yes, the sex is plentiful and hot.",POSITIVE,http://www.nowtoronto.com/tiff/2013/film-detail.cfm?film=1589&ref=reviews&sort=newest
2012,1855055,2009-11-13,Peter Sobczynski,False,1/5,rotten,eFilmCritic.com,"A graceless mess that will insult the intelligence of everyone who encounters it, even those who were actually looking forward to seeing it in the first place.",NEGATIVE,http://www.efilmcritic.com/review.php?movie=18127&reviewer=389
black_panther_2018,2458964,2018-02-19,Kevin A. Ranson,False,4/4,fresh,MovieCrypt.com,Black Panther feels like the right movie we need... right now.,POSITIVE,https://moviecrypt.com/2018/02/19/review-black-panther-weekend-in-wakanda/
thor_ragnarok_2017,2428761,2017-10-20,James Mottram,False,4/5,fresh,South China Morning Post,"With its heart powered by Led Zeppelin's Immigrant Song, this is superhero rock 'n' roll with lashings of Waititi-led comedy.",POSITIVE,http://www.scmp.com/culture/film-tv/article/2116237/film-review-thor-ragnarok-funniest-film-yet-marvel-cinematic
no_time_to_die_2021,2828491,2021-10-02,Ernesto Diezmartinez,False,3/4,fresh,Cine Vértigo,A great closing for the cycle of films starring Daniel Craig and one of the best James Bond films in the history of the franchise.,POSITIVE,
once_upon_a_time_in_hollywood,2609910,2019-07-30,Bill Arceneaux,False,5/5,fresh,The Zero Effect,"There's suspense in the comedy, there's comedy in the chilling, there's tenderness in the manly, and there's a fairy tale above a city most ruthless. A breath of mountain air. Purely wonderful.",POSITIVE,https://medium.com/zeroeffect/the-fantasy-of-facade-and-finding-what-movies-are-for-5fb15c38e482?source=friends_link&sk=5ef6cb01b319245dbaa0139919cde2db
la_la_land,2500066,2018-08-22,Pamela Powell,False,3.5/4,fresh,"Daily Journal (Kankakee, IL)","""La La Land"" is a wonderful romp back into the dreamy time of Old Hollywood that will make you smile.",POSITIVE,https://www.daily-journal.com/life/entertainment/la-la-land-is-visually-striking-and-charming/article_0c7555e1-5e86-5206-8a6e-e34da144fcc1.html
joker_2019,2735464,2020-10-19,Robert Slack,False,,fresh,SooToday.com,"Without Mr. Phoenix, Joker would be kind of dull.",POSITIVE,https://www.sootoday.com/columns/aisle-seat/movie-review-joker-1733677
little_women_2019,2649202,2019-11-26,Josh Larsen,False,3.5/4,fresh,LarsenOnFilm,...manages a way around the Laurie conundrum.,POSITIVE,http://www.larsenonfilm.com/little-women-2
avengers_infinity_war,2473243,2018-04-25,Leigh Paatsch,False,4/5,fresh,Herald Sun (Australia),The one over-riding joy that continually propels Infinity War to better things stems from watching the movie come alive as so many disparate elements react to one another.,POSITIVE,http://www.heraldsun.com.au/entertainment/movies/first-australian-review-avengers-infinity-war-is-the-allstar-marvel-gamechanger-you-were-hoping-for/news-story/5f3c09338f5a95346979e30b47c75436
star_wars_the_rise_of_skywalker,2661785,2020-01-19,Sara Clements,False,6/10,rotten,Next Best Picture,The changing of Rey's origins really hinders the kind of epic conclusion this could have been.,NEGATIVE,https://www.nextbestpicture.com/latest/the-next-best-picture-podcast-star-wars-the-rise-of-skywalker
spider_man_far_from_home,2605409,2019-07-15,Korey Coleman,False,,fresh,Double Toasted,"There have been a lot of Spider-Man movies that could just not get the character down...giving this one real-world problems, things happening with him...that made him Peter Parker, a real character to me.",POSITIVE,https://doubletoasted.com/shows/spider-man-far-from-home-audio-review/
joker_2019,2631527,2019-10-02,Sandy Schaefer,False,2.5/5,rotten,Screen Rant,"Joaquin Phoenix goes full Clown Prince of Crime in Phillips' stylish crime drama, but it's not enough to mask the sense of emptiness at Joker's core.",NEGATIVE,https://screenrant.com/joker-movie-2019-reviews/
dunkirk_2017,2405228,2017-07-17,David Ehrlich,True,A,fresh,indieWire,Christopher Nolan's largely bloodless but profoundly harrowing war epic is the best film he's ever made.,POSITIVE,http://www.indiewire.com/2017/07/dunkirk-review-christopher-nolan-harry-styles-tom-hardy-imax-70mm-1201855825/
taken_3,2241704,2015-01-09,MaryAnn Johanson,False,,rotten,Flick Filosopher,"This is a movie as its own death wish. To call it cheap, lazy, and perfunctory grants it a dignity that implies there was another path it could have taken.",NEGATIVE,https://www.flickfilosopher.com/2015/01/taken-3-movie-review-give-back.html
2012,1855104,2009-11-13,Andrew O'Hagan,True,4/5,fresh,London Evening Standard,"2012 may be the biggest disaster movie ever made, an awesome and ridiculous film that leaves you thrilled beyond the point of your natural endurance.",POSITIVE,http://www.thisislondon.co.uk/film/review-23769155-could-2012-be-the-greatest-disaster-movie-ever.do
28_days_later,1169257,2003-06-27,Scott Von Doviak,True,,rotten,Fort Worth Star-Telegram/DFW.com,"A grim slog through mud, rain and poorly lit corridors.",NEGATIVE,
parasite_2019,2649226,2019-11-26,Greg Carlson,False,,fresh,Vague Visages,Bong effortlessly blends the horrific and the comic en route to the icebox talk that has viewers questioning their own attitudes and beliefs through the unanswered mysteries of the story.,POSITIVE,https://vaguevisages.com/2019/11/18/bong-joon-hos-parasite-infiltrates-year-end-best-movies-lists/
dune_2021,2834880,2021-10-27,Matthew Jackson,False,,fresh,The Huntsville Item (TX),"They've given us a new sci-fi epic, an immersive cinematic journey that, like its source material, feels poised to endure as one of the genre's great works.",POSITIVE,https://www.itemonline.com/news/features/dune-is-a-stunning-cinematic-epic/article_6b8bcfaa-ed43-5250-80e9-45565c5e26ff.html
doctor_strange_in_the_multiverse_of_madness,102686284,2022-05-03,Grace Randolph,False,,fresh,Beyond the Trailer,"A surprisingly weak MCU entry, but it still gets the job done. Cumberbatch & Olsen do a lot of heavy lifting despite being undercut by director Raimi and writer Waldron. Oddly, hit show WandaVision seems largely ignored. Very good mid credits scene.",POSITIVE,https://www.youtube.com/watch?v=iAvbL-RjNgg
birds_of_prey_2020,2666829,2020-02-05,Tim Robey,True,3/5,fresh,Daily Telegraph (UK),This whole film is a femme-fatale meet-and-greet which detoxifies the recent spree of male-dominated skulkings around Gotham City. It has gangster's moll energy where the molls take over.,POSITIVE,https://www.telegraph.co.uk/films/0/birds-prey-review-margot-robbies-naughty-candy-coated-romp-beats/
taken_3,2241868,2015-01-11,Mark Kermode,True,1/5,rotten,Observer (UK),"The tagline promises ""It ends here"" but the denouement keeps the door open for more. What next? Taken 4: Taken the Piss?",NEGATIVE,http://www.theguardian.com/film/2015/jan/11/taken-3-review-lack-originality
the_batman,102727090,2022-09-02,Maggie Lovitt,False,A-,fresh,Millennial Falcon Reviews,"The film casts long shadows with blacks and grays, but the consistent, bleeding flashes of red paint the most intense moments with jarring contrast. ",POSITIVE,https://www.millennialfalconreviews.com/millennial-falcon-review-archive/the-batman-matt-reeves-robert-pattinson
spider_man_far_from_home,2600715,2019-06-27,Jordan Ruimy,False,C+,rotten,World of Reel,Barely entertains.,NEGATIVE,https://www.worldofreel.com/blog/2019/6/spider-man-far-from-home-review-unessential-mcu-this-european-vacation-romp-barely-entertains
logan_2017,2379649,2017-02-17,Lauren O'Callaghan,False,4/5,fresh,Total Film,"If you're open to seeing a new, previously unknown Wolverine, Logan is going to stay with you for a long time.",POSITIVE,http://www.gamesradar.com/logan-review/
logan_2017,2384324,2017-03-16,Alex Casey,False,,fresh,New Zealand Herald,"You don't need to like superheroes to enjoy this film, you just need to know that it will leave you welling up with tears and clutching your loved ones, which is a momentous achievement for any blockbuster indeed.",POSITIVE,http://www.nzherald.co.nz/movie-reviews/news/article.cfm?c_id=1503737&objectid=11816870
avengers_infinity_war,2473761,2018-04-26,Bill Gibron,False,3.5/5,fresh,Film Racket,"This is a movie that needs the other 18 to exist before it. Otherwise, we'd know very little about these characters, their concerns, and why we should care for them.",POSITIVE,https://filmracket.com/avengers-infinity-war/movie-review
top_gun_maverick,102688750,2022-05-12,Johnny Oleksinski,True,3.5/4,fresh,New York Post,"This is a worthy, often exemplary follow-up to the 1986 classic. It’s everything a summer movie should be.",POSITIVE,https://nypost.com/2022/05/12/top-gun-maverick-review-the-perfect-summer-movie/
star_wars_episode_vii_the_force_awakens,2301458,2015-12-29,Alberto Abuín,False,,rotten,Espinof,The Force Awakens is as good as it is bad; fluent as it lacks in emotion; affecting like the original trilogy as much as it is disrespectful with those who seek something new. [Full review in Spanish],NEGATIVE,http://www.blogdecine.com/criticas/star-wars-el-despertar-de-la-fuerza-el-lado-oscuro-de-la-nostalgia
ant_man_and_the_wasp,2663938,2020-01-27,Michael Rougeau,False,,fresh,GameSpot,"Ant-Man and the Wasp is hilarious, fun, silly, self aware, and creative.",POSITIVE,https://www.gamespot.com/articles/review-ant-man-and-the-wasp-2018-what-infinity-war/1100-6460034/
taken_3,2241270,2015-01-07,Louise Keller,False,,fresh,Urban Cinefile,the charismatic presence of Liam Neeson and his impenetrable sense of decency carry the film way beyond its thrilling action sequences.,POSITIVE,http://www.urbancinefile.com.au/home/view.asp?a=20840&s=Reviews
the_front_runner_2018,2534917,2018-11-23,Roger Moore,False,2.5/4,fresh,Movie Nation,"A not-quite-sensational thriller with villains around every corner, including one the director thinks is the hero.",POSITIVE,https://rogersmovienation.com/2018/11/23/movie-review-the-front-runner-aims-high-until-he-falls/
joker_2019,2635275,2019-10-12,Bob Grimm,False,2.25/5,rotten,Tucson Weekly,"Phoenix is great, but the movie is a hack job.",NEGATIVE,https://www.tucsonweekly.com/tucson/no-laughing-matter/Content?oid=26700262
jurassic_world_fallen_kingdom,2626599,2019-09-16,Kate Rodger,False,4/5,fresh,Newshub (NZ),"This still delivered on the big-screen blockbuster dino action, upped the ante on the scare factor and doubled-down on some seriously creepy spookiness.",POSITIVE,https://www.newshub.co.nz/home/entertainment/2018/06/review-jurassic-world-fallen-kingdom-darker-than-its-predecessor.html
snow_white_and_the_huntsman,2551219,2019-01-26,Nathalia Aryani,False,,fresh,San Diego Entertainer,"The superb cinematography and art direction deserve praise, but they could shorten the middle part of the story.",POSITIVE,https://www.sdentertainer.com/movies/movie-review-snow-white-and-the-huntsman/
guardians_of_the_galaxy_vol_2,2390940,2017-04-27,Luke Y. Thompson,False,,fresh,Cinema Runner,"Overall, it feels like spending time with old friends again, and the use of depth and size contrasts in the 3D is spectacular, if a lot to take in at times.",POSITIVE,http://www.cinemarunner.com/2017/04/27/review-guardians-of-the-galaxy-vol-2/
la_la_land,2347975,2016-09-01,Robbie Collin,True,5/5,fresh,Daily Telegraph (UK),"It has its head in the stars, and for a little over two wonderstruck hours, it lifts you up there too.",POSITIVE,http://www.telegraph.co.uk/films/2016/08/31/ryan-gosling-and-emma-stone-in-la-la-land-review/
top_gun_maverick,102698665,2022-06-10,Matt Hudson,False,9.5/10,fresh,What I Watched Tonight,Mixing excellent visuals&#44; a strong story&#44; great performances with the right amount of nostalgia and spectacle&#44; Top Gun&#58; Maverick is one of the best cinematic experiences I&#8217;ve had in a long time&#46;,POSITIVE,https://www.whatiwatchedtonight.co.uk/may-2022
first_man,2516722,2018-10-10,James Berardinelli,True,3/4,fresh,ReelViews,"For those who can get past the shaky-cam aspect that infects the cinematography, this is an involving look back in time at one of the most significant human endeavors of the last century.",POSITIVE,http://www.reelviews.net/reelviews/first-man
avengers_infinity_war,2476023,2018-05-08,Diego Batlle,False,3/5,fresh,La Nación (Argentina),"In truth, Avengers: Infinity Wars works best as the first part of something much bigger... [Full Review in Spanish]",POSITIVE,http://www.otroscines.com/nota-13277-critica-de-avengers-infinity-war-de-anthony-y-joe-russo
wonder_woman_1984,2753351,2020-12-23,Joel Mayward,False,2.5/5,fresh,Cinemayward,WW84 shines brightest when Gadot and Pine are on-screen together.,POSITIVE,https://cinemayward.com/review/wonder-woman-1984/
top_gun_maverick,102688719,2022-05-12,Nate Adams,False,A-,fresh,The Only Critic, &#8220;Top Gun&#58; Maverick&#44;&#8221; a film that&#44; thanks to advances in modern technology&#44; outstrips its predecessor in nearly every capacity&#46; The dogfights are breathtaking&#44; the action sequences ungodly&#44; and the need for speed is more urgent than ever&#46;,POSITIVE,https://www.theonlycritic.com/post/top-gun-maverick-review-exhilarating-sequel-flies-circles-around-its-predecessor
